#
record	seqId	1928.SRS011175.SRX020666.SRR044910	1928.SRS011175.SRX020669.SRR045292	1928.SRS011289.SRX020666.SRR044982	1928.SRS011289.SRX020669.SRR045353	1928.SRS011373.SRX020666.SRR044979	1928.SRS011373.SRX020669.SRR045350	1928.SRS011433.SRX020666.SRR044933	1928.SRS011433.SRX020669.SRR045315	1928.SRS011470.SRX020666.SRR044918	1928.SRS011470.SRX020669.SRR045299	1928.SRS011496.SRX020666.SRR047478	1928.SRS011496.SRX020669.SRR045290	1928.SRS011520.SRX020666.SRR044927	1928.SRS011520.SRX020669.SRR045309	1928.SRS011547.SRX020666.SRR044932	1928.SRS011547.SRX020669.SRR045314	1928.SRS011571.SRX020666.SRR044960	1928.SRS011571.SRX020669.SRR045336	1928.SRS011604.SRX020666.SRR044976	1928.SRS011604.SRX020669.SRR045347	1928.SRS011638.SRX020666.SRR044977	1928.SRS011638.SRX020669.SRR045348	1928.SRS011671.SRX020666.SRR044981	1928.SRS011671.SRX020669.SRR045352	1928.SRS013141.SRX019639.SRR041062	1928.SRS013203.SRX019681.SRR040955	1928.SRS013255.SRX019639.SRR040743	1928.SRS013474.SRX019692.SRR041809	1928.SRS013474.SRX019696.SRR041884	1928.SRS013516.SRX019683.SRR041063	1928.SRS013516.SRX019694.SRR041892	1928.SRS013569.SRX020681.SRR048266	1928.SRS013664.SRX019690.SRR041547	1928.SRS013729.SRX019690.SRR041587	1928.SRS013788.SRX020680.SRR048121	1928.SRS014367.SRX020558.SRR048944	1928.SRS014424.SRX020551.SRR045538	1928.SRS014424.SRX020560.SRR043637	1928.SRS014554.SRX020555.SRR045723	1928.SRS014605.SRX020555.SRR045730	1928.SRS014677.SRX020551.SRR045548	1928.SRS014677.SRX020560.SRR043592	1928.SRS014764.SRX020558.SRR043770	1928.SRS014821.SRX020555.SRR045707	1928.SRS014875.SRX020558.SRR043774	1928.SRS014921.SRX020555.SRR045702	1928.SRS014966.SRX020576.SRR047650	1928.SRS015035.SRX020535.SRR044098	1928.SRS015131.SRX020555.SRR045679	1928.SRS015188.SRX020558.SRR043788	1928.SRS015245.SRX020535.SRR049850	1928.SRS015311.SRX020558.SRR043757	1928.SRS015368.SRX020535.SRR044115	1928.SRS015409.SRX020555.SRR045683	1928.SRS015472.SRX020545.SRR044736	1928.SRS015472.SRX020564.SRR047454	1928.SRS015530.SRX020573.SRR047410	1928.SRS015576.SRX020535.SRR043981	1928.SRS015635.SRX020573.SRR044239	1928.SRS015683.SRX020573.SRR044278	1928.SRS015722.SRX020573.SRR044208	1928.SRS015788.SRX020573.SRR044275	1928.SRS015835.SRX020562.SRR044704	1928.SRS015884.SRX020558.SRR043748	1928.SRS015931.SRX020510.SRR044583	1928.SRS015931.SRX020520.SRR044613	1928.SRS015980.SRX020573.SRR047419	1928.SRS016016.SRX020529.SRR049447	1928.SRS016016.SRX020573.SRR044214	1928.SRS016074.SRX020522.SRR044411	1928.SRS016131.SRX020522.SRR044397	1928.SRS016168.SRX020573.SRR044263	1928.SRS016239.SRX020522.SRR044440	1928.SRS016283.SRX020535.SRR044114	1928.SRS016333.SRX020522.SRR044405	1928.SRS016364.SRX019682.SRR040931	1928.SRS016426.SRX019688.SRR041386	1928.SRS016476.SRX019686.SRR041238	1928.SRS016543.SRX019683.SRR041150	1928.SRS016543.SRX019694.SRR041699	1928.SRS016610.SRX019686.SRR041205	1928.SRS016669.SRX019691.SRR041632	1928.SRS016726.SRX019682.SRR040989	1928.SRS016779.SRX019688.SRR041397	1928.SRS016880.SRX019692.SRR041944	1928.SRS016880.SRX019696.SRR041802	1928.SRS016942.SRX019681.SRR040963	1928.SRS017029.SRX019691.SRR041515	1928.SRS017090.SRX019687.SRR041219	1928.SRS017142.SRX019684.SRR041060	1928.SRS017142.SRX019695.SRR041990	1928.SRS017230.SRX019688.SRR041367	1928.SRS017292.SRX019686.SRR041229	1928.SRS017363.SRX019687.SRR041316	1928.SRS017420.SRX019683.SRR041026	1928.SRS017420.SRX019694.SRR041895	1928.SRS017481.SRX019687.SRR041305	1928.SRS017547.SRX019683.SRR041108	1928.SRS017547.SRX019694.SRR041975	1928.SRS017667.SRX019683.SRR041006	1928.SRS017667.SRX019694.SRR041725	1928.SRS017727.SRX019687.SRR041319	1928.SRS017790.SRX019639.SRR040699	1928.SRS017847.SRX019691.SRR041578	1928.SRS017904.SRX019688.SRR041490	1928.SRS017961.SRX019690.SRR041640	1928.SRS018023.SRX019639.SRR040709	1928.SRS018102.SRX019683.SRR041072	1928.SRS018102.SRX019694.SRR041907	1928.SRS018159.SRX019682.SRR040864	1928.SRS018216.SRX019639.SRR040739	1928.SRS018276.SRX019687.SRR041357	1928.SRS018339.SRX019691.SRR041644	1928.SRS018396.SRX019688.SRR041455	1928.SRS018453.SRX019684.SRR041113	1928.SRS018453.SRX019695.SRR041900	1928.SRS018515.SRX019639.SRR040725	1928.SRS018605.SRX020530.SRR045936	1928.SRS018605.SRX020576.SRR047653	1928.SRS018753.SRX020522.SRR044442	1928.SRS018805.SRX020530.SRR045800	1928.SRS018805.SRX020576.SRR046136	1928.SRS018999.SRX020510.SRR044587	1928.SRS018999.SRX020520.SRR044617	1928.SRS019109.SRX020545.SRR044760	1928.SRS019109.SRX020564.SRR044733	1928.SRS019261.SRX020522.SRR044409	1928.SRS019580.SRX020551.SRR045500	1928.SRS019580.SRX020560.SRR043597	1928.SRS019673.SRX020530.SRR045878	1928.SRS019673.SRX020576.SRR046204	1928.SRS019771.SRX020535.SRR044112	1928.SRS019908.SRX020522.SRR044380	1928.SRS020016.SRX019683.SRR041027	1928.SRS020016.SRX019694.SRR041880	1928.SRS020145.SRX020680.SRR048134	1928.SRS020145.SRX020683.SRR048377	1928.SRS020202.SRX020680.SRR048149	1928.SRS020259.SRX019683.SRR041074	1928.SRS020259.SRX019694.SRR042006	1928.SRS020316.SRX019684.SRR041182	1928.SRS020316.SRX019695.SRR041813	1928.SRS020376.SRX019691.SRR041595	1928.SRS020439.SRX019682.SRR040871	1928.SRS020496.SRX022230.SRR058093	1928.SRS020553.SRX019684.SRR041073	1928.SRS020553.SRX019695.SRR041672	1928.SRS020610.SRX022230.SRR058093	1928.SRS020667.SRX022230.SRR058093	1928.SRS020724.SRX022239.SRR058109	1928.SRS020781.SRX022235.SRR058095	1928.SRS020837.SRX022230.SRR058093	1928.SRS020895.SRX019691.SRR041649	1928.SRS020952.SRX022239.SRR058109	1928.SRS021009.SRX022235.SRR058095	1928.SRS021091.SRX022230.SRR058093	1928.SRS021135.SRX022230.SRR058093	1928.SRS021201.SRX022239.SRR058109	1928.SRS021267.SRX022239.SRR058109	1928.SRS021330.SRX022235.SRR058095	1928.SRS021390.SRX022239.SRR058109	1928.SRS021453.SRX022239.SRR058109	1928.SRS021510.SRX019690.SRR041635	1928.SRS021567.SRX020679.SRR048089	1928.SRS021627.SRX020679.SRR048051	1928.SRS021690.SRX022235.SRR058095	1928.SRS021750.SRX022231.SRR058120	1928.SRS021816.SRX022235.SRR058095	1928.SRS021879.SRX022235.SRR058095	1928.SRS021936.SRX020682.SRR048303	1928.SRS021996.SRX019683.SRR041186	1928.SRS021996.SRX019694.SRR041678	1928.SRS022059.SRX022231.SRR058120	1928.SRS022119.SRX019690.SRR041549	1928.SRS022185.SRX022231.SRR058120	1928.SRS022251.SRX022231.SRR058120	1928.SRS022317.SRX022231.SRR058120	1928.SRS022380.SRX022226.SRR058089	1928.SRS022440.SRX020680.SRR048195	1928.SRS022506.SRX020680.SRR048177	1928.SRS022572.SRX022226.SRR058089	1928.SRS022572.SRX022237.SRR058114	1928.SRS022635.SRX019692.SRR041670	1928.SRS022635.SRX019696.SRR041794	1928.SRS022695.SRX022226.SRR058089	1928.SRS022761.SRX022226.SRR058089	1928.SRS022761.SRX022237.SRR058114	1928.SRS022824.SRX022223.SRR058086	1928.SRS022884.SRX022226.SRR058089	1928.SRS022950.SRX020683.SRR048417	1928.SRS023013.SRX020679.SRR048062	1928.SRS023013.SRX020683.SRR048365	1928.SRS023073.SRX020679.SRR048116	1928.SRS023132.SRX022226.SRR058089	1928.SRS023202.SRX019692.SRR041688	1928.SRS023202.SRX019696.SRR041760	1928.SRS023268.SRX022223.SRR058086	1928.SRS023328.SRX022223.SRR058086	1928.SRS023391.SRX022223.SRR058086	1928.SRS023448.SRX020680.SRR048163	1928.SRS023514.SRX020681.SRR048229	1928.SRS023514.SRX020683.SRR048394	1928.SRS023571.SRX019686.SRR041208	1928.SRS023631.SRX019683.SRR041085	1928.SRS023631.SRX019694.SRR041718	1928.SRS023697.SRX022223.SRR058086	1928.SRS023760.SRX019681.SRR040971	1928.SRS023817.SRX021470.SRR052699	1928.SRS023877.SRX020681.SRR048213	1928.SRS023877.SRX020683.SRR048389	1928.SRS023940.SRX019690.SRR041533	1928.SRS023997.SRX019681.SRR040933	1928.SRS024054.SRX019681.SRR040882	1928.SRS024120.SRX019686.SRR041199	1928.SRS024177.SRX019683.SRR041097	1928.SRS024177.SRX019694.SRR041788	1928.SRS024234.SRX019692.SRR041692	1928.SRS024234.SRX019696.SRR042000	1928.SRS024291.SRX019692.SRR041853	1928.SRS024291.SRX019696.SRR041779	1928.SRS024357.SRX019684.SRR041110	1928.SRS024357.SRX019695.SRR041767	1928.SRS024414.SRX019683.SRR041107	1928.SRS024414.SRX019694.SRR041950	1928.SRS024480.SRX019684.SRR041126	1928.SRS024480.SRX019695.SRR041675	1928.SRS024537.SRX020680.SRR048182	1928.SRS024594.SRX019639.SRR040733	1928.SRS024651.SRX019687.SRR041252	1928.SRS024708.SRX021470.SRR052699	1928.SRS042087.SRX021470.SRR052699	1928.SRS042585.SRX020685.SRR048564	1928.SRS042680.SRX020685.SRR048514	1928.SRS042857.SRX020514.SRR046688	1928.SRS043032.SRX020531.SRR047616	1928.SRS043032.SRX020544.SRR047578	1928.SRS043034.SRX019688.SRR041418	1928.SRS043924.SRX021470.SRR052699	1928.SRS044192.SRX022227.SRR058090	1928.SRS044297.SRX022036.SRR057609	1928.SRS044339.SRX022227.SRR058090	1928.SRS044435.SRX020530.SRR045855	1928.SRS044435.SRX020576.SRR046194	1928.SRS044630.SRX020681.SRR048252	1928.SRS044683.SRX020686.SRR048583	1928.SRS044700.SRX020665.SRR046266	1928.SRS044702.SRX020518.SRR047221	1928.SRS044901.SRX020665.SRR047669	1928.SRS045215.SRX020563.SRR046393	1928.SRS045364.SRX020533.SRR046838	1928.SRS045387.SRX020558.SRR043789	1928.SRS045460.SRX020518.SRR047219	1928.SRS045567.SRX020686.SRR048605	1928.SRS045771.SRX022227.SRR058090	1928.SRS046408.SRX022222.SRR058085	1928.SRS046495.SRX019685.SRR041140	1928.SRS046495.SRX019697.SRR041946	1928.SRS046514.SRX020518.SRR047207	1928.SRS046586.SRX020665.SRR049373	1928.SRS046703.SRX020684.SRR048497	1928.SRS046929.SRX022036.SRR057609	1928.SRS046956.SRX021470.SRR052699	1928.SRS047088.SRX020686.SRR048617	1928.SRS047158.SRX020514.SRR046775	1928.SRS047180.SRX020533.SRR049498	1928.SRS047280.SRX022036.SRR057609	1928.SRS047280.SRX022240.SRR058096	1928.SRS047554.SRX022036.SRR057609	1928.SRS047554.SRX022240.SRR058096	1928.SRS047584.SRX019682.SRR040848	1928.SRS047658.SRX022036.SRR057609	1928.SRS047760.SRX022036.SRR057609	1928.SRS047765.SRX020686.SRR048650	1928.SRS048195.SRX020687.SRR048699	1928.SRS048237.SRX020542.SRR046369	1928.SRS048240.SRX022222.SRR058085	1928.SRS048891.SRX020688.SRR048763	1928.SRS049196.SRX020681.SRR048279	1928.SRS049196.SRX020683.SRR048409	1928.SRS049323.SRX020687.SRR048662	1928.SRS049521.SRX020518.SRR047203	1928.SRS049622.SRX020533.SRR046797	1928.SRS049648.SRX020533.SRR049506	1928.SRS049990.SRX022222.SRR058085	1928.SRS050114.SRX020533.SRR046862	1928.SRS050262.SRX020533.SRR049534	1928.SRS050408.SRX020684.SRR048469	1928.SRS050493.SRX020518.SRR047198	1928.SRS050617.SRX020514.SRR049507	1928.SRS050958.SRX020533.SRR046650	1928.SRS051849.SRX020514.SRR046840	1928.SRS052060.SRX022221.SRR058084	1928.SRS052060.SRX022222.SRR058085	1928.SRS052098.SRX022036.SRR057609	1928.SRS052199.SRX020686.SRR048635	1928.SRS052230.SRX020535.SRR049837	1928.SRS052249.SRX022222.SRR058085	1928.SRS052265.SRX020684.SRR048438	1928.SRS052408.SRX020685.SRR048551	1928.SRS052454.SRX020518.SRR047194	1928.SRS052615.SRX022227.SRR058090	1928.SRS052615.SRX022240.SRR058096	1928.SRS052630.SRX020685.SRR048538	1928.SRS052640.SRX022227.SRR058090	1928.SRS052681.SRX022242.SRR058098	1928.SRS052682.SRX020518.SRR047199	1928.SRS053059.SRX020686.SRR048595	1928.SRS053216.SRX020531.SRR046049	1928.SRS053216.SRX020544.SRR045920	1928.SRS053288.SRX022221.SRR058084	1928.SRS053288.SRX022227.SRR058090	1928.SRS053569.SRX020684.SRR048454	1928.SRS054669.SRX020531.SRR049351	1928.SRS055161.SRX020551.SRR047539	1928.SRS055161.SRX020560.SRR043634	1928.SRS055211.SRX021470.SRR052699	1928.SRS055211.SRX022237.SRR058114	1928.SRS055278.SRX022221.SRR058084	1928.SRS055278.SRX022227.SRR058090	1928.SRS055432.SRX020685.SRR048526	1928.SRS055461.SRX020558.SRR043765	1928.SRS055625.SRX019682.SRR040935	1928.SRS056167.SRX020684.SRR048483	1928.SRS056396.SRX020514.SRR046722	1928.SRS056493.SRX020514.SRR046772	1928.SRS056498.SRX020530.SRR045803	1928.SRS056498.SRX020576.SRR046185	1928.SRS057046.SRX020533.SRR049495	1928.SRS057051.SRX022036.SRR057609	1928.SRS057051.SRX022240.SRR058096	1928.SRS057069.SRX020531.SRR046048	1928.SRS057069.SRX020544.SRR049342	1928.SRS057450.SRX020551.SRR045509	1928.SRS057450.SRX020560.SRR043618	1928.SRS057569.SRX020665.SRR046271	1928.SRS058210.SRX020681.SRR048240	1928.SRS058242.SRX022222.SRR058085	1928.SRS058495.SRX020687.SRR048687	1928.SRS058746.SRX019681.SRR040932	1928.SRS058791.SRX020665.SRR046292	1928.SRS062468.SRX020579.SRR049558	1928.SRS062517.SRX022237.SRR058114	1928.SRS062615.SRX022237.SRR058114	1928.SRS062618.SRX020689.SRR048784	1928.SRS062886.SRX020689.SRR048838	1928.SRS062994.SRX020579.SRR049564	1928.SRS063318.SRX022237.SRR058114	1928.SRS063383.SRX022221.SRR058084	1928.SRS063383.SRX022222.SRR058085	1928.SRS063481.SRX022222.SRR058085	1928.SRS063509.SRX020689.SRR048859	1928.SRS063513.SRX020528.SRR046892	1928.SRS063628.SRX022237.SRR058114	1928.SRS063829.SRX020579.SRR047079	1928.SRS064079.SRX020528.SRR046812	1928.SRS064281.SRX020665.SRR047671	1928.SRS064291.SRX020528.SRR046902	1928.SRS064595.SRX022237.SRR058114	1928.SRS064672.SRX022221.SRR058084	1928.SRS064672.SRX022227.SRR058090	1928.SRS064707.SRX020689.SRR048802	1928.SRS064713.SRX020528.SRR046744	1928.SRS064733.SRX020689.SRR048820	1928.SRS064792.SRX020579.SRR049540	1928.SRS064910.SRX020579.SRR049586	1928.SRS065037.SRX020528.SRR049518	1928.SRS065151.SRX020665.SRR046318	1928.SRS065172.SRX022237.SRR058114	1928.SRS065236.SRX020528.SRR049489	1928.SRS065336.SRX020528.SRR046567	1928.SRS065435.SRX020579.SRR047090	1928.SRS065630.SRX020579.SRR049573	1928.SRS065634.SRX020684.SRR048425
Root;Bacteria;Fusobacteriota;Fusobacteriia;Fusobacteriales;Fusobacteriaceae;Fusobacterium;unclassified_Fusobacterium	JQ447876.1.1388	1	2	0	0	0	3	0	0	0	1	3	1	0	0	15	23	0	0	9	7	4	4	1	1	50	1	22	0	0	2	0	2	9	6	0	0	94	111	0	3	0	0	0	0	0	1	1	0	3	0	0	29	5	0	0	0	0	6	0	0	0	0	1	0	9	11	0	0	1	0	0	0	0	2	1	6	0	0	0	0	0	8	0	8	0	0	0	0	4	3	0	2	0	26	0	0	0	6	0	2	1	2	11	0	1	0	18	0	0	1	6	3	4	0	1	0	0	0	3	0	0	0	0	0	6	5	0	0	0	0	3	5	2	27	3	7	22	0	2	0	1	0	1	0	0	7	0	15	1	2	0	1	4	14	0	1	0	0	3	5	86	0	0	71	1	0	2	3	12	1	0	0	0	1	3	2	14	0	15	0	2	1	12	19	2	1	1	30	1	0	2	0	3	0	1	0	74	5	0	19	35	28	0	6	0	0	1	0	1	1	0	53	0	1	0	0	2	1	0	0	0	0	1	0	17	1	1	27	10	77	1	0	65	0	1	0	7	0	0	0	0	0	1	17	15	0	6	33	0	6	0	0	3	0	0	0	0	0	83	5	0	0	2	48	0	4	13	7	26	5	0	0	2	1	0	0	0	3	1	666	1	0	0	2	23	0	30	5	0	0	0	57	3	0	3	1	8	13	12	3	0	4	18	1	498	1	1	0	0	1	0	11	0	210	245	4	20	4	0	1	0	0	3	8	0	0	0	1	0	0	1	0	6	1	0	1	0	8	0	0	0	0	0	0	0	2	0	199	31	6	1	4	0	3	0	5	12	1	0	0	0	2	70	55	9	2	0	1	0	2	0	0	14
Root;Bacteria;Bacteroidota;Bacteroidia;Flavobacteriales;Flavobacteriaceae;Capnocytophaga;unclassified_Capnocytophaga	JQ476891.1.1391	0	0	0	1	0	0	0	0	0	0	0	1	0	0	0	0	0	0	0	0	0	0	0	0	0	0	0	0	0	0	0	1	0	0	0	0	0	0	0	0	0	0	0	6	0	0	2	0	0	0	0	0	0	0	0	0	0	0	0	0	1	0	0	0	0	0	0	0	0	0	0	0	0	0	0	1	0	0	0	0	0	0	0	0	0	0	1	0	0	0	0	0	0	0	0	0	0	0	0	0	0	2	0	0	0	0	0	0	0	0	0	0	0	0	10	0	0	0	0	0	0	0	0	0	0	0	0	0	0	0	0	1	0	0	0	0	0	0	0	0	0	0	5	0	0	0	0	0	0	0	0	0	0	0	0	0	0	0	0	0	0	0	0	0	0	0	0	0	0	0	2	0	0	0	0	0	0	0	0	0	0	0	0	0	0	0	0	3	2	0	1	0	0	0	0	0	19	0	1	0	0	0	3	0	0	0	1	7	1	1	0	0	0	0	0	0	1	1	0	0	1	0	0	0	0	0	0	0	1	34	0	1	0	0	6	0	0	2	0	0	0	0	0	0	0	1	0	0	0	0	0	0	0	0	4	0	0	0	0	0	0	0	0	0	0	1	7	0	0	0	0	0	0	0	0	0	13	0	0	0	0	0	0	0	0	0	0	0	2	0	0	0	0	0	0	0	0	0	7	0	0	0	0	1	0	0	1	1	0	2	0	0	0	0	0	0	0	0	0	0	4	0	0	0	2	0	0	0	0	0	0	0	0	0	0	0	0	2	0	0	0	2	0	0	0	1	1	13	1	0	0	0	0	1	0	2	0	0	0	0	0	2	0	1	0	0	0	0	0	0	0	0	0
Root;Bacteria;Bacteroidota;Bacteroidia;Flavobacteriales;Flavobacteriaceae;Capnocytophaga;unclassified_Capnocytophaga	JQ467966.1.1385	0	0	0	0	0	0	0	0	0	0	0	0	1	3	0	0	0	0	0	0	0	0	0	0	0	0	0	0	0	0	0	0	1	0	0	0	1	2	0	0	0	0	0	2	0	0	0	1	0	0	0	1	0	0	0	0	0	1	0	0	0	0	8	0	0	0	0	2	1	0	0	0	0	0	0	0	0	5	0	0	0	0	0	0	0	1	0	0	0	3	0	0	2	0	1	0	0	0	0	0	0	0	0	0	0	0	0	0	0	0	0	0	0	0	0	0	0	0	0	0	0	0	0	0	0	0	0	0	0	0	0	0	0	0	0	0	0	0	0	0	0	0	0	0	0	0	0	0	0	0	0	0	0	1	0	0	0	1	0	0	0	0	0	0	0	0	0	0	0	0	2	0	0	2	0	0	0	0	0	1	0	1	3	1	0	0	1	2	1	0	0	0	0	0	0	0	0	0	0	0	0	0	0	2	0	0	0	0	0	0	0	0	0	0	1	0	2	0	0	0	1	0	0	0	0	0	0	0	0	0	0	0	0	0	0	0	0	0	0	0	0	0	0	0	0	0	4	0	0	2	0	0	0	0	0	0	0	1	0	0	0	1	0	0	0	0	0	0	0	0	0	0	0	0	0	0	0	0	0	0	0	0	0	0	0	0	0	0	1	0	1	2	0	0	2	0	0	0	0	0	0	0	0	0	2	0	0	0	0	0	0	1	0	0	0	0	0	0	0	0	0	0	0	0	0	0	0	0	0	0	0	0	0	0	0	0	0	0	0	0	0	0	0	1	0	0	0	0	0	0	0	0	0	0	0	0	1	0	0	0	0	0	0	0	1	0	0	0	0	0	9	0	5
Root;Bacteria;Firmicutes;Bacilli;Lactobacillales;Streptococcaceae;Streptococcus;Streptococcus_agalactiae	AX954527.16411.17939	0	0	0	0	0	0	0	0	0	0	0	0	0	0	0	0	0	0	0	0	0	0	0	0	0	0	0	0	0	0	0	0	0	0	0	0	0	0	0	0	0	0	0	0	0	0	0	0	0	0	0	0	0	0	0	0	0	0	0	0	0	0	0	0	0	0	0	0	0	0	0	0	0	0	0	0	0	0	0	0	0	0	0	0	0	0	0	0	0	0	0	0	0	0	0	0	0	0	0	0	0	0	0	0	0	0	0	0	0	0	0	0	0	0	0	0	0	0	0	0	0	0	0	0	0	0	0	0	0	0	0	0	0	0	0	0	0	0	0	0	0	0	0	1	0	0	0	0	0	0	0	0	2	0	0	0	0	0	0	0	0	0	0	0	0	0	0	0	0	0	0	0	0	0	0	0	0	0	0	0	0	0	0	0	0	0	0	0	0	0	0	0	0	0	0	0	0	0	0	0	0	0	0	0	0	0	0	0	0	0	0	0	0	0	0	0	0	0	0	0	0	0	0	0	0	0	0	0	0	0	0	0	0	0	0	0	0	0	0	0	0	0	0	0	0	0	0	0	0	0	0	0	0	0	0	0	0	0	0	0	0	0	0	0	0	0	0	0	0	0	0	0	0	0	0	0	0	0	0	0	0	0	0	0	0	0	0	0	0	0	0	0	0	0	0	0	0	0	0	0	0	0	0	0	0	0	0	0	0	0	0	0	0	0	0	0	0	0	0	0	0	0	0	0	0	0	0	0	0	0	0	0	0	0	0	0	0	0	0	0	0	0	0	0	0	0	0	0	0	0	0	0	0	0	0	0	0	0	0	0	0	0	0	0	0	0	0	0	0	0	0	0	0
Root;Bacteria;Actinobacteriota;Actinomycetia;Actinomycetales;Actinomycetaceae;Actinomyces;unclassified_Actinomyces	AY349364.1.1544	0	0	0	0	2	2	0	1	0	0	0	0	0	0	0	1	0	1	0	0	0	0	0	0	0	0	0	1	0	0	0	0	0	0	0	0	0	0	0	1	0	0	0	9	0	0	0	0	1	0	2	21	0	0	0	0	0	0	0	0	0	0	2	0	0	0	0	2	0	0	0	0	0	1	3	0	0	0	0	0	0	0	0	0	1	0	1	0	0	1	0	0	0	0	0	0	0	0	0	0	0	0	0	0	0	0	0	0	0	0	0	0	0	0	0	0	0	0	1	0	0	42	0	0	0	0	47	0	0	0	0	0	0	0	0	0	1	0	0	0	0	0	1	0	0	0	0	0	0	0	0	0	0	0	0	0	0	0	1	0	0	0	0	0	0	0	0	0	0	0	0	0	0	0	0	0	0	0	0	0	0	0	0	0	0	0	0	0	0	0	0	0	0	1	0	0	0	0	0	0	0	0	0	0	0	0	0	0	0	0	0	0	0	0	0	0	0	0	0	0	0	0	0	0	0	0	0	0	3	0	0	0	0	0	0	0	0	0	0	0	0	0	1	0	0	0	2	0	0	2	0	0	0	0	0	0	0	0	1	0	0	0	0	0	0	0	0	0	2	0	0	0	0	0	0	0	1	0	0	0	0	0	0	0	0	1	0	0	0	0	0	0	0	0	1	0	0	0	0	0	0	0	0	0	0	8	0	19	0	0	0	0	46	0	0	0	0	0	0	0	0	0	0	0	3	0	1	0	0	0	0	0	0	0	0	0	0	0	0	0	0	1	0	1	0	13	0	0	0	0	0	0	0	0	0	0	0	0	1	0	0	0	0	0	0	2	0	0	0	0	0	0	0
Root;Bacteria;Firmicutes_C;Negativicutes;Veillonellales;Veillonellaceae;Veillonella;unclassified_Veillonella	JQ457925.1.1419	0	0	0	0	0	0	0	0	0	0	0	0	0	0	0	0	0	0	0	0	0	0	0	0	0	0	0	0	0	0	0	0	0	0	0	0	0	0	0	0	0	0	0	0	0	0	0	0	0	0	0	0	0	0	0	0	0	0	0	0	0	0	0	0	0	0	0	0	0	0	0	0	0	0	0	0	0	0	0	0	0	0	0	0	0	0	0	0	0	0	0	0	0	0	0	0	0	0	0	0	0	0	0	2	0	0	0	0	0	0	0	0	0	0	0	0	0	0	0	0	0	0	0	0	0	0	0	0	0	0	0	0	0	0	0	0	0	0	0	0	0	0	0	0	0	0	0	0	0	0	0	0	0	0	0	0	0	0	0	0	0	0	0	0	0	0	0	0	0	0	0	0	0	0	0	0	0	0	0	0	0	0	0	0	0	0	0	0	0	0	0	0	0	0	0	0	0	0	0	0	0	0	0	0	0	0	0	0	0	0	0	0	0	0	0	0	0	0	0	0	0	0	0	0	0	0	0	0	0	0	0	0	0	0	0	0	0	0	0	0	0	0	0	0	0	0	0	0	0	0	0	0	0	0	0	0	0	0	0	0	0	0	0	0	0	0	0	0	0	0	0	0	0	0	0	0	0	0	0	0	0	0	0	0	0	0	0	0	0	0	0	0	0	0	0	0	0	0	0	0	0	0	0	0	0	0	0	0	0	0	0	0	0	0	0	0	0	0	0	0	0	0	0	0	0	0	0	0	0	0	0	0	0	0	0	0	0	0	0	0	0	0	0	0	0	0	0	0	0	0	0	0	0	0	0	0	0	0	0	0	0	0	0	0	0	0	1	0	0	0	0	0	0
Root;Bacteria;Bacteroidota;Bacteroidia;Bacteroidales;Rikenellaceae;Alistipes;Alistipes_putredinis	DQ795720.1.1389	0	0	0	0	0	0	0	0	0	0	0	0	0	0	0	0	0	0	0	0	0	0	0	0	0	0	0	0	0	0	0	0	0	0	0	0	0	0	0	0	0	0	0	0	0	0	0	0	0	0	0	0	0	0	0	0	0	0	0	0	0	0	0	0	0	0	0	0	0	0	0	0	0	0	0	0	0	0	0	0	0	0	0	0	0	0	0	0	0	0	0	0	0	0	0	0	0	0	0	0	0	0	0	0	0	0	0	0	0	0	0	0	0	0	0	0	0	0	0	0	0	0	0	0	0	0	0	0	0	0	0	0	0	0	0	0	0	0	0	0	0	0	0	0	0	0	0	0	0	0	0	0	0	1	0	0	0	0	0	0	0	0	0	0	0	0	0	0	0	0	0	0	1	0	0	0	0	19	0	0	0	0	0	0	0	0	0	0	0	0	0	0	0	0	0	0	0	0	0	0	0	0	0	0	0	0	0	0	0	0	0	0	0	0	0	0	0	0	0	0	0	0	0	0	0	0	0	0	0	0	0	0	0	0	0	0	0	0	0	0	0	0	0	0	0	0	0	0	0	0	0	0	0	0	0	0	0	0	0	0	0	0	0	0	0	0	0	0	0	0	0	0	0	0	0	0	0	0	0	0	0	0	0	0	0	0	0	0	0	0	0	0	0	0	0	0	0	0	0	0	0	0	0	0	1	0	0	0	0	0	0	0	0	0	0	0	0	0	0	0	0	0	0	0	0	0	0	0	0	0	0	0	0	0	0	0	0	0	0	0	0	0	0	0	0	0	0	0	0	0	0	0	0	0	0	0	0	0	0	0	0	0	0	0	0	0	0	0	0	0	0	0	0
Root;Bacteria;Firmicutes;Bacilli;Lactobacillales;Streptococcaceae;Streptococcus;unclassified_Streptococcus	JF127716.1.1365	0	0	0	0	0	0	0	0	0	0	0	0	0	0	0	0	0	0	0	0	0	0	0	0	0	0	0	0	0	0	0	0	0	0	0	0	0	0	0	0	0	0	0	2	0	0	2	2	0	0	0	0	0	0	2	4	0	0	0	0	0	0	1	1	0	0	0	0	0	0	1	0	1	0	0	0	0	0	0	0	0	0	0	0	0	0	0	0	0	1	0	0	0	0	0	0	0	0	0	0	0	0	0	0	0	0	0	0	0	0	0	0	0	0	0	0	0	0	4	1	0	0	0	0	1	2	0	0	0	0	2	1	0	0	0	0	2	0	0	0	0	0	0	0	0	0	0	0	0	0	0	0	0	0	0	0	0	0	0	0	0	0	0	0	0	0	0	0	0	0	0	0	0	0	0	0	0	0	0	0	0	0	0	0	0	0	0	0	0	0	0	0	0	0	0	0	1	0	0	0	0	0	0	0	0	0	0	0	0	0	0	0	0	0	0	0	0	0	0	0	0	1	0	0	0	0	0	0	0	0	0	0	0	0	0	0	0	0	0	0	0	0	0	0	0	0	0	0	0	1	0	3	0	0	0	0	0	0	0	0	1	0	0	0	0	0	0	0	0	0	0	0	0	0	0	0	0	0	0	0	0	0	1	0	0	1	0	0	0	0	2	0	0	0	0	0	0	0	0	0	0	0	0	0	0	0	0	0	0	0	0	0	0	0	0	0	0	0	0	0	1	0	0	0	0	0	0	0	0	0	0	0	0	0	0	1	0	0	0	0	0	0	0	0	0	0	0	0	0	0	0	0	1	0	0	0	0	0	0	0	0	0	0	4	0	0	0	0	0	0	0	0	0
Root;Bacteria;Actinobacteriota;Actinomycetia;Actinomycetales;Actinomycetaceae;Actinomyces;unclassified_Actinomyces	JQ463232.1.1423	0	0	0	0	0	0	0	0	0	0	0	0	0	0	0	0	0	0	0	0	0	0	0	0	0	0	0	0	0	0	0	0	0	0	0	0	0	0	0	0	0	0	0	0	0	0	0	0	0	0	0	0	0	0	0	0	0	0	0	0	0	0	0	0	0	0	0	0	0	0	0	0	0	0	0	0	0	0	0	0	0	0	0	0	0	0	0	0	0	0	0	0	0	0	0	0	0	0	0	0	0	0	0	0	0	0	0	0	0	0	0	0	0	0	0	0	0	0	0	0	0	0	0	0	0	0	0	0	0	0	0	0	0	0	0	0	0	0	0	0	0	0	0	0	0	0	0	0	0	0	0	0	0	0	0	0	0	0	0	0	0	0	0	0	0	0	0	0	0	0	0	0	0	0	0	0	0	0	0	0	0	0	0	0	0	0	0	0	0	0	0	0	0	0	0	0	0	0	0	0	0	0	0	0	0	0	0	0	0	0	0	0	0	0	0	0	0	0	0	0	0	0	0	0	0	0	0	0	0	0	0	0	0	0	0	0	0	0	0	0	0	0	0	0	0	0	0	0	0	0	0	0	0	0	0	0	0	1	0	0	0	0	0	0	0	0	0	0	0	0	0	0	0	0	0	0	0	0	0	0	0	0	0	0	0	0	0	0	0	0	0	0	0	0	0	0	0	0	0	0	0	0	0	0	0	0	0	0	0	0	0	0	0	0	0	0	0	0	0	0	0	0	0	0	0	0	0	0	0	0	0	0	0	0	0	0	0	0	0	0	0	0	0	0	0	0	0	0	0	0	0	0	0	0	0	0	0	0	0	0	0	0	0	0	0	0	0	0	0	0	0	0	0
Root;Bacteria;Firmicutes_C;Negativicutes;Veillonellales;Veillonellaceae;Veillonella;unclassified_Veillonella	KF271073.1.1485	0	0	0	0	0	0	0	0	0	0	0	0	0	0	0	0	0	0	0	0	0	0	0	0	0	0	0	0	0	0	0	0	0	0	0	0	0	0	0	0	0	0	0	0	0	0	0	0	0	0	0	0	0	0	0	1	0	0	0	0	0	0	0	0	0	0	0	0	0	0	0	0	0	0	0	0	0	0	0	0	0	0	0	0	0	0	0	0	0	0	0	0	0	0	0	0	0	0	0	0	0	0	0	0	0	0	0	0	0	0	0	0	0	0	0	0	0	0	0	0	0	0	0	0	0	0	0	0	0	0	0	0	0	0	0	0	0	0	0	0	0	0	0	0	0	0	0	0	0	0	0	0	0	0	0	0	0	0	0	0	0	0	0	0	0	0	0	0	0	0	0	0	0	0	0	0	0	0	0	0	0	0	0	0	0	0	0	0	0	0	0	0	0	0	0	0	0	0	0	0	0	0	0	0	0	0	0	0	0	0	0	0	0	0	0	0	0	0	1	0	0	0	0	0	0	0	0	0	0	0	0	0	0	0	0	0	0	0	0	0	0	0	0	0	0	0	0	0	0	0	0	0	0	0	0	0	0	0	0	0	0	0	0	0	0	0	0	0	0	0	0	0	0	0	0	0	0	0	0	0	0	0	0	0	0	0	0	0	0	0	0	0	0	0	0	0	0	0	0	0	0	0	0	0	0	0	0	0	0	0	0	0	0	0	0	0	0	0	0	0	0	0	0	0	0	0	0	0	0	0	0	0	0	0	0	0	0	1	0	0	0	0	0	0	0	0	0	0	0	0	0	0	0	0	0	0	0	0	0	0	0	0	0	1	0	0	0	0	0	0	0	0	0
Root;Bacteria;Actinobacteriota;Actinomycetia;Actinomycetales;Actinomycetaceae;Actinomyces;Actinomyces_johnsonii	JQ455491.1.1361	0	1	0	1	4	6	0	0	0	0	0	3	18	21	0	0	0	1	8	3	2	0	8	10	5	0	1	1	0	1	1	2	0	0	0	1	1	1	0	39	13	25	30	5	3	17	0	21	3	8	3	1	4	34	3	8	1	3	19	40	2	37	1	6	2	4	0	0	1	1	1	1	18	13	25	1	6	27	0	1	10	0	0	1	1	0	24	0	1	0	0	0	11	0	21	6	0	6	2	3	3	2	0	0	5	1	0	3	2	11	3	0	0	2	1	1	2	0	1	2	0	0	0	1	3	1	0	53	78	0	0	30	0	1	0	0	0	0	0	1	0	0	0	1	0	2	0	1	1	1	10	0	1	0	0	3	10	10	0	2	0	0	19	1	0	0	0	0	0	1	1	0	1	0	0	0	0	0	0	0	0	0	4	1	4	0	2	1	0	0	1	0	0	0	2	1	9	0	0	0	0	0	0	1	0	1	14	0	0	0	0	0	1	0	1	1	0	0	2	2	0	0	10	3	1	0	0	0	0	0	0	0	0	0	1	0	0	0	2	1	1	0	2	0	1	0	0	6	39	3	1	0	0	0	6	5	6	0	1	3	0	0	1	0	0	0	0	12	41	1	1	1	1	1	7	51	0	0	0	1	3	2	1	0	3	4	0	3	4	107	0	1	0	154	0	4	0	0	4	8	0	2	2	1	0	0	0	4	0	0	0	0	0	0	1	0	0	14	3	1	1	4	0	2	1	0	0	5	8	13	4	0	12	45	48	0	0	7	4	1	1	0	1	0	3	13	1	0	0	1	2	79	3	5	1	22	0	0	6	5	2	4	1	10	138	0	4	0	0	23	10	107	0
Root;Bacteria;Actinobacteriota;Actinomycetia;Actinomycetales;Micrococcaceae;Rothia;unclassified_Rothia	HQ804994.1.1438	0	0	0	1	0	0	0	0	1	1	0	0	0	0	0	0	0	0	0	0	0	0	0	0	0	0	0	0	1	0	0	0	0	0	0	6	0	0	0	0	1	2	0	0	0	0	0	0	0	2	0	0	0	0	5	0	0	0	0	0	0	0	0	1	0	0	0	0	0	0	1	0	0	0	0	0	0	0	0	1	0	0	0	0	0	0	0	0	0	0	0	0	0	0	0	0	0	0	0	0	0	0	0	0	0	0	0	0	0	0	0	0	0	0	0	0	0	0	0	1	0	0	0	0	0	0	0	0	1	0	1	0	1	0	0	1	1	0	0	0	0	0	0	0	0	0	0	0	0	0	0	0	0	0	0	0	0	0	0	0	0	0	0	0	0	0	0	0	0	1	0	0	0	0	0	0	0	0	0	0	0	0	0	0	0	0	0	0	0	0	0	0	0	0	0	0	0	0	0	0	0	0	0	0	0	0	0	0	0	0	0	0	0	0	0	0	0	0	0	0	0	0	0	0	0	0	0	0	0	0	0	0	0	0	0	0	0	0	0	0	0	0	0	1	0	0	0	0	0	1	0	8	0	0	0	0	0	0	0	0	0	0	0	0	0	0	0	0	0	0	0	0	0	0	0	0	8	0	0	0	0	2	0	0	0	2	0	0	1	0	0	0	0	0	0	0	0	0	0	0	0	0	0	0	0	1	0	0	0	0	0	0	1	0	1	0	0	0	0	0	1	0	0	1	0	0	0	0	0	0	0	0	0	0	0	0	0	0	0	0	0	0	0	0	0	0	0	0	0	0	0	1	0	0	28	0	0	0	0	0	0	0	0	0	0	0	0	0	0	0	0	0	0
Root;Bacteria;Actinobacteriota;Actinomycetia;Actinomycetales;Micrococcaceae;Rothia;Rothia_dentocariosa	JQ468013.1.1397	0	0	14	18	0	2	0	1	5	7	0	0	0	2	0	0	4	4	1	0	1	0	2	0	0	0	0	0	14	0	1	0	0	0	0	0	0	2	5	5	1	4	2	1	2	3	2	0	0	1	0	1	0	21	5	10	1	0	2	4	0	0	36	0	0	0	16	1	0	0	2	2	3	0	1	0	2	0	0	0	1	0	0	0	0	0	1	0	1	0	0	0	1	1	0	0	0	1	0	0	0	0	0	3	0	0	0	0	0	0	2	0	0	0	0	0	0	0	0	0	0	7	0	0	1	1	2	0	1	0	5	0	8	0	0	1	0	0	0	0	0	0	0	0	2	0	0	0	0	0	0	0	2	0	0	0	0	0	0	0	0	0	0	0	0	0	0	0	0	1	0	0	0	0	0	0	0	0	0	0	0	0	0	0	0	0	0	0	0	0	0	0	0	0	0	1	0	0	0	0	0	1	0	0	0	0	3	0	1	0	0	0	2	0	1	0	0	0	0	0	0	0	0	0	0	0	0	1	1	0	0	1	0	0	0	0	0	0	0	0	0	0	0	1	1	2	5	0	0	0	4	6	1	0	0	0	0	0	2	0	0	0	0	2	0	0	0	0	0	0	0	0	1	19	0	0	0	0	0	0	0	0	2	0	0	2	0	2	0	0	1	0	0	0	1	0	0	0	0	2	0	0	0	0	0	8	0	5	0	0	0	0	1	0	0	0	0	0	0	1	1	0	1	9	0	0	0	2	0	0	0	0	0	0	0	2	0	0	2	0	5	0	0	7	2	1	0	0	0	0	0	0	0	0	1	0	1	0	0	0	1	0	1	4	0	0	0	0	0	2	1	0	1
Root;Bacteria;Firmicutes_A;Clostridia;Oscillospirales;Ruminococcaceae;Faecalibacterium;unclassified_Faecalibacterium	EF071236.1.1410	0	0	0	0	0	0	0	0	0	0	0	0	0	0	0	0	0	0	0	0	0	0	0	0	0	0	0	0	0	0	0	0	0	0	0	0	0	0	0	0	0	0	0	0	0	0	0	0	0	0	0	0	0	0	0	0	0	0	0	0	0	0	0	0	0	0	0	0	0	0	0	0	0	0	0	0	0	0	0	0	0	0	0	0	0	0	0	0	0	0	0	0	0	0	0	0	0	0	0	0	0	0	0	0	0	0	0	0	0	0	0	0	0	0	0	0	0	0	0	0	0	0	0	0	0	0	0	0	0	0	0	0	0	0	0	0	0	0	0	0	0	0	0	0	0	0	0	0	0	0	0	0	0	0	0	0	0	0	0	0	0	0	0	0	0	0	0	0	0	0	0	0	0	0	0	0	0	1	0	0	0	0	0	0	0	0	0	0	0	0	0	0	0	0	0	0	0	0	0	0	0	0	0	0	0	0	0	0	0	0	0	0	0	0	0	0	0	0	0	0	0	0	0	0	0	0	0	0	0	0	0	0	0	0	0	0	0	0	0	0	0	0	0	0	0	0	0	0	0	0	0	0	0	0	0	0	0	0	0	0	0	0	0	0	0	0	0	0	0	0	0	0	0	0	0	0	0	0	0	0	0	0	0	0	0	0	0	0	0	0	0	0	0	0	0	0	0	0	0	0	0	0	0	0	0	0	0	0	0	0	0	0	0	0	0	0	0	0	0	0	0	0	0	0	0	0	0	0	0	0	0	0	0	0	0	0	0	0	0	0	0	0	0	0	1	0	0	0	0	0	0	0	0	0	0	0	0	0	0	0	0	0	0	0	0	0	0	0	0	0	0	0	0
Root;Bacteria;Fusobacteriota;Fusobacteriia;Fusobacteriales;Leptotrichiaceae;Leptotrichia;Leptotrichia_hofstadii	JQ452600.1.1310	0	0	0	0	1	2	0	0	0	0	0	3	0	3	21	31	0	0	0	0	0	0	33	25	3	0	0	0	0	2	0	0	8	0	30	0	0	0	0	0	0	0	0	0	0	0	1	0	1	0	0	0	0	0	1	0	0	0	0	1	3	0	0	0	0	0	0	0	0	0	0	0	0	1	13	1	0	2	0	0	10	0	0	1	7	14	0	0	4	73	0	0	0	0	10	3	0	10	0	0	0	7	0	29	0	15	0	0	0	1	0	0	0	1	1	0	2	0	0	1	0	0	0	0	0	0	0	0	0	0	0	0	1	0	0	0	0	0	5	0	4	0	5	0	0	0	0	6	0	0	0	21	0	5	0	0	0	0	0	0	0	0	0	0	0	0	0	0	0	1	2	0	6	24	1	0	0	0	0	30	9	5	3	1	31	2	2	0	0	0	1	3	0	0	0	0	3	0	3	0	0	0	0	3	1	2	0	1	0	0	0	0	0	0	18	1	24	30	0	0	20	0	0	0	0	0	18	0	0	0	12	2	0	0	5	0	2	12	0	1	4	0	0	11	0	0	0	12	7	0	0	4	0	1	1	1	0	0	0	2	2	6	2	0	0	2	3	0	0	37	0	27	0	0	0	0	0	3	2	0	9	0	0	0	0	2	14	0	0	0	0	0	0	0	0	0	0	0	19	0	0	1	29	0	17	1	66	0	0	0	0	2	0	0	0	0	0	0	0	0	7	15	0	2	0	0	4	0	0	0	3	0	0	0	0	0	0	0	12	0	0	0	0	0	0	10	0	1	1	0	0	0	0	5	0	14	0	0	0	0	0	3	4	6	0	0	16	1	0	2	8	0	3
Root;Bacteria;Bacteroidota;Bacteroidia;Bacteroidales;Bacteroidaceae;Prevotella;Prevotella_marshii	JQ478147.1.1397	0	0	0	0	3	1	0	0	0	0	0	0	1	0	0	0	0	0	0	0	9	8	0	0	18	0	0	0	0	0	0	1	0	0	0	0	0	0	0	0	0	0	0	0	0	0	1	0	0	0	0	0	0	0	0	0	0	0	0	0	0	2	1	0	0	0	0	0	0	0	0	0	0	1	0	0	0	0	0	0	0	0	0	0	0	0	1	0	0	0	0	0	0	0	0	0	0	13	0	1	0	2	0	0	0	2	0	0	0	0	0	2	10	0	0	0	0	0	0	0	0	0	0	0	0	0	0	0	0	0	0	0	1	0	0	3	1	0	0	0	0	0	0	0	0	0	0	0	2	0	0	0	0	0	0	0	0	0	0	0	1	0	0	0	0	0	0	2	0	0	0	0	0	0	0	0	5	0	0	0	0	0	0	0	0	1	0	0	1	0	1	1	5	0	0	0	0	1	1	0	0	0	0	15	0	0	0	0	0	0	0	0	0	0	0	0	0	0	5	8	0	0	0	0	5	0	1	0	0	0	0	0	0	0	1	0	0	0	0	0	0	0	0	0	14	0	0	0	0	0	0	0	0	0	0	0	0	0	3	0	1	0	0	0	0	0	0	0	1	0	0	2	1	0	0	0	0	0	0	0	0	0	0	0	0	0	0	0	0	0	0	0	0	0	0	0	0	0	0	0	0	0	6	1	0	0	0	0	0	17	1	7	0	0	0	0	0	0	0	0	3	1	0	0	0	0	0	0	0	0	0	0	2	0	0	1	0	0	3	0	0	0	0	0	0	0	0	23	0	3	0	0	0	3	0	0	0	0	0	0	0	0	17	0	2	0	0	0	0	0	0	0	0
Root;Bacteria;Actinobacteriota;Actinomycetia;Actinomycetales;Actinomycetaceae;Actinomyces;unclassified_Actinomyces	JQ463863.1.1350	0	1	0	0	0	0	0	0	0	0	0	0	2	2	3	2	0	0	0	1	0	0	0	0	0	0	0	2	0	0	0	0	0	0	0	0	0	0	4	2	0	0	1	2	0	0	10	0	0	9	2	2	0	13	0	0	56	0	0	5	0	5	4	5	7	9	4	2	0	0	0	5	0	0	2	0	0	1	0	0	2	0	0	2	0	0	0	0	0	0	0	0	3	0	1	0	0	4	0	0	0	0	0	0	1	0	0	0	0	0	0	0	0	2	0	0	0	0	0	0	0	12	0	0	0	0	5	1	0	0	0	0	0	0	0	0	0	0	0	0	0	0	1	0	0	0	0	0	0	0	0	0	0	0	0	0	0	0	0	0	0	0	4	0	0	0	0	0	0	0	2	0	1	0	0	0	0	0	0	0	0	0	0	0	0	0	0	0	0	0	0	0	0	0	0	1	0	0	0	0	0	0	1	0	0	0	0	0	0	0	0	0	0	3	0	0	1	0	0	0	0	0	0	0	0	0	0	0	0	0	0	1	0	0	1	0	0	0	0	0	0	0	0	0	0	1	1	1	0	0	0	2	0	0	0	2	0	1	0	0	0	0	3	1	0	0	0	0	0	0	0	0	0	2	0	0	0	0	1	0	1	13	0	0	2	1	0	1	0	0	0	0	0	0	0	0	0	0	0	1	0	0	1	0	0	1	0	4	0	0	0	0	0	0	0	0	0	0	0	0	1	0	0	0	0	0	1	4	0	0	4	0	0	0	0	1	0	0	0	0	7	0	0	0	0	1	0	0	0	0	0	0	0	0	1	1	1	0	0	0	0	1	0	11	0	1	0	0	0	1	0	0	8
Root;Bacteria;Actinobacteriota;Actinomycetia;Actinomycetales;Actinomycetaceae;Actinomyces;unclassified_Actinomyces	AY349366.1.1543	0	0	0	0	0	0	0	0	0	0	0	0	0	0	0	0	0	0	1	1	0	0	0	1	0	0	0	0	0	0	0	0	0	0	0	0	0	2	0	0	0	0	0	0	0	0	0	0	0	0	3	1	0	0	0	0	0	0	0	0	0	0	0	4	0	0	0	0	0	0	0	0	0	0	0	0	0	0	0	0	0	0	0	0	0	0	0	0	0	0	0	0	0	0	0	0	0	0	0	1	0	0	0	0	0	0	0	0	0	0	0	0	0	0	0	0	0	0	0	0	0	0	0	0	0	0	0	0	0	0	0	1	0	0	0	0	0	0	0	0	0	0	0	0	0	0	0	0	0	0	0	0	0	0	0	0	0	0	0	0	0	0	0	0	0	0	0	0	1	0	0	0	0	0	0	0	0	0	0	0	0	0	0	0	0	0	0	0	0	0	0	0	0	0	0	0	0	0	0	0	0	0	0	0	0	0	0	0	0	0	0	0	0	0	0	0	1	0	0	0	0	0	0	0	0	0	0	1	0	0	0	0	0	0	0	0	0	0	0	0	0	0	0	0	0	0	0	0	0	0	0	0	0	0	0	0	0	0	0	0	0	0	0	0	0	0	0	0	0	0	0	0	0	0	0	0	0	0	0	0	0	0	0	0	0	0	0	0	0	0	0	0	0	0	0	0	0	0	0	0	0	0	0	0	0	0	0	1	0	0	1	0	0	0	0	0	0	2	0	0	0	0	0	0	0	0	0	0	0	0	0	0	0	0	0	0	0	0	0	0	0	1	0	0	0	0	0	0	0	0	0	0	0	0	0	3	0	0	0	0	0	0	0	0	3	0	0	0	0	0	0	0	0
Root;Bacteria;Bacteroidota;Bacteroidia;Bacteroidales;Tannerellaceae;Tannerella;unclassified_Tannerella	DQ341410.1.1477	0	0	0	0	0	0	0	1	0	0	0	0	0	0	0	0	0	0	0	0	0	0	0	0	0	0	0	0	0	0	0	0	0	0	4	0	0	0	0	0	0	0	0	0	0	0	0	0	0	0	0	0	0	0	0	0	0	0	0	48	0	0	1	0	0	0	0	0	0	0	0	0	0	0	0	0	0	0	0	0	0	0	0	0	0	0	0	0	0	0	0	2	0	0	0	0	0	0	0	0	0	0	0	0	0	0	0	0	0	0	0	0	0	0	0	0	0	0	0	0	0	0	0	0	0	0	0	0	0	0	0	12	0	0	0	0	0	0	0	0	0	0	0	0	0	0	0	0	0	0	0	0	0	0	0	0	0	0	0	0	0	0	0	0	0	0	0	0	0	0	1	0	0	0	1	0	0	0	0	0	0	0	0	0	0	0	0	0	0	0	0	0	1	0	0	0	0	0	0	0	0	0	0	0	0	0	0	0	0	0	0	0	0	0	0	0	0	0	0	0	0	0	0	0	0	0	34	0	0	0	0	0	0	0	0	0	1	0	0	0	0	0	1	0	0	0	0	0	0	0	0	0	0	0	0	0	0	0	0	0	0	0	0	0	0	0	0	0	0	0	0	0	0	0	0	0	0	0	0	0	0	0	0	0	0	0	0	0	0	0	0	0	0	0	0	0	0	0	0	0	0	0	0	0	0	0	0	0	0	0	0	0	0	0	1	0	0	0	0	0	0	0	0	0	0	0	0	0	0	0	0	0	0	0	0	0	0	0	0	0	0	0	0	0	0	0	0	0	0	0	0	0	1	0	0	0	0	0	0	0	0	0	0	0	0	0	0	0	0	0	0	0	0
Root;Bacteria;Bacteroidota;Bacteroidia;Flavobacteriales;Flavobacteriaceae;Capnocytophaga;Capnocytophaga_endodontalis	JQ452462.1.1238	0	0	0	0	0	0	0	0	0	0	0	0	0	0	0	0	0	0	0	0	0	0	0	0	0	0	0	0	0	2	0	0	0	0	0	0	0	0	0	0	0	0	0	0	0	0	0	0	1	0	0	4	0	0	0	0	0	0	0	0	8	0	0	0	0	0	0	1	0	0	0	0	0	0	10	0	0	0	0	0	2	0	0	2	91	88	1	0	18	5	0	0	8	0	0	0	0	0	0	0	0	0	0	0	0	0	0	0	0	12	0	0	0	0	0	0	0	0	0	0	0	0	1	0	0	0	0	0	0	0	0	0	0	0	0	0	0	0	0	0	0	0	0	0	0	0	0	0	3	0	0	0	0	0	0	0	0	0	0	69	0	0	0	0	0	0	0	0	0	0	0	0	0	0	0	0	0	0	0	89	2	0	1	0	0	0	0	0	0	0	0	0	10	13	3	1	0	0	0	0	3	2	0	0	0	6	0	0	0	0	0	0	0	5	3	0	69	97	0	0	2	0	0	0	0	0	0	0	1	1	0	0	0	0	0	0	0	0	0	0	0	0	0	0	2	0	1	0	22	7	0	0	9	0	6	0	0	0	0	3	0	0	0	0	0	0	0	0	0	0	0	3	0	0	0	0	0	0	0	0	3	0	0	0	0	0	0	0	0	0	0	0	0	0	0	0	0	0	0	0	1	0	0	0	0	2	0	0	0	0	0	0	0	0	0	0	0	0	0	0	0	7	0	0	0	0	8	0	0	0	0	0	0	0	0	0	0	0	5	1	0	0	0	0	0	1	0	10	4	0	0	0	0	0	0	0	0	0	0	0	0	0	1	0	0	1	1	0	0	0	0	0	31
Root;Bacteria;Actinobacteriota;Actinomycetia;Actinomycetales;Micrococcaceae;Rothia;Rothia_dentocariosa	JQ455502.1.1378	0	0	2	0	0	0	0	0	1	2	0	0	0	0	0	0	0	0	0	0	1	0	1	0	0	0	0	0	0	0	0	0	0	0	0	0	0	0	0	0	0	0	0	0	0	0	0	0	0	0	0	0	0	0	0	0	0	0	0	0	0	0	3	0	0	0	0	1	0	0	0	0	0	0	0	0	0	0	0	0	0	0	0	0	0	0	0	0	0	0	0	0	0	0	0	0	0	0	0	0	0	0	0	0	0	0	0	0	0	0	0	0	0	0	0	0	0	0	0	0	0	1	0	0	0	0	0	0	0	0	0	1	0	0	0	0	0	0	0	0	0	0	0	0	0	0	0	0	0	0	0	0	0	0	0	0	0	0	0	0	0	0	0	0	0	0	0	0	0	0	0	1	0	0	0	0	0	0	0	0	0	0	0	0	0	0	0	0	0	0	0	0	0	0	0	0	0	0	0	0	0	0	0	0	0	0	0	0	0	0	0	0	0	0	0	0	0	0	0	0	0	0	0	0	0	0	0	0	0	0	0	0	0	0	0	0	0	0	0	0	0	0	0	0	0	0	0	0	0	1	0	0	0	0	0	0	0	0	0	0	0	0	0	0	0	0	0	0	0	0	0	0	0	0	1	0	0	0	0	0	0	0	0	0	0	0	0	0	0	0	0	0	0	0	0	0	0	0	0	0	0	0	0	0	0	0	0	1	0	0	0	0	0	0	0	0	0	0	0	0	0	0	0	5	0	0	0	0	0	0	0	0	0	0	0	0	0	0	0	0	0	0	0	0	0	0	0	0	0	0	0	1	0	0	0	0	0	0	0	0	0	0	0	0	0	0	0	0	0	0	0	0	0
Root;Bacteria;Fusobacteriota;Fusobacteriia;Fusobacteriales;Leptotrichiaceae;Leptotrichia;Leptotrichia_wadei	DQ093274.1.1273	2	0	0	0	0	0	0	0	0	0	0	0	0	0	0	0	0	0	0	0	0	0	0	0	0	0	0	0	0	0	0	0	0	0	1	0	0	0	0	0	0	0	0	0	0	0	0	0	1	0	1	0	0	0	0	0	0	0	0	0	0	0	0	0	0	0	0	0	0	0	0	0	0	0	0	0	0	0	0	0	0	0	0	0	0	0	0	0	0	0	0	0	0	0	0	0	0	0	0	0	0	0	1	0	0	0	0	0	0	0	0	6	0	0	0	0	1	0	0	0	0	0	0	0	0	0	0	0	0	0	0	0	0	0	0	2	1	0	0	0	0	0	0	0	0	0	0	0	0	0	0	1	0	0	0	0	0	0	0	0	0	0	0	0	0	0	0	0	0	0	0	0	0	0	0	0	0	0	0	0	0	0	0	0	0	3	1	0	0	0	0	0	1	2	0	0	0	0	0	0	0	0	0	0	0	23	0	3	0	0	0	0	0	0	0	0	0	0	0	0	0	0	0	0	0	0	2	1	0	0	0	0	0	0	0	0	0	0	0	0	0	0	0	0	0	0	0	0	0	0	0	0	0	0	12	0	0	1	0	0	0	0	0	0	0	0	0	0	0	0	0	1	0	0	0	0	0	0	0	0	1	0	0	0	0	0	0	0	3	0	0	0	0	0	0	0	0	1	0	0	0	0	0	0	0	2	0	0	0	0	0	0	0	0	0	3	0	0	0	0	0	0	0	0	0	0	0	0	0	0	0	0	0	0	0	0	0	0	2	0	0	0	0	0	0	4	5	0	0	0	0	0	0	0	0	0	0	0	0	0	0	0	0	0	0	0	0	0	0	0	0	0	0
Root;Bacteria;Fusobacteriota;Fusobacteriia;Fusobacteriales;Leptotrichiaceae;Leptotrichia;unclassified_Leptotrichia	GU561366.1.1374	0	0	0	0	0	0	1	2	0	0	6	5	0	0	0	1	0	0	0	0	0	0	0	0	59	0	1	0	0	0	0	0	0	0	0	2	0	0	0	0	0	0	0	43	0	0	0	0	18	0	0	58	0	0	0	0	0	8	0	0	0	0	0	4	0	0	1	0	0	1	0	0	0	0	1	3	0	0	0	0	0	1	0	0	2	10	3	0	3	0	0	0	1	0	0	0	0	0	0	13	4	18	5	2	1	0	0	0	0	0	0	2	1	1	0	0	3	0	0	1	0	0	0	0	0	0	0	0	0	0	0	0	1	0	0	0	0	0	1	0	0	0	0	0	0	0	0	0	0	0	0	0	0	0	0	0	0	0	0	0	0	0	0	1	0	1	0	0	0	0	0	0	0	0	0	0	0	0	0	0	0	0	1	3	0	0	0	0	0	0	19	11	8	0	0	0	0	0	0	0	0	0	0	0	0	0	0	0	2	0	0	0	0	28	1	0	20	15	0	0	36	1	0	0	0	0	0	0	24	0	0	0	0	0	0	0	0	0	0	0	0	0	0	2	0	1	0	0	0	0	0	0	0	0	0	0	0	0	0	0	0	0	0	0	4	0	1	0	0	0	0	0	0	0	0	0	0	0	0	0	48	2	1	0	0	0	21	0	0	0	0	0	0	0	1	0	0	1	0	0	0	0	2	0	2	8	0	0	0	4	0	69	0	0	0	0	0	0	0	0	0	0	0	0	0	0	0	0	0	0	0	0	0	0	0	0	0	0	9	0	0	0	0	0	0	23	0	0	0	0	1	0	0	1	1	0	0	0	0	0	0	0	2	0	1	2	2	1	0	12	44	0	2
Root;Bacteria;Fusobacteriota;Fusobacteriia;Fusobacteriales;Fusobacteriaceae;Fusobacterium;unclassified_Fusobacterium	HQ761535.1.1434	27	47	2	1	17	23	24	26	0	0	31	41	60	95	0	1	0	0	5	8	15	21	0	0	6	0	3	0	0	12	7	95	402	3	3	1	1	0	31	0	0	0	0	1	4	0	1	0	37	0	59	0	35	0	0	0	0	0	0	16	5	0	21	2	0	0	1	12	8	3	0	0	7	1	0	0	2	6	0	0	0	83	0	50	5	5	1	506	0	5	0	2	2	0	0	0	0	2	0	30	6	64	3	18	0	50	20	0	0	3	4	14	1	0	45	1	0	0	3	0	0	5	0	0	13	1	5	0	0	0	0	17	17	0	0	0	1	0	0	0	518	15	1	0	0	3	0	0	0	0	3	0	0	13	3	2	0	9	3	0	16	1	4	2	32	6	3	253	22	0	174	9	40	6	134	0	376	0	24	0	0	0	0	1	198	2	0	0	0	0	2	0	8	0	40	37	3	34	224	0	15	21	1	52	5	0	2	0	0	0	2	23	0	38	83	6	6	6	33	35	12	1	1	0	60	1	16	7	4	5	333	16	476	8	17	0	18	0	0	166	0	0	4	1	0	0	22	1	0	2	0	0	182	0	0	4	20	0	9	1	12	47	37	1	0	4	27	57	188	18	6	3	46	0	3	0	1	13	35	0	1	0	0	251	0	3	40	0	1	0	8	1037	140	0	234	70	95	5	327	0	8	56	0	479	0	4	0	0	0	0	0	387	0	144	142	10	15	4	0	0	0	5	0	0	97	0	0	0	0	0	8	0	0	0	0	0	2	4	1	0	0	1	0	18	7	2	0	171	30	0	221	3	74	58	1	0	110	157	0	0	7	35	10	78	31	471	0	1	0	10	0	0	18
Root;Bacteria;Actinobacteriota;Actinomycetia;Actinomycetales;Actinomycetaceae;Actinomyces;Actinomyces_graevenitzii	FM996743.1.1462	0	0	0	0	0	0	0	0	0	0	0	0	0	0	0	0	0	0	0	0	0	0	0	0	0	0	0	1	0	0	0	0	0	0	0	7	0	0	0	0	0	0	0	0	0	0	0	0	0	0	0	0	0	0	0	0	0	0	0	0	0	0	0	0	0	0	0	0	0	0	0	0	0	0	0	0	0	0	0	0	0	0	0	0	0	0	0	0	0	0	0	0	0	0	0	0	0	0	0	0	0	0	0	1	0	0	0	0	0	0	0	0	0	0	0	0	0	0	0	0	0	0	0	0	0	0	0	0	0	0	0	0	1	0	0	0	0	0	0	0	0	0	1	0	0	0	0	0	0	0	0	0	0	0	0	0	0	0	0	0	0	0	0	0	0	25	0	0	0	0	0	0	0	0	0	0	0	0	0	0	0	0	0	0	0	0	0	0	0	0	0	0	0	0	0	0	0	0	0	0	0	0	0	0	0	0	0	0	0	0	0	0	0	0	0	0	0	0	0	0	0	0	0	0	0	0	0	0	0	0	0	0	0	0	0	0	0	0	0	0	0	0	0	0	0	0	0	0	0	0	0	0	0	0	0	0	0	0	0	0	0	0	0	0	43	0	0	0	0	0	0	0	0	0	0	0	2	0	0	0	0	0	1	0	0	0	0	0	0	0	0	0	0	0	0	0	0	0	0	0	0	0	0	0	0	0	0	0	0	0	0	0	0	0	0	0	0	0	0	0	0	0	0	0	0	0	0	0	0	0	0	0	0	0	0	0	0	0	0	1	0	0	0	0	0	0	0	0	0	0	0	0	0	0	13	0	0	0	0	0	0	0	0	0	0	0	0	0	0	0	0	0	0
Root;Bacteria;Bacteroidota;Bacteroidia;Bacteroidales;Bacteroidaceae;Bacteroides;Bacteroides_stercoris	FJ363204.1.1363	0	0	0	0	0	0	0	0	0	0	0	0	0	0	0	0	0	0	0	0	0	0	0	0	0	0	0	0	0	0	0	0	0	0	0	0	0	0	0	0	0	0	0	0	0	0	0	0	0	0	0	0	0	0	0	0	0	0	0	0	0	0	0	0	0	0	0	0	0	0	0	0	0	0	0	0	0	0	0	0	0	0	0	0	0	0	0	0	0	0	0	0	0	0	0	0	0	0	0	0	0	0	0	0	0	0	0	0	0	0	0	0	0	0	0	0	0	0	0	0	0	0	0	0	0	0	0	0	0	0	0	0	0	0	0	0	0	0	0	0	0	0	0	0	0	0	0	0	0	0	0	0	0	2	0	0	0	0	0	0	0	0	0	0	0	0	0	0	0	0	0	0	0	0	0	0	0	3	0	0	0	0	0	0	0	0	0	0	0	0	0	0	0	0	0	0	0	0	0	0	0	0	0	0	0	0	0	0	0	0	0	0	0	0	0	0	0	0	0	0	0	0	0	0	0	0	0	0	0	0	0	0	0	0	0	0	0	0	0	0	0	0	0	0	0	0	0	0	0	0	0	0	0	0	0	0	0	0	0	0	0	0	0	0	0	0	0	0	0	0	0	0	0	0	0	0	0	0	0	0	0	0	0	0	0	0	0	0	0	0	0	0	0	0	0	0	0	0	0	0	0	0	0	0	0	0	0	0	0	0	0	0	0	0	0	0	0	0	0	0	0	0	0	0	0	0	0	0	0	0	0	0	0	0	0	0	0	0	0	0	0	0	0	0	0	0	0	0	0	0	0	0	0	0	0	0	0	0	0	0	0	0	0	0	0	0	0	0	0	0	0	0	0
Root;Bacteria;Actinobacteriota;Actinomycetia;Actinomycetales;Micrococcaceae;Rothia;Rothia_dentocariosa	JQ462373.1.1304	0	0	33	28	3	5	1	1	24	28	1	2	1	1	1	3	7	18	0	1	1	1	0	1	0	0	0	22	32	1	2	2	1	0	0	5	1	2	26	10	17	23	62	4	12	3	49	15	2	25	0	26	3	58	84	77	25	8	4	11	1	0	267	6	6	1	202	2	2	0	23	13	105	13	13	0	4	1	1	4	0	1	0	4	0	0	1	0	1	0	0	0	0	1	2	2	1	2	2	6	2	0	0	2	1	0	0	0	0	0	0	0	2	1	0	0	0	0	0	2	0	145	1	0	11	5	47	2	0	0	78	2	117	2	0	18	2	6	0	0	0	0	1	0	2	0	0	0	0	0	5	0	9	0	0	0	1	0	1	1	0	0	1	4	2	0	0	0	0	22	1	1	0	1	0	0	0	2	2	10	0	0	3	6	0	0	0	0	0	0	0	1	1	0	1	2	0	0	0	1	5	12	0	0	0	0	5	0	2	2	0	0	2	0	1	0	1	2	0	1	0	0	0	0	0	0	0	3	1	5	0	0	1	8	1	0	0	3	0	0	0	0	2	6	3	13	14	1	2	8	79	16	1	0	0	1	1	6	23	1	0	0	1	42	0	0	0	0	0	1	1	0	1	52	5	1	2	0	1	1	1	5	7	0	21	12	0	0	3	2	12	0	0	0	4	0	0	0	0	5	0	0	0	0	0	4	0	62	0	0	0	0	42	0	0	0	0	0	0	0	24	0	8	94	4	0	8	12	0	0	1	0	0	0	2	17	0	1	4	2	13	0	0	14	0	4	0	1	0	0	0	4	0	0	2	6	2	0	2	0	3	2	3	13	0	9	0	0	0	3	1	0	8
Root;Bacteria;Firmicutes;Bacilli;Staphylococcales;Gemellaceae;Gemella;unclassified_Gemella	HQ805067.1.1470	0	0	0	0	0	1	0	0	0	0	2	1	0	0	0	0	0	0	1	0	0	0	0	0	0	0	0	1	7	0	0	0	1	6	0	2	0	1	0	1	0	0	2	0	0	2	0	0	0	2	0	0	0	0	2	3	0	1	0	0	0	0	5	1	2	0	0	0	1	0	0	1	0	0	0	0	0	0	1	0	1	0	1	0	0	0	0	0	0	0	0	0	1	0	6	0	0	0	0	0	0	0	0	0	0	0	0	0	0	0	0	0	0	0	0	0	0	0	0	0	0	1	0	0	1	2	0	0	0	0	0	0	1	0	0	0	0	0	0	0	0	0	1	0	1	0	0	0	0	0	2	0	1	0	0	0	0	0	0	0	1	0	0	0	0	34	0	0	0	0	0	0	0	0	0	0	0	3	0	0	0	0	0	0	0	0	0	1	0	0	0	0	0	0	0	0	0	0	0	0	0	0	0	0	0	0	0	1	0	0	0	0	0	0	0	0	0	0	0	0	0	0	0	0	0	0	0	0	0	0	0	0	0	0	0	0	1	1	0	0	0	0	0	1	0	0	0	0	0	0	0	0	0	0	0	0	0	0	1	0	0	0	0	0	0	0	0	0	0	0	0	0	0	0	0	0	2	0	0	0	0	0	0	0	0	0	1	0	0	0	6	0	0	0	0	0	0	0	0	2	0	0	0	0	0	1	0	2	0	1	1	1	0	0	0	0	0	0	0	0	0	0	1	0	1	0	0	0	0	0	0	0	1	4	0	0	0	0	0	7	0	0	0	0	0	0	0	0	0	0	0	2	0	1	26	1	0	0	3	0	1	0	1	1	0	0	0	1	0	0	0	0	0
Root;Bacteria;Bacteroidota;Bacteroidia;Flavobacteriales;Flavobacteriaceae;Capnocytophaga;Capnocytophaga_haemolytica	JQ454461.1.1386	0	0	0	0	5	10	0	0	0	0	0	0	0	0	0	0	0	0	0	0	0	0	0	0	0	0	0	0	0	0	0	1	0	0	0	0	0	0	0	0	0	0	0	0	0	0	1	0	6	0	0	50	0	0	0	0	0	0	0	0	0	1	0	0	0	0	0	0	0	0	0	0	0	1	0	0	0	0	0	0	0	0	0	0	0	0	1	0	26	0	0	0	0	0	0	0	0	0	0	0	0	0	0	0	0	0	7	0	0	0	0	0	0	3	0	0	0	0	0	0	0	0	0	0	0	0	0	0	0	0	0	0	3	0	0	6	2	1	0	0	0	0	0	0	0	0	0	0	0	0	0	0	0	0	0	0	0	0	0	0	0	0	0	0	0	0	1	0	1	0	0	0	0	0	0	0	0	0	0	0	0	0	0	0	0	0	0	0	0	0	0	0	0	0	5	6	0	0	0	0	0	0	0	0	0	0	0	0	0	0	0	0	0	0	0	0	0	0	0	0	0	0	0	0	0	0	0	0	18	0	0	0	0	0	0	0	0	0	0	0	0	0	0	0	0	68	0	0	0	0	0	0	0	0	0	0	0	0	0	0	0	0	0	0	0	0	2	0	0	0	0	0	0	0	0	0	0	0	0	0	0	0	0	0	0	0	0	0	0	0	0	2	0	0	0	0	0	1	0	0	0	0	19	0	0	0	0	0	0	0	0	0	0	0	0	0	0	0	0	0	0	0	0	0	0	0	0	0	0	0	6	0	0	0	0	0	0	0	3	0	0	0	0	0	0	0	0	0	0	0	0	0	0	0	0	3	0	0	0	0	0	33	0	0	0	0	0	0	0	0	0	0	0
Root;Bacteria;Actinobacteriota;Actinomycetia;Actinomycetales;Bifidobacteriaceae;Scardovia;Scardovia_wiggsiae	AGZS01000006.219616.221143	0	2	0	0	0	0	0	0	2	2	0	0	0	0	0	0	0	0	0	0	0	0	0	0	2	0	0	11	8	0	0	0	0	0	0	0	0	0	0	2	0	0	0	0	0	0	4	0	0	0	0	3	0	0	0	0	0	7	0	0	0	0	0	0	0	0	0	0	0	0	0	0	0	0	0	0	0	0	0	0	0	0	0	0	0	1	0	0	0	0	0	0	0	129	0	0	0	0	0	0	0	0	0	0	0	0	0	0	0	0	0	0	0	0	0	0	0	0	0	0	0	0	0	0	0	0	0	0	0	0	0	0	0	0	0	0	0	0	0	0	0	0	2	30	0	0	0	0	0	0	0	0	0	0	0	0	0	0	0	0	0	0	0	0	0	0	0	0	0	0	0	0	0	0	0	0	0	0	1	0	0	0	0	0	0	0	0	0	0	0	0	0	14	0	0	0	0	0	0	0	2	0	0	0	0	0	0	0	0	0	0	4	0	0	0	0	3	8	0	0	0	0	0	0	0	0	0	3	0	0	0	47	1	0	0	0	0	0	0	0	0	0	0	0	0	0	0	0	0	0	0	0	0	0	0	0	0	0	0	0	0	0	0	0	0	0	0	0	0	0	0	0	0	0	0	0	33	0	0	3	0	0	0	0	0	0	0	0	0	0	0	0	0	0	0	0	0	2	0	24	0	0	0	0	0	0	0	0	0	0	0	0	56	0	0	0	0	0	0	0	0	0	0	0	0	0	12	0	0	0	0	0	0	0	0	0	0	0	0	0	0	0	0	0	0	0	0	0	0	0	0	0	0	0	0	0	0	0	0	0	0	0	0	0	0	0	0	0	0	0	0	0	22
Root;Bacteria;Actinobacteriota;Actinomycetia;Actinomycetales;Actinomycetaceae;Actinomyces;Actinomyces_weissii	FN552455.1.1347	0	0	0	0	0	0	0	0	0	0	0	0	0	0	0	0	0	0	0	0	0	0	0	0	0	0	0	0	0	0	0	0	0	0	0	0	0	0	0	0	0	0	0	0	0	0	0	0	0	0	0	0	0	0	0	0	0	0	0	0	0	0	0	0	0	0	0	0	0	0	0	0	0	0	0	0	0	0	0	0	0	0	0	0	0	0	0	0	0	0	0	0	0	0	0	0	0	0	0	0	0	0	0	3	0	0	0	0	0	0	0	0	0	0	0	0	0	0	0	0	0	0	0	0	0	0	0	0	0	0	0	0	0	0	0	0	0	0	0	0	0	0	0	0	0	0	0	0	0	0	0	0	0	0	0	0	0	0	0	0	0	0	0	0	0	0	0	0	0	0	0	0	0	0	0	0	0	0	0	0	0	0	0	0	0	0	0	0	0	0	0	0	0	0	0	0	0	0	0	0	0	0	0	0	0	0	0	0	0	0	0	0	0	0	0	0	0	0	0	0	0	0	0	0	0	0	0	0	0	0	0	0	0	0	0	0	0	0	0	0	0	0	0	0	0	0	0	0	0	0	0	0	0	0	0	0	0	0	0	0	0	0	0	0	0	0	0	0	0	0	0	0	0	0	0	0	0	0	0	0	0	0	0	0	0	0	0	0	0	0	0	0	0	0	0	0	0	0	0	2	0	0	0	0	0	0	0	0	0	0	0	0	0	0	0	0	0	0	0	0	0	0	0	0	0	0	0	0	0	0	0	0	0	0	0	0	0	0	0	0	0	0	0	0	0	0	0	0	0	0	0	0	0	0	0	0	0	0	0	0	0	0	0	0	0	0	0	0	0	0	0	0	0
Root;Bacteria;Actinobacteriota;Actinomycetia;Actinomycetales;Actinomycetaceae;Actinomyces;Actinomyces_sp002999235	HM269617.1.1370	8	8	0	0	0	0	0	1	0	0	3	4	0	0	0	0	0	0	0	0	0	0	0	0	1	0	0	0	0	0	0	0	0	0	2	0	0	0	23	0	0	1	0	1	0	0	0	0	2	8	4	0	23	0	0	0	0	1	0	6	0	0	10	0	0	0	0	0	0	0	0	0	0	0	8	0	0	0	0	0	2	2	0	1	0	0	3	0	0	0	0	9	0	0	1	0	0	0	0	5	0	4	0	0	0	1	0	0	0	0	0	0	0	0	0	0	2	0	0	10	0	0	0	0	4	5	1	0	2	0	0	6	0	0	0	0	1	4	0	0	0	0	0	0	0	0	0	0	4	0	0	0	0	0	0	0	0	0	1	0	0	0	0	0	0	0	0	2	0	0	0	0	0	0	0	0	0	0	0	0	0	0	0	0	0	0	0	0	1	0	0	0	1	0	0	0	0	3	2	0	0	0	0	0	0	0	0	0	0	0	0	0	0	0	0	0	0	0	0	0	0	0	0	0	0	0	0	0	0	0	0	0	0	0	5	0	7	0	0	1	0	0	0	0	0	0	0	0	0	0	0	0	0	0	0	0	0	0	0	0	0	1	0	0	0	0	0	0	0	0	0	0	0	0	0	0	0	0	0	0	17	0	0	0	0	0	0	0	0	0	1	0	0	0	0	22	0	0	1	0	0	0	0	0	0	0	2	0	0	4	4	5	0	0	0	0	0	0	0	1	0	0	0	0	0	0	0	0	0	0	12	0	0	0	0	0	0	0	1	70	0	0	0	0	0	0	0	1	0	5	0	0	3	8	0	0	15	1	0	0	10	3	1	0	0	8	0	0	0	0	2	0	0
Root;Bacteria;Firmicutes;Bacilli;Lactobacillales;Streptococcaceae;Streptococcus;unclassified_Streptococcus	FJ823144.1.1455	0	0	0	0	0	0	0	0	0	0	0	0	0	0	0	0	0	0	0	0	0	0	0	0	0	0	0	0	0	0	0	0	0	0	0	0	0	0	0	0	0	0	0	0	0	0	0	0	0	0	0	0	0	0	0	0	0	0	0	0	0	0	0	0	0	0	0	0	0	0	0	0	0	0	0	0	0	0	0	0	0	0	0	0	0	0	0	0	0	0	0	0	0	0	0	0	0	0	0	0	0	0	0	0	0	0	0	0	0	0	0	0	0	0	0	0	0	0	0	0	0	0	0	0	0	0	0	0	0	0	0	0	0	0	0	0	0	0	0	0	0	0	0	0	0	0	0	0	0	0	0	0	0	0	0	0	0	0	0	0	0	0	0	0	0	0	0	0	0	0	0	0	0	0	0	0	0	0	0	0	0	0	0	0	0	0	0	0	0	0	0	0	0	0	0	0	0	0	0	0	0	0	0	0	0	0	0	0	0	0	0	0	0	0	0	0	0	0	0	0	0	0	0	0	0	0	0	0	0	0	0	0	0	0	0	0	0	0	0	0	0	0	0	0	0	0	0	0	0	0	0	0	0	0	0	0	0	0	0	0	0	0	0	0	0	0	0	0	0	0	0	0	0	0	0	0	0	0	0	0	0	0	0	0	0	0	0	0	0	0	0	0	0	0	0	0	0	0	0	0	0	0	0	0	0	0	0	0	0	0	0	0	0	0	0	0	0	0	0	0	0	0	0	0	0	0	0	0	0	0	0	0	0	0	0	0	0	0	0	0	0	0	0	0	0	0	0	0	0	0	0	2	0	0	0	0	0	0	0	0	0	0	0	1	0	0	0	0	0	0	0	0	0
Root;Bacteria;Proteobacteria;Gammaproteobacteria;Enterobacterales;Pasteurellaceae;Haemophilus_D;unclassified_Haemophilus_D	HQ766686.1.1437	0	0	3	2	0	0	0	0	0	0	0	1	0	0	1	1	11	11	0	0	0	0	0	0	0	0	0	0	0	0	0	1	0	0	0	2	2	0	0	1	1	0	0	0	1	0	1	0	1	5	0	0	1	0	2	1	0	0	2	0	0	0	5	5	0	0	0	0	0	0	1	0	1	0	0	0	0	0	0	0	1	0	7	1	0	0	0	2	0	0	0	0	0	0	0	0	7	0	0	0	0	0	0	2	0	0	0	1	0	0	1	1	0	2	0	0	0	0	0	0	0	0	0	0	0	0	0	0	0	0	9	0	0	0	0	0	0	0	0	0	0	0	1	0	1	0	0	0	0	0	0	1	0	0	0	0	0	0	0	0	1	3	0	2	1	6	0	0	0	0	0	0	0	1	0	0	1	1	0	0	1	3	0	0	0	0	1	0	0	0	0	0	0	0	3	2	0	1	0	0	0	1	0	0	0	1	0	0	2	1	2	4	9	0	0	0	0	0	1	0	0	0	0	0	0	0	0	0	0	0	0	0	1	0	0	0	0	0	0	1	0	0	0	1	0	0	0	0	0	1	2	0	1	0	0	0	0	0	1	0	1	0	1	0	0	0	0	0	0	21	0	0	1	20	1	0	2	5	4	0	0	0	2	0	0	2	1	5	0	4	0	0	0	0	0	0	1	0	0	0	0	1	1	0	1	1	0	0	0	0	0	2	1	0	0	0	0	0	0	2	0	2	0	2	0	0	0	3	2	19	0	0	0	0	0	0	0	0	10	0	1	0	0	0	1	0	0	0	0	0	0	1	2	0	50	0	0	0	6	4	1	0	0	3	0	0	0	0	0	0	0	1	0
Root;Bacteria;Firmicutes_C;Negativicutes;Veillonellales;Veillonellaceae;Veillonella;unclassified_Veillonella	JQ456698.1.1395	5	9	16	15	7	6	21	26	3	8	2	8	2	6	9	10	29	40	0	4	0	3	3	7	20	19	6	3	0	13	0	14	13	29	20	1	0	0	41	0	35	24	3	5	22	0	5	0	64	2	88	103	0	0	33	30	20	48	2	1	43	17	10	43	105	107	0	19	4	21	1	52	2	8	0	82	0	11	0	0	26	87	15	29	2	0	1	5	3	45	0	11	16	48	1	0	12	21	0	18	0	26	10	20	0	2	11	10	0	5	42	48	0	70	23	0	3	0	36	31	0	64	55	47	7	2	81	23	11	0	118	0	0	4	0	1	2	5	0	0	10	0	114	84	2	101	0	1	1	10	0	45	1	1	5	24	1	0	68	0	0	0	1	15	21	1	2	7	13	565	52	0	54	23	0	1	0	19	17	31	26	13	70	76	11	0	0	0	4	0	49	36	3	6	3	3	56	1	1	7	19	28	209	7	0	9	31	53	15	24	68	29	126	0	2	0	4	7	210	216	27	0	415	1	13	0	10	1	28	0	5	22	17	17	39	0	2	46	0	0	50	0	5	15	6	28	75	0	0	5	3	43	8	4	44	0	0	84	22	2	5	7	3	140	1	1	2	0	0	13	4	3	3	0	0	0	79	9	8	65	50	133	18	5	1	41	80	19	39	19	28	16	3	0	33	0	30	16	2	42	1	10	26	3	284	540	0	20	0	5	0	6	185	122	125	0	0	10	0	2	241	0	1	38	65	0	18	0	0	2	25	0	51	144	3	23	4	232	4	32	40	1	0	480	4	9	0	0	0	23	20	30	0	20	2	1	18	13	458	94	45	0	110	629	3	25	43	7	0	106	108	3	12
Root;Bacteria;Bacteroidota;Bacteroidia;Flavobacteriales;Flavobacteriaceae;Capnocytophaga;Capnocytophaga_sp000466425	JQ450525.1.1381	0	0	0	0	0	0	0	0	0	0	2	0	0	0	0	0	0	0	0	0	0	0	0	0	3	1	0	0	0	0	0	7	0	0	0	0	0	0	0	0	0	0	0	0	0	0	0	0	29	0	0	0	0	0	0	0	0	0	0	0	0	0	0	0	0	0	0	0	0	0	1	0	0	0	0	0	0	0	0	0	0	0	0	0	0	0	0	0	0	0	0	14	0	0	0	0	0	0	0	0	0	0	0	0	0	0	0	0	0	23	0	0	0	0	0	0	0	0	2	0	0	0	0	0	0	0	1	0	0	0	0	1	15	0	0	0	0	0	0	0	0	0	0	0	0	0	0	0	3	0	0	0	0	0	0	0	0	0	0	0	0	0	0	0	0	0	0	0	0	0	0	0	0	0	0	0	0	0	0	0	0	0	17	7	0	4	2	0	26	0	0	0	0	0	0	0	0	0	0	0	0	0	0	1	0	0	0	7	0	0	0	0	0	0	0	0	0	0	0	0	0	0	0	0	0	0	0	0	0	0	0	0	0	0	0	0	15	0	18	14	0	0	345	113	0	0	34	0	0	0	0	0	0	0	0	0	0	0	0	0	0	0	0	0	0	5	7	0	0	0	0	0	0	0	0	0	0	0	0	0	1	0	0	1	0	0	0	0	0	0	0	0	0	0	0	0	0	0	0	0	0	0	0	0	3	0	11	0	0	296	37	0	0	0	0	5	2	0	0	0	0	2	0	0	0	0	0	0	0	0	0	0	0	0	0	0	0	0	0	0	0	5	0	0	0	0	1	0	0	0	0	0	0	17	0	7	0	0	0	0	0	0	0	0	11	40	0	0	0	0	0	0	0
Root;Bacteria;Firmicutes;Bacilli;Lactobacillales;Streptococcaceae;Streptococcus;unclassified_Streptococcus	JF189593.1.1367	0	0	0	0	0	0	0	0	0	0	0	0	0	0	0	0	0	0	0	0	0	0	0	0	0	0	0	0	0	0	0	0	0	0	0	0	0	0	0	0	0	1	0	0	0	0	0	0	0	0	0	0	0	0	2	1	0	0	0	0	0	0	0	0	0	0	0	0	0	0	0	0	0	0	0	0	0	0	0	0	0	0	0	0	0	0	0	0	0	0	0	0	0	0	0	0	0	0	0	0	0	0	0	0	0	0	0	0	0	0	0	0	0	0	0	0	0	0	0	0	0	0	0	0	0	0	0	0	0	0	1	0	0	0	0	0	0	0	0	0	0	0	0	0	0	0	0	0	0	0	0	0	0	0	0	0	0	0	0	0	0	0	0	0	0	0	0	0	0	0	0	0	0	0	0	0	0	0	0	0	0	0	0	0	0	0	0	0	0	0	0	0	0	0	0	0	0	0	0	0	0	0	0	0	0	0	0	0	0	0	0	0	0	0	0	0	0	0	0	0	0	0	0	0	0	0	0	0	0	0	0	0	0	0	0	0	0	0	0	0	0	0	0	0	0	0	0	0	0	0	0	0	0	0	0	0	0	1	0	0	0	0	0	0	0	0	0	0	0	0	0	0	0	0	0	0	0	1	0	0	0	0	0	0	0	0	0	0	0	0	0	0	0	0	0	0	0	0	0	0	0	0	0	0	0	0	0	0	0	0	0	0	0	0	0	0	0	0	0	0	0	0	0	0	0	0	0	0	0	0	0	0	0	0	0	0	0	0	0	0	0	0	0	0	0	0	0	0	0	0	0	0	0	0	0	0	0	0	0	0	0	0	0	0	0	0	0	0	0	0	0	0	0
Root;Bacteria;Bacteroidota;Bacteroidia;Bacteroidales;Rikenellaceae;Alistipes;unclassified_Alistipes	DQ799322.1.1402	0	0	0	0	0	0	0	0	0	0	0	0	0	0	0	0	0	0	0	0	0	0	0	0	0	0	0	0	0	0	0	0	0	0	0	0	0	0	0	0	0	0	0	0	0	0	0	0	0	0	0	0	0	0	0	0	0	0	0	0	0	0	0	0	0	0	0	0	0	0	0	0	0	0	0	0	0	0	0	0	0	0	0	0	0	0	0	0	0	0	0	0	0	0	0	0	0	0	0	0	0	0	0	0	0	0	0	0	0	0	0	0	0	0	0	0	0	0	0	0	0	0	0	0	0	0	0	0	0	0	0	0	0	0	0	1	0	0	0	0	0	0	0	0	0	0	0	0	0	0	0	0	0	2	0	0	0	0	0	0	0	0	0	0	0	0	0	0	0	0	0	0	0	0	0	0	0	4	0	0	0	0	0	0	0	0	0	0	0	0	0	0	0	0	0	0	0	0	0	0	0	0	0	0	0	0	0	0	0	0	0	0	0	0	0	0	0	0	0	0	0	0	0	0	0	0	0	0	0	0	0	0	0	0	0	0	0	0	0	0	0	0	0	0	0	0	0	0	0	0	0	0	0	0	0	0	0	0	0	0	0	0	0	0	0	0	0	0	0	0	0	0	0	0	0	0	0	0	0	0	0	0	0	0	0	0	0	0	0	0	0	0	0	0	0	0	0	0	0	0	0	0	0	0	0	0	0	0	0	0	0	0	0	0	0	0	0	0	0	0	0	0	0	0	0	0	0	0	0	0	0	0	0	0	0	0	0	0	0	0	0	0	0	0	0	0	0	0	0	0	0	0	0	0	0	0	0	0	0	0	0	0	0	0	0	0	0	0	0	0	0	0	0
Root;Bacteria;Actinobacteriota;Actinomycetia;Actinomycetales;Actinomycetaceae;Actinomyces;unclassified_Actinomyces	JQ452802.1.1368	8	11	2	3	2	2	76	88	85	90	35	41	14	18	1	0	90	137	4	3	16	16	22	26	6	32	2	1	1	0	0	1	2	1	3	7	24	43	37	77	26	28	21	26	1	18	480	22	8	42	146	28	11	47	70	50	7	6	130	53	24	32	57	1	295	285	142	85	35	15	13	92	115	15	38	27	3	39	14	1	6	15	20	26	15	24	8	6	6	3	0	0	10	3	2	1	11	20	0	4	0	1	0	2	23	10	2	4	1	1	90	10	33	5	30	0	10	0	8	16	0	344	293	360	12	9	105	76	79	0	276	5	17	13	0	11	20	22	0	0	8	0	24	33	0	1	0	0	0	2	37	1	1	4	7	33	1	3	18	1	46	6	2	2	1	0	15	0	0	34	10	1	10	24	0	1	0	3	0	6	3	2	5	13	1	0	0	5	1	0	15	15	2	41	0	3	0	3	13	0	22	61	1	8	0	1	12	8	3	0	7	7	16	1	0	0	17	28	15	16	1	0	31	1	4	0	0	3	6	0	15	5	38	711	109	0	0	18	1	4	0	0	11	2	12	124	28	4	4	5	314	34	11	9	0	5	0	35	7	12	10	0	89	180	0	0	0	0	7	17	14	0	1	3	0	1	6	5	10	6	50	638	20	1	35	155	0	240	2	10	106	7	1	16	9	7	4	1	8	53	0	2	0	1	2	176	0	460	0	6	2	1	198	31	30	1	0	5	0	0	243	4	31	296	160	0	65	64	1	8	51	0	1	4	142	19	12	8	21	1	94	0	4	18	6	30	0	5	1	1	0	6	3	0	13	2	29	3	8	0	0	19	6	67	5	13	9	3	0	36	34	185	0
Root;Bacteria;Firmicutes;Bacilli;Lactobacillales;Streptococcaceae;Streptococcus;unclassified_Streptococcus	JF088452.1.1325	0	0	0	0	0	0	0	0	0	0	0	0	0	0	0	0	0	0	0	0	0	0	0	0	0	0	0	0	0	0	0	0	0	0	0	0	0	0	0	0	0	0	0	0	0	0	0	0	0	0	0	0	0	0	0	0	0	0	0	0	0	0	0	0	0	0	0	0	0	0	0	0	0	0	0	0	0	0	0	0	0	0	0	0	0	0	0	0	0	0	0	0	0	0	0	0	0	0	0	0	0	0	0	0	0	0	0	0	0	0	0	0	0	0	0	0	0	0	0	0	0	0	0	0	0	0	0	0	0	0	0	0	0	0	0	0	0	0	0	0	0	0	0	0	0	0	0	0	0	0	0	0	0	0	0	0	0	0	0	0	0	0	0	0	0	0	0	0	0	0	0	0	0	0	0	0	0	0	0	0	0	0	0	0	0	0	0	0	0	0	0	0	0	0	0	0	0	0	0	0	0	0	0	0	0	0	0	0	0	0	0	0	0	0	0	0	0	0	0	0	0	0	0	0	0	0	0	0	0	0	0	0	0	0	0	0	0	0	0	0	0	0	0	0	0	0	0	0	0	0	0	0	0	0	0	0	0	0	0	0	0	0	0	0	0	0	0	0	0	0	0	0	0	0	0	0	0	0	0	0	0	0	0	0	1	0	0	0	0	0	1	0	0	0	0	0	0	0	0	0	0	0	0	0	0	0	0	0	0	0	0	0	0	0	0	0	0	0	0	0	0	0	0	0	0	0	0	0	0	0	0	0	0	0	0	0	0	0	0	0	0	0	0	0	0	0	0	0	0	0	0	0	0	0	0	0	0	0	0	0	0	0	0	0	0	0	0	0	0	0	0	0	0
Root;Bacteria;Bacteroidota;Bacteroidia;Bacteroidales;Porphyromonadaceae;Porphyromonas;unclassified_Porphyromonas	JQ467119.1.1385	1	0	0	0	0	0	0	0	0	0	0	2	1	0	0	0	0	0	0	0	1	0	0	0	0	1	0	0	0	3	1	0	6	0	0	0	0	0	0	0	0	0	0	0	4	6	0	0	9	0	0	0	2	0	0	0	0	1	1	0	3	0	1	0	5	2	0	0	0	0	0	0	0	0	0	0	0	0	0	0	0	0	0	11	10	3	0	0	0	1	0	0	0	0	2	0	0	0	0	0	0	0	0	0	0	1	0	1	0	2	0	0	0	1	2	0	5	0	0	0	0	0	0	0	0	0	0	1	0	0	0	1	12	0	0	2	17	0	0	0	2	0	0	0	0	3	1	0	0	5	3	0	0	0	8	1	0	0	0	0	0	0	12	0	1	0	0	0	2	0	0	0	8	0	0	1	1	0	0	0	0	0	2	5	0	9	7	0	11	0	0	1	0	0	0	0	0	3	0	0	0	0	0	1	0	0	0	9	0	0	0	0	0	0	0	0	2	0	18	18	3	0	0	0	0	0	0	0	1	0	0	7	1	0	0	0	0	0	21	2	8	0	1	1	1	0	0	17	5	0	0	0	0	3	0	7	1	0	0	0	0	1	33	0	0	0	0	0	0	0	0	0	0	0	0	0	0	0	1	0	0	0	0	0	0	1	0	0	0	0	0	1	0	0	0	3	0	0	2	0	2	5	0	0	0	0	0	0	0	6	2	0	1	0	0	0	0	0	0	1	0	3	0	0	0	0	1	1	0	0	1	0	0	0	12	0	6	49	0	2	0	0	0	0	0	0	1	0	0	0	0	0	2	2	1	5	0	0	0	0	8	20	4	0	2	8	5	3	0	0	0	0	0
Root;Bacteria;Bacteroidota;Bacteroidia;Bacteroidales;Porphyromonadaceae;Porphyromonas;unclassified_Porphyromonas	JQ454812.1.1398	0	0	0	0	8	3	0	0	0	0	0	0	6	9	2	2	4	2	0	0	0	0	0	0	2	0	0	0	0	0	0	0	2	0	0	0	10	17	0	0	0	0	0	5	0	1	1	0	1	0	0	1	1	0	1	1	0	18	0	1	12	0	2	0	0	0	0	0	0	0	4	0	0	0	3	0	0	0	0	0	1	8	0	1	0	0	3	0	1	0	0	3	2	0	1	0	0	11	1	0	0	0	0	4	0	4	0	0	0	0	2	0	0	0	61	1	0	0	0	28	0	0	0	2	0	1	8	1	0	0	3	13	0	0	0	0	0	0	0	0	6	0	0	0	0	0	0	0	0	0	0	0	0	0	13	0	0	0	0	0	0	0	0	1	0	0	0	0	0	0	0	0	0	6	0	0	0	0	0	0	3	0	1	2	0	1	1	0	1	0	0	0	0	0	5	1	0	0	0	33	0	0	0	9	0	1	0	0	0	0	0	0	2	20	0	0	0	0	0	0	5	0	0	0	0	0	0	0	0	0	0	4	10	0	0	0	3	0	33	1	0	0	57	0	1	0	0	49	1	1	0	0	3	0	0	0	0	33	0	3	0	1	55	0	0	0	0	0	1	0	0	0	0	0	0	0	0	0	0	0	1	0	0	1	0	0	6	0	0	0	29	3	0	0	0	1	0	0	1	2	0	1	0	0	6	39	0	0	0	0	0	1	0	8	9	0	0	3	1	0	2	3	0	0	14	0	0	0	0	0	3	0	0	0	0	0	0	3	0	0	0	0	0	0	0	0	0	0	0	0	14	0	17	0	6	31	0	0	0	0	38	1	7	0	22	2	20	0	0	0	1	0	18
Root;Bacteria;Proteobacteria;Gammaproteobacteria;Enterobacterales;Pasteurellaceae;Haemophilus_D;unclassified_Haemophilus_D	EU767381.1.1373	0	0	19	30	0	0	0	0	1	1	0	0	0	0	0	0	102	147	0	1	1	1	0	0	2	0	0	2	3	0	0	2	1	4	0	4	5	0	5	0	9	0	15	0	12	10	12	5	0	0	0	4	0	10	23	9	12	0	10	1	6	19	5	37	1	0	6	0	0	0	6	3	10	36	0	1	0	0	0	0	2	1	18	2	0	0	0	26	0	1	0	4	3	1	1	0	3	2	0	0	0	0	3	75	0	2	1	8	0	2	20	0	4	3	5	0	2	0	0	0	0	7	1	2	3	2	2	23	3	0	8	3	0	2	0	1	1	2	0	0	0	0	0	1	5	0	0	0	1	3	1	1	3	0	0	0	0	0	0	0	0	1	0	1	22	52	0	6	0	20	1	0	0	1	0	2	1	6	1	0	2	0	1	7	2	1	0	0	0	0	0	0	1	1	31	37	0	0	0	2	0	0	3	0	0	1	23	0	2	2	63	0	14	0	1	0	0	0	0	0	0	0	1	0	1	0	0	1	1	0	0	0	0	4	1	0	2	4	0	0	1	0	0	2	0	0	0	2	0	9	6	28	4	2	0	0	0	29	1	5	11	1	0	7	0	0	0	0	0	11	0	0	26	31	0	0	65	1	6	0	2	46	35	0	0	6	0	3	0	65	4	3	0	1	3	0	2	0	1	1	1	2	0	0	0	1	0	3	0	9	0	0	4	0	0	0	0	1	0	2	19	2	1	1	0	0	1	3	3	7	0	0	0	4	0	1	0	1	1	3	0	0	1	0	22	0	0	0	0	0	4	3	2	3	10	2	9	0	41	7	0	1	0	6	0	3	0	0	0	0	0	1	0
Root;Bacteria;Bacteroidota;Bacteroidia;Bacteroidales;Bacteroidaceae;Prevotella;Prevotella_multiformis	AB182485.1.1494	0	0	0	0	0	0	0	0	0	0	0	0	0	0	0	0	0	0	0	0	0	0	0	0	133	0	0	0	0	0	0	0	0	0	0	0	0	0	0	0	0	0	0	0	0	0	0	0	0	0	0	0	0	0	0	0	0	0	0	0	0	0	0	0	0	0	0	0	0	0	0	0	0	0	0	0	0	0	0	0	0	0	0	0	0	0	0	0	0	0	0	0	0	0	0	0	0	0	0	0	0	0	0	0	0	0	0	0	0	0	0	0	0	0	0	0	0	0	0	0	0	0	0	0	2	5	0	0	0	0	0	0	0	0	0	0	0	0	0	0	0	0	0	0	0	0	0	0	0	0	0	0	0	0	0	0	0	0	0	0	0	0	0	0	0	0	0	0	0	0	0	0	0	0	0	0	0	0	0	0	0	0	0	0	0	0	0	0	0	0	0	0	0	0	0	0	0	0	0	0	0	0	0	0	0	0	0	0	0	0	0	0	0	0	0	0	0	0	0	0	0	0	0	0	6	0	0	0	0	0	47	0	0	0	0	0	0	0	0	0	0	0	0	0	0	0	0	0	0	0	0	0	0	0	0	0	0	0	0	0	0	0	0	0	0	0	0	0	0	0	0	0	0	0	0	0	0	0	0	0	0	0	0	0	0	0	0	0	0	0	0	0	0	0	0	0	0	0	0	0	0	0	0	0	0	0	0	0	0	0	0	0	0	0	0	0	0	0	0	0	0	0	0	0	0	0	0	0	0	0	0	0	0	0	0	0	0	0	0	0	0	0	1	0	0	0	0	0	0	0	0	0	0	0	0	0	0	0	0	0	0	0	0	0	0	0	0	0	0	0	0	0	0
Root;Bacteria;Fusobacteriota;Fusobacteriia;Fusobacteriales;Leptotrichiaceae;Leptotrichia;Leptotrichia_buccalis	GU086178.1.1311	10	9	0	0	2	1	6	5	0	0	8	11	1	0	2	4	0	0	41	39	0	2	3	5	23	40	4	0	0	0	0	0	9	40	10	0	0	0	0	16	1	0	0	468	3	1	2	1	105	0	0	9	1	0	0	0	0	18	9	0	0	0	2	5	0	0	0	0	0	2	4	0	0	0	2	10	0	35	0	0	2	1	0	0	3	1	0	1	4	0	0	16	124	0	20	0	0	0	0	0	0	27	12	0	0	0	0	0	0	13	0	0	18	0	4	1	72	0	0	17	0	0	1	2	0	0	0	0	0	0	0	2	0	0	0	0	0	0	35	1	0	0	4	0	0	0	0	7	0	9	0	0	8	4	45	0	0	0	0	0	0	0	0	0	0	0	0	0	0	0	1	0	0	2	3	4	3	0	0	0	9	4	12	10	0	14	18	49	30	0	24	15	0	0	29	22	7	0	3	1	0	0	0	3	0	0	0	30	0	0	0	1	0	126	21	1	0	0	0	0	26	0	0	0	0	0	49	0	5	0	0	20	2	2	1	0	5	0	11	5	0	0	14	92	71	14	4	47	0	1	0	0	0	5	5	0	0	6	3	0	0	1	0	0	0	5	17	0	0	0	8	3	0	0	0	0	2	0	0	0	0	2	0	0	0	0	21	6	2	0	0	7	0	0	3	5	0	13	7	4	10	17	146	3	24	38	149	0	0	100	9	4	0	0	0	10	6	18	7	0	0	5	0	0	2	0	0	0	0	0	0	0	1	0	0	0	0	6	0	11	0	4	0	0	0	31	6	0	0	0	3	0	8	1	0	55	0	0	0	0	8	51	7	0	7	76	47	36	0	0	1	0	0
Root;Bacteria;Bacteroidota;Bacteroidia;Bacteroidales;Porphyromonadaceae;Porphyromonas;unclassified_Porphyromonas	JQ456223.1.1382	10	7	30	50	0	0	0	0	0	0	0	0	6	11	0	0	0	0	11	11	1	1	0	0	3	19	45	0	0	0	0	20	4	0	0	0	0	0	0	12	166	106	0	0	0	2	28	0	15	1	0	0	61	0	0	0	0	0	1	0	1	1	64	0	185	203	0	0	0	6	16	5	0	0	48	0	0	80	0	0	23	0	0	0	0	0	3	22	26	4	0	14	0	1	4	0	0	10	1	1	0	2	13	0	0	20	0	0	0	13	0	0	20	0	4	0	0	0	0	50	0	0	5	7	1	2	29	536	671	0	2	7	8	0	0	0	0	0	1	0	0	0	1	0	0	5	0	11	19	98	101	0	0	0	0	76	0	0	0	0	0	0	10	20	5	0	3	0	6	0	0	0	0	0	1	17	3	0	0	0	2	2	74	91	0	1	3	29	50	0	0	0	0	0	0	0	84	9	1	0	3	2	217	0	0	4	0	0	2	10	11	0	0	66	0	0	0	0	9	13	53	1	0	0	0	0	0	24	99	0	0	0	28	0	0	0	33	0	11	4	0	0	0	40	66	0	1	10	137	138	105	78	0	72	1	0	0	20	0	56	1	55	58	0	0	0	2	0	0	1	5	5	87	0	0	0	0	11	23	1	9	0	0	0	0	0	0	1	8	18	0	20	0	0	1	61	0	0	34	0	174	303	49	0	1	0	0	0	0	33	5	0	0	0	0	0	0	24	13	0	26	55	0	11	0	0	0	0	0	0	43	0	0	0	0	0	0	265	0	92	0	0	10	1	5	0	0	0	0	0	16	0	117	57	2	65	0	0	0	0	0	13	0	4	18	4	71	0	0	0	1	20	0
Root;Bacteria;Firmicutes_A;Clostridia;Lachnospirales;Lachnospiraceae;Butyrivibrio_A;Butyrivibrio_A_crossotus	DQ796676.1.1389	0	0	0	0	0	0	0	0	0	0	0	0	0	0	0	0	0	0	0	0	0	0	0	0	0	0	0	0	0	0	0	0	0	0	0	0	0	0	0	0	0	0	0	0	0	0	0	0	0	0	0	0	0	0	0	0	0	0	0	0	0	0	0	0	0	0	0	0	0	0	0	0	0	0	0	0	0	0	0	0	0	0	0	0	0	0	0	0	0	0	0	0	0	0	0	0	0	0	0	0	0	0	0	0	0	0	0	0	0	0	0	0	0	0	0	0	0	0	0	0	0	0	0	0	0	0	0	0	0	0	0	0	0	0	0	0	0	0	0	0	0	0	0	0	0	0	0	0	0	0	0	0	0	0	0	0	0	0	0	0	0	0	0	0	0	0	0	0	0	0	0	0	0	0	0	0	0	0	0	0	0	0	0	0	0	0	0	0	0	0	0	0	0	0	0	0	0	0	0	0	0	0	0	0	0	0	0	0	0	0	0	0	0	0	0	0	0	0	0	0	0	0	0	0	0	0	0	0	0	0	0	0	0	0	0	0	0	0	0	0	0	0	0	0	0	0	0	0	0	0	0	0	0	0	0	0	0	0	0	0	0	0	0	0	0	0	0	0	0	0	0	0	1	0	0	0	0	0	0	0	0	0	0	0	0	0	0	0	0	0	0	0	0	0	0	0	0	0	0	0	0	0	0	0	0	0	0	0	0	0	0	0	0	0	0	0	0	0	0	0	0	0	0	0	0	0	0	0	0	0	0	0	0	0	0	0	0	0	0	0	0	0	0	0	0	0	0	0	0	0	0	0	0	0	0	0	0	0	0	0	0	0	0	0	0	0	0	0	0	0	0	0	0
Root;Bacteria;Proteobacteria;Gammaproteobacteria;Enterobacterales;Pasteurellaceae;Haemophilus_D;unclassified_Haemophilus_D	JQ467015.1.1402	0	0	1	0	0	0	0	0	0	0	0	0	0	0	0	1	0	0	0	0	1	1	0	0	0	0	0	0	0	0	0	0	0	0	0	0	0	1	1	0	1	0	0	0	0	1	1	0	0	0	0	0	0	0	1	1	0	0	0	0	0	0	0	0	1	0	0	0	0	0	0	0	0	0	0	0	0	0	0	0	0	0	1	0	0	0	0	0	0	0	0	0	0	0	0	0	0	0	0	0	0	0	0	0	0	0	0	4	0	0	1	0	0	0	0	0	0	0	0	0	0	0	0	0	0	0	0	0	0	0	1	0	0	0	0	0	0	0	0	0	0	0	0	0	1	0	0	0	0	0	0	0	0	0	0	0	8	0	0	0	0	1	0	0	0	0	0	0	0	7	0	0	0	0	0	0	0	0	0	0	0	0	0	0	0	0	0	0	1	0	0	0	0	0	0	1	0	0	0	0	0	0	0	0	0	0	1	0	0	0	1	0	0	0	0	0	0	0	1	1	0	0	0	0	0	0	0	0	0	0	0	0	0	0	0	0	0	0	0	0	0	0	0	1	0	0	1	0	0	0	1	0	0	0	0	0	0	0	0	0	0	1	0	0	0	0	0	0	0	0	0	0	0	4	2	1	0	0	0	0	1	0	0	0	0	0	0	0	0	0	0	3	2	0	0	1	0	0	0	0	0	1	0	0	2	0	0	0	0	0	0	0	0	0	0	0	0	0	0	0	1	0	0	0	0	0	0	0	1	2	0	0	1	0	0	0	0	0	1	1	0	0	0	0	0	0	0	2	0	0	0	0	0	0	0	0	0	0	0	0	0	0	1	0	0	0	0	0	0	0	0	0	0
Root;Bacteria;Actinobacteriota;Actinomycetia;Actinomycetales;Micrococcaceae;Rothia;unclassified_Rothia	JF142008.1.1345	0	0	0	0	0	0	0	0	0	0	0	0	0	0	0	0	0	0	0	0	0	0	0	0	0	0	0	0	0	0	0	0	0	0	0	0	0	0	0	0	0	0	0	0	0	0	0	0	0	1	0	0	0	0	0	0	0	0	0	0	0	0	0	0	0	0	0	0	0	0	0	0	0	0	0	0	0	0	0	0	0	0	0	0	0	0	0	0	0	0	0	0	0	0	0	0	0	0	0	0	0	0	0	0	0	0	0	0	0	0	0	0	0	0	0	0	0	0	0	0	0	0	0	0	0	0	0	0	0	0	0	0	0	0	0	0	0	0	0	0	0	0	0	0	0	0	0	0	0	0	0	0	0	0	0	0	0	0	0	0	0	0	0	0	0	0	0	0	0	0	0	0	0	0	0	0	0	0	0	0	0	0	0	0	0	0	0	0	0	0	0	0	0	0	0	0	0	0	0	0	0	0	0	0	0	0	0	0	0	0	0	0	0	0	0	0	0	0	0	0	0	0	0	0	0	0	0	0	0	0	0	0	0	0	0	0	0	0	0	0	0	0	0	0	0	0	0	0	0	0	0	0	0	0	0	0	0	0	0	0	0	0	0	0	0	0	0	0	0	0	0	0	0	0	0	0	0	0	0	0	0	0	0	0	0	0	0	0	0	0	0	0	0	0	0	0	0	0	0	0	0	0	0	0	0	0	0	0	0	0	0	0	0	0	0	0	0	0	0	0	0	0	0	0	0	0	0	0	0	0	0	0	0	0	0	0	0	0	0	0	0	0	0	0	0	0	0	0	0	0	0	0	0	0	0	0	0	0	0	0	0	0	0	0	0	0	0	0	0	0	0	0	0
Root;Bacteria;Firmicutes_A;Clostridia;Lachnospirales;Lachnospiraceae;Oribacterium;Oribacterium_sp000160135	AF481220.1.1480	7	10	0	0	4	3	1	0	0	0	6	2	12	6	2	1	0	0	7	4	0	0	2	0	4	5	7	0	0	4	0	0	19	12	21	0	3	0	0	1	0	3	0	1	3	0	0	0	7	0	4	14	0	0	0	0	0	2	0	0	2	0	1	2	4	3	3	0	0	0	0	0	0	1	0	7	0	7	34	3	4	1	1	0	0	0	4	0	0	6	0	9	0	6	0	0	0	5	0	17	0	1	2	0	0	0	0	0	0	0	0	3	1	0	2	0	1	0	1	1	0	0	0	0	0	0	8	0	0	0	0	3	0	5	1	1	2	1	0	0	3	0	2	0	0	16	0	0	9	1	0	0	10	2	0	0	0	10	6	0	25	0	1	0	0	1	0	2	5	0	5	0	0	1	3	0	2	0	7	0	1	0	6	9	4	0	2	1	0	0	8	8	32	1	1	3	1	1	0	0	16	18	0	1	0	0	0	12	2	15	12	17	5	0	7	0	3	0	0	0	2	0	0	0	0	0	3	7	5	3	2	14	3	0	6	0	11	1	0	2	0	0	0	3	0	0	135	1	0	1	0	0	0	0	0	7	0	1	1	1	0	0	1	2	0	7	8	0	7	0	2	7	0	71	0	1	0	0	0	113	1	0	0	0	3	0	8	0	0	0	0	15	0	0	9	0	4	10	5	123	0	1	0	3	13	16	0	0	0	7	1	22	0	10	15	2	1	2	0	0	0	0	106	0	16	0	2	0	0	1	8	0	0	0	0	1	0	0	3	0	0	8	5	0	0	6	0	0	1	12	0	0	2	0	1	2	2	0	0	0	0	0	4	9	3	0	1	0	0	8	3	0	22
Root;Bacteria;Firmicutes;Bacilli;Lactobacillales;Streptococcaceae;Streptococcus;unclassified_Streptococcus	DQ824262.1.1409	0	0	0	0	0	0	0	0	0	0	0	0	0	0	0	0	0	1	0	0	0	0	0	0	0	0	0	0	0	0	0	0	0	0	0	0	0	0	0	0	0	0	0	0	0	0	0	0	0	0	0	0	0	0	0	0	0	0	0	0	0	0	0	0	0	0	0	0	0	0	0	0	0	0	0	0	0	0	0	0	0	0	0	0	0	0	0	0	0	0	0	0	0	0	0	0	0	0	0	0	0	0	0	0	0	0	0	0	0	0	0	0	0	0	0	0	0	0	0	0	0	0	0	0	0	0	0	0	0	0	0	0	0	0	0	0	0	0	0	0	0	0	0	0	0	0	0	0	0	0	0	0	0	0	0	0	0	0	0	0	0	0	0	0	0	0	0	0	0	0	0	0	0	0	0	0	0	0	0	0	0	0	0	0	0	0	0	0	0	0	0	0	0	0	0	0	0	0	0	0	0	0	0	0	0	0	0	0	0	0	0	0	0	0	0	0	0	0	0	0	0	0	0	0	0	0	0	0	0	0	0	0	0	0	0	0	0	0	0	0	0	0	0	0	0	0	0	0	0	0	0	0	0	0	0	0	0	0	0	0	0	0	0	0	0	0	0	0	0	0	0	0	0	0	0	0	0	0	0	0	0	0	0	0	0	0	0	0	0	0	0	0	0	0	0	0	0	0	0	0	0	0	0	0	0	0	0	0	0	0	0	0	0	0	0	0	0	0	0	0	0	0	0	0	0	0	0	0	0	0	0	0	0	0	0	0	0	0	0	0	0	0	0	0	0	0	0	0	0	0	0	0	0	0	0	0	0	0	0	0	0	0	0	0	0	0	0	0	0	0	0	0	0
Root;Bacteria;Firmicutes_A;Clostridia;Oscillospirales;Ruminococcaceae;Faecalibacterium;unclassified_Faecalibacterium	DQ810074.1.1382	0	0	0	0	0	0	0	0	0	0	0	0	0	0	0	0	0	0	0	0	0	0	0	0	0	0	0	0	0	0	0	0	0	0	0	0	0	0	0	0	0	0	0	0	0	0	0	0	0	0	0	0	0	0	0	0	2	0	0	0	0	0	0	0	0	0	0	0	0	0	0	0	0	0	0	0	0	0	0	0	0	0	0	0	0	0	0	0	0	0	0	0	0	0	0	0	0	0	0	0	0	0	0	0	0	0	0	0	0	0	0	0	0	0	0	0	0	0	0	0	0	0	0	0	0	0	0	0	0	0	0	0	0	0	0	0	0	0	0	0	0	0	0	0	0	0	0	0	0	0	0	0	0	0	0	0	0	0	0	0	0	0	0	0	0	0	0	0	0	0	0	0	0	0	0	0	0	0	0	0	0	0	0	0	0	0	0	0	0	0	0	0	0	0	0	0	0	0	0	0	0	0	0	0	0	0	0	0	0	0	0	0	0	0	0	0	0	0	0	0	0	0	0	0	0	0	0	0	0	0	0	0	0	0	0	0	0	0	0	0	0	0	0	0	0	0	0	0	0	0	0	0	0	0	0	0	0	0	0	0	0	0	0	0	0	0	0	0	0	0	0	0	0	0	0	0	0	0	0	0	0	0	0	0	0	0	0	0	0	0	0	0	0	0	0	0	0	0	0	0	0	0	0	0	0	0	0	0	0	0	0	0	0	0	0	0	0	0	0	0	0	0	0	0	0	0	0	0	0	0	0	0	0	0	0	0	0	0	0	0	0	0	0	0	0	0	0	0	0	0	0	0	0	0	0	0	0	0	0	0	0	0	0	0	0	0	0	0	0	0	0	0	0
Root;Bacteria;Actinobacteriota;Actinomycetia;Actinomycetales;Micrococcaceae;Rothia;Rothia_dentocariosa	JQ453043.1.1383	0	0	13	24	4	4	0	0	8	12	0	0	0	0	1	0	10	9	1	2	0	0	1	2	0	0	0	4	24	2	0	2	1	0	0	1	0	1	8	9	7	8	12	3	3	4	18	4	2	4	0	2	1	36	29	21	3	4	1	2	0	0	87	3	2	0	51	1	1	3	1	4	14	2	1	1	2	3	1	0	7	0	0	5	0	0	3	0	0	0	0	0	2	2	0	0	0	1	0	2	1	1	1	0	3	0	2	0	0	0	0	0	1	0	0	0	0	0	3	0	0	31	0	0	2	2	3	3	2	0	17	3	8	1	0	0	1	1	0	0	0	0	1	0	0	0	0	0	0	0	0	0	10	0	0	0	0	0	0	0	0	0	0	0	0	0	0	0	0	2	2	0	0	0	0	0	0	0	1	0	0	0	0	2	0	0	0	0	0	0	1	0	0	0	1	0	0	0	0	0	2	0	16	0	0	0	2	0	0	1	0	0	5	0	0	0	1	2	0	0	1	0	0	0	0	0	0	4	1	0	0	0	0	0	0	0	0	0	0	0	0	0	0	3	2	2	9	0	3	3	12	9	0	0	0	1	0	3	4	1	0	0	1	2	0	0	0	0	0	0	0	0	0	26	3	0	1	0	1	1	0	8	12	0	11	5	0	1	0	1	3	0	0	0	8	0	0	0	2	9	0	0	9	0	0	8	0	16	0	0	0	0	11	0	0	0	0	0	0	2	2	0	7	13	0	0	3	15	0	0	0	0	0	0	0	5	0	0	2	0	6	0	0	27	0	1	0	0	0	0	0	1	0	0	2	1	0	0	0	0	0	5	3	5	2	2	0	0	0	1	0	0	14
Root;Bacteria;Fusobacteriota;Fusobacteriia;Fusobacteriales;Leptotrichiaceae;Leptotrichia_A;unclassified_Leptotrichia_A	JF177522.1.1335	5	10	0	0	8	11	0	0	0	0	1	1	4	4	21	19	0	0	0	0	0	1	2	0	4	2	19	0	0	0	0	1	2	0	0	0	0	0	2	3	3	0	0	5	1	3	0	0	45	0	0	0	19	3	0	1	0	8	6	2	2	5	15	3	5	4	0	0	0	5	8	1	1	0	8	5	5	51	0	0	4	12	0	8	1	4	13	1	4	0	0	4	4	0	6	0	1	0	0	0	0	3	3	0	0	5	0	0	0	9	0	3	1	0	4	0	1	0	24	26	0	0	0	0	0	0	0	2	4	0	0	9	4	0	0	0	0	0	9	1	6	0	0	0	0	0	0	12	6	21	1	0	0	4	36	23	0	1	0	0	1	0	0	11	6	0	4	0	1	0	4	1	1	0	1	14	1	1	2	0	8	1	6	9	0	5	6	35	22	0	10	8	0	1	3	3	36	8	0	0	0	0	0	2	1	3	0	4	13	28	0	0	0	18	0	0	4	4	0	0	0	0	1	0	0	0	17	7	1	0	1	24	3	1	0	0	22	1	16	15	0	0	1	4	9	1	66	6	61	4	1	1	4	95	0	5	1	23	0	39	3	8	2	0	0	1	7	2	15	6	8	5	0	1	0	0	1	0	1	0	5	9	0	0	0	2	6	3	4	1	2	12	0	0	0	6	1	1	17	0	34	58	7	0	16	1	26	0	0	55	8	3	0	0	1	0	2	161	27	7	1	5	1	0	0	0	0	0	0	0	1	0	0	0	1	0	0	0	2	2	0	6	0	0	0	0	3	18	2	0	7	0	6	17	0	58	0	0	3	0	0	30	42	0	16	20	112	0	0	10	0	2	0
Root;Bacteria;Bacteroidota;Bacteroidia;Bacteroidales;Bacteroidaceae;Prevotella;Prevotella_intermedia	FJ505183.1.1387	0	0	0	0	0	0	0	0	0	0	0	0	0	0	0	0	0	0	0	0	0	0	0	0	0	0	0	0	0	0	0	0	133	0	0	0	0	0	0	0	0	0	0	0	0	0	0	0	3	51	0	0	0	0	0	0	0	0	0	0	60	0	100	0	0	0	0	0	0	0	0	0	0	0	0	0	0	0	0	0	0	0	0	1	0	0	0	0	0	0	0	0	0	0	0	0	0	0	0	0	0	0	0	0	0	0	9	0	0	24	0	2	70	0	0	0	0	0	0	0	0	0	0	0	0	4	0	0	0	0	0	0	0	0	0	0	0	2	0	0	0	0	0	0	0	1	0	0	0	0	0	0	0	0	0	0	0	0	0	0	0	0	0	0	0	0	0	31	0	31	107	0	0	0	0	0	0	0	0	0	0	0	0	0	0	0	0	0	0	0	0	0	0	0	0	0	0	0	0	0	0	0	0	0	0	0	0	0	0	0	0	0	0	0	0	0	0	0	0	0	0	0	0	0	0	0	0	0	0	0	1	0	0	0	0	0	0	0	0	18	0	0	0	1	1	0	0	0	0	51	0	0	21	0	0	0	0	0	0	0	0	32	0	0	0	0	0	0	0	0	0	0	0	0	0	0	0	0	0	0	0	0	0	0	17	4	0	0	0	0	0	0	0	0	0	0	0	0	3	0	0	0	0	10	0	0	0	0	0	0	0	217	0	0	0	0	0	0	0	0	0	16	0	5	0	0	0	0	0	0	3	0	0	0	0	0	0	0	0	0	0	0	0	0	0	3	0	0	0	0	0	0	0	0	0	0	0	0	0	0	0	0	18	0	0	0	0	0	0	0	2	0	0
Root;Bacteria;Bacteroidota;Bacteroidia;Bacteroidales;Bacteroidaceae;Bacteroides;Bacteroides_uniformis	HQ796219.1.1439	0	0	0	0	0	0	0	0	0	0	0	0	0	0	0	0	0	0	0	0	0	0	0	0	0	0	0	0	0	0	0	0	0	0	0	0	0	0	0	0	0	0	0	0	0	0	0	0	0	0	0	0	0	0	0	0	0	0	0	0	0	0	0	0	0	0	0	0	0	0	0	0	0	0	0	0	0	0	0	0	0	0	0	0	0	0	0	0	0	0	0	0	0	0	0	0	0	0	0	0	0	0	0	0	0	0	0	0	0	0	0	0	0	0	0	0	0	0	0	0	0	0	0	0	0	0	0	0	0	0	0	0	0	0	0	0	0	0	0	0	0	0	0	0	0	0	0	0	0	0	0	0	0	0	0	0	0	0	0	0	0	0	0	0	0	0	0	0	0	0	0	0	0	0	0	0	0	0	0	0	0	0	0	0	0	0	0	0	0	0	0	0	0	3	0	0	0	0	0	0	0	0	0	0	0	0	0	0	0	0	0	0	0	0	0	0	0	0	0	0	0	0	0	0	0	0	0	0	0	0	0	0	0	0	0	0	0	0	0	0	0	0	0	0	0	0	0	0	0	0	0	0	0	0	0	0	0	0	0	0	0	0	0	0	0	0	0	0	0	0	0	0	0	0	0	0	0	0	0	0	0	0	0	0	0	0	0	0	0	0	0	0	0	0	0	0	0	0	0	0	0	0	0	0	0	0	0	0	0	0	0	0	0	0	0	0	0	0	0	0	0	0	0	0	0	0	0	0	0	0	0	0	0	0	0	0	0	0	0	0	0	0	0	0	0	0	0	0	0	0	0	0	0	0	0	0	0	0	0	0	0	0	0	0	0	0	0	0	0	0	0	0	0
Root;Bacteria;Bacteroidota;Bacteroidia;Bacteroidales;Rikenellaceae;Alistipes;Alistipes_shahii	AY976363.1.1354	0	0	0	0	0	0	0	0	0	0	0	0	0	0	0	0	0	0	0	0	0	0	0	0	0	0	0	0	0	0	0	0	0	0	0	0	0	0	0	0	0	0	0	0	0	0	0	0	0	0	0	0	0	0	0	0	0	0	0	0	0	0	0	0	0	0	0	0	0	0	0	0	0	0	0	0	0	0	0	0	0	0	0	0	0	0	0	0	0	0	0	0	0	0	0	0	0	0	0	0	0	0	0	0	0	0	0	0	0	0	0	0	0	0	0	0	0	0	0	0	0	0	0	0	0	0	0	0	0	0	0	0	0	0	0	0	0	0	0	0	0	0	0	0	0	0	0	0	0	0	0	0	0	0	0	0	0	0	0	0	0	0	0	0	0	0	0	0	0	0	0	0	0	0	0	0	0	0	0	0	0	0	0	0	0	0	0	0	0	0	0	0	0	0	0	0	0	0	0	0	0	0	0	0	0	0	0	0	0	0	0	0	0	0	0	0	0	0	0	0	0	0	0	0	0	0	0	0	0	0	0	0	0	0	0	0	0	0	0	0	0	0	0	0	0	0	0	0	0	0	0	0	0	0	0	0	0	0	0	0	0	0	0	0	0	0	0	0	0	0	0	0	0	0	0	0	0	0	0	0	0	0	0	0	0	0	0	0	0	0	0	0	0	0	0	0	0	0	0	0	0	0	0	0	0	0	0	0	0	0	0	0	0	0	0	0	0	0	0	0	0	0	0	0	1	0	0	0	0	0	0	0	0	0	0	0	0	0	0	0	0	0	0	0	0	0	0	0	0	0	0	0	0	0	0	0	0	0	0	0	0	0	0	0	0	0	0	0	0	0	0	0	0
Root;Bacteria;Bacteroidota;Bacteroidia;Bacteroidales;Bacteroidaceae;Bacteroides;unclassified_Bacteroides	HQ778657.1.1431	0	0	0	0	0	0	0	0	0	0	0	0	0	0	0	0	0	0	0	0	0	0	0	0	0	0	0	0	0	0	0	0	0	0	0	0	0	0	0	0	0	0	0	0	0	0	0	0	0	1	0	0	0	0	0	0	0	0	0	0	0	0	0	0	0	0	0	0	0	0	0	0	0	0	0	0	0	0	0	0	0	0	0	0	0	0	0	0	0	0	0	0	0	0	0	0	0	0	0	0	0	0	0	0	0	0	0	0	0	0	0	0	0	0	0	0	0	0	0	0	0	0	0	0	0	0	0	0	0	0	0	1	0	0	0	0	0	0	0	0	0	0	0	0	0	0	0	0	0	0	0	0	0	0	0	0	0	0	0	0	0	0	0	0	0	0	0	0	0	0	0	0	0	0	0	0	0	0	0	0	0	0	0	0	0	0	0	0	0	0	0	0	0	0	0	0	0	0	0	0	0	0	0	0	0	0	0	0	0	0	0	0	0	0	0	0	0	0	0	0	0	0	0	0	0	0	0	0	0	0	0	0	0	0	0	0	0	0	0	0	0	0	0	0	0	0	0	0	0	0	0	0	0	0	0	0	0	0	0	0	0	0	0	0	0	0	0	0	0	0	0	0	0	0	0	0	0	0	0	0	0	0	0	0	0	0	0	0	0	0	0	0	0	0	0	0	0	0	0	0	0	0	0	0	0	0	0	0	0	0	0	0	0	0	0	0	0	0	0	0	0	0	0	0	0	0	0	0	0	0	0	0	0	0	0	0	0	0	0	0	0	0	0	0	0	0	0	0	0	0	0	0	0	0	0	0	0	0	0	0	0	0	0	0	0	0	0	0	0	0	0	0	0
Root;Bacteria;Proteobacteria;Gammaproteobacteria;Enterobacterales;Pasteurellaceae;Haemophilus;unclassified_Haemophilus	HQ680854.1.1393	0	0	3	7	0	0	0	0	0	0	0	0	0	0	0	0	0	0	0	0	0	0	0	0	0	0	0	0	0	1	0	0	1	0	0	0	2	0	0	0	0	0	0	1	0	3	0	0	0	1	0	1	0	0	2	5	57	0	0	2	0	1	0	0	0	0	0	0	0	0	0	0	2	0	0	0	0	1	0	0	0	0	0	0	0	0	0	0	0	0	0	0	1	0	0	0	0	1	0	1	0	2	0	0	0	0	0	5	0	1	1	0	0	0	0	0	0	0	0	2	0	1	0	0	2	1	0	1	1	0	0	0	0	0	0	0	1	1	0	0	0	0	0	4	0	0	0	0	0	0	0	0	0	0	0	0	0	0	0	0	1	0	0	0	2	0	0	0	0	3	6	0	0	0	0	0	0	0	0	0	0	0	0	0	0	0	0	0	0	0	0	0	1	0	1	0	0	0	0	0	0	0	0	0	0	0	0	0	0	0	0	0	0	0	0	0	0	0	0	0	0	0	0	0	0	0	0	0	0	0	0	0	0	0	0	0	0	0	0	0	0	0	0	0	0	0	1	0	0	1	0	0	0	0	0	2	0	0	0	0	0	0	0	0	0	0	0	0	0	0	0	0	0	0	0	0	0	0	0	0	0	0	0	0	0	0	0	0	0	0	0	0	0	0	0	0	0	0	0	1	0	0	0	0	0	0	0	0	0	0	0	0	0	1	0	0	0	0	0	2	0	0	0	0	0	0	1	4	0	0	1	0	0	0	0	0	0	0	0	0	0	0	0	0	0	0	0	5	0	0	1	0	0	0	0	0	0	0	0	0	0	0	0	0	0	0	0	0	0	0	0	0	0
Root;Bacteria;Proteobacteria;Gammaproteobacteria;Cardiobacteriales;Cardiobacteriaceae;Cardiobacterium;Cardiobacterium_valvarum	AY596468.1.1492	0	0	0	1	0	0	0	0	0	0	0	0	0	2	0	0	2	3	0	0	0	0	0	0	0	0	0	0	0	0	0	0	0	0	0	0	0	0	0	0	0	0	0	0	0	0	0	0	2	0	0	0	0	0	0	0	0	0	0	0	0	0	2	0	0	1	0	0	0	0	0	0	0	0	1	0	0	0	0	0	0	0	0	0	0	0	0	1	0	0	0	1	0	0	5	0	0	0	0	0	0	1	0	0	0	0	0	0	0	0	0	0	3	0	1	0	0	0	0	0	0	0	2	0	0	0	0	0	0	0	0	0	0	0	0	0	0	0	0	0	0	0	0	0	0	0	0	0	0	0	0	0	0	0	0	0	0	0	0	0	0	0	0	0	0	0	0	0	0	0	0	0	0	0	0	0	0	0	0	0	0	0	0	0	0	0	3	0	0	0	0	0	0	0	0	0	0	0	0	0	0	0	0	0	0	0	0	0	0	0	0	0	0	0	0	0	0	0	0	0	0	0	2	0	0	0	0	0	0	0	0	2	1	0	0	0	4	0	0	0	0	0	0	0	0	0	0	0	0	0	0	0	0	0	0	0	0	0	0	0	0	0	0	0	0	0	0	0	0	0	0	0	0	0	0	0	0	0	0	0	0	0	0	0	0	0	0	0	0	0	0	0	0	0	0	0	0	0	2	0	0	0	0	0	0	0	0	0	0	0	0	0	0	0	0	0	0	0	0	0	0	0	0	0	0	0	0	0	0	0	0	0	0	0	0	0	0	0	0	0	0	0	0	0	0	0	0	0	0	0	0	0	0	0	0	0	0	0	0	0	0	0	0	0	0	0	0	0	0	1	0	0	0
Root;Bacteria;Fusobacteriota;Fusobacteriia;Fusobacteriales;Fusobacteriaceae;Fusobacterium;unclassified_Fusobacterium	FJ976418.1.1327	0	0	0	0	0	0	0	0	0	1	0	0	0	3	3	0	0	0	11	3	2	0	2	3	12	0	9	0	0	0	0	6	16	10	0	2	0	0	0	1	6	14	0	1	0	6	0	15	0	2	2	0	6	2	42	32	8	4	3	2	8	4	25	1	0	0	5	0	3	1	2	0	2	0	2	0	0	0	0	0	3	15	0	9	0	0	0	2	0	0	0	13	0	1	0	0	5	1	0	0	0	1	4	6	1	4	0	0	0	1	1	9	1	0	2	0	1	0	6	18	0	1	14	6	17	10	0	8	15	0	5	2	0	0	0	0	0	4	0	0	0	0	0	0	0	1	0	0	0	6	1	0	0	0	0	0	1	0	0	0	1	3	2	16	57	62	0	0	0	4	0	0	0	33	1	0	0	1	0	18	2	0	3	2	0	1	0	1	7	0	1	0	1	0	0	1	3	1	0	5	1	0	0	0	0	1	0	1	1	0	8	0	0	0	0	0	0	0	0	0	0	0	0	0	1	0	0	11	0	0	3	1	0	1	0	0	5	7	1	1	1	0	0	1	12	0	0	16	0	3	0	0	2	0	0	0	0	2	6	17	2	2	2	5	13	0	0	0	0	4	0	1	1	0	0	0	0	2	2	0	0	0	0	0	0	1	5	0	0	1	2	2	0	0	0	19	0	2	78	3	1	2	0	0	1	0	2	0	0	1	0	0	0	2	0	0	0	0	0	1	0	1	0	2	12	0	0	1	1	9	4	0	0	4	1	0	0	3	1	18	0	0	0	0	3	0	0	0	0	0	0	3	0	3	3	21	1	0	0	2	1	6	2	4	4	0	17	0	0	0	0	1	0
Root;Bacteria;Firmicutes;Bacilli;Lactobacillales;Streptococcaceae;Streptococcus;unclassified_Streptococcus	JQ447146.1.1400	0	0	0	0	0	0	0	0	0	0	0	0	0	0	0	0	0	0	0	0	0	0	0	0	0	0	0	0	0	0	0	0	0	0	1	0	0	0	0	0	0	0	0	0	0	1	0	0	0	0	0	0	0	0	0	1	0	0	0	0	0	0	0	0	0	0	0	0	0	0	0	0	0	0	0	0	0	0	0	0	0	0	0	0	0	0	0	0	0	0	0	0	0	0	0	0	0	0	0	0	0	0	0	0	0	0	0	0	0	0	0	0	0	0	0	0	0	0	0	0	0	0	0	0	0	0	0	0	0	0	0	0	0	0	0	0	0	0	0	0	0	0	0	0	0	0	0	0	0	0	0	0	0	0	0	0	0	0	0	0	0	0	0	0	0	0	0	0	0	0	0	0	0	0	0	0	0	0	0	0	0	0	0	0	0	0	0	0	0	0	0	0	0	0	0	0	0	0	0	0	0	0	0	0	0	0	0	0	0	0	0	0	0	0	0	0	0	0	0	0	0	0	0	0	0	0	0	0	0	0	0	0	0	0	0	0	0	0	0	0	0	0	0	0	0	0	0	0	0	0	0	0	0	0	0	0	0	0	0	0	0	0	0	0	0	0	0	0	0	0	0	0	0	0	0	0	0	0	0	0	0	0	0	0	0	0	0	0	0	0	0	0	0	0	0	0	0	0	0	0	0	0	0	0	0	0	0	0	0	0	0	0	0	0	0	0	0	0	0	0	0	0	0	0	0	0	0	0	0	0	0	0	0	0	0	0	0	0	0	0	0	0	0	2	0	0	0	0	0	0	0	0	0	0	0	0	1	0	0	0	0	0	0	0	0	0	0	0	0	0	0	0	0
Root;Bacteria;Bacteroidota;Bacteroidia;Bacteroidales;Porphyromonadaceae;Porphyromonas;unclassified_Porphyromonas	JQ468546.1.1400	0	0	0	0	0	0	0	0	0	0	0	0	0	0	0	0	0	0	0	1	0	0	0	0	0	0	0	0	0	0	0	1	0	0	1	0	0	0	0	0	0	2	0	7	0	2	1	0	1	0	0	0	14	0	0	0	0	6	0	0	1	3	17	1	0	0	0	0	0	0	0	0	0	0	0	0	0	1	0	0	0	0	1	1	0	0	0	6	0	0	0	2	0	0	0	0	1	0	0	0	0	0	2	7	0	0	0	0	0	0	2	0	0	0	0	0	0	0	0	12	0	0	2	3	5	10	0	0	1	0	2	0	0	0	0	0	0	0	1	1	0	0	0	3	0	0	0	0	0	0	0	0	1	0	0	0	0	0	0	0	0	1	1	0	0	0	2	0	0	0	0	0	0	0	0	0	0	0	0	0	0	0	0	0	0	1	0	0	1	0	0	0	0	0	0	0	0	0	0	1	0	0	0	0	0	0	0	1	0	0	0	0	0	0	0	0	0	0	0	0	1	0	0	0	0	0	0	0	0	0	0	1	0	0	0	0	1	0	1	0	0	0	0	0	0	0	0	1	0	0	0	0	0	1	0	0	0	0	0	0	0	2	0	0	0	0	0	0	0	11	0	0	0	0	0	0	0	26	47	0	2	4	0	0	0	0	0	0	0	0	0	0	0	0	0	14	0	0	0	10	0	0	0	0	0	0	1	0	0	2	0	0	0	0	0	0	0	0	0	0	0	1	0	0	0	0	3	0	2	8	0	0	0	0	0	0	0	0	0	0	0	0	0	0	0	0	0	0	0	0	0	0	0	3	3	0	0	0	1	0	0	0	0	4	0	2	4	0	0	6	0	0	0
Root;Bacteria;Bacteroidota;Bacteroidia;Bacteroidales;Bacteroidaceae;Bacteroides;Bacteroides_sp900761785	AY980283.1.1354	0	0	0	0	0	0	0	0	0	0	0	0	0	0	0	0	0	0	0	0	0	0	0	0	0	0	0	0	0	0	0	0	0	0	0	0	0	0	0	0	0	0	0	0	0	0	0	0	0	0	0	0	0	0	0	0	0	0	0	0	0	0	0	0	0	0	0	0	0	0	0	0	0	0	0	0	0	0	0	0	0	0	0	0	0	0	0	0	0	0	0	0	0	0	0	0	0	0	0	0	0	0	0	0	0	0	0	0	0	0	0	0	0	0	0	0	0	0	0	0	0	0	0	0	0	0	0	0	0	0	0	0	0	0	0	0	0	0	0	0	0	0	0	0	0	0	0	0	0	0	0	0	0	0	0	0	0	0	0	0	0	0	0	0	0	0	0	0	0	0	0	0	0	0	0	0	0	7	0	0	0	0	0	0	0	0	0	0	0	0	0	0	0	0	0	0	0	0	0	0	0	0	0	0	0	0	0	0	0	0	0	0	0	0	0	0	0	0	0	0	0	0	0	0	0	0	0	0	0	0	0	0	0	0	0	0	0	0	0	0	0	0	0	0	0	0	0	0	0	0	0	0	0	0	0	0	0	0	0	0	0	0	0	0	0	0	0	0	0	0	0	0	0	0	0	0	0	0	0	0	0	0	0	0	0	0	0	0	0	0	0	0	0	0	0	0	0	0	0	0	0	0	0	0	0	0	0	0	0	0	0	0	0	0	0	0	0	0	0	0	0	0	1	0	0	0	0	0	0	0	0	0	0	0	0	0	0	0	0	0	0	0	0	0	1	0	0	0	0	0	0	0	0	0	0	0	0	0	0	0	0	0	0	0	1	0	0	0	0	0	0	0	0
Root;Bacteria;Fusobacteriota;Fusobacteriia;Fusobacteriales;Leptotrichiaceae;Leptotrichia;Leptotrichia_hongkongensis	JQ464095.1.1368	0	0	0	0	9	6	0	3	2	4	1	2	6	6	11	12	0	0	0	0	0	0	1	1	1	0	0	0	0	5	0	2	0	23	45	0	0	0	1	3	0	0	0	46	3	0	0	26	2	0	0	3	1	0	3	0	0	17	1	1	4	1	0	29	0	0	0	6	1	0	0	2	7	3	24	5	0	0	0	0	6	0	0	0	33	26	0	1	16	0	0	0	1	0	0	0	0	1	0	6	0	23	5	6	2	0	0	3	0	1	0	0	0	1	0	0	2	0	0	0	0	0	0	0	0	0	12	0	0	0	0	0	1	0	0	0	0	13	0	0	9	0	0	68	0	0	0	2	0	0	0	0	0	0	0	0	2	3	0	0	3	0	0	0	0	0	0	0	0	168	27	0	1	0	0	0	0	0	1	0	1	1	37	31	14	0	0	0	0	0	27	18	12	1	4	2	2	0	0	3	2	0	0	0	0	3	0	1	23	32	3	0	5	0	1	0	10	18	0	0	6	0	2	0	0	0	2	4	2	0	0	17	5	0	0	0	0	3	0	0	0	0	0	89	0	3	30	10	7	5	2	5	0	0	8	0	0	16	0	203	1	0	0	0	0	0	0	0	0	14	0	0	0	0	0	0	0	0	0	0	40	4	12	0	2	2	10	20	50	16	0	2	0	0	14	0	0	6	2	0	0	0	16	0	4	139	3	0	0	1	0	1	0	1	0	3	0	0	0	4	0	0	0	2	2	0	6	0	0	0	0	0	1	1	4	18	9	0	0	0	0	2	0	0	0	169	0	0	0	0	1	0	0	2	1	24	1	0	0	0	6	4	21	39	2	5	2	0	0	152	0	0	129
Root;Bacteria;Bacteroidota;Bacteroidia;Bacteroidales;Bacteroidaceae;Prevotella;Prevotella_nigrescens	HQ775013.1.1449	0	0	3	1	0	0	0	0	0	0	0	0	0	0	0	0	0	0	20	41	0	0	0	0	2	0	0	0	0	16	0	3	44	0	0	0	0	0	0	27	0	0	0	0	0	0	0	0	0	0	0	1	0	0	0	0	0	1	0	0	0	0	0	0	0	0	0	1	0	0	0	0	0	0	0	0	0	0	49	0	0	0	0	0	0	0	13	0	1	0	0	0	0	2	0	0	0	0	0	82	0	14	0	0	0	0	2	0	0	0	0	1	0	0	68	0	0	0	0	0	0	3	0	0	0	0	0	0	0	0	0	0	2	0	0	0	1	0	0	0	5	0	0	0	0	0	0	0	0	1	0	1	0	0	0	0	0	0	1	22	0	0	0	0	0	0	0	1	0	0	0	0	0	0	7	0	21	0	0	0	0	0	0	0	0	0	0	11	0	0	0	0	1	0	0	0	0	0	1	0	0	0	1	2	0	0	0	4	0	0	0	0	1	0	33	0	0	0	0	0	0	0	0	0	0	0	1	0	0	21	1	0	1	0	0	0	0	0	0	0	0	0	0	0	6	0	0	0	0	29	0	0	0	0	0	0	0	0	157	0	0	1	0	0	0	0	0	7	11	0	0	0	0	0	0	0	0	0	1	7	0	0	0	0	0	0	3	0	0	0	5	10	0	0	133	0	8	2	84	2	0	1	0	0	20	0	0	0	0	0	2	34	0	0	0	2	0	0	0	0	0	0	24	0	0	0	8	0	0	0	0	0	4	1	0	1	0	0	15	0	0	0	0	0	0	0	0	43	3	47	0	1	93	21	0	4	0	6	3	2	0	0	0	0	22	2	0	0	0	20	0	0	0
Root;Bacteria;Proteobacteria;Gammaproteobacteria;Enterobacterales;Pasteurellaceae;Haemophilus;Haemophilus_seminalis	EU185432.1.1376	0	0	0	0	0	0	0	1	0	0	0	0	0	0	0	0	0	0	0	0	0	0	0	0	0	0	0	0	0	0	0	0	0	0	0	4	0	0	0	0	0	0	0	0	0	0	0	0	0	0	0	0	0	0	1	2	0	0	0	0	0	0	3	0	0	0	0	0	0	0	0	0	0	0	0	0	0	0	0	0	0	0	1	0	0	0	0	0	0	0	0	0	0	0	1	0	0	1	0	0	0	0	0	0	0	0	0	0	0	0	1	0	0	0	0	0	0	0	0	0	0	0	0	0	0	0	0	0	0	0	0	0	0	0	0	0	0	0	0	0	0	0	0	0	0	0	0	0	0	0	0	0	0	0	0	0	0	0	0	0	0	0	0	0	0	2	0	0	0	0	0	0	0	0	0	0	0	0	0	2	0	1	0	0	0	0	0	0	0	0	0	0	0	0	0	0	0	0	0	0	0	0	0	0	0	0	0	0	0	0	0	0	0	0	0	0	0	0	3	0	0	0	0	0	0	0	0	0	0	0	0	0	0	0	0	0	0	0	0	0	0	0	0	0	0	0	0	0	0	0	0	0	0	0	0	0	0	0	0	1	0	0	0	1	0	0	0	0	0	0	0	0	0	0	0	0	2	0	0	0	0	0	0	0	0	1	0	0	0	0	0	0	0	0	0	0	0	0	0	0	0	0	0	0	0	0	0	0	0	0	0	0	0	1	0	0	0	0	0	0	1	0	0	0	0	0	0	0	0	0	0	0	0	0	0	0	0	0	0	0	0	0	0	0	0	0	0	0	0	0	0	0	0	0	0	0	0	0	0	0	0	0	0	1	0	0	0	0	0	0	0	0	0
Root;Bacteria;Firmicutes;Bacilli;Lactobacillales;Lactobacillaceae;Lactobacillus;Lactobacillus_acidophilus	HG800468.1.1200	0	0	0	0	0	0	0	0	0	0	0	0	0	0	0	0	0	0	0	0	0	0	0	0	0	0	0	0	0	0	0	0	0	0	0	0	0	0	1	0	0	0	0	0	0	0	0	0	0	0	0	0	0	0	0	0	2	0	0	0	0	0	0	0	0	0	1	0	0	0	0	0	0	0	0	0	0	0	0	0	0	0	0	0	0	0	0	0	0	0	0	0	0	0	0	0	0	0	0	0	0	0	0	0	0	0	0	0	0	0	0	0	0	0	0	0	0	0	0	0	0	0	0	0	0	0	0	0	0	0	0	0	0	0	0	0	0	0	0	0	0	0	0	0	0	0	0	0	0	0	0	0	0	0	0	0	0	0	0	0	0	0	0	0	0	0	0	0	0	0	0	0	0	0	0	0	0	0	0	0	1	0	0	0	2	0	0	1	0	0	0	0	0	0	0	0	0	0	0	0	0	0	0	0	0	0	0	0	0	0	0	0	0	0	0	0	0	0	0	0	0	0	0	0	0	0	0	0	0	0	0	0	0	0	1	0	0	0	0	0	0	0	0	0	0	0	0	0	0	0	0	0	0	0	0	0	0	15	1	0	0	0	1	3	0	0	0	0	0	0	0	0	0	0	0	0	0	0	0	1	0	0	0	0	0	0	0	2	7	0	0	0	1	0	0	0	0	0	0	6	0	0	0	0	0	0	0	0	0	0	0	0	0	0	1	0	0	0	0	0	0	0	0	1	1	0	0	0	0	0	0	0	0	0	0	0	0	0	0	0	0	0	0	0	0	0	0	0	0	0	0	9	0	0	0	0	0	0	0	0	0	0	0	0	0	2	0	0	0	0	0	0	0
Root;Bacteria;Bacteroidota;Bacteroidia;Bacteroidales;Barnesiellaceae;Barnesiella;Barnesiella_intestinihominis	HQ786493.1.1440	0	0	0	0	0	0	0	0	0	0	0	0	0	0	0	0	0	0	0	0	0	0	0	0	0	0	0	0	0	0	0	0	0	0	0	0	0	0	0	0	0	0	0	0	0	0	0	0	0	0	0	0	0	0	0	0	0	0	0	0	0	0	0	0	0	0	0	0	0	0	0	0	0	0	0	0	0	0	0	0	0	0	0	0	0	0	0	0	0	0	0	0	0	0	0	0	0	0	0	0	0	0	0	0	0	0	0	0	0	0	0	0	0	0	0	0	0	0	0	0	0	0	0	0	0	0	0	0	0	0	0	0	0	0	0	0	0	0	0	0	0	0	0	0	0	0	0	0	0	0	0	0	0	0	0	0	0	0	0	0	0	0	0	0	0	0	0	0	0	0	0	0	0	0	0	0	0	14	0	0	0	0	0	0	0	0	0	0	0	0	0	0	0	0	0	0	0	0	0	0	0	0	0	0	0	0	0	0	0	0	0	0	0	0	0	0	0	0	0	0	0	0	0	0	0	0	0	0	0	0	0	0	0	0	0	0	0	0	0	0	0	0	0	0	0	0	0	0	0	0	0	0	0	0	0	0	0	0	0	0	0	0	0	0	0	0	0	0	0	0	0	0	0	0	0	0	0	0	0	0	0	0	0	0	0	0	0	0	0	0	0	0	0	0	0	0	0	0	0	0	0	0	0	0	0	0	0	0	0	0	0	0	0	0	0	0	0	0	0	0	0	0	0	0	0	0	0	0	0	0	0	0	0	0	0	0	0	0	0	0	0	0	0	0	0	0	0	0	0	0	0	0	0	0	0	0	0	0	0	0	0	0	0	0	0	0	0	0	0	0	0	0	0
Root;Bacteria;Bacteroidota;Bacteroidia;Bacteroidales;Porphyromonadaceae;Porphyromonas;unclassified_Porphyromonas	JQ451964.1.1414	0	0	0	0	0	0	0	0	0	0	0	0	0	0	1	0	0	0	0	0	0	0	0	2	0	0	0	0	0	0	0	0	1	0	0	0	0	0	0	0	0	0	0	1	0	0	0	0	0	0	0	0	1	0	0	0	0	0	0	0	0	0	1	0	0	0	0	0	0	0	0	0	0	0	0	0	0	0	0	0	0	0	0	0	0	0	0	0	0	0	0	0	0	0	0	0	0	0	0	0	0	0	0	0	0	0	0	0	0	0	0	0	0	0	0	0	0	0	0	0	0	0	0	0	0	0	0	0	0	0	0	0	0	0	0	0	0	0	1	0	0	0	0	0	0	0	0	0	0	0	0	0	1	0	0	0	0	0	0	0	0	0	0	0	0	0	0	0	0	0	0	0	0	0	0	0	0	0	0	0	0	0	0	0	0	0	0	0	0	0	0	0	0	0	0	0	0	0	0	0	0	0	0	0	0	0	0	0	0	0	0	0	0	0	0	0	0	0	0	0	0	0	1	0	0	0	0	0	0	0	0	0	0	0	0	0	0	0	0	0	0	0	0	0	0	0	0	0	0	0	0	0	0	0	0	0	0	0	0	0	0	0	0	0	0	0	0	0	0	0	0	0	0	0	0	0	0	0	0	0	0	1	0	0	0	0	0	0	0	0	0	0	0	0	0	1	0	0	0	0	0	0	0	0	0	0	0	0	0	0	0	0	0	0	0	0	0	0	0	0	0	0	0	2	0	0	0	0	0	0	0	0	0	0	0	0	0	0	0	0	0	0	0	0	0	0	0	0	0	0	1	0	0	0	0	0	0	0	0	0	0	0	0	1	0	0	0	0	0	0	0	0	0
Root;Bacteria;Firmicutes_A;Clostridia;Oscillospirales;Ruminococcaceae;Faecalibacterium;unclassified_Faecalibacterium	DQ806057.1.1389	0	0	0	0	0	0	0	0	0	0	0	0	0	0	0	0	0	0	0	0	0	0	0	0	0	0	0	0	0	0	0	0	0	0	0	0	0	0	0	0	0	0	0	0	0	0	0	0	0	0	0	0	0	0	0	0	0	0	0	0	0	0	0	0	0	0	0	0	0	0	0	0	0	0	0	0	0	0	0	0	0	0	0	0	0	0	0	0	0	0	0	0	0	0	0	0	0	0	0	0	0	0	0	0	0	0	0	0	0	0	0	0	0	0	0	0	0	0	0	0	0	0	0	0	0	0	0	0	0	0	0	0	0	0	0	0	0	0	0	0	0	0	0	0	0	0	0	0	0	0	0	0	0	0	0	0	0	0	0	0	0	0	0	0	0	0	0	0	0	0	0	0	0	0	0	0	0	1	0	0	0	0	0	0	0	0	0	0	0	0	0	0	0	0	0	0	0	0	0	0	0	0	0	0	0	0	0	0	0	0	0	0	0	0	0	0	0	0	0	0	0	0	0	0	0	0	0	0	0	0	0	0	0	0	0	0	0	0	0	0	0	0	0	0	0	0	0	0	0	0	0	0	0	0	0	0	0	0	0	0	0	0	0	0	0	0	0	0	0	0	0	0	0	0	0	0	0	0	0	0	0	0	0	0	0	0	0	0	0	0	0	0	0	0	0	0	0	0	0	0	0	0	0	0	0	0	0	0	0	0	0	0	0	0	0	0	0	0	0	0	0	0	0	0	0	0	0	0	0	0	0	0	0	0	0	0	0	0	0	0	0	0	0	0	0	0	0	0	0	0	0	0	0	0	0	0	0	0	0	0	0	0	0	0	1	0	0	0	0	0	0	0	0
Root;Bacteria;Bacteroidota;Bacteroidia;Bacteroidales;Bacteroidaceae;Bacteroides;Bacteroides_intestinalis_A	HQ779108.1.1442	0	0	0	0	0	0	0	0	0	0	0	0	0	0	0	0	0	0	0	0	0	0	0	0	0	0	0	0	0	0	0	0	0	0	0	0	0	0	0	0	0	0	0	0	0	0	0	0	0	0	0	0	0	0	0	0	0	0	0	0	0	0	0	0	0	0	0	0	0	0	0	0	0	0	0	0	0	0	0	0	0	0	0	0	0	0	0	0	0	0	0	0	0	0	0	0	0	0	0	0	0	0	0	0	0	0	0	0	0	0	0	0	0	0	0	0	0	0	0	0	0	0	0	0	0	0	0	0	0	0	0	0	0	0	0	0	0	0	0	0	0	0	0	0	0	0	0	0	0	0	0	0	0	0	0	0	0	0	0	0	0	0	0	0	0	0	0	0	0	0	0	0	0	0	0	0	0	0	0	0	0	0	0	0	0	0	0	0	0	0	0	0	0	0	0	0	0	0	0	0	0	0	0	0	0	0	0	0	0	0	0	0	0	0	0	0	0	0	0	0	0	0	0	0	0	0	0	0	0	0	0	0	0	0	0	0	0	0	0	0	0	0	0	0	0	0	0	0	0	0	0	0	0	0	0	0	0	0	0	0	0	0	0	0	0	0	0	0	0	0	0	0	0	0	0	0	0	0	0	0	0	0	0	0	0	0	0	0	0	0	0	0	0	0	0	0	0	0	0	1	0	0	0	0	0	0	0	0	0	0	0	0	0	0	0	0	0	0	0	0	0	0	0	0	0	0	0	0	0	0	0	0	0	0	0	0	0	0	0	0	0	0	0	0	0	0	0	0	0	0	0	0	0	0	0	0	0	0	0	0	0	0	0	0	0	0	0	0	0	0	0	0	0
Root;Bacteria;Spirochaetota;Spirochaetia;Treponematales;Treponemataceae;Treponema;Treponema_medium	FJ204241.1.1419	0	0	0	0	1	0	0	0	0	0	0	0	0	1	0	0	1	1	0	0	1	1	0	0	9	0	0	0	0	0	0	1	0	0	0	0	0	0	0	0	0	0	0	0	0	0	0	0	0	0	0	0	0	0	0	0	0	0	0	0	0	0	4	0	0	0	0	0	0	0	0	0	0	0	2	0	0	0	0	0	0	0	0	0	0	0	0	0	0	0	0	0	0	0	0	0	0	0	0	0	0	2	0	0	0	0	0	0	0	0	0	0	1	0	0	0	0	0	0	0	0	0	0	0	0	0	0	0	0	0	0	1	0	0	0	0	0	0	0	0	0	0	0	0	0	0	0	0	4	0	0	0	0	0	0	0	0	0	0	0	0	0	0	2	0	0	0	0	2	0	0	0	0	0	4	0	0	0	0	0	0	0	0	0	0	0	0	0	0	0	0	0	0	0	0	0	0	1	0	0	0	0	0	31	0	0	0	6	0	0	0	0	0	0	0	0	0	0	0	0	0	0	0	0	19	0	0	0	0	0	0	0	0	0	0	0	0	0	0	2	0	0	0	0	0	0	0	0	0	0	0	0	0	0	0	0	0	0	0	0	0	0	0	0	0	0	0	0	0	0	0	10	0	0	0	0	0	0	0	0	0	0	0	0	0	0	0	0	0	0	0	7	0	0	12	0	9	1	0	0	0	1	0	0	0	0	0	0	0	0	0	0	0	0	0	0	0	1	0	0	0	0	0	0	0	0	0	0	0	0	1	0	0	0	0	0	0	0	0	0	0	4	0	0	0	0	0	0	0	0	0	0	0	0	0	0	0	1	0	0	0	0	4	0	3	3	0	0	0	0	0	0	0
Root;Bacteria;Firmicutes;Bacilli;Lactobacillales;Lactobacillaceae;Lactobacillus;unclassified_Lactobacillus	GQ179737.1.1501	0	0	0	0	0	0	0	0	0	0	0	0	0	0	0	0	0	0	0	0	0	0	0	0	0	0	0	0	0	0	0	0	0	0	0	0	0	0	0	0	0	0	0	0	0	0	0	0	0	0	0	0	0	0	0	0	0	0	0	0	0	0	0	0	0	0	0	0	0	0	0	0	0	0	0	0	0	0	0	0	0	0	0	0	0	0	0	0	0	0	0	0	0	0	0	0	0	0	0	0	0	0	0	0	0	0	0	0	0	0	0	0	0	0	0	0	0	0	0	0	0	0	0	0	0	0	0	0	0	0	0	0	0	0	0	0	0	0	0	0	0	0	0	0	0	0	0	0	0	0	0	0	0	0	0	0	0	0	0	0	0	0	0	0	0	0	0	0	0	0	0	0	0	0	0	0	0	0	0	0	0	0	0	0	0	0	0	0	0	0	0	0	0	0	0	0	0	0	0	0	0	0	0	0	0	0	0	0	0	0	0	0	0	0	0	0	0	0	0	0	0	0	0	0	0	0	0	0	0	0	0	0	0	0	0	0	0	0	0	0	0	0	0	0	0	0	0	0	0	0	0	0	0	0	0	0	0	0	0	0	0	0	0	1	0	0	0	0	0	0	0	0	0	0	0	0	0	0	0	0	0	0	0	0	0	0	0	0	0	0	0	0	0	0	0	0	0	0	0	0	0	0	0	0	0	0	0	0	0	0	0	0	0	0	0	0	0	0	0	0	0	0	0	0	0	0	0	0	0	0	0	0	0	0	0	0	0	0	0	0	0	0	0	0	0	0	0	0	0	0	0	0	0	0	0	0	0	0	0	0	0	0	0	0	0	0	0	0	0	0	0	0	0
Root;Bacteria;Bacteroidota;Bacteroidia;Bacteroidales;Rikenellaceae;Alistipes;Alistipes_communis	DQ798111.1.1398	0	0	0	0	0	0	0	0	0	0	0	0	0	0	0	0	0	0	0	0	0	0	0	0	0	0	0	0	0	0	0	0	0	0	0	0	0	0	0	0	0	0	0	0	0	0	0	0	0	0	0	0	0	0	0	0	0	0	0	0	0	0	0	0	0	0	0	0	0	0	0	0	0	0	0	0	0	0	0	0	0	0	0	0	0	0	0	0	0	0	0	0	0	0	0	0	0	0	0	0	0	0	0	0	0	0	0	0	0	0	0	0	0	0	0	0	0	0	0	0	0	0	0	0	0	0	0	0	0	0	0	0	0	0	0	0	0	2	0	0	0	0	0	1	0	0	0	0	0	0	0	0	0	0	0	0	0	0	0	0	0	0	0	0	0	0	0	0	0	0	0	0	0	0	0	0	0	2	0	0	0	0	0	0	0	0	0	0	0	0	0	0	0	0	0	0	0	0	0	0	0	0	0	0	0	0	0	0	0	0	0	0	0	0	0	0	0	0	0	0	0	0	0	0	0	0	0	0	0	0	0	0	0	0	0	0	0	0	0	0	0	0	0	0	0	0	0	0	0	0	0	0	0	0	0	0	0	0	0	0	0	0	0	0	0	0	0	0	0	0	0	0	0	0	0	0	0	0	0	0	0	0	0	0	0	0	0	0	0	0	0	0	0	0	0	0	0	0	0	0	0	0	0	0	1	0	0	0	0	0	0	0	0	0	0	0	0	0	0	0	0	0	0	0	0	0	0	0	0	0	0	0	0	0	0	0	0	0	0	0	0	0	0	0	0	0	0	0	0	0	0	0	0	0	0	0	0	0	0	0	0	0	0	0	0	0	0	0	0	0	0	0	0
Root;Bacteria;Spirochaetota;Spirochaetia;Treponematales;Treponemataceae;Treponema_B;Treponema_B_denticola	AGDV01000021.419013.420545	5	1	0	0	2	9	5	1	0	0	0	0	10	9	0	0	1	2	0	0	0	0	0	0	3	1	0	0	0	0	0	34	0	0	0	0	0	0	0	0	0	0	0	0	8	0	0	0	1	0	0	0	0	0	0	0	0	0	0	8	0	0	0	3	0	0	0	0	0	0	0	0	0	0	2	9	0	0	0	0	0	0	0	0	0	0	0	0	0	0	0	3	0	0	0	0	0	0	0	0	0	1	0	0	0	1	0	0	0	4	0	0	0	0	1	0	3	0	0	2	0	0	0	0	2	3	0	0	0	0	0	0	0	0	0	0	0	0	0	0	50	1	0	0	0	0	0	0	1	0	1	0	0	31	0	0	0	0	0	0	0	0	0	89	13	0	38	6	3	0	1	0	0	0	9	0	38	0	20	0	0	0	0	0	0	0	0	2	0	0	0	0	4	0	14	14	0	30	64	0	5	5	0	9	1	0	0	0	0	0	0	1	0	0	0	0	0	0	0	0	0	0	0	0	8	0	2	0	0	0	3	0	7	0	0	0	1	0	0	5	0	0	4	3	3	0	0	0	0	1	0	0	5	0	0	0	0	0	0	0	2	4	4	0	0	4	5	1	2	0	0	0	6	0	0	1	0	0	0	0	0	0	0	26	0	0	7	0	0	0	0	47	5	0	3	0	11	5	0	0	3	5	0	10	13	0	0	1	0	0	0	0	0	0	0	0	0	4	0	0	0	4	0	0	6	0	0	0	0	0	0	0	0	0	0	0	0	0	0	0	0	1	0	0	0	0	0	9	2	119	0	0	0	2	0	0	10	1	0	0	0	0	0	0	0	9	8	0	0	0	0	0	0
Root;Bacteria;Firmicutes_A;Clostridia;Lachnospirales;Lachnospiraceae;Oribacterium;unclassified_Oribacterium	AY323228.1.1374	0	0	0	0	0	0	0	0	0	0	0	0	0	0	0	0	0	0	0	0	0	0	0	0	0	0	0	0	0	0	0	0	0	0	0	0	0	0	0	0	0	0	0	0	0	0	0	0	0	0	0	0	0	0	0	0	0	0	0	0	0	0	0	0	0	0	0	0	0	0	0	0	0	0	0	0	0	0	0	0	0	0	0	0	0	0	0	0	0	0	0	0	0	0	0	0	0	0	0	0	0	0	0	0	0	0	0	0	0	0	0	0	0	0	0	0	0	0	0	1	0	0	0	0	0	0	0	0	0	0	0	0	0	0	0	0	0	0	0	0	0	0	0	0	0	0	0	0	0	0	0	0	0	0	0	0	0	0	0	0	0	0	0	0	0	0	0	0	0	0	0	0	0	0	0	0	0	0	0	0	0	0	0	0	0	0	0	0	0	0	0	0	0	0	0	0	0	0	0	0	0	0	0	0	0	0	0	0	0	0	0	0	0	0	0	0	0	0	0	0	0	0	0	0	0	0	0	0	0	0	0	0	0	0	0	0	0	0	0	0	0	0	0	0	1	0	0	0	0	0	0	0	0	0	0	0	0	0	0	0	0	0	0	0	0	0	0	0	0	0	0	0	0	0	0	0	0	0	0	0	0	0	0	0	0	0	0	0	0	0	0	0	0	0	0	0	0	0	0	1	0	0	0	0	0	0	0	0	0	0	0	0	0	0	0	0	0	0	0	0	0	0	0	0	0	0	0	0	0	0	0	0	0	0	0	0	0	0	0	0	0	0	0	0	0	0	0	0	0	0	0	0	0	0	0	0	0	0	0	0	0	0	0	0	0	0	0	0	0	0	0	0	0
Root;Bacteria;Bacteroidota;Bacteroidia;Bacteroidales;Porphyromonadaceae;Porphyromonas;unclassified_Porphyromonas	JQ447642.1.1395	0	0	0	0	2	7	0	0	0	0	0	0	9	11	0	0	1	2	0	1	0	0	0	0	0	0	0	0	0	0	0	2	3	0	0	0	28	20	0	0	0	0	0	1	0	0	0	0	1	0	0	0	0	0	0	2	0	9	0	3	13	0	0	0	0	0	0	0	0	0	0	0	0	0	0	0	0	0	0	0	1	0	0	1	0	0	0	0	0	0	0	3	0	0	0	0	0	13	9	0	0	0	0	0	0	3	0	0	0	0	1	0	0	1	0	0	0	0	0	23	0	0	0	0	0	1	7	0	0	0	1	8	0	0	0	0	0	0	0	0	1	0	0	0	0	0	0	0	0	0	0	0	0	0	2	1	0	4	0	0	1	0	0	0	0	0	0	0	0	0	0	0	0	5	0	0	0	0	0	0	0	0	0	1	0	11	4	0	2	0	0	0	0	0	6	5	0	0	0	0	0	0	0	1	1	0	0	0	0	0	0	0	4	0	0	0	0	0	0	0	1	0	0	0	0	0	0	0	0	0	0	0	3	0	0	0	0	0	98	0	0	0	76	0	0	0	0	28	3	1	0	0	0	0	0	0	0	0	0	2	0	9	28	0	0	0	0	0	0	0	0	0	0	0	0	0	0	0	0	0	0	0	0	0	0	0	0	0	0	0	30	6	0	0	0	0	0	0	0	0	12	10	0	0	0	19	0	0	0	0	0	3	0	6	8	0	0	0	0	0	0	2	0	0	15	0	0	0	0	0	0	0	0	0	0	0	0	0	0	0	0	0	0	0	1	0	0	0	0	0	0	0	16	1	1	4	0	0	0	0	20	0	0	0	18	0	0	0	0	0	0	0	8
Root;Bacteria;Actinobacteriota;Actinomycetia;Actinomycetales;Actinomycetaceae;Actinomyces;Actinomyces_massiliensis	JQ456177.1.1389	0	0	1	0	0	0	0	0	0	0	0	0	0	0	0	0	0	0	0	0	0	0	0	0	0	0	0	0	0	0	0	0	0	0	0	0	0	0	0	0	0	0	0	0	0	0	0	0	0	0	0	0	0	0	0	0	0	0	0	0	0	0	0	0	0	0	0	0	0	0	0	0	0	0	0	0	0	0	0	0	0	0	0	0	0	0	0	0	0	0	0	0	0	0	0	0	0	1	0	0	0	0	0	0	0	0	0	0	0	0	0	0	0	0	0	0	0	0	0	0	0	0	0	0	0	0	0	0	0	0	0	0	0	0	0	0	0	0	0	0	0	0	0	0	0	0	0	0	0	1	0	0	0	0	0	0	0	0	0	0	0	0	0	0	0	0	0	0	0	0	0	0	0	0	0	0	0	0	0	0	0	0	0	0	0	0	0	0	0	0	0	0	0	0	0	0	0	0	0	0	0	0	0	0	0	0	0	0	0	0	0	0	0	0	0	0	0	0	0	0	0	0	0	0	0	0	0	0	0	0	0	0	0	0	0	0	0	0	0	0	0	0	0	0	0	0	0	0	0	0	0	0	0	0	0	0	0	0	0	0	0	0	0	0	0	0	0	0	0	0	0	0	0	0	0	0	0	0	0	0	0	0	0	0	0	0	0	0	0	0	0	0	0	0	0	0	0	0	0	0	0	0	0	0	0	0	0	0	0	0	0	0	0	0	0	0	0	0	0	0	0	0	0	0	0	0	0	0	0	0	0	0	0	0	0	0	0	0	0	0	0	0	0	0	0	0	0	0	0	0	0	0	0	0	0	0	0	0	0	0	0	0	0	0	0	0	0	0	0	0	0	0	0
Root;Bacteria;Firmicutes;Bacilli;Lactobacillales;Lactobacillaceae;Lactobacillus;unclassified_Lactobacillus	EU511592.1.1413	0	0	0	0	0	0	0	0	0	0	0	0	0	0	0	0	0	0	0	0	0	0	0	0	0	0	0	0	0	0	0	0	0	0	0	0	0	0	0	0	0	0	0	0	0	0	0	0	0	0	0	0	0	0	0	0	0	0	0	0	0	0	0	0	0	0	0	0	0	0	0	0	0	0	0	0	0	0	0	0	0	0	0	0	0	0	0	0	0	0	0	0	0	0	0	0	0	0	0	0	0	0	0	0	0	0	0	0	0	0	0	0	0	0	0	0	0	0	0	0	0	0	0	0	0	0	0	0	0	0	0	0	0	0	0	0	0	0	0	0	0	0	0	0	0	0	0	0	0	0	0	0	0	0	0	0	0	0	0	0	0	0	0	0	0	0	0	0	0	0	0	0	0	0	0	0	0	0	0	0	0	0	0	0	0	0	0	0	0	0	0	0	0	0	0	0	0	0	0	0	0	0	0	0	0	0	0	0	0	0	0	0	0	0	0	0	0	0	0	0	0	0	0	0	0	0	0	0	0	0	0	0	0	0	0	0	0	0	0	0	0	0	0	0	0	0	0	0	0	0	0	0	0	0	0	0	0	0	0	0	0	0	0	0	0	0	0	0	0	0	0	0	0	0	0	0	0	0	0	0	0	0	0	0	0	0	0	0	0	0	0	0	0	0	0	0	0	0	0	1	0	0	0	0	0	0	0	0	0	0	0	0	0	0	0	0	0	0	0	0	0	0	0	0	0	0	0	0	0	0	0	0	0	0	0	0	0	0	0	0	0	0	0	0	0	0	0	0	0	0	0	0	0	0	0	0	0	0	0	0	0	0	0	0	0	0	0	0	0	0	0	0	0
Root;Bacteria;Firmicutes_C;Negativicutes;Veillonellales;Veillonellaceae;Veillonella;unclassified_Veillonella	JQ465727.1.1352	0	0	0	0	0	0	0	0	0	0	0	0	0	0	0	0	0	0	0	0	0	0	0	0	0	0	0	0	0	0	0	0	0	0	0	0	0	0	0	0	0	0	0	0	0	0	0	0	0	0	0	0	0	0	0	0	0	0	0	0	0	0	0	0	0	0	0	0	0	0	0	0	0	0	0	0	0	0	0	0	0	0	0	0	0	0	0	0	0	0	0	0	0	0	0	0	0	0	0	0	0	0	0	0	0	0	0	0	0	0	0	0	0	0	0	0	0	0	0	0	0	0	0	0	0	0	0	0	0	0	0	0	0	0	0	0	0	0	0	0	0	0	0	0	0	0	0	0	0	0	0	0	0	0	0	0	0	0	0	0	0	0	0	0	0	0	0	0	0	1	0	0	0	0	0	0	0	0	0	0	0	0	0	0	0	0	0	0	0	0	0	0	0	0	0	0	0	0	0	0	0	0	0	0	0	0	0	0	0	0	0	0	0	0	0	0	0	0	0	0	0	0	0	0	0	0	0	0	0	0	0	0	0	0	0	0	0	0	0	0	0	0	0	0	0	0	0	0	0	0	0	0	0	0	0	0	0	0	0	0	0	0	0	0	0	0	0	0	0	0	0	0	0	0	0	0	0	0	0	0	0	0	0	0	0	0	0	0	0	0	0	0	0	0	0	0	0	0	0	0	0	0	0	0	0	0	0	0	0	0	0	0	0	0	0	0	0	0	0	0	0	0	0	0	0	0	0	0	0	0	0	0	0	0	0	0	0	0	0	0	0	0	0	0	0	0	0	0	0	0	0	0	0	0	0	0	0	0	0	0	0	0	0	1	0	0	0	0	0	0	0	0	0
Root;Bacteria;Actinobacteriota;Actinomycetia;Actinomycetales;Micrococcaceae;Rothia;Rothia_aeria	JX011466.1.1231	0	0	0	0	0	0	0	0	0	0	0	0	0	0	0	0	0	0	0	0	0	0	0	0	0	0	0	0	1	0	0	0	0	0	0	0	0	0	0	0	0	0	0	0	0	0	0	0	0	0	0	0	0	0	0	0	0	0	0	0	0	0	0	0	0	0	0	0	0	0	0	0	0	1	0	0	0	0	0	0	0	0	0	0	0	0	0	0	0	0	0	0	0	0	0	0	0	0	0	0	0	0	0	0	0	0	0	0	0	0	0	0	0	0	0	0	0	0	0	0	0	0	0	0	0	0	0	0	0	0	0	0	0	0	0	0	0	0	0	0	0	0	0	0	0	0	0	0	0	0	0	0	0	0	0	0	0	0	0	0	0	0	0	0	0	0	0	0	0	0	0	0	0	0	0	0	0	0	0	0	0	0	0	0	0	0	0	0	0	0	0	0	0	0	0	0	0	0	0	0	0	0	0	0	0	0	0	0	0	0	0	0	0	0	0	0	0	0	1	0	0	0	0	0	0	0	0	0	0	0	0	0	0	0	0	0	0	0	0	0	0	0	0	0	0	0	0	0	0	0	0	0	0	0	0	0	0	0	0	0	0	0	0	0	0	0	0	0	0	0	0	0	0	0	0	0	0	0	0	0	0	0	0	0	0	0	0	0	0	1	0	0	0	0	0	0	0	0	0	0	0	0	0	0	0	0	0	0	0	0	0	0	0	0	0	0	0	0	0	0	0	0	0	0	0	0	0	1	0	0	0	0	0	0	0	0	0	0	0	0	0	0	0	0	0	0	0	0	0	0	0	0	0	0	0	0	0	0	0	0	0	0	0	0	0	0	0	0	0	0	0	0	0
Root;Bacteria;Proteobacteria;Gammaproteobacteria;Enterobacterales;Pasteurellaceae;Haemophilus;Haemophilus_seminalis	HQ783974.1.1454	0	0	0	0	0	0	0	0	0	0	0	0	0	0	0	0	0	0	0	1	0	0	0	0	0	0	0	0	0	0	0	0	0	0	0	0	0	0	0	0	0	0	0	0	0	0	0	0	0	0	0	0	0	0	0	0	0	0	0	0	0	0	0	0	0	0	0	0	0	0	0	0	0	0	0	0	0	0	0	0	0	0	0	0	0	0	0	0	0	0	0	0	0	0	0	0	0	0	0	0	0	0	0	0	0	0	0	0	0	0	0	0	0	0	0	0	0	0	0	0	0	0	0	0	0	0	0	0	0	0	0	0	0	0	0	0	0	0	0	0	0	0	0	0	0	0	0	0	0	0	0	0	0	0	0	0	0	0	0	0	0	0	0	0	0	0	0	0	0	0	0	0	0	0	0	0	0	0	0	0	0	0	0	0	0	0	0	0	0	0	0	0	0	0	0	0	0	0	0	0	0	0	0	0	0	0	0	0	0	0	0	0	0	0	0	0	0	0	0	0	0	0	0	0	0	0	0	0	0	0	0	0	0	0	0	0	0	0	0	0	0	0	0	0	0	0	0	0	0	0	0	0	0	0	0	0	0	0	0	0	0	0	0	0	0	0	0	0	0	0	0	0	0	0	0	0	0	0	0	0	0	0	0	0	0	0	0	0	0	0	0	0	0	0	0	0	0	0	0	0	0	0	0	0	0	0	0	0	0	0	0	0	0	0	0	0	0	0	0	0	0	0	0	0	0	0	0	0	0	0	0	0	0	0	0	0	0	0	0	0	0	0	0	0	0	0	0	0	0	0	0	0	0	0	0	0	0	0	0	0	0	0	0	0	0	0	0	0	0	0	0	0	0
Root;Bacteria;Firmicutes_A;Clostridia;Peptostreptococcales;Peptostreptococcaceae;Romboutsia;unclassified_Romboutsia	GU455116.1.1464	0	0	0	0	0	0	0	0	0	0	0	0	0	0	0	0	0	0	0	0	0	0	0	0	0	0	0	0	1	0	0	0	0	0	0	0	0	0	0	0	0	0	0	0	0	0	0	0	0	0	0	0	0	0	0	0	0	0	0	0	0	0	0	0	0	0	0	0	0	0	0	0	0	0	0	0	0	0	0	0	0	0	0	0	0	0	0	0	0	0	0	0	0	0	0	0	0	0	0	0	0	0	0	0	0	0	0	0	0	0	0	0	0	0	0	0	0	0	0	0	0	0	0	0	0	0	0	0	0	0	0	0	0	0	0	0	0	0	0	0	0	0	0	0	0	0	0	0	0	0	0	0	0	0	0	0	0	0	0	0	0	0	0	0	0	0	0	0	0	0	0	0	0	0	0	0	0	0	0	0	0	0	0	0	0	0	0	0	0	0	0	0	0	0	0	0	0	0	0	0	0	0	0	0	0	0	0	0	0	0	0	0	0	0	0	0	0	0	0	0	0	0	0	0	0	0	0	0	0	0	0	0	0	0	0	0	0	0	0	0	0	0	0	0	0	0	0	0	0	0	0	0	0	0	0	0	0	0	0	0	0	0	0	0	0	0	0	0	0	0	0	0	0	0	0	0	0	0	0	0	0	0	0	0	0	0	0	0	0	0	0	0	0	0	0	0	0	0	0	0	0	0	0	0	0	0	0	0	0	0	0	0	0	0	0	0	0	0	0	0	0	0	0	0	0	0	0	0	0	0	0	0	0	0	0	0	0	0	0	0	0	0	0	0	0	0	0	0	0	0	0	0	0	0	0	0	0	0	0	0	0	0	0	0	0	0	0	0	0	0	0	0	0
Root;Bacteria;Actinobacteriota;Actinomycetia;Actinomycetales;Actinomycetaceae;Actinomyces;Actinomyces_gerencseriae	JQ452129.1.1342	0	0	0	0	0	0	0	0	0	0	0	0	0	0	0	0	0	0	0	0	0	0	0	0	0	0	0	0	1	0	0	0	0	0	0	0	1	0	0	0	0	0	0	0	0	0	0	0	0	0	0	0	0	0	0	0	0	0	0	0	0	0	0	0	0	0	0	0	0	0	0	0	0	0	0	0	0	0	0	0	0	0	0	0	0	0	0	0	0	0	0	0	0	0	0	0	0	0	0	0	0	0	0	0	0	0	3	0	0	0	0	0	0	0	0	0	0	0	0	0	0	0	0	0	0	0	0	0	0	0	0	0	0	0	0	0	0	0	0	0	0	0	4	0	0	0	0	0	0	0	0	0	1	0	0	0	0	0	0	0	0	0	0	0	0	0	0	0	0	0	0	0	0	0	0	0	0	0	0	0	0	0	0	0	0	0	0	0	0	0	0	0	0	0	0	0	0	0	0	0	0	0	0	0	0	0	0	0	2	0	0	1	0	0	0	0	1	2	1	1	0	0	0	0	0	0	0	1	0	0	0	0	0	0	0	0	0	0	0	0	0	0	0	2	0	0	0	0	0	0	0	0	0	0	0	0	0	0	0	0	0	0	0	0	0	0	0	0	0	0	0	0	0	0	0	0	0	0	0	0	0	0	0	0	0	0	0	0	0	0	0	0	0	0	0	0	0	0	0	0	0	0	0	0	0	0	0	0	0	0	0	0	0	0	0	0	0	0	0	0	0	0	0	0	0	0	0	0	0	0	0	0	0	0	0	0	0	0	0	0	0	0	0	0	0	0	0	0	0	0	0	0	0	0	0	0	0	0	0	0	0	0	0	0	0	0	0	0	0	0	0	0	0
Root;Bacteria;Firmicutes_A;Clostridia;Oscillospirales;Ruminococcaceae;Faecalibacterium;unclassified_Faecalibacterium	DQ797452.1.1384	0	0	0	0	0	0	0	0	0	0	0	0	0	0	0	0	0	0	0	0	0	0	0	0	0	0	0	0	0	0	0	0	0	0	0	0	0	0	0	0	0	0	0	0	0	0	0	0	0	0	0	0	0	0	0	0	0	0	0	0	0	0	0	0	0	0	0	0	0	0	0	0	0	0	0	0	0	0	0	0	0	0	0	0	0	0	0	0	0	0	0	0	0	0	0	0	0	0	0	0	0	0	0	0	0	0	0	0	0	0	0	0	0	0	0	0	0	0	0	0	0	0	0	0	0	0	0	0	0	0	0	0	0	0	0	0	0	0	0	0	0	0	0	0	0	0	0	0	0	0	0	0	0	0	0	0	0	0	0	0	0	0	0	0	0	0	0	0	0	0	0	0	0	0	0	0	0	1	0	0	0	0	0	0	0	0	0	0	0	0	0	0	0	0	0	0	0	0	0	0	0	0	0	0	0	0	0	0	0	0	0	0	0	0	0	0	0	0	0	0	0	0	0	0	0	0	0	0	0	0	0	0	0	0	0	0	0	0	0	0	0	0	0	0	0	0	0	0	0	0	0	0	0	0	0	0	0	0	0	0	0	0	0	0	0	0	0	0	0	0	0	0	0	0	0	0	0	0	0	0	0	0	0	0	0	0	0	0	0	0	0	0	0	0	0	0	0	0	0	0	0	0	0	0	0	0	0	0	0	0	0	0	0	0	0	0	0	0	0	0	0	0	0	0	1	0	0	0	0	0	0	0	0	0	0	0	0	0	0	0	0	0	0	0	0	0	0	0	0	0	0	0	0	0	0	0	0	0	0	0	0	0	0	0	0	0	0	0	0	0	0	0	0
Root;Bacteria;Firmicutes;Bacilli;Staphylococcales;Gemellaceae;Gemella;unclassified_Gemella	JF220976.1.1376	0	2	8	11	0	0	0	0	0	1	0	0	1	0	0	0	0	0	4	0	1	0	4	2	1	1	2	0	0	1	0	0	8	10	0	1	32	29	5	3	9	5	0	43	6	27	2	0	8	0	0	0	5	0	7	4	0	2	0	3	3	17	16	11	0	0	26	3	0	6	11	0	3	1	5	1	0	4	0	0	7	2	3	1	11	3	0	0	0	0	0	0	10	1	3	0	2	12	0	1	0	8	0	7	2	12	0	1	0	1	0	4	3	0	13	0	6	0	5	38	0	21	0	0	5	2	0	9	2	0	2	3	0	0	0	3	3	8	0	0	0	0	1	0	0	0	0	1	1	3	1	4	1	0	0	2	1	0	0	0	0	0	2	2	0	0	2	0	1	0	0	0	0	7	0	0	0	0	1	5	0	0	38	40	1	0	0	0	3	0	3	4	0	0	0	0	0	0	0	4	0	1	7	2	0	0	0	3	0	0	2	0	0	14	0	0	9	8	1	1	0	0	2	0	0	0	2	3	0	0	4	14	1	0	4	0	0	1	2	0	0	0	1	2	1	1	0	32	6	3	11	1	0	0	0	2	0	18	2	4	0	1	6	0	0	1	1	0	0	0	0	0	0	0	0	0	0	6	11	3	2	0	1	0	0	1	12	2	2	2	13	4	1	1	2	7	0	1	3	0	0	2	1	0	30	3	2	0	0	7	1	0	0	30	31	0	0	1	0	0	0	1	3	3	23	0	1	2	0	0	0	0	0	5	5	2	1	11	2	10	4	0	0	0	2	0	0	0	0	0	3	0	2	1	3	17	2	0	1	0	2	0	3	10	1	4	6	0	0	0	0	5	0
Root;Bacteria;Proteobacteria;Gammaproteobacteria;Enterobacterales;Pasteurellaceae;Haemophilus_D;unclassified_Haemophilus_D	JQ456231.1.1256	0	0	15	9	13	3	0	0	1	0	0	0	6	7	21	12	9	11	0	0	15	24	2	1	0	43	0	5	5	15	0	0	22	6	3	4	163	181	65	1	89	106	44	5	25	98	37	48	27	3	65	0	4	1	20	12	40	2	14	3	12	13	1	48	23	15	2	4	1	49	127	47	21	7	4	16	5	29	5	0	2	0	66	2	0	5	0	33	0	14	0	1	2	4	21	0	40	3	0	0	0	2	3	89	1	93	10	116	0	7	115	18	35	4	14	0	2	0	146	53	0	4	15	10	18	20	7	60	115	0	12	5	3	18	0	0	0	43	20	0	0	0	4	3	322	22	0	5	4	19	13	3	16	0	43	0	920	3	0	0	0	183	4	26	47	4	23	3	5	433	16	0	12	6	1	117	2	0	2	48	19	4	7	9	11	7	0	1	63	0	0	0	15	42	79	103	19	17	5	0	0	0	1	10	0	31	65	0	0	4	81	1	15	0	3	0	0	0	87	96	14	0	6	0	7	0	4	3	0	13	3	2	0	21	0	0	0	15	2	13	8	0	4	17	6	2	81	1	0	38	259	11	18	0	0	1	0	40	0	73	13	10	0	0	0	1	0	0	0	1	0	0	56	333	22	198	1	1	4	3	42	43	38	3	0	8	5	36	3	20	29	83	13	31	13	1	23	2	1	20	5	8	7	0	32	0	11	8	0	2	0	2	0	15	21	0	0	13	5	8	154	13	6	17	0	0	15	0	86	216	2	0	17	51	0	0	0	150	25	5	1	0	16	0	29	0	2	23	5	56	1	7	33	14	16	10	3	0	1	1	2	6	19	41	0	5	12	0	0	1	21	14	1
Root;Bacteria;Fusobacteriota;Fusobacteriia;Fusobacteriales;Fusobacteriaceae;Fusobacterium;Fusobacterium_animalis	KF444249.1.1337	15	13	0	0	9	6	0	0	1	1	10	11	11	20	3	3	0	1	23	26	3	0	0	0	36	3	18	3	5	3	0	11	29	6	2	0	24	8	2	4	0	0	0	0	1	0	0	0	3	0	5	8	2	0	1	1	0	13	0	0	0	0	6	0	1	2	0	11	6	5	1	1	6	1	0	17	0	2	8	0	112	1	0	5	4	1	1	6	2	6	0	9	2	8	1	0	0	5	0	4	1	12	11	0	3	1	98	0	0	2	0	20	35	0	3	0	14	0	6	1	0	4	0	0	8	2	11	0	0	0	0	12	1	16	0	12	6	8	0	0	5	0	0	14	0	12	0	0	4	3	0	0	16	30	2	0	0	34	33	7	19	0	8	21	22	0	3	0	12	45	0	0	1	2	8	0	0	4	42	50	2	3	4	7	14	1	0	10	1	0	7	2	153	0	3	4	8	10	3	2	9	9	0	0	0	0	0	20	16	12	1	13	3	25	1	0	3	3	27	17	2	0	0	0	17	0	17	64	13	16	12	32	39	1	10	0	26	1	0	0	2	0	3	10	60	14	14	19	0	0	0	0	2	0	2	0	0	0	33	18	0	24	6	4	0	4	46	6	42	6	1	6	6	622	0	0	4	7	0	715	25	0	1	0	16	1	173	0	17	1	1	13	5	0	22	4	5	34	34	1	0	4	6	5	286	18	1	8	0	5	2	46	0	43	30	49	16	4	3	3	0	1	239	4	10	0	1	1	0	4	5	0	0	2	0	0	1	14	0	0	2	6	28	3	0	2	0	6	1	1	6	0	0	16	0	9	11	4	8	6	19	3	25	76	15	1	15	1	0	1	94	0	7
Root;Bacteria;Bacteroidota;Bacteroidia;Bacteroidales;Bacteroidaceae;Bacteroides;unclassified_Bacteroides	DQ799481.1.1393	0	0	0	0	0	0	0	0	0	0	0	0	0	0	0	0	0	0	0	0	0	0	0	0	0	0	0	0	0	0	0	0	0	0	0	0	0	0	0	0	0	0	0	0	0	0	0	0	0	0	0	0	0	0	0	0	0	0	0	0	0	0	0	0	0	0	0	0	0	0	0	0	0	0	0	0	0	0	0	0	0	0	0	0	0	0	0	0	0	0	0	0	0	0	0	0	0	0	0	0	0	0	0	0	0	0	0	0	0	0	0	0	0	0	0	0	0	0	0	0	0	0	0	0	0	0	0	0	0	0	0	0	0	0	0	0	0	0	0	0	0	0	0	0	0	0	0	0	0	0	0	0	0	0	0	0	0	0	0	0	0	0	0	0	0	0	0	0	0	0	0	0	0	0	0	0	0	1	0	0	0	0	0	0	0	0	0	0	0	0	0	0	0	0	0	0	0	0	0	0	0	0	0	0	0	0	0	0	0	0	0	0	0	0	0	0	0	0	0	0	0	0	0	0	0	0	0	0	0	0	0	0	0	0	0	0	0	0	0	0	0	0	0	0	0	0	0	0	0	0	0	0	0	0	0	0	0	0	0	0	0	0	0	0	0	0	0	0	0	0	0	0	0	0	0	0	0	0	0	0	0	0	0	0	0	0	0	0	0	0	0	0	0	0	0	0	0	0	0	0	0	0	0	0	0	0	0	0	0	0	0	0	0	0	0	0	0	0	0	0	0	0	0	0	0	0	0	0	0	0	0	0	0	0	0	0	0	0	0	0	0	0	0	0	0	0	0	0	0	0	0	0	0	0	0	0	0	0	0	0	0	0	0	0	0	0	0	0	0	0	0	0	1
Root;Bacteria;Fusobacteriota;Fusobacteriia;Fusobacteriales;Leptotrichiaceae;Leptotrichia;unclassified_Leptotrichia	FJ470467.1.1477	0	1	0	0	0	0	0	0	0	0	0	0	0	0	0	0	0	0	1	0	0	0	0	0	0	0	1	0	0	0	0	0	0	1	0	0	0	0	0	0	0	0	0	1	0	0	0	0	2	0	0	0	0	0	0	0	0	0	0	0	0	0	0	0	0	0	0	0	0	0	0	0	0	0	0	1	0	0	0	0	0	0	0	0	1	0	1	0	0	1	0	0	0	0	0	0	0	0	0	1	0	0	0	0	0	0	0	0	0	0	0	0	1	0	0	0	1	0	0	1	0	0	0	0	0	0	0	0	0	0	0	0	0	0	0	0	0	0	0	0	0	0	0	0	0	0	0	0	0	0	0	0	0	0	0	1	0	0	0	0	0	0	0	0	0	0	0	0	0	0	0	0	0	0	0	0	0	0	0	0	0	0	0	0	0	1	0	0	1	0	0	0	0	0	0	0	0	0	0	0	0	0	0	0	0	0	0	0	0	0	0	0	0	1	0	0	1	0	0	0	0	0	0	0	0	0	0	0	0	0	0	1	0	0	0	0	0	0	0	0	0	0	0	1	1	0	0	0	0	0	0	0	0	0	0	0	0	0	0	0	0	0	0	0	0	0	0	0	0	0	0	0	0	0	0	0	0	0	0	0	1	0	0	0	0	0	0	0	0	0	0	0	0	0	0	0	0	0	0	0	0	0	0	0	0	0	2	0	0	1	0	0	0	0	0	0	0	0	1	0	0	1	0	0	0	0	0	0	0	0	1	0	0	0	0	0	0	1	0	0	0	0	0	0	0	0	0	0	0	0	0	0	0	1	0	1	0	0	0	0	0	2	1	0	0	1	2	0	0	0	0	0	0
Root;Bacteria;Fusobacteriota;Fusobacteriia;Fusobacteriales;Leptotrichiaceae;Streptobacillus;unclassified_Streptobacillus	HM255359.1.1340	0	0	0	0	0	0	0	0	0	0	0	0	0	0	0	0	0	0	0	0	0	0	0	0	0	0	0	0	0	0	0	0	0	0	0	0	0	0	0	0	0	0	0	0	0	0	0	0	0	0	0	0	0	0	0	0	0	0	0	0	0	0	0	0	0	0	0	0	0	0	0	0	0	0	0	0	0	0	0	0	0	0	0	0	0	0	0	0	0	0	0	2	0	0	0	0	0	0	0	0	0	0	0	0	0	0	0	0	0	0	0	0	0	0	0	0	0	0	0	0	0	0	0	0	0	0	0	0	0	0	0	0	0	0	0	0	0	0	0	0	0	0	0	0	0	0	0	0	0	0	0	0	0	0	0	0	0	0	0	0	0	0	0	0	0	0	0	0	0	0	0	0	0	0	0	0	0	0	0	0	0	0	0	0	0	0	0	0	0	0	0	0	0	0	0	0	0	0	0	0	0	0	0	0	0	0	0	0	0	0	0	0	0	0	0	0	0	0	0	0	0	0	0	0	0	0	0	0	0	0	0	0	0	0	0	0	0	0	0	0	0	0	0	0	0	0	0	0	0	0	0	0	0	0	0	0	0	0	0	0	0	0	0	0	0	0	0	0	0	0	0	0	0	0	0	0	0	0	0	0	0	0	0	0	0	0	0	0	0	0	0	0	0	0	0	0	0	0	0	0	0	0	0	0	0	0	0	0	0	0	0	0	0	0	0	0	0	0	0	0	0	0	0	0	0	0	0	0	0	0	0	0	0	0	0	0	0	0	0	0	0	0	0	0	0	0	0	0	0	0	0	0	0	0	0	0	0	0	0	0	0	0	0	0	0	0	0	0	0	0	0	0	0
Root;Bacteria;Firmicutes_A;Clostridia;Lachnospirales;Lachnospiraceae;Oribacterium;Oribacterium_sp000160135	GU400587.1.1441	0	0	0	0	0	0	0	0	0	0	0	0	0	0	0	0	0	0	0	0	0	0	0	0	0	0	0	0	0	0	0	0	0	0	0	0	0	0	0	0	0	0	0	0	0	0	0	0	0	0	0	0	0	0	0	0	0	0	0	0	0	0	0	0	0	0	0	0	0	0	0	0	0	0	0	0	0	0	0	0	0	0	0	0	0	0	0	0	0	0	0	0	0	0	0	0	0	0	0	0	0	0	0	0	0	0	0	0	0	0	0	0	0	0	0	0	0	0	0	0	0	0	0	0	0	0	0	0	0	0	0	0	0	0	0	0	0	0	0	0	0	0	0	0	0	0	0	0	0	0	0	0	0	0	0	0	0	0	0	0	0	0	0	0	0	0	0	0	0	0	0	0	0	0	0	0	0	0	0	0	0	0	0	0	0	0	0	0	0	0	0	0	0	0	0	0	0	0	0	0	0	0	0	0	0	0	0	0	0	0	0	0	0	0	0	0	0	0	0	0	0	0	0	0	0	0	0	0	0	0	0	0	0	0	0	0	0	0	0	0	0	0	0	0	0	0	0	0	0	0	0	0	0	0	0	0	0	0	0	0	0	0	1	0	0	0	0	0	0	0	0	0	0	0	0	0	0	0	0	0	0	0	0	0	0	0	0	0	0	0	0	0	0	0	1	0	0	0	0	0	0	0	0	0	0	0	0	0	0	0	0	0	0	0	0	0	0	0	0	0	0	0	0	0	0	0	0	0	0	0	0	0	0	0	0	0	0	0	0	0	0	0	0	0	0	0	0	0	0	0	0	0	0	0	0	0	0	0	0	0	0	0	0	0	0	0	0	0	0	0	0	0	0
Root;Bacteria;Bacteroidota;Bacteroidia;Bacteroidales;Rikenellaceae;Alistipes;unclassified_Alistipes	AY916247.1.1354	0	0	0	0	0	0	0	0	0	0	0	0	0	0	0	0	0	0	0	0	0	0	0	0	0	0	0	0	0	0	0	0	0	0	0	0	0	0	0	0	0	0	0	0	0	0	0	0	0	0	0	0	0	0	0	0	0	0	0	0	0	0	0	0	0	0	0	0	0	0	0	0	0	0	0	0	0	0	0	0	0	0	0	0	0	0	0	0	0	0	0	0	0	0	0	0	0	0	0	0	0	0	0	0	0	0	0	0	0	0	0	0	0	0	0	0	0	0	0	0	0	0	0	0	0	0	0	0	0	0	0	0	0	0	0	0	0	0	0	0	0	0	0	0	0	0	0	0	0	0	0	0	0	0	0	0	0	0	0	0	0	0	0	0	0	0	0	0	0	0	0	0	0	0	0	0	0	0	0	0	0	0	0	0	0	0	0	0	0	0	0	0	0	1	0	0	0	0	0	0	0	0	0	0	0	0	0	0	0	0	0	0	0	0	0	0	0	0	0	0	0	0	0	0	0	0	0	0	0	0	0	0	0	0	0	0	0	0	0	0	0	0	0	0	0	0	0	0	0	0	0	0	0	0	0	0	0	0	0	0	0	0	0	0	0	0	0	0	0	0	0	0	0	0	0	0	0	0	0	0	0	0	0	0	0	0	0	0	0	0	0	0	0	0	0	0	0	0	0	0	0	0	0	0	0	0	0	0	0	0	0	0	0	0	0	0	0	0	0	0	0	0	0	0	0	0	0	0	0	0	0	0	0	0	0	0	0	0	0	0	0	0	0	0	0	0	0	0	0	0	0	0	0	0	0	0	0	0	0	0	0	0	0	0	0	0	0	0	0	0	0	0	0
Root;Bacteria;Actinobacteriota;Actinomycetia;Actinomycetales;Micrococcaceae;Rothia;Rothia_aeria	GQ007787.1.1346	0	0	0	0	45	48	1	1	1	3	0	0	35	61	0	0	4	5	46	52	18	19	10	11	10	17	0	330	435	25	1	15	2	12	112	6	6	6	73	366	151	150	587	115	68	161	48	78	18	149	11	9	1	204	224	202	301	8	276	88	1	74	33	22	4	6	68	11	3	45	28	42	268	151	68	2	35	81	0	0	57	9	20	0	10	18	14	7	1	14	0	14	48	0	69	0	21	35	0	26	0	16	1	10	34	14	16	51	3	10	23	14	13	4	24	0	1	0	38	8	0	4	31	43	64	69	58	61	88	0	2	34	275	12	0	26	79	9	10	0	4	0	5	4	53	37	0	3	2	1	8	0	3	0	2	12	49	10	2	16	0	17	40	23	14	0	11	1	0	11	2	0	8	1	0	4	5	15	79	30	0	0	5	9	4	0	1	7	4	0	10	14	3	20	38	42	2	2	1	36	16	21	6	5	2	2	33	0	56	84	2	1	2	4	24	2	7	6	21	25	43	1	73	2	2	0	3	4	15	0	0	126	24	631	0	0	0	2	1	1	1	0	4	54	34	0	9	11	34	58	286	36	24	0	0	134	5	293	3	68	19	0	9	2	0	0	0	4	11	36	2	1	44	57	39	23	3	3	17	36	19	81	96	0	64	187	0	98	31	191	272	5	0	12	8	9	0	4	21	95	0	0	36	0	0	0	37	1	0	13	2	1	0	2	5	0	0	2	0	13	6	28	0	23	138	0	114	109	1	1	85	0	504	811	91	149	0	7	0	8	25	0	3	19	17	86	1	14	1	9	3	603	46	12	1	20	11	0	58	13	4	15	102	183	53	12	19	0	0	18	40	262	40
Root;Bacteria;Bacteroidota;Bacteroidia;Flavobacteriales;Flavobacteriaceae;Capnocytophaga;unclassified_Capnocytophaga	JQ451834.1.1300	0	0	0	0	0	0	0	0	0	1	3	3	0	0	1	1	0	0	0	0	0	0	17	24	0	0	2	0	0	0	0	8	0	2	61	0	0	0	0	30	0	1	0	2	0	0	0	0	1	0	0	0	2	0	0	0	0	0	0	0	0	0	0	0	0	0	0	14	13	2	0	0	0	0	7	15	0	0	0	0	0	0	0	1	3	1	17	0	25	4	0	2	0	0	0	0	0	0	0	43	0	30	1	0	0	0	0	0	0	0	0	0	0	0	4	0	0	0	0	7	0	0	0	0	0	0	10	0	0	0	0	5	0	0	0	0	0	21	2	0	0	0	0	0	0	4	0	0	5	0	12	18	12	0	0	4	0	0	18	2	1	0	2	0	0	0	0	3	2	0	1	0	0	0	2	0	12	0	0	0	0	0	0	0	0	15	6	57	0	0	0	0	0	0	23	19	12	0	2	0	0	0	15	0	0	0	0	18	0	0	0	0	0	1	0	0	29	33	1	0	1	0	3	0	0	0	16	2	95	2	0	11	0	0	5	0	2	0	11	0	0	0	0	0	28	5	0	7	2	0	0	1	0	0	0	0	0	0	22	0	0	0	0	0	0	1	4	0	0	0	0	1	0	0	0	0	1	0	0	0	0	0	0	0	57	0	7	21	0	0	1	1	0	0	51	1	0	0	3	0	0	2	1	2	0	5	6	1	0	5	0	0	0	0	0	1	0	47	2	0	0	0	0	0	2	0	17	0	0	0	0	0	0	0	1	0	1	38	12	0	0	7	0	0	0	115	21	3	0	1	0	5	0	0	0	40	0	0	1	0	8	1	0	19	2	2	0	0	0	6	0	0	0
Root;Bacteria;Actinobacteriota;Actinomycetia;Actinomycetales;Micrococcaceae;Rothia;Rothia_aeria	JF089542.1.1348	0	0	0	0	0	0	0	0	0	0	0	0	0	0	0	0	0	0	0	0	0	0	0	0	0	0	0	0	1	0	0	0	0	0	1	0	6	14	0	1	1	1	0	0	0	0	1	0	0	0	0	0	0	2	0	0	0	0	0	0	0	0	0	0	0	0	0	0	0	0	1	0	2	0	0	0	0	0	0	0	0	0	0	0	0	0	0	0	0	2	0	1	0	0	0	0	0	0	0	0	0	0	0	0	0	2	0	0	0	0	0	0	0	0	0	0	0	0	3	0	0	0	0	0	0	0	0	1	0	0	0	0	1	0	0	0	0	0	0	0	0	0	0	0	1	0	0	0	0	0	0	0	0	0	1	0	0	2	0	0	0	1	0	0	1	0	0	0	0	0	0	0	0	0	1	0	3	2	1	0	0	0	0	0	0	1	0	0	0	0	0	0	0	2	0	0	7	0	0	1	0	0	0	0	0	0	0	0	1	0	0	0	0	0	1	0	0	0	0	0	0	0	0	0	0	0	0	0	0	0	0	1	0	1	0	0	0	0	0	0	0	0	0	1	1	0	0	0	0	0	2	0	0	0	0	0	0	0	0	0	3	0	0	0	0	0	0	0	0	0	0	0	0	0	0	2	0	0	1	0	0	0	0	0	0	3	0	8	0	0	0	0	0	3	0	0	0	0	0	0	0	0	0	0	1	0	0	0	0	0	0	0	0	3	6	0	0	0	0	0	0	0	0	0	0	0	3	0	0	0	0	0	4	2	0	0	0	0	0	0	0	0	0	0	0	0	0	1	0	0	0	0	0	0	0	0	0	0	1	0	0	0	0	2	0	0	0	0	0	0	0	0	0
Root;Bacteria;Bacteroidota;Bacteroidia;Bacteroidales;Bacteroidaceae;Prevotella;Prevotella_pallens	GQ025667.1.1361	2	0	0	0	0	0	0	0	4	4	2	3	0	0	0	0	0	0	0	0	0	0	0	0	0	0	0	0	0	0	0	0	0	0	0	0	0	0	0	0	0	1	0	0	0	0	0	0	0	0	0	0	0	0	0	0	0	0	0	0	0	0	0	1	0	0	0	0	0	6	0	0	0	1	0	0	0	0	0	0	0	0	0	0	0	1	0	0	0	0	0	0	0	2	0	0	0	0	0	1	0	0	0	2	4	0	0	0	0	0	0	0	0	0	0	0	34	0	0	15	0	0	0	2	0	0	0	0	1	0	0	97	0	0	0	0	0	0	0	0	0	0	0	0	0	0	0	0	0	0	0	0	0	0	0	0	0	0	0	0	0	0	0	0	0	53	0	0	0	0	0	0	0	0	0	0	0	0	0	0	0	0	6	2	0	0	0	0	8	0	5	6	0	0	0	0	0	0	0	0	0	0	0	0	0	0	0	0	0	0	0	0	0	0	0	0	0	0	0	0	3	0	44	0	0	0	0	0	0	0	0	0	0	0	0	0	0	5	0	0	0	0	0	0	0	0	0	2	0	0	1	0	0	3	0	0	0	0	0	0	0	0	0	0	32	0	0	0	0	0	0	0	0	0	10	0	2	0	0	28	0	1	1	0	12	0	0	0	1	0	0	189	16	0	0	0	0	1	0	0	0	0	0	0	7	0	0	0	0	3	0	0	0	0	0	0	0	0	0	6	0	0	0	0	5	0	5	0	0	0	0	0	3	0	0	0	0	0	0	0	0	0	0	0	0	0	0	0	0	0	0	1	0	0	47	54	0	0	6	0	0	0	0	2	0	12	1	0	0	0	0	0	0
Root;Bacteria;Proteobacteria;Gammaproteobacteria;Burkholderiales;Burkholderiaceae;Lautropia;Lautropia_mirabilis	JQ456217.1.1331	0	0	0	1	3	3	0	1	4	2	6	8	2	2	0	2	0	0	9	6	1	2	3	2	5	6	2	2	0	15	13	7	1	9	4	6	14	6	16	37	85	43	9	12	11	70	14	17	14	3	9	1	1	53	40	16	9	1	2	4	0	3	2	2	71	99	0	2	0	35	14	2	4	2	8	31	4	3	0	0	2	5	14	0	12	4	0	2	0	5	3	10	56	0	16	19	6	5	4	0	1	0	1	3	7	2	1	8	14	14	0	0	1	4	7	0	3	0	3	1	0	0	20	26	11	10	45	60	37	0	6	8	1	5	6	0	0	0	15	29	1	0	0	5	163	1	0	0	48	60	7	0	1	0	0	4	176	0	0	65	0	11	92	6	3	0	4	0	0	19	0	0	0	20	0	4	1	0	1	1	0	0	1	1	5	4	8	11	20	0	9	4	0	6	5	1	12	4	0	9	0	3	0	3	2	3	16	8	43	74	84	0	4	0	1	0	4	2	5	1	19	3	23	26	1	0	0	1	0	14	0	11	3	10	0	0	1	12	2	1	0	0	0	13	0	1	11	15	1	36	0	28	0	0	5	6	12	11	0	1	6	2	3	3	0	0	4	1	3	3	0	6	12	27	7	44	0	3	17	6	9	30	16	4	0	5	0	3	2	13	19	1	0	6	0	0	0	4	0	26	1	1	9	0	15	0	0	0	0	87	8	0	0	8	4	0	0	527	74	2	16	7	0	16	1	0	8	22	13	62	4	0	89	57	8	184	1	4	3	4	2	0	3	0	12	1	12	60	3	1	22	16	58	5	0	1	2	0	0	0	1	11	1	19	3	3	23	8	0	0	2	71	37
Root;Bacteria;Proteobacteria;Gammaproteobacteria;Enterobacterales;Pasteurellaceae;Haemophilus_A;Haemophilus_A_sputorum	JF058250.1.1351	0	0	2	0	0	0	0	0	0	0	0	0	0	0	0	0	0	0	0	0	0	1	2	0	0	2	0	3	9	0	0	0	0	0	1	9	0	0	0	0	0	0	0	0	0	0	0	1	1	3	0	0	0	0	2	0	0	0	0	0	0	0	0	1	0	1	0	0	0	0	0	0	1	0	0	0	0	0	0	0	0	1	0	0	0	0	0	0	0	3	0	0	0	0	0	0	0	0	0	0	0	0	1	0	0	0	0	1	0	0	0	0	0	1	8	0	0	0	0	0	0	0	0	0	0	0	1	0	0	0	1	2	1	0	0	0	0	0	0	0	0	0	0	1	1	0	0	0	0	1	0	0	3	0	0	0	2	0	0	0	0	0	0	2	9	3	2	0	0	2	0	0	0	3	0	0	0	0	0	0	0	0	0	0	0	0	0	0	0	0	0	0	0	0	0	0	0	0	0	0	0	0	0	0	0	1	0	0	0	0	0	0	0	0	0	0	0	0	0	0	1	0	1	0	0	0	0	0	0	0	0	0	0	0	0	0	1	0	0	0	0	0	0	0	0	0	0	0	0	0	0	0	0	0	0	0	0	0	0	1	0	0	1	0	0	0	0	0	0	1	1	0	1	3	0	0	0	0	0	0	0	0	0	0	0	0	0	0	0	1	0	0	0	0	0	0	0	0	0	0	0	5	0	0	0	0	0	0	0	3	0	0	0	0	0	0	0	0	0	0	0	0	0	1	0	0	1	0	0	3	0	0	0	0	0	0	0	0	0	0	0	0	0	0	0	0	0	0	0	0	0	3	0	0	0	0	0	0	0	0	0	0	0	0	0	0	0	0	0	0	0	0	0
Root;Bacteria;Firmicutes;Bacilli;Lactobacillales;Streptococcaceae;Streptococcus;Streptococcus_anginosus_C	JX993435.1.1404	2	4	0	0	0	0	0	1	0	0	0	0	0	0	0	0	2	0	0	0	0	0	0	0	3	0	1	1	0	0	0	1	0	0	14	0	5	5	15	0	0	0	0	0	3	0	0	0	0	0	0	0	2	0	0	0	0	0	0	0	0	0	1	1	0	0	1	0	0	0	0	0	0	0	1	1	0	0	0	0	2	0	0	0	0	1	0	0	0	0	0	0	0	0	0	0	0	0	0	0	0	0	1	0	0	0	0	0	0	0	0	1	1	0	0	0	1	0	0	0	0	0	0	0	0	0	0	0	0	0	0	0	0	0	0	0	0	0	0	0	1	0	3	0	0	0	0	0	0	0	0	0	0	0	1	0	0	1	2	0	1	0	0	0	0	0	0	0	0	4	0	0	3	0	1	0	0	1	0	0	0	0	0	0	1	0	0	0	1	0	0	0	0	0	0	0	0	0	1	0	0	0	0	0	0	0	0	0	0	0	0	1	0	1	0	0	0	0	0	0	0	0	0	0	0	0	7	0	0	0	0	0	3	0	0	0	1	0	0	1	0	0	0	1	0	0	0	0	0	0	0	0	1	1	0	5	0	0	1	0	0	2	2	0	0	0	0	0	1	0	0	1	0	0	0	0	0	0	0	0	0	1	0	1	0	0	0	0	0	0	1	0	0	0	2	1	0	15	0	0	0	0	0	0	14	1	0	0	0	0	0	6	0	33	33	3	1	0	0	0	0	0	0	0	4	0	0	0	0	0	0	0	1	0	0	0	0	0	0	0	0	0	3	0	0	1	0	0	0	1	0	0	1	0	0	0	2	0	3	0	2	2	0	2	0	0	0	0	0	0	0	0	3
Root;Bacteria;Actinobacteriota;Actinomycetia;Actinomycetales;Actinomycetaceae;Actinomyces;unclassified_Actinomyces	GU940721.1.1398	5	2	0	0	18	25	0	1	30	37	28	16	11	9	0	0	8	15	5	6	3	1	20	17	11	1	1	70	73	11	4	0	0	4	65	0	22	20	9	69	23	29	45	147	34	1	97	0	7	5	18	46	3	41	26	28	2	27	31	100	0	164	2	8	5	3	2	4	5	14	1	83	32	12	58	7	89	180	6	0	13	1	0	0	6	10	7	18	1	1	0	0	61	17	37	11	13	9	2	42	9	8	2	41	1	3	5	9	3	1	2	4	0	1	1	0	9	0	1	6	0	2	1	4	35	20	17	31	16	0	18	7	50	3	0	0	0	1	5	2	0	0	12	41	2	26	0	6	0	1	4	1	1	4	1	21	327	13	19	75	12	33	21	0	2	0	5	1	4	24	3	2	2	0	1	2	1	9	1	16	2	3	1	1	14	3	2	2	1	0	7	4	4	6	2	2	0	27	4	19	13	23	6	5	1	65	35	5	1	4	1	1	2	12	4	0	5	5	44	66	0	0	8	2	9	0	2	2	1	1	5	21	3	19	20	0	1	91	4	1	1	0	2	0	2	72	0	1	77	1	6	18	2	4	65	51	19	6	29	2	5	1	16	4	0	1	0	13	30	8	0	1	7	0	17	2	19	1	5	19	52	5	0	0	60	65	1	16	0	38	2	6	1	30	2	3	0	10	0	10	0	0	6	0	547	50	1	52	0	42	11	1	165	33	32	3	3	2	1	1	4	0	0	68	7	0	12	5	2	3	7	0	19	28	206	3	0	46	0	13	7	0	88	0	4	41	3	1	0	1	1	19	28	15	0	36	5	3	24	7	0	6	0	178	53	6	16	0	0	33	20	38	40
Root;Bacteria;Bacteroidota;Bacteroidia;Bacteroidales;Bacteroidaceae;Bacteroides;Bacteroides_stercoris	EU467709.1.1380	0	0	0	0	0	0	0	0	0	0	0	0	0	0	0	0	0	0	0	0	0	0	0	0	0	0	0	0	0	0	0	0	0	0	0	0	0	0	0	0	0	0	0	0	0	0	0	0	0	0	0	0	0	0	0	0	0	0	0	0	0	0	0	0	0	0	0	0	0	0	0	0	0	0	0	0	0	0	0	0	0	0	0	0	0	0	0	0	0	0	0	0	0	0	0	0	0	0	0	0	0	0	0	0	0	0	0	0	0	0	0	0	0	0	0	0	0	0	0	0	0	0	0	0	0	0	0	0	0	0	0	0	0	0	0	0	0	0	0	0	0	0	0	0	0	0	0	0	0	0	0	0	0	0	0	0	0	0	0	0	0	0	0	0	0	0	0	0	0	0	0	0	0	0	0	0	0	7	0	0	0	0	0	0	0	0	0	0	0	0	0	0	0	0	0	0	0	0	0	0	0	0	0	0	0	0	0	0	0	0	0	0	0	0	0	0	0	0	0	0	0	0	0	0	0	0	0	0	0	0	0	0	0	0	0	0	0	0	0	0	0	0	0	0	0	0	0	0	0	0	0	0	0	0	0	0	0	0	0	0	0	0	0	0	0	0	0	0	0	0	0	0	0	0	0	0	0	0	0	0	0	0	0	0	0	0	0	0	0	0	0	0	0	0	0	0	0	0	0	0	0	0	0	0	0	0	0	0	0	0	0	0	0	0	0	0	0	0	0	0	0	0	0	0	0	0	0	0	0	0	0	0	0	0	0	0	0	0	0	0	0	0	0	0	0	0	0	0	0	0	0	0	0	0	0	0	0	0	0	0	1	0	0	0	0	0	0	0	0	0	0	0	0
Root;Bacteria;Proteobacteria;Gammaproteobacteria;Enterobacterales;Pasteurellaceae;Haemophilus;unclassified_Haemophilus	JQ471193.1.1440	0	1	5	11	0	0	10	12	0	1	0	0	1	5	0	1	7	5	4	4	3	2	2	2	0	0	0	0	0	4	0	2	7	5	0	142	4	3	0	12	7	1	0	1	2	0	23	3	0	13	1	0	0	0	91	67	49	0	1	3	0	6	32	2	0	1	5	3	5	3	3	0	1	0	10	4	0	8	0	0	1	0	15	0	0	0	0	3	0	10	0	4	0	73	15	0	0	1	0	1	0	9	8	24	0	4	18	24	0	1	82	0	1	1	7	0	0	0	1	1	0	1	0	0	4	6	0	0	2	0	17	4	0	0	0	8	2	14	0	0	0	0	0	2	16	0	0	1	0	3	0	2	73	0	0	0	12	3	1	0	5	2	0	0	0	27	0	1	0	1	14	0	1	0	0	1	0	0	0	58	1	2	0	1	0	0	0	0	1	0	0	0	0	3	0	0	0	1	0	0	36	17	2	2	0	0	0	0	6	7	1	0	0	0	1	0	0	1	39	43	1	0	4	0	0	0	1	0	0	0	1	0	5	0	0	0	0	2	2	0	1	0	0	0	1	0	0	0	0	30	6	1	1	6	0	5	0	28	0	67	2	8	1	24	5	0	0	0	0	3	0	0	0	3	0	0	88	8	25	0	4	0	0	1	1	7	1	1	3	7	1	0	0	15	1	0	1	1	0	2	0	1	2	5	1	0	0	0	0	0	0	0	0	0	5	0	0	0	0	1	6	1	22	3	8	0	0	0	1	2	1	0	0	0	1	0	1	16	0	5	0	0	0	5	1	0	0	3	0	0	0	2	3	0	0	0	0	1	15	0	5	3	4	50	0	0	0	0	0	0	0	7	0
Root;Bacteria;Bacteroidota;Bacteroidia;Bacteroidales;Bacteroidaceae;Prevotella;Prevotella_oralis	ATFN01000012.285381.286903	23	23	0	0	0	1	1	0	0	0	0	0	0	0	0	0	0	0	0	0	0	0	0	0	39	0	0	0	0	0	0	0	0	42	0	0	0	0	9	0	0	0	0	0	0	0	0	0	0	0	0	0	0	0	0	0	0	0	0	0	0	0	0	0	0	0	0	0	0	0	0	0	0	0	0	0	0	0	0	0	0	1	0	0	0	0	0	8	0	0	0	0	0	0	0	0	0	19	0	0	0	0	0	0	0	1	0	0	0	8	2	4	0	0	0	0	20	0	12	0	0	0	0	0	0	0	0	0	0	0	0	0	0	0	0	0	0	0	2	0	31	0	6	0	0	0	0	0	0	0	0	0	22	0	0	0	0	0	3	2	5	0	0	17	0	0	0	1	12	0	0	0	0	0	34	0	20	0	8	0	0	0	0	0	0	0	0	0	0	0	0	0	21	0	11	17	0	0	3	0	2	1	0	17	0	0	0	0	0	0	0	0	0	0	0	0	0	0	0	0	0	0	0	0	110	0	0	0	0	0	0	0	82	0	0	0	0	0	0	0	0	0	0	0	0	0	114	26	0	0	0	0	0	0	15	0	0	0	0	0	0	3	1	0	0	17	60	14	29	12	0	1	0	100	0	0	0	0	0	0	0	0	0	0	24	0	0	0	0	0	0	88	4	0	48	0	22	2	0	0	1	1	0	23	0	9	23	0	0	0	0	0	0	0	0	0	0	0	0	0	0	2	0	0	0	0	0	0	0	0	25	0	0	0	0	0	0	0	0	0	0	0	0	0	0	0	0	0	0	0	0	0	0	9	0	0	13	2	0	0	0	0	5	0	5	0	0	0	0	0	0	0	2
Root;Bacteria;Bacteroidota;Bacteroidia;Flavobacteriales;Flavobacteriaceae;Capnocytophaga;Capnocytophaga_sp000192225	FJ983024.1.1520	0	0	0	0	0	0	0	0	0	0	0	0	0	0	0	0	0	0	0	0	0	0	0	0	0	0	0	0	0	0	0	0	0	0	0	0	0	0	0	0	0	0	0	0	0	0	0	0	0	0	0	0	0	0	0	0	0	0	0	0	0	0	0	0	0	0	0	0	0	0	0	0	0	0	0	0	0	0	0	0	0	0	0	0	0	0	0	0	0	0	0	0	0	0	0	0	0	0	0	0	0	0	0	0	0	0	0	0	0	0	0	0	0	0	0	0	0	0	0	0	0	0	0	0	0	0	0	0	0	0	0	0	0	0	0	0	0	0	0	0	0	0	0	0	0	0	0	0	0	0	0	0	0	0	0	0	0	0	0	0	0	0	0	0	0	0	0	0	0	0	0	0	0	0	0	0	0	0	1	0	0	0	0	0	0	0	0	0	0	0	0	0	0	0	0	0	0	0	0	0	0	0	0	0	0	0	0	0	0	0	0	0	0	0	0	0	0	0	0	0	0	0	0	0	0	0	0	0	0	0	0	0	0	0	0	0	0	0	0	0	0	0	0	0	0	0	0	0	0	0	0	0	0	0	0	0	0	0	0	0	0	0	0	0	0	0	0	0	0	0	0	0	0	0	0	0	0	0	0	0	0	0	0	0	0	0	0	0	0	0	0	0	0	0	0	0	0	0	0	0	0	0	0	0	0	0	0	0	0	0	0	0	0	0	0	0	0	0	0	0	0	0	0	0	0	0	0	0	0	0	0	0	0	0	0	0	0	0	0	0	0	0	0	0	0	0	0	0	0	0	0	0	0	0	0	0	0	0	0	0	0	0	0	0	0	0	0	0	0	0	1	0	0
Root;Bacteria;Bacteroidota;Bacteroidia;Bacteroidales;Bacteroidaceae;Bacteroides;unclassified_Bacteroides	HQ744803.1.1434	0	0	0	0	0	0	0	0	0	0	0	0	0	0	0	0	0	0	0	0	0	0	0	0	0	0	0	0	0	0	0	0	0	0	0	0	0	0	0	0	0	0	0	0	0	0	0	0	0	0	0	0	0	0	0	0	0	0	0	0	0	0	0	0	0	0	0	0	0	0	0	0	0	0	0	0	0	0	0	0	0	0	0	0	0	0	0	0	0	0	0	0	0	0	0	0	0	0	0	0	0	0	0	0	0	0	0	0	0	0	0	0	0	0	0	0	0	0	0	0	0	0	0	0	0	0	0	0	0	0	0	0	0	0	0	0	0	0	0	0	0	0	0	0	0	0	0	0	0	0	0	0	0	0	0	0	0	0	0	0	0	0	0	0	0	0	0	0	0	0	0	0	0	0	0	0	0	0	0	0	0	0	0	0	0	0	0	0	0	2	0	0	0	0	0	0	0	0	0	0	0	0	0	0	0	0	0	0	0	0	0	0	0	0	0	0	0	0	0	0	0	0	0	0	0	0	0	0	0	0	0	0	0	0	0	0	0	0	0	0	0	0	0	0	0	0	0	0	0	0	0	0	0	0	0	0	0	0	0	0	0	0	0	0	0	0	0	0	0	0	0	0	0	0	0	0	0	0	0	0	0	0	0	0	0	0	0	0	0	0	0	0	0	0	0	0	0	0	0	0	0	0	0	0	0	0	0	0	0	0	0	0	0	0	0	0	0	0	0	0	0	0	0	0	0	0	0	0	0	0	0	0	0	0	0	0	0	0	0	0	0	0	0	0	0	0	0	0	0	0	0	0	0	0	0	0	0	0	0	0	1	0	0	0	1	0	0	0	0	0	0	0	0
Root;Bacteria;Bacteroidota;Bacteroidia;Flavobacteriales;Flavobacteriaceae;Capnocytophaga;Capnocytophaga_bilenii	DQ012296.1.1485	0	0	0	0	0	0	2	1	0	0	0	0	3	3	1	0	0	0	0	0	0	0	0	0	0	0	163	0	0	0	0	6	0	2	0	0	1	2	0	0	0	0	0	0	0	0	0	0	195	0	0	0	0	0	0	0	0	4	116	1	0	0	41	0	0	0	0	0	0	0	0	0	0	0	0	35	0	0	0	0	0	0	2	0	69	106	0	0	0	0	0	3	0	0	0	0	0	0	0	0	0	0	0	0	0	0	0	0	0	65	0	0	0	0	3	0	0	0	38	245	0	0	0	0	0	0	0	0	0	0	0	12	8	1	0	0	0	0	0	0	0	0	0	0	2	0	0	1	4	27	0	0	0	0	0	0	0	0	0	0	0	0	16	5	4	0	0	0	0	0	0	0	0	1	0	0	0	0	2	0	0	0	11	15	0	0	0	0	0	0	0	0	0	0	0	0	0	0	0	0	2	0	0	2	0	0	0	0	0	0	51	0	0	57	0	0	95	114	0	0	2	0	0	0	0	0	0	27	3	0	5	0	0	0	0	0	35	1	0	0	0	0	0	9	33	0	15	12	0	0	0	41	0	0	0	0	0	0	0	1	14	0	0	0	0	4	16	0	0	0	10	0	0	0	0	0	0	0	0	1	0	8	0	0	0	0	4	4	46	0	0	0	0	0	0	0	0	0	1	0	0	0	19	0	0	0	19	0	0	0	0	0	0	9	2	0	0	0	0	0	0	1	0	1	0	0	0	0	0	0	0	0	0	0	9	0	0	0	0	4	0	0	0	0	0	0	5	0	0	0	0	0	0	42	6	70	0	0	0	0	0	81	0	0	17	84	17	0	0	0	0	0	0
Root;Bacteria;Firmicutes;Bacilli;Lactobacillales;Streptococcaceae;Streptococcus;unclassified_Streptococcus	HM021549.1.1459	11	11	6	3	2	0	4	2	1	1	2	2	3	0	1	1	0	1	1	1	2	0	1	3	12	2	12	13	27	2	0	1	0	3	85	0	36	23	21	3	1	0	0	0	8	0	7	1	0	4	0	3	8	1	0	1	6	6	0	1	2	3	5	3	2	3	27	0	0	3	0	0	7	3	5	6	0	1	3	0	8	1	7	0	7	6	0	0	0	0	0	2	0	2	0	0	0	4	0	5	0	2	0	4	0	4	2	0	0	0	3	6	1	0	2	0	3	0	8	1	0	31	0	0	0	0	0	1	2	0	25	1	0	0	0	13	14	0	2	1	1	0	10	2	0	0	0	0	1	0	1	1	4	1	1	2	2	5	1	0	2	0	7	4	1	2	1	0	0	22	1	0	17	2	2	1	0	5	6	3	0	0	0	1	0	0	0	0	0	0	2	4	0	1	2	3	0	0	5	0	1	2	2	3	0	0	5	0	0	1	0	3	2	0	2	0	9	11	1	1	0	0	0	0	0	0	33	2	1	0	2	1	0	0	15	0	1	1	0	1	2	0	0	5	1	3	11	2	0	0	1	1	4	9	0	19	1	2	12	6	0	1	14	5	0	0	0	1	0	1	1	0	2	13	1	0	2	6	7	26	1	4	1	0	6	5	0	2	2	0	0	1	0	0	6	4	1	56	1	3	1	0	0	1	56	2	0	16	0	6	0	22	13	172	117	5	4	0	0	2	0	0	3	1	24	0	8	0	0	0	1	0	0	6	6	3	1	6	0	6	0	0	4	1	1	2	1	0	0	2	12	8	6	1	0	1	10	4	34	6	8	4	17	13	0	0	2	0	0	1	0	1	10
Root;Bacteria;Fusobacteriota;Fusobacteriia;Fusobacteriales;Fusobacteriaceae;Fusobacterium;unclassified_Fusobacterium	JF150501.1.1356	0	0	0	0	2	0	0	0	0	0	0	0	0	0	0	0	1	0	0	0	1	2	0	0	3	0	0	0	0	0	0	5	0	0	0	0	0	0	0	0	21	11	0	1	0	0	0	0	1	0	0	0	2	0	0	2	0	15	0	0	0	0	22	0	0	0	0	0	0	27	0	0	0	0	40	0	0	0	0	0	0	0	0	0	0	0	0	0	0	0	0	6	0	0	0	0	6	0	0	0	0	0	0	2	0	9	0	0	0	2	0	0	13	0	0	0	0	0	2	13	0	0	0	0	5	3	0	18	17	0	0	0	0	0	0	0	0	0	0	0	0	0	0	0	0	0	0	0	1	9	0	0	0	0	0	0	0	0	0	0	0	0	0	6	61	0	0	0	0	0	0	0	0	4	0	0	0	0	0	0	0	0	12	17	0	0	0	0	0	0	1	0	0	0	3	3	0	2	0	0	0	0	0	0	0	0	0	0	0	0	0	0	0	1	0	0	0	0	0	0	0	0	0	0	0	0	0	15	0	0	0	1	1	0	0	0	0	0	0	1	0	0	0	0	3	0	0	0	11	0	0	0	0	0	0	0	0	0	0	0	0	0	0	0	0	0	0	0	0	0	0	0	0	0	0	0	0	0	0	0	0	0	0	2	0	0	0	0	0	0	1	0	0	0	1	8	0	0	51	0	0	0	0	0	0	0	0	0	0	0	0	0	0	0	0	0	0	0	0	0	0	8	0	0	0	0	0	0	0	0	0	0	0	0	1	0	0	0	0	0	0	0	0	0	0	0	0	0	0	0	0	0	0	0	0	14	1	0	0	0	0	0	0	0	1	0	1	0	0	0	0	0	0
Root;Bacteria;Firmicutes_A;Clostridia;Oscillospirales;Ruminococcaceae;Ruminococcus_D;Ruminococcus_D_bicirculans	JF162368.1.1339	0	0	0	0	0	0	0	0	0	0	0	0	0	0	0	0	0	0	0	0	0	0	0	0	0	0	0	0	0	0	0	0	0	0	0	0	0	0	0	0	0	0	0	0	0	0	0	0	0	0	0	0	0	0	0	0	0	0	0	0	0	0	0	0	0	0	0	0	0	0	0	0	0	0	0	0	0	0	0	0	0	0	0	0	0	0	0	0	0	0	0	0	0	0	0	0	0	0	0	0	0	0	0	0	0	0	0	0	0	0	0	0	0	0	0	0	0	0	0	0	0	0	0	0	0	0	0	0	0	0	0	0	0	0	0	0	0	0	0	0	0	0	0	0	0	0	0	0	0	0	0	0	0	0	0	0	0	0	0	0	0	0	0	0	0	0	0	0	0	0	0	0	0	0	0	0	0	0	0	0	0	0	0	0	0	0	0	0	0	0	0	0	0	1	0	0	0	0	0	0	0	0	0	0	0	0	0	0	0	0	0	0	0	0	0	0	0	0	0	0	0	0	0	0	0	0	0	0	0	0	0	0	0	0	0	0	0	0	0	0	0	0	0	0	0	0	0	0	0	0	0	0	0	0	0	0	0	0	0	0	0	0	0	0	0	0	0	0	0	0	0	0	0	0	0	0	0	0	0	0	0	0	0	0	0	0	0	0	0	0	0	0	0	0	0	0	0	0	0	0	0	0	0	0	0	0	0	0	0	0	0	0	0	0	0	0	0	0	0	0	0	0	0	0	0	0	0	0	0	0	0	0	0	0	0	0	0	0	0	0	0	0	0	0	0	0	0	0	0	0	0	0	0	0	0	0	0	0	0	0	0	0	0	0	1	0	0	0	0	0	0	0	0
Root;Bacteria;Proteobacteria;Gammaproteobacteria;Enterobacterales;Pasteurellaceae;Haemophilus_A;Haemophilus_A_parahaemolyticus	JF131062.1.1361	0	0	0	0	1	0	2	0	8	7	0	0	0	0	1	1	221	292	0	0	3	1	0	0	0	9	0	11	7	12	0	0	0	1	1	25	0	0	45	0	4	3	1	1	18	5	0	4	1	8	0	0	0	5	21	7	111	0	0	0	0	13	0	22	5	8	0	15	11	1	10	0	16	0	0	1	16	0	0	0	1	3	8	31	0	0	0	15	0	20	0	5	1	4	0	0	4	1	0	0	0	0	0	25	1	0	0	19	0	26	0	0	0	0	9	0	0	0	0	1	0	0	0	0	0	0	3	0	2	0	0	0	0	0	0	6	0	2	0	0	0	0	0	0	4	0	0	0	0	0	11	0	41	0	1	0	0	0	0	0	0	0	0	0	1	1	0	0	0	0	0	0	0	0	0	0	0	6	1	5	0	0	0	0	0	1	0	0	0	0	0	0	1	8	9	13	0	0	0	10	10	10	1	0	0	11	5	0	0	0	2	0	6	0	6	0	0	0	26	38	1	0	4	0	0	0	0	0	0	3	1	0	4	0	0	0	1	0	1	1	0	0	0	0	0	0	0	0	0	12	5	0	45	0	0	11	0	0	0	7	1	0	0	4	0	0	0	0	0	64	0	0	16	7	0	0	0	0	0	1	2	0	12	0	0	31	0	0	0	1	0	0	0	0	0	0	0	0	0	0	0	0	0	0	23	0	0	3	0	0	0	0	0	0	0	0	0	0	0	0	0	14	3	12	0	0	1	1	1	5	2	0	0	1	2	0	0	0	0	0	0	0	4	185	4	0	0	4	0	0	0	15	0	6	85	1	0	0	23	2	0	69	0	0	0	3	0	0	0	0	0	4	0
Root;Bacteria;Firmicutes_C;Negativicutes;Veillonellales;Veillonellaceae;Veillonella;unclassified_Veillonella	FJ557325.1.1390	0	0	0	0	0	0	0	0	0	0	0	0	0	0	0	1	0	0	0	0	0	0	0	0	0	0	0	0	0	0	0	0	0	0	0	0	0	0	0	0	0	0	0	0	0	0	0	0	0	0	0	0	0	0	0	0	0	0	0	0	0	0	0	0	0	0	0	0	0	0	0	0	0	0	0	0	0	0	0	0	0	0	0	0	0	0	0	0	0	0	0	0	0	0	0	0	0	0	0	0	0	0	0	0	0	0	0	0	0	0	0	0	0	0	0	0	0	0	0	0	0	0	0	0	0	0	0	0	0	0	0	0	0	0	0	0	0	0	0	0	0	0	0	0	0	0	0	0	0	0	0	0	0	0	0	0	0	0	0	0	0	0	0	0	0	1	0	0	0	0	0	0	0	0	0	0	0	0	0	0	0	0	0	0	0	0	0	0	0	0	0	0	0	0	0	0	0	0	0	0	0	0	0	0	0	0	0	0	0	0	0	0	0	0	0	0	0	0	0	0	0	0	0	0	0	0	0	0	0	0	0	0	0	0	0	0	0	0	0	0	0	0	0	0	0	0	0	0	0	0	0	0	0	0	0	0	0	0	0	0	0	0	0	0	15	0	0	0	0	0	0	0	0	0	0	0	0	0	0	0	0	0	0	1	0	0	0	0	0	0	0	0	0	0	0	0	0	0	0	0	0	0	0	0	0	0	0	0	0	0	0	0	0	0	0	0	0	0	0	0	0	0	0	0	0	0	0	2	0	0	0	0	0	0	0	0	0	0	0	0	0	0	0	0	0	0	0	0	0	0	0	0	0	0	6	0	0	0	0	0	0	0	0	0	0	0	0	0	0	0	0	0	0
Root;Bacteria;Bacteroidota;Bacteroidia;Bacteroidales;Porphyromonadaceae;Porphyromonas;Porphyromonas_catoniae	FM997525.1.1430	0	0	0	0	0	0	0	0	0	0	0	0	0	0	0	0	0	0	0	0	0	0	0	0	0	0	0	0	0	0	0	0	0	0	0	0	0	1	0	0	0	0	0	0	0	11	0	0	0	0	0	0	1	0	0	0	0	0	6	3	12	25	5	0	1	0	0	0	0	0	0	0	0	0	7	0	0	0	0	0	0	0	0	0	0	0	0	0	0	0	0	0	0	0	0	0	0	1	0	0	0	0	0	1	0	0	0	0	0	0	0	0	1	0	1	0	0	0	0	0	0	0	0	0	0	0	0	2	1	0	22	1	2	0	0	0	0	0	5	0	0	0	0	0	0	1	0	0	0	146	0	0	0	0	0	0	0	0	0	0	3	0	38	0	1	0	0	1	13	0	0	0	0	0	0	0	0	0	0	0	37	17	0	0	0	0	0	0	0	0	0	0	0	0	0	0	0	0	4	1	0	0	0	1	0	0	0	0	0	0	0	0	0	1	0	0	3	1	0	0	0	0	0	0	0	0	0	0	1	0	0	0	0	0	0	0	0	9	0	0	0	0	11	0	0	0	0	71	0	1	0	0	0	0	0	0	0	0	0	0	0	0	0	0	0	1	15	0	0	0	0	0	0	0	0	0	0	0	0	33	0	0	0	6	0	0	0	0	29	0	0	29	10	0	0	0	0	0	1	0	1	0	0	0	0	0	0	0	0	0	0	0	0	0	0	0	0	803	94	0	43	0	0	0	0	0	0	0	0	0	0	0	0	0	0	0	0	0	0	0	0	0	0	0	0	0	0	0	0	0	0	2	0	0	4	2	0	0	0	0	0	79	0	22	35	0	1	3	0	0	0	0	26
Root;Bacteria;Bacteroidota;Bacteroidia;Bacteroidales;Porphyromonadaceae;Porphyromonas;unclassified_Porphyromonas	JF148184.1.1360	0	0	0	0	0	0	0	0	0	0	0	0	0	0	0	0	0	0	0	0	0	0	0	0	0	0	0	0	0	0	0	0	0	0	0	0	0	0	0	0	0	0	0	0	0	0	0	0	0	0	0	0	0	0	0	0	0	0	0	0	0	0	1	0	0	0	0	0	0	0	0	0	0	0	0	0	0	0	0	0	0	0	0	0	0	0	0	0	0	0	0	0	0	0	0	0	0	0	0	0	0	0	0	1	0	0	0	0	0	0	0	0	0	0	0	0	0	0	0	0	0	0	0	0	0	0	0	0	0	0	0	0	0	0	0	0	0	0	0	0	0	0	0	0	0	0	0	0	0	0	0	0	0	0	0	0	0	0	0	0	0	0	0	0	2	0	0	0	0	0	0	0	0	0	0	0	0	0	0	0	0	0	0	0	0	0	0	0	0	0	0	0	0	0	0	0	0	0	0	0	0	0	0	0	0	0	0	0	0	0	0	0	0	0	0	0	0	0	0	0	0	0	0	0	0	0	0	0	0	0	0	0	0	0	0	0	0	1	0	0	0	0	0	0	0	0	0	0	0	0	0	0	0	0	0	0	0	0	0	0	0	0	0	0	0	0	0	0	0	0	0	0	0	0	0	0	0	0	0	0	0	0	0	0	0	0	0	0	0	0	0	0	0	0	0	0	0	0	0	0	0	0	0	0	0	0	0	0	0	0	0	0	0	0	0	0	0	0	0	0	0	0	0	0	0	0	0	0	0	0	0	0	0	0	0	0	0	0	0	0	0	0	0	0	0	0	0	0	0	0	0	0	0	0	0	0	0	0	0	0	0	0	0	0	4	0	0	0	0	0	0	0	0
Root;Bacteria;Bacteroidota;Bacteroidia;Bacteroidales;Porphyromonadaceae;Porphyromonas;unclassified_Porphyromonas	JF231403.1.1360	0	0	0	0	1	0	0	0	0	0	0	0	0	0	0	1	0	0	1	1	0	0	0	0	0	0	0	0	0	0	0	0	0	0	0	0	0	1	0	0	1	0	0	1	0	0	0	0	1	0	0	0	0	0	2	0	0	0	0	0	0	0	1	0	0	0	0	0	0	0	0	0	0	0	0	0	0	0	0	0	0	0	0	0	0	0	0	0	0	0	0	0	0	0	0	0	0	0	0	0	0	0	1	0	0	0	0	0	0	0	0	0	0	3	0	0	1	0	0	0	0	0	0	0	1	1	0	1	0	0	0	0	1	0	0	0	0	0	0	0	0	0	0	0	0	0	0	0	0	0	0	0	0	0	0	0	0	0	0	0	0	0	0	0	0	0	0	0	0	0	0	0	0	4	0	0	0	0	0	0	0	1	0	0	0	0	0	0	0	0	0	0	0	0	0	0	0	0	0	0	0	0	0	0	0	0	0	0	0	0	0	0	0	0	0	0	0	0	0	0	2	0	0	0	0	0	0	0	0	0	0	0	0	0	0	0	0	0	1	0	0	0	0	0	0	1	0	0	0	0	0	0	0	1	0	0	0	0	0	0	0	0	0	0	0	0	0	0	0	0	0	0	0	0	0	0	0	0	0	0	1	0	0	0	0	0	0	0	0	0	0	0	0	0	0	0	0	0	0	0	0	0	0	0	22	0	1	0	0	0	0	0	0	2	0	0	0	0	0	0	0	0	0	1	0	0	0	0	1	9	0	0	0	0	0	0	0	3	0	0	0	0	0	0	0	0	0	0	0	0	0	0	0	0	0	0	0	0	0	0	0	0	0	1	0	0	0	0	0	0	0	0	0
Root;Bacteria;Bacteroidota;Bacteroidia;Bacteroidales;Bacteroidaceae;Bacteroides;unclassified_Bacteroides	EU763207.1.1368	0	0	0	0	0	0	0	0	0	0	0	0	0	0	0	0	0	0	0	0	0	0	0	0	0	0	0	0	0	0	0	0	0	0	0	0	0	0	0	0	0	0	0	0	0	0	0	0	0	0	0	0	0	0	0	0	0	0	0	0	0	0	0	0	0	0	0	0	0	0	0	0	0	0	0	0	0	0	0	0	0	0	0	0	0	0	0	0	0	0	0	0	0	0	0	0	0	0	0	0	0	0	0	0	0	0	0	0	0	0	0	0	0	0	0	0	0	0	0	0	0	0	0	0	0	0	0	0	0	0	0	0	0	0	0	0	0	0	0	0	0	0	0	0	0	0	0	0	0	0	0	0	0	0	0	0	0	0	0	0	0	0	0	0	0	0	0	0	0	0	0	0	0	0	0	0	0	0	0	0	0	0	0	0	0	0	0	0	0	0	0	0	0	1	0	0	0	0	0	0	0	0	0	0	0	0	0	0	0	0	0	0	0	0	0	0	0	0	0	0	0	0	0	0	0	0	0	0	0	0	0	0	0	0	0	0	0	0	0	0	0	0	0	0	0	0	0	0	0	0	0	0	0	0	0	0	0	0	0	0	0	0	0	0	0	0	0	0	0	0	0	0	0	0	0	0	0	0	0	0	0	0	0	0	0	0	0	0	0	0	0	0	0	0	0	0	0	0	0	0	0	0	0	0	0	0	0	0	0	0	0	0	0	0	0	0	0	0	0	0	0	0	0	0	0	0	0	0	0	0	0	0	0	0	0	0	0	0	0	0	0	0	0	0	0	0	0	0	0	0	0	0	0	0	0	0	0	0	0	0	0	0	0	0	0	0	0	0	0	0	0	0	0
Root;Bacteria;Bacteroidota;Bacteroidia;Bacteroidales;Bacteroidaceae;Bacteroides;Bacteroides_stercoris	EU772886.1.1397	0	0	0	0	0	0	0	0	0	0	0	0	0	0	0	0	0	0	0	0	0	0	0	0	0	0	0	0	0	0	0	0	0	0	0	0	0	0	0	0	0	0	0	0	0	0	0	0	0	0	0	0	0	0	0	0	0	0	0	0	0	0	0	0	0	0	0	0	0	0	0	0	0	0	0	0	0	0	0	0	0	0	0	0	0	0	0	0	0	0	0	0	0	0	0	0	0	0	0	0	0	0	0	0	0	0	0	0	0	0	0	0	0	0	0	0	0	0	0	0	0	0	0	0	0	0	0	0	0	0	0	0	0	0	0	0	0	0	0	0	0	0	0	0	0	0	0	0	0	0	0	0	0	12	0	0	0	0	0	0	0	0	0	0	0	0	0	0	0	0	0	0	0	0	0	0	0	12	0	0	0	0	0	0	0	0	0	0	0	0	0	0	0	0	0	0	0	0	0	0	0	0	0	0	0	0	0	0	0	0	0	0	0	0	0	0	0	0	0	0	0	0	0	0	0	0	0	0	0	0	0	0	0	0	0	0	0	0	0	0	0	0	0	0	0	0	0	0	0	0	0	0	0	0	0	0	0	0	0	0	0	0	0	0	0	0	0	0	0	0	0	0	0	0	0	0	0	0	0	0	0	0	0	0	0	0	0	0	0	0	0	0	0	0	0	0	0	0	0	0	0	0	0	0	0	0	0	0	0	0	0	0	0	0	0	0	0	0	0	0	0	0	0	0	0	0	0	0	0	0	0	0	0	0	0	0	0	0	0	0	0	0	0	0	4	0	0	0	0	0	0	0	0	0	0	0	0	0	0	0	2	0	0	0	0	0	0	0	0	0	0	0	0
Root;Bacteria;Fusobacteriota;Fusobacteriia;Fusobacteriales;Leptotrichiaceae;Leptotrichia_A;Leptotrichia_A_sp001274535	JF134772.1.1333	2	7	5	5	5	7	0	0	0	0	4	13	2	2	16	31	1	1	5	10	1	1	7	12	1	5	0	0	0	0	0	3	15	61	9	1	0	0	0	1	0	0	0	16	2	22	5	6	1	1	3	1	11	0	0	0	0	0	0	1	28	17	19	0	14	24	0	1	0	12	2	6	0	1	8	1	1	34	0	0	0	10	5	0	5	7	1	0	1	2	0	2	11	0	10	4	0	4	0	0	0	2	37	3	11	0	0	0	0	2	0	2	4	10	16	0	2	0	0	17	0	0	0	5	7	7	0	8	7	0	1	1	0	2	1	10	9	26	8	0	2	0	0	0	2	1	1	0	2	5	3	54	0	23	2	7	7	0	25	0	13	11	13	0	3	0	4	0	1	26	0	0	22	0	0	5	0	0	2	0	20	4	8	7	2	4	3	61	23	0	7	3	0	6	2	5	9	7	3	57	0	0	5	5	0	1	0	1	0	1	54	0	0	7	0	0	0	9	1	0	0	0	5	3	0	0	0	0	5	76	12	1	5	8	1	0	1	49	1	0	46	0	5	8	12	0	0	50	5	4	0	0	1	4	0	12	0	14	9	4	1	4	16	1	0	0	3	0	0	10	2	0	0	0	3	0	0	0	0	12	0	4	4	0	0	1	1	1	16	10	0	18	0	0	1	8	0	2	37	5	11	22	14	0	268	6	6	7	0	95	8	7	0	0	0	1	0	14	0	9	1	7	0	15	11	0	10	0	2	20	2	0	0	0	56	2	0	73	1	12	81	0	0	0	1	0	27	63	1	0	49	3	3	9	1	1	0	0	0	0	0	6	37	12	4	0	6	6	0	53	1	20	1
Root;Bacteria;Firmicutes_C;Negativicutes;Veillonellales;Veillonellaceae;Veillonella;unclassified_Veillonella	HQ799394.1.1459	0	0	0	0	0	0	0	0	0	0	0	0	0	0	0	0	0	0	0	0	0	0	0	0	0	0	0	0	0	0	0	0	0	0	0	1	0	0	0	0	0	0	0	0	0	0	0	0	0	0	0	2	0	0	0	0	0	0	0	0	0	0	0	0	0	0	0	0	0	0	0	0	0	0	0	0	0	0	0	0	0	0	0	0	0	0	0	0	0	0	0	0	0	0	0	0	0	0	0	0	0	0	0	0	0	0	0	0	0	0	0	0	0	0	0	0	0	0	0	0	0	0	0	0	0	0	0	0	0	0	0	0	0	0	0	0	0	0	0	0	0	0	0	0	0	0	0	0	0	0	0	0	0	0	0	0	0	0	0	0	0	0	0	0	0	0	0	0	0	0	0	0	0	0	0	0	0	0	0	0	0	0	0	0	0	0	0	0	0	0	1	0	1	0	0	0	0	0	0	0	0	0	0	0	0	0	0	0	0	0	0	0	0	0	0	0	0	0	0	0	0	0	0	0	0	0	0	0	0	0	0	0	0	0	0	0	0	0	0	0	0	0	0	0	0	0	0	0	0	0	0	0	0	0	0	0	0	0	0	0	0	0	0	0	9	0	0	0	0	0	0	0	0	0	0	0	0	0	0	0	0	0	0	0	0	0	0	0	0	0	0	0	0	0	0	0	0	0	0	0	0	0	0	0	0	0	0	0	0	0	0	0	0	0	0	0	0	0	0	0	0	0	0	0	0	0	0	0	0	0	0	0	0	0	0	3	0	0	0	0	0	0	0	0	0	0	0	0	0	0	0	0	0	0	67	0	0	0	0	0	0	0	0	0	0	0	0	0	0	0	0	0	0
Root;Bacteria;Firmicutes_A;Clostridia;Lachnospirales;Lachnospiraceae;Oribacterium;Oribacterium_asaccharolyticum	JF117968.1.1349	0	0	0	0	0	0	0	1	3	10	0	0	0	0	0	0	0	0	0	0	0	0	0	0	8	0	0	0	0	0	0	0	0	0	0	3	0	0	0	0	0	0	0	0	0	0	0	0	0	0	0	0	0	0	0	0	0	0	0	0	0	0	0	1	0	0	1	0	0	0	0	0	0	0	0	0	0	0	0	0	0	0	0	0	0	0	0	0	0	0	0	0	0	0	0	0	0	0	0	0	0	0	0	1	0	0	0	0	0	0	0	0	0	0	0	0	0	0	0	0	0	0	0	0	0	0	0	0	0	0	0	0	0	0	0	0	0	0	0	0	0	0	0	0	0	0	0	0	0	0	0	0	0	0	0	0	0	0	0	0	0	0	0	0	0	34	0	0	0	2	0	0	0	0	0	0	0	0	0	2	0	0	0	0	0	0	0	0	0	0	0	0	1	0	0	0	0	0	0	0	0	0	0	0	0	0	0	0	0	0	1	0	0	3	0	0	0	0	0	0	0	0	0	0	0	0	0	0	1	0	0	0	0	0	0	0	0	0	0	0	0	0	0	0	0	0	0	0	0	0	0	0	0	0	0	0	0	0	0	0	0	0	0	0	0	0	0	0	0	0	0	0	0	0	0	0	0	0	0	2	0	0	0	0	0	0	0	0	0	0	0	1	0	0	0	0	0	0	0	0	0	0	0	0	1	0	0	0	0	0	0	0	0	0	1	0	0	0	0	0	0	0	0	0	0	0	0	0	0	0	0	0	0	0	0	1	0	0	0	0	0	0	0	0	0	0	0	0	0	0	0	0	0	0	31	0	0	0	0	0	3	0	0	0	0	0	0	0	0	0	0	0	0
Root;Bacteria;Firmicutes;Bacilli;Erysipelotrichales;Erysipelotrichaceae;Bulleidia;Bulleidia_extructa	EF509096.1.1462	0	0	0	0	0	0	0	0	0	0	0	0	0	0	0	0	0	0	0	0	0	0	0	0	0	0	0	0	0	0	0	0	0	0	0	0	0	0	0	0	0	0	0	0	0	0	0	0	0	0	0	0	0	0	0	0	0	0	0	0	0	0	0	0	0	0	0	0	0	0	0	0	0	0	0	0	0	0	0	0	0	0	0	0	0	0	0	0	0	0	0	0	0	0	0	0	0	0	0	0	0	0	0	0	0	0	0	0	0	0	0	0	0	0	0	0	0	0	0	0	0	0	0	0	0	0	0	0	0	0	0	0	0	0	0	0	0	0	0	0	0	0	0	0	0	0	0	0	0	0	0	0	0	0	0	0	0	0	0	0	0	0	0	0	0	0	0	0	0	0	0	0	0	0	0	0	0	0	0	0	0	0	0	0	0	0	0	0	0	0	0	0	0	0	0	0	0	0	0	0	0	0	0	0	0	0	0	0	0	0	0	0	0	0	0	0	0	0	0	0	0	0	0	0	0	0	0	0	0	0	0	0	1	0	0	0	0	0	0	0	0	0	0	0	0	0	0	0	0	0	0	0	0	0	0	0	0	0	0	0	0	0	0	0	0	0	0	0	0	0	0	0	0	0	0	0	0	0	0	0	0	0	0	0	0	0	0	0	0	0	0	0	0	0	0	0	0	0	0	0	0	0	0	0	0	0	0	0	0	0	0	1	0	0	0	0	0	0	0	0	0	0	0	0	0	0	0	0	0	0	0	0	0	0	0	0	0	0	0	0	0	0	0	0	0	0	0	0	0	0	0	0	0	0	0	0	0	0	0	0	0	0	0	0	0	0	0	0	0	0	0	0	0
Root;Bacteria;Firmicutes_C;Negativicutes;Veillonellales;Veillonellaceae;Veillonella;unclassified_Veillonella	JQ460182.1.1421	0	0	0	0	0	0	0	0	1	0	0	0	0	0	0	0	0	0	0	0	0	0	0	0	0	0	0	0	0	0	0	0	0	0	0	0	0	0	0	0	0	0	0	0	0	0	0	0	0	0	0	0	0	0	0	0	0	0	0	0	0	0	0	0	0	0	0	0	0	0	0	0	0	0	0	0	0	0	0	0	0	0	0	0	0	0	0	0	0	0	0	0	0	0	0	0	0	0	0	0	0	0	0	0	0	0	0	0	0	0	0	0	0	0	0	0	0	0	0	0	0	0	0	0	0	0	0	0	0	0	0	0	0	0	0	0	0	0	0	0	0	0	0	0	0	0	0	0	0	0	0	0	0	0	0	0	0	0	0	0	0	0	0	0	0	11	0	0	0	0	0	0	0	0	0	0	0	0	0	0	0	0	0	0	0	0	0	0	0	0	0	1	0	0	0	0	0	0	0	0	0	0	0	0	0	0	0	0	0	0	0	0	0	0	0	0	0	0	0	0	0	0	0	0	0	0	0	0	0	0	0	0	0	0	0	0	0	1	0	0	0	0	0	0	0	0	0	0	0	2	0	0	0	0	0	0	0	0	0	0	0	0	0	0	15	0	0	0	0	0	0	0	0	0	0	0	1	0	0	0	0	0	0	0	0	0	0	0	0	0	0	0	0	0	0	0	0	0	0	0	0	0	0	0	0	0	0	0	0	0	0	0	0	0	0	0	0	0	0	0	0	0	0	0	0	0	0	0	0	0	0	0	0	0	0	0	0	0	0	0	0	0	0	0	0	0	0	0	0	0	0	0	0	0	4	0	0	0	0	0	0	0	0	0	0	0	0	0	0	0	0	0	0
Root;Bacteria;Bacteroidota;Bacteroidia;Flavobacteriales;Flavobacteriaceae;Capnocytophaga;unclassified_Capnocytophaga	JQ462419.1.1392	0	0	0	0	0	0	0	0	1	0	0	0	0	0	6	11	0	0	0	0	0	0	0	0	1	0	1	0	0	0	0	0	2	0	0	0	0	0	3	0	0	0	0	25	0	0	0	0	0	8	0	2	0	0	0	0	0	1	0	0	0	0	19	0	0	0	0	0	0	2	0	5	0	0	0	0	0	0	0	0	0	0	0	0	0	0	2	0	0	0	0	0	0	0	1	0	0	1	0	0	0	0	9	0	0	0	0	0	0	0	0	0	0	0	0	0	0	0	4	0	0	0	0	0	0	0	0	0	0	0	10	1	5	0	0	0	0	0	2	0	0	0	0	0	0	41	1	0	0	4	0	0	9	0	9	0	0	25	9	0	0	0	0	0	10	0	0	0	0	72	60	2	0	0	0	0	0	0	37	0	1	0	0	0	1	0	0	1	0	0	75	92	0	31	0	0	0	3	3	0	0	0	0	0	0	0	0	0	0	0	0	0	0	0	0	0	0	0	5	1	1	0	0	0	1	0	0	1	0	19	0	0	1	0	0	0	0	9	0	11	0	0	0	11	0	0	30	0	0	7	0	0	0	0	0	1	0	16	6	0	0	2	17	0	0	1	3	0	0	0	13	0	0	0	0	0	0	0	0	0	37	1	0	0	0	0	0	0	0	0	0	231	27	0	0	0	1	0	0	0	0	2	0	0	0	1	0	0	0	0	0	4	0	0	0	0	0	1	0	0	0	0	0	0	0	0	2	0	0	0	19	0	0	0	0	0	12	0	0	2	0	0	0	0	0	0	0	42	2	0	0	0	0	0	0	0	3	0	10	1	0	0	8	0	6	0	0	0	0	0	27	0	0
Root;Bacteria;Firmicutes;Bacilli;Lactobacillales;Streptococcaceae;Streptococcus;unclassified_Streptococcus	JQ475732.1.1417	0	0	8	4	2	7	8	11	9	11	5	8	4	7	6	13	26	28	7	14	9	7	7	20	3	3	3	44	43	39	1	8	16	8	33	0	12	10	132	77	106	164	272	80	82	46	41	151	81	53	107	45	13	190	54	57	75	20	92	134	12	29	63	59	325	328	258	56	35	504	38	123	133	32	91	3	22	91	38	2	89	10	23	3	12	11	1	19	9	24	0	0	71	2	39	0	26	35	2	16	0	21	1	19	12	18	5	68	0	1	19	6	38	7	18	0	3	0	102	23	0	51	124	132	44	33	104	161	231	0	142	19	460	12	0	45	7	60	24	0	3	0	11	3	36	20	0	1	3	2	34	3	5	1	6	1	13	2	18	98	1	16	73	2	8	1	0	0	0	270	18	1	2	17	0	1	0	8	54	85	1	0	18	16	3	0	0	17	1	0	8	1	0	8	22	18	60	11	2	138	3	8	49	9	0	26	4	1	3	1	60	0	5	0	0	0	1	4	27	34	26	0	145	3	4	0	4	7	15	13	1	60	14	452	15	0	1	3	1	3	10	0	27	17	6	156	20	26	34	12	92	491	8	1	1	52	1	85	11	104	4	3	67	94	0	0	0	2	4	1	2	0	24	9	1	8	1	1	1	1	24	78	33	0	4	24	7	54	29	18	262	12	0	13	6	24	0	21	15	71	0	2	67	3	23	16	25	199	0	5	0	4	209	12	21	0	0	4	0	47	31	4	155	237	79	0	76	125	6	18	245	0	84	188	58	22	0	17	1	30	97	0	1	53	91	33	0	22	7	2	17	61	2	3	17	9	3	1	0	0	29	22	28	118	5	2	62	4	0	8	8	378	22
Root;Bacteria;Proteobacteria;Gammaproteobacteria;Enterobacterales;Pasteurellaceae;Haemophilus_D;unclassified_Haemophilus_D	JF071157.1.1362	0	0	0	0	0	0	0	0	0	0	0	0	0	0	0	0	2	1	0	0	0	0	0	0	0	0	0	0	0	0	0	0	0	0	0	0	0	0	0	0	0	0	0	0	0	0	0	0	0	0	0	0	0	0	0	0	0	0	0	0	0	0	0	0	0	0	0	0	0	0	0	0	0	0	0	0	0	0	0	0	0	0	0	0	0	0	0	0	0	0	0	0	0	0	0	0	0	0	0	0	0	0	0	0	0	0	0	0	0	0	0	0	0	0	0	0	0	0	0	0	0	0	0	0	0	0	0	0	0	0	0	0	0	0	0	0	0	0	0	0	0	0	0	0	0	0	0	0	0	0	0	0	0	0	0	0	0	0	0	0	0	0	0	0	0	0	0	0	0	0	0	0	0	0	0	0	0	0	0	0	0	0	0	0	0	0	0	0	0	0	0	0	0	0	0	0	0	0	0	0	0	0	0	0	0	0	0	0	0	0	0	0	0	0	0	0	0	0	0	0	0	0	0	0	0	0	0	0	0	0	0	0	0	0	0	0	0	0	0	0	0	0	0	0	0	0	0	0	0	0	0	0	0	0	0	0	0	0	0	0	0	0	0	0	0	0	0	0	0	0	0	0	0	0	0	0	0	0	0	0	0	0	0	0	0	0	0	0	0	0	0	0	0	0	0	0	0	0	0	0	0	0	0	0	0	0	0	0	0	0	0	0	0	0	0	0	0	0	0	0	0	0	0	0	0	0	0	0	0	0	0	0	0	0	0	0	0	0	0	0	0	0	0	0	0	0	0	0	0	0	0	0	0	0	0	0	0	0	0	0	0	0	0	0	0	0	0	0	0	0	0	0	0
Root;Bacteria;Fusobacteriota;Fusobacteriia;Fusobacteriales;Fusobacteriaceae;Fusobacterium;unclassified_Fusobacterium	JQ466159.1.1285	12	9	1	4	4	3	0	1	2	1	4	7	6	4	8	9	0	1	4	3	0	1	2	3	5	8	47	0	0	1	0	3	16	38	6	0	37	15	4	4	0	0	0	12	2	4	5	1	8	0	2	0	26	0	3	2	0	23	0	0	20	3	43	3	3	5	3	10	0	11	28	2	0	0	8	12	9	10	4	0	6	39	0	4	8	2	8	1	2	0	0	4	3	1	1	0	22	1	0	2	0	15	21	7	5	4	0	0	0	7	21	18	11	0	4	0	20	0	2	20	0	0	1	3	1	1	3	2	3	0	5	2	9	0	0	25	12	31	0	0	0	0	0	1	0	4	0	0	1	24	8	6	28	4	2	5	0	4	0	0	4	19	2	6	19	0	2	0	0	18	0	0	1	20	0	2	1	0	5	0	6	2	1	3	1	3	2	10	18	0	24	22	2	2	6	4	3	1	3	24	3	0	15	1	0	0	0	10	16	17	57	0	4	9	0	0	7	2	3	1	1	0	0	0	0	0	16	37	6	13	14	46	15	0	14	0	12	24	2	1	2	0	24	34	15	4	2	14	0	5	0	2	1	12	0	3	0	8	16	42	2	9	7	3	0	0	1	0	0	3	1	1	5	3	0	0	3	8	7	5	0	7	12	0	3	5	65	4	3	3	5	4	1	0	0	21	0	6	10	4	3	18	26	0	101	3	0	9	0	1	4	30	1	20	23	2	1	14	10	5	5	3	23	7	8	0	2	4	2	16	7	0	0	1	7	13	0	134	7	33	13	1	0	0	1	6	2	6	3	0	20	1	1	0	0	35	4	1	0	0	7	4	38	14	7	3	21	1	0	10	2	1	0
Root;Bacteria;Bacteroidota;Bacteroidia;Bacteroidales;Bacteroidaceae;Bacteroides;Bacteroides_stercoris	DQ805613.1.1389	0	0	0	0	0	0	0	0	0	0	0	0	0	0	0	0	0	0	0	0	0	0	0	0	0	0	0	0	0	0	0	0	0	0	0	0	0	0	0	0	0	0	0	0	0	0	0	0	0	0	0	0	0	0	0	0	0	0	0	0	0	0	0	0	0	0	0	0	0	0	0	0	0	0	0	0	0	0	0	0	0	0	0	0	0	0	0	0	0	0	0	0	0	0	0	0	0	0	0	0	0	0	0	0	0	0	0	0	0	0	0	0	0	0	0	0	0	0	0	0	0	0	0	0	0	0	0	0	0	0	0	0	0	0	0	0	0	0	0	0	0	0	0	1	0	0	0	0	0	0	0	0	0	0	0	0	0	0	0	0	0	0	0	0	0	0	0	0	0	0	0	0	0	0	0	0	0	0	0	0	0	0	0	0	0	0	0	0	0	0	0	0	0	0	0	0	0	0	0	0	0	0	0	0	0	0	0	0	0	0	0	0	0	0	0	0	0	0	0	0	0	0	1	0	0	0	0	0	0	0	0	0	0	0	0	0	0	0	0	0	0	0	0	0	0	0	0	0	0	0	0	0	0	0	0	0	0	0	0	0	0	0	0	0	0	0	0	0	0	0	0	0	0	0	0	0	0	0	0	0	0	0	0	0	0	0	0	0	0	0	0	0	0	0	0	0	0	0	0	0	0	0	0	0	0	0	0	0	0	0	0	0	0	0	0	0	0	0	0	0	0	0	0	0	0	0	0	0	0	0	0	0	0	0	0	0	0	0	0	0	0	0	0	0	0	0	0	0	0	0	0	0	0	0	1	0	0	0	0	0	0	0	0	0	0	0	0	0	0	0	0	0	0
Root;Bacteria;Proteobacteria;Gammaproteobacteria;Enterobacterales;Pasteurellaceae;Haemophilus_A;Haemophilus_A_parahaemolyticus	HQ742926.1.1451	0	0	0	0	0	0	0	0	0	0	0	0	0	0	0	0	4	2	0	0	0	0	0	0	0	0	0	0	0	0	0	0	0	0	0	0	0	0	0	0	0	0	0	1	0	0	0	0	0	0	0	0	0	0	0	0	0	0	0	0	0	0	0	0	0	0	0	0	0	0	0	0	0	0	0	0	0	0	0	0	0	0	0	0	0	0	0	0	0	0	0	0	0	0	0	0	0	0	0	0	0	0	0	0	0	0	0	0	0	1	0	0	0	0	0	0	0	0	0	0	0	0	0	0	0	0	0	0	0	0	0	0	0	0	0	0	0	0	0	0	0	0	0	0	0	0	0	0	0	0	0	0	0	0	0	0	0	0	0	0	0	0	0	0	0	0	0	0	0	0	0	0	0	0	0	0	0	0	0	0	0	0	0	0	0	0	0	0	0	0	0	0	0	0	0	0	0	0	0	0	0	0	0	0	0	0	0	0	0	0	0	0	0	0	0	0	0	0	0	1	0	0	0	0	0	0	0	0	0	0	0	0	0	0	0	0	0	0	0	0	0	0	0	0	0	0	0	0	0	0	0	0	0	0	0	0	0	0	0	0	0	0	0	0	0	0	0	0	0	0	0	0	0	0	0	0	0	0	0	0	0	0	0	0	0	0	0	0	0	0	0	0	0	0	0	0	0	0	0	0	0	0	0	0	1	0	0	0	0	0	0	0	0	0	0	0	0	0	0	0	0	0	0	0	0	0	0	0	0	0	0	0	0	0	0	0	0	0	0	0	0	0	0	1	0	0	0	0	0	0	0	0	0	0	0	0	0	0	0	0	0	0	0	0	0	0	0	0	0	0	0	0	0
Root;Bacteria;Proteobacteria;Gammaproteobacteria;Enterobacterales;Pasteurellaceae;Haemophilus;unclassified_Haemophilus	JF117747.1.1361	0	0	2	6	0	0	0	0	0	0	0	0	0	1	0	0	0	1	1	1	0	0	0	0	0	1	0	1	3	1	0	0	9	0	0	0	6	6	1	0	0	0	0	1	0	27	4	2	3	2	0	1	0	6	374	358	43	0	0	3	3	26	97	0	0	0	0	0	3	3	0	1	0	0	0	0	0	0	0	0	0	2	1	0	0	0	0	1	0	0	0	0	9	0	0	0	9	1	0	1	0	5	0	3	0	1	3	21	0	4	9	0	0	0	1	0	0	0	0	2	0	0	0	0	18	7	0	0	1	0	68	0	0	0	0	1	0	3	0	0	0	0	0	2	2	0	0	0	0	11	0	0	15	0	0	0	0	0	0	0	3	0	0	0	14	10	12	1	0	3	3	0	0	0	0	0	0	0	2	5	2	0	0	2	0	0	0	0	5	0	0	0	0	0	0	1	0	0	0	1	0	0	1	0	0	0	0	0	0	2	0	0	2	0	0	0	0	0	1	0	1	0	0	0	0	0	0	0	10	0	0	3	1	7	0	0	0	1	0	0	0	0	5	0	0	0	11	6	0	1	38	0	5	0	0	0	0	0	0	0	2	14	0	0	0	0	0	0	0	4	9	0	0	0	0	0	0	7	27	0	3	0	0	0	1	1	0	0	0	0	4	0	0	0	0	0	0	0	1	8	2	2	2	0	6	0	0	2	0	4	1	2	0	0	3	0	0	0	0	3	6	9	0	3	0	0	14	9	1	1	5	0	0	0	0	0	0	0	0	0	0	0	0	8	1	0	0	11	0	0	10	0	0	1	145	0	0	0	5	3	1	2	0	0	0	0	1	0	0	0	2	3	0
Root;Bacteria;Bacteroidota;Bacteroidia;Bacteroidales;Bacteroidaceae;Bacteroides;unclassified_Bacteroides	EU765827.1.1360	0	0	0	0	0	0	0	0	0	0	0	0	0	0	0	0	0	0	0	0	0	0	0	0	0	0	0	0	0	0	0	0	0	0	0	0	0	0	0	0	0	0	0	0	0	0	0	0	0	0	0	0	0	0	0	0	0	0	0	0	0	0	0	0	0	0	0	0	0	0	0	0	0	0	0	0	0	0	0	0	0	0	0	0	0	0	0	0	0	0	0	0	0	0	0	0	0	0	0	0	0	0	0	0	0	0	0	0	0	0	0	0	0	0	0	0	0	0	0	0	0	0	0	0	0	0	0	0	0	0	0	0	0	0	0	0	0	0	0	0	0	0	0	0	0	0	0	0	0	0	0	0	0	0	0	0	0	0	0	0	0	0	0	0	0	0	0	0	0	0	0	0	0	0	0	0	0	0	0	0	0	0	0	0	0	0	0	0	0	0	0	0	0	0	0	0	0	0	0	0	0	0	0	0	0	0	0	0	0	0	0	0	0	0	0	0	0	0	0	0	0	0	0	0	0	0	0	0	0	0	0	0	0	0	0	0	0	0	0	0	0	0	0	0	0	0	0	0	0	0	0	0	0	0	0	0	0	0	0	0	0	0	0	0	0	0	0	0	0	0	0	0	0	0	0	0	0	0	0	0	0	0	0	0	0	0	0	0	0	0	0	0	0	0	0	0	0	0	0	0	0	0	0	0	0	0	0	0	0	0	0	0	0	0	0	0	0	0	0	0	0	0	0	0	0	0	0	0	0	0	0	0	0	0	0	0	0	0	0	0	0	0	0	0	0	0	0	0	0	0	0	0	0	0	0	0	0	0	0	0	0	0	0	0	0	0	0	0	0	0	0	0	1
Root;Bacteria;Bacteroidota;Bacteroidia;Flavobacteriales;Flavobacteriaceae;Capnocytophaga;unclassified_Capnocytophaga	JQ451948.1.1388	0	0	0	0	0	0	0	0	1	0	0	0	1	1	0	0	0	0	0	0	0	0	0	0	0	0	0	0	0	0	0	0	0	0	0	0	0	1	0	0	0	0	0	1	0	0	0	0	0	0	0	0	0	0	0	0	0	0	0	0	0	0	0	0	0	0	0	17	13	0	0	0	0	0	0	0	0	0	0	0	0	0	0	0	0	0	0	0	0	3	0	0	23	0	2	0	0	0	0	0	0	0	0	0	0	0	0	0	0	0	0	0	0	0	0	0	0	0	0	0	0	0	0	0	0	0	0	0	0	0	0	0	0	0	0	0	0	0	0	0	0	0	0	0	0	0	0	0	0	0	0	0	0	0	0	0	0	0	0	0	0	0	0	0	0	0	0	0	0	0	0	0	0	12	0	0	0	0	0	0	0	0	0	0	0	0	0	0	33	0	0	0	0	0	0	0	0	0	0	0	0	0	0	0	0	0	0	0	0	0	0	0	0	24	0	0	0	0	0	0	5	0	0	0	0	0	0	0	0	0	0	0	0	0	0	0	0	0	0	0	0	0	0	0	0	0	0	0	0	0	0	0	0	0	0	0	0	0	0	0	0	0	0	0	0	0	0	0	0	0	0	0	0	0	0	0	0	0	0	0	3	0	0	0	0	0	0	0	0	1	0	0	0	0	0	0	0	0	0	0	0	0	0	0	0	2	0	0	0	109	11	0	0	2	0	0	0	0	0	0	0	0	0	0	0	0	0	0	0	0	0	0	0	0	0	0	0	0	0	0	0	0	0	0	0	0	0	0	0	0	1	0	0	0	0	0	0	0	0	0	0	0	0	0	0	0	0	0	0	0	6	0	0
Root;Bacteria;Bacteroidota;Bacteroidia;Flavobacteriales;Flavobacteriaceae;Capnocytophaga;Capnocytophaga_granulosa	JQ452521.1.1351	0	0	0	0	0	0	0	0	0	0	0	1	0	0	0	1	0	0	0	0	0	0	0	0	0	0	0	0	0	0	0	0	0	0	0	0	0	0	0	0	0	0	0	1	0	0	0	0	0	0	0	0	0	0	0	0	0	0	0	0	0	0	0	0	0	0	0	0	0	0	0	0	0	0	1	0	0	0	0	0	0	0	0	0	0	0	0	0	1	0	0	0	0	0	0	0	0	0	0	0	0	1	0	0	0	0	0	0	0	0	0	0	0	0	0	0	0	0	0	0	0	0	0	0	0	0	0	0	0	0	0	0	0	0	0	0	0	0	1	0	0	0	0	0	0	0	0	0	0	0	0	0	0	0	0	0	0	0	0	0	0	0	0	0	0	0	0	0	0	0	0	0	0	0	0	0	0	0	0	0	0	0	0	0	0	0	0	1	0	0	0	0	0	0	0	0	0	0	0	0	0	0	0	0	0	0	0	0	0	0	0	0	0	0	0	0	0	1	0	0	1	0	0	0	0	0	0	0	1	0	0	0	0	0	0	0	0	0	0	0	0	0	0	0	0	0	0	0	0	0	0	0	0	0	0	0	0	0	0	0	0	0	0	0	0	0	0	0	0	0	0	0	0	0	0	0	0	0	0	0	0	0	0	0	0	0	0	0	2	0	0	0	0	0	0	0	0	0	0	0	0	0	0	0	0	0	0	0	0	0	0	0	0	0	0	0	0	0	0	0	0	0	0	0	0	0	0	0	0	0	0	0	0	0	0	0	0	0	0	0	0	0	0	0	0	3	0	0	0	0	0	0	0	1	0	0	0	0	0	0	0	1	0	0	0	0	0	0	0	0	0	0	0
Root;Bacteria;Fusobacteriota;Fusobacteriia;Fusobacteriales;Fusobacteriaceae;Fusobacterium;unclassified_Fusobacterium	JQ456072.1.1363	0	0	0	0	0	0	0	0	0	0	0	0	0	0	0	0	0	0	0	0	0	0	0	0	0	0	0	0	0	0	0	0	0	0	0	0	0	0	0	0	0	0	0	0	0	0	0	0	0	0	0	0	0	0	0	0	0	0	0	0	0	0	0	0	0	0	0	0	0	0	0	0	0	0	0	0	0	0	0	0	0	0	0	0	0	0	0	0	0	0	0	0	0	0	0	0	0	0	0	0	0	0	0	0	0	1	0	0	0	0	0	0	0	0	0	0	0	0	0	0	0	0	0	0	0	0	0	0	0	0	0	0	0	0	0	0	0	0	0	0	0	0	0	0	0	0	0	0	0	0	0	0	0	0	0	0	0	0	0	0	0	0	0	0	0	0	0	0	0	0	0	0	0	0	0	0	0	0	0	0	0	0	0	0	0	0	0	0	0	0	0	0	0	0	0	0	0	0	0	0	0	0	0	0	0	0	0	0	0	0	0	0	0	0	0	0	0	0	0	0	0	0	0	0	0	0	0	0	0	0	0	0	0	0	0	0	0	0	0	0	0	0	0	0	0	0	0	0	0	0	0	0	0	0	0	0	0	0	0	0	0	0	0	0	0	0	0	0	0	0	0	0	0	0	0	0	0	0	0	0	0	0	0	0	0	0	0	0	0	0	0	0	0	0	0	0	0	0	0	0	0	0	0	0	0	0	0	0	0	0	0	0	0	0	0	0	0	0	0	0	0	0	0	0	0	0	0	0	0	0	0	0	0	0	0	0	0	0	0	0	0	0	0	0	0	0	0	0	0	0	0	0	0	1	0	0	0	0	0	0	0	0	0	0	0	0	0	0	0	0	0	0	0
Root;Bacteria;Fusobacteriota;Fusobacteriia;Fusobacteriales;Leptotrichiaceae;Leptotrichia_A;Leptotrichia_A_sp000469505	JF177614.1.1334	0	0	0	0	0	0	0	0	0	0	0	0	0	0	0	0	0	0	0	0	0	0	0	0	0	0	0	0	0	0	0	0	0	0	0	0	0	0	0	0	0	0	0	0	0	0	0	0	0	0	0	0	0	0	0	0	0	0	0	0	1	0	1	0	0	0	0	0	0	0	0	0	1	0	0	0	0	0	0	0	0	0	0	0	0	0	0	0	0	0	0	0	0	1	0	0	0	0	0	0	0	0	0	0	0	0	0	0	0	0	0	0	2	0	0	0	0	0	0	10	0	0	0	0	0	0	0	0	0	0	0	0	0	0	0	0	0	0	0	0	0	0	0	0	0	0	0	0	0	0	0	0	0	0	0	0	0	0	0	0	0	0	0	0	0	0	0	0	0	0	0	0	5	0	0	0	0	1	0	0	0	0	0	0	0	0	0	0	0	0	0	0	0	0	0	0	0	0	0	0	0	0	0	0	0	0	0	1	0	0	0	0	0	0	0	0	0	0	0	0	0	0	0	0	0	0	0	0	0	0	0	0	0	0	0	0	0	1	0	0	0	0	0	0	0	0	0	0	0	0	0	0	0	0	0	0	0	0	0	0	0	0	0	0	0	0	0	0	0	0	0	0	0	0	0	0	0	0	0	0	0	0	0	0	0	3	0	0	0	0	0	0	0	0	0	0	0	0	0	0	0	0	0	0	4	0	0	0	0	0	0	0	0	0	0	0	0	0	0	0	0	0	0	0	0	0	2	0	0	0	0	0	0	0	0	0	0	0	0	0	0	0	0	0	0	0	0	0	0	0	0	0	0	0	0	0	0	0	2	2	0	0	0	0	0	0	0	0	0	0	0	0	0
Root;Bacteria;Firmicutes;Bacilli;Lactobacillales;Streptococcaceae;Streptococcus;unclassified_Streptococcus	JF089480.1.1367	0	0	4	2	0	2	4	0	2	2	0	0	0	1	3	4	21	25	4	4	0	0	3	6	0	52	2	13	6	1	0	5	2	0	0	21	15	6	10	0	5	2	2	0	1	4	4	3	1	0	0	1	3	1	32	25	2	3	3	1	0	1	8	3	0	0	0	0	2	1	0	1	2	9	1	9	2	2	17	2	0	2	1	1	5	5	20	15	0	5	0	1	1	2	0	0	3	1	0	1	0	1	0	34	0	0	2	6	1	2	48	1	0	1	1	0	0	0	1	1	0	0	2	1	11	17	1	0	0	0	8	6	5	2	0	0	0	0	1	0	2	0	6	9	46	3	0	0	0	19	45	3	20	1	5	10	16	1	5	1	72	0	0	0	0	352	1	9	0	19	2	0	30	0	0	1	1	167	0	4	2	0	3	2	2	0	0	6	2	0	0	0	0	15	3	2	6	6	1	7	1	1	3	0	0	38	7	0	0	0	3	0	12	1	3	0	1	4	4	4	2	0	1	0	1	0	0	0	1	1	1	1	0	0	0	0	0	4	2	0	8	0	4	50	0	1	1	1	0	8	1	15	2	6	3	0	0	12	3	3	17	1	1	2	2	0	0	0	0	4	0	0	1	4	1	2	6	0	0	0	3	0	4	0	5	12	4	2	0	5	2	7	0	43	0	1	0	2	0	0	6	9	6	0	134	6	0	74	0	14	2	1	2	9	4	0	0	5	0	1	0	1	49	17	5	0	1	22	0	5	0	0	1	2	1	18	24	7	11	1	1	0	0	3	2	0	0	1	1	3	1	7	9	3	14	2	0	0	32	3	2	0	4	23	0	0	8	1	0	1	3	0	5
Root;Bacteria;Firmicutes;Bacilli;Lactobacillales;Streptococcaceae;Streptococcus;Streptococcus_sinensis	AF432856.1.1512	0	0	0	0	0	0	0	0	0	0	0	0	0	0	0	0	0	0	0	0	0	0	0	0	0	0	0	0	0	0	0	0	0	0	0	0	0	0	0	0	0	0	0	0	0	0	0	0	0	0	0	0	0	0	0	0	0	0	0	0	0	0	0	0	0	0	0	0	0	0	0	0	0	0	0	0	0	0	0	0	0	0	0	0	0	0	0	0	0	0	0	0	0	0	0	0	0	0	0	0	0	0	0	0	0	0	0	0	0	0	0	0	0	1	0	0	0	0	0	0	0	0	0	0	0	0	0	0	0	0	0	0	0	0	0	0	0	0	0	0	0	0	1	0	0	0	0	0	0	0	0	0	0	0	0	0	0	0	0	0	0	0	0	0	0	0	0	0	0	0	0	0	0	0	0	0	0	0	0	0	0	0	1	0	0	0	0	0	0	0	0	0	0	0	0	0	0	0	0	0	0	0	0	0	0	0	0	0	0	0	0	0	0	0	0	0	0	0	0	0	0	0	0	0	0	0	0	0	0	0	0	0	0	0	1	0	0	0	0	0	0	0	0	0	0	0	0	0	0	0	0	0	0	0	0	0	0	0	0	0	0	0	0	0	0	0	0	0	0	0	0	0	0	0	0	0	0	0	0	0	0	0	0	0	0	0	0	0	0	0	0	0	0	0	0	0	0	0	0	0	0	0	0	0	0	0	0	0	0	0	0	0	0	0	0	0	0	0	0	0	0	0	0	0	0	0	0	0	0	0	0	0	0	0	0	0	0	0	0	0	0	0	1	0	0	0	0	0	0	0	0	0	0	0	0	0	0	0	0	0	0	0	0	0	0	0	0	1	0	0	0	0	0
Root;Bacteria;Proteobacteria;Gammaproteobacteria;Enterobacterales;Pasteurellaceae;Haemophilus;unclassified_Haemophilus	JF091426.1.1366	0	0	0	0	0	0	0	0	0	0	0	0	0	0	0	0	0	0	0	0	0	1	0	0	0	0	0	0	0	0	0	0	0	0	0	0	0	0	0	0	0	0	0	0	0	0	0	0	0	0	0	0	0	0	0	0	0	0	0	0	0	0	1	0	0	0	0	0	0	0	0	0	0	0	0	0	0	0	0	0	0	0	0	0	0	0	0	1	0	0	0	0	0	1	0	0	0	0	0	0	0	0	0	0	0	0	1	0	0	0	0	0	0	0	0	0	0	0	0	0	0	0	0	0	0	0	0	0	0	0	0	0	0	0	0	0	0	0	0	0	0	0	0	0	0	0	0	0	0	0	0	0	3	0	0	0	0	0	0	0	0	0	0	0	0	1	0	0	0	0	0	0	0	0	0	0	0	0	0	0	0	0	0	0	0	0	0	0	0	0	0	0	0	0	0	0	0	0	0	0	0	0	0	0	0	0	0	0	0	0	0	0	0	0	0	0	0	0	1	1	0	0	0	0	0	0	0	0	0	0	0	0	0	0	0	0	0	0	0	0	0	0	0	0	0	0	0	0	0	1	0	0	0	0	0	0	0	0	0	1	0	0	0	0	0	0	0	0	0	0	0	0	0	0	0	0	0	0	0	0	0	0	0	0	0	0	0	0	0	0	0	0	0	2	0	0	0	0	0	0	0	0	0	0	0	0	0	0	0	0	0	0	0	0	0	0	0	0	0	0	0	0	0	0	0	0	0	0	0	0	0	0	0	0	0	0	0	0	0	0	0	0	0	0	0	0	0	0	0	0	0	0	0	0	0	0	0	0	0	0	0	0	0	0	0	0	0	0	0	0	0	0	0
Root;Bacteria;Actinobacteriota;Actinomycetia;Actinomycetales;Actinomycetaceae;Actinomyces;Actinomyces_sp000220835	JQ477027.1.1419	0	0	0	0	0	0	0	0	0	0	0	0	0	0	0	0	0	0	0	0	0	0	0	0	0	0	0	0	0	0	0	0	0	0	0	0	0	0	0	0	0	0	0	0	0	0	0	0	0	0	0	0	0	0	0	0	0	0	0	0	0	0	0	0	0	0	0	0	0	0	0	0	0	0	0	0	0	0	0	0	0	0	0	0	0	0	0	0	0	0	0	0	0	0	0	0	0	0	0	0	0	0	0	0	0	0	0	0	0	0	0	0	0	0	0	0	0	0	0	0	0	0	0	0	0	0	0	0	0	0	0	0	0	0	0	0	0	0	0	0	0	0	0	0	0	0	0	0	0	0	0	0	0	0	0	0	0	0	0	0	0	0	0	0	0	0	0	0	0	0	0	0	0	0	0	0	0	0	0	0	0	0	0	0	0	0	0	0	0	0	0	0	0	0	0	0	0	0	0	0	0	0	0	0	0	0	0	0	0	0	0	0	0	0	0	0	0	0	0	0	0	0	0	0	0	0	0	0	0	0	0	0	0	0	0	0	0	0	0	0	0	0	0	0	0	0	0	0	0	0	0	0	0	0	0	0	0	0	0	0	0	0	0	0	0	0	0	0	0	0	0	0	0	0	0	0	0	0	0	0	0	0	0	0	0	0	0	0	0	0	0	0	0	0	0	0	0	0	0	0	0	0	0	0	0	0	0	1	0	0	0	0	0	0	0	0	0	0	0	0	0	0	0	0	0	0	0	0	0	0	0	0	0	0	0	0	0	0	0	0	0	0	0	0	0	0	0	0	0	0	0	0	0	0	0	0	0	0	0	0	0	0	0	0	0	0	0	0	0	0	0	0	0
Root;Bacteria;Proteobacteria;Gammaproteobacteria;Burkholderiales;Burkholderiaceae;Lautropia;Lautropia_mirabilis	FJ976421.1.1352	0	0	12	4	57	56	1	5	3	7	14	22	14	25	7	10	0	0	80	78	4	9	27	25	25	12	15	13	22	105	35	54	7	36	47	38	101	78	77	303	796	602	96	78	37	582	34	156	60	21	80	11	36	286	121	97	215	20	65	86	2	130	27	27	473	386	0	17	6	1054	532	149	45	20	241	85	13	107	0	0	48	70	30	3	64	68	3	38	12	69	5	21	556	1	114	52	63	26	14	7	2	6	3	77	61	2	8	62	25	52	0	15	2	34	7	2	22	0	34	42	0	2	137	125	75	72	250	394	438	0	50	63	39	36	6	0	0	2	119	50	2	0	1	19	286	31	1	0	144	161	3	0	8	1	1	26	536	11	7	119	0	58	330	73	34	0	37	0	0	311	3	0	0	58	0	23	9	0	24	9	0	0	6	10	6	0	6	119	122	0	21	22	1	41	22	28	83	47	0	119	6	6	6	9	7	24	29	14	101	122	300	4	12	13	6	1	20	35	41	51	141	14	231	57	15	1	3	31	2	28	3	140	66	214	0	0	7	14	2	2	0	0	19	71	2	6	96	185	12	328	9	402	0	0	3	49	22	182	0	6	23	13	37	1	0	1	1	7	5	7	4	20	123	198	28	77	10	20	47	58	97	213	190	2	0	46	2	21	16	148	239	3	0	23	3	19	0	9	39	172	0	2	193	0	46	3	21	0	0	168	24	1	0	50	40	0	0	190	27	25	100	59	0	263	14	0	208	203	25	90	13	0	637	900	115	345	6	14	1	40	4	0	5	0	158	3	12	127	25	3	279	98	64	41	4	5	3	0	0	0	3	132	82	125	49	10	288	10	0	0	26	718	108
Root;Bacteria;Spirochaetota;Spirochaetia;Treponematales;Treponemataceae;Treponema_D;Treponema_D_pectinovorum	JQ474634.1.1404	0	0	0	0	0	0	0	0	0	0	0	0	0	0	0	0	0	0	1	2	0	0	0	0	1	0	0	0	0	0	0	0	0	0	0	0	0	0	0	0	0	0	0	0	0	0	0	0	2	0	0	0	1	0	0	0	0	0	0	0	0	0	0	0	0	0	0	0	0	0	0	0	0	0	0	0	0	0	0	0	0	0	0	0	0	0	0	0	0	0	0	0	0	0	0	0	0	0	0	0	0	1	0	0	0	0	0	0	0	0	1	0	0	0	0	0	0	0	0	0	0	0	0	0	0	0	0	0	0	0	0	0	0	0	0	0	0	0	0	0	2	0	0	0	0	0	0	0	1	0	0	0	0	0	0	0	0	0	0	0	0	0	0	0	4	0	0	0	0	0	0	0	0	0	1	0	0	0	0	0	0	0	0	0	0	0	0	0	0	0	0	0	0	0	0	2	0	0	0	0	0	0	0	0	0	0	0	0	0	0	0	0	0	0	0	0	0	0	0	0	0	0	0	0	0	0	0	0	0	0	0	0	2	0	0	0	0	0	0	0	0	0	0	0	1	0	0	0	0	0	0	0	0	0	0	0	0	0	0	0	0	0	0	0	0	0	0	0	0	0	0	0	0	0	0	0	0	0	0	0	0	0	0	0	0	0	0	0	0	0	0	0	1	0	2	0	1	0	0	0	1	0	0	0	4	0	1	0	0	0	0	0	0	0	0	0	0	1	0	0	0	0	0	0	0	0	0	0	0	0	0	0	0	0	0	0	0	0	0	0	0	0	0	0	0	0	0	4	0	0	0	0	2	0	0	0	0	0	0	0	0	0	0	0	0	0	0	0	0	0	0	0	0
Root;Bacteria;Firmicutes;Bacilli;Lactobacillales;Streptococcaceae;Streptococcus;unclassified_Streptococcus	JF146357.1.1369	0	0	0	0	0	0	0	0	0	0	0	0	0	0	0	0	0	0	0	0	0	0	0	0	0	0	0	2	6	0	0	0	0	1	0	1	0	0	0	0	0	0	1	0	0	0	0	0	0	2	0	0	0	0	1	0	14	0	7	1	0	0	2	0	1	0	0	0	0	3	0	0	0	1	0	0	0	1	1	0	1	0	0	0	0	0	0	0	0	2	0	0	0	0	0	0	0	0	0	0	0	0	0	0	1	0	0	2	2	0	0	0	0	0	0	0	0	0	0	0	0	0	1	2	0	0	0	0	0	0	4	0	0	0	0	0	0	0	0	0	0	0	0	0	0	0	0	0	0	0	2	0	0	1	0	0	0	0	0	0	0	0	0	1	4	2	0	0	0	0	0	0	0	0	0	0	0	0	0	0	0	0	0	1	0	0	0	0	0	0	0	1	0	0	0	0	0	0	0	0	0	0	0	0	0	0	0	0	1	0	3	0	0	0	0	0	0	0	0	0	2	0	0	0	1	0	0	0	0	0	0	0	0	3	0	0	0	0	0	0	0	0	0	0	0	0	0	0	0	1	0	4	0	0	0	0	0	3	0	0	0	0	0	2	0	0	0	0	0	0	0	0	1	1	0	0	1	0	0	0	0	1	0	0	0	0	0	2	0	1	1	0	0	0	0	0	0	0	0	0	0	0	0	0	1	2	0	0	0	1	0	0	0	0	0	0	0	1	0	0	0	0	0	4	2	0	0	0	0	1	0	0	0	12	0	0	0	0	0	0	0	0	0	0	0	0	0	0	0	0	0	18	0	0	2	1	0	0	0	0	0	1	0	9	0	0	1	0	0	0	0	0	0
Root;Bacteria;Firmicutes;Bacilli;Lactobacillales;Streptococcaceae;Streptococcus;Streptococcus_anginosus	AB355609.1.1399	1	0	0	0	0	0	0	0	4	1	3	3	4	9	0	0	14	14	0	0	0	0	0	0	0	0	0	0	0	0	0	0	0	3	0	0	0	1	0	0	0	0	0	0	0	0	0	0	1	0	0	21	0	0	0	0	0	2	0	0	1	0	0	0	0	0	1	0	0	0	0	0	0	0	0	0	0	0	0	0	0	1	0	0	0	0	0	0	1	0	0	0	0	31	0	0	0	0	0	0	0	1	0	0	0	0	1	0	0	0	0	0	0	0	1	0	0	0	0	0	0	0	0	0	0	0	0	0	0	0	0	0	0	0	0	15	25	0	0	0	0	0	11	0	0	0	0	0	0	0	0	0	0	0	0	0	0	0	5	0	0	0	0	0	1	0	0	0	0	1	0	0	0	0	0	0	0	0	0	0	0	0	0	0	0	0	0	0	0	0	0	0	0	0	0	0	0	0	1	0	0	0	0	0	0	0	0	1	0	0	0	0	9	0	10	0	0	0	0	0	0	0	0	0	0	0	0	1	6	0	0	0	38	0	0	0	0	0	0	0	0	0	0	0	0	0	0	0	0	0	0	0	0	0	0	0	0	1	0	1	0	0	0	0	0	0	0	0	0	0	0	0	0	1	0	0	2	0	1	0	0	0	0	0	0	0	0	1	7	0	0	0	0	0	0	0	0	0	5	2	0	0	0	0	2	106	0	0	0	0	0	0	2	1	1	0	0	0	0	0	0	0	0	0	13	0	0	0	0	0	0	0	1	6	0	0	0	0	0	0	0	0	0	0	0	0	0	0	0	5	0	0	0	0	0	1	1	0	1	0	0	0	0	0	0	1	0	0	0	0	0	0	0
Root;Bacteria;Firmicutes;Bacilli;Lactobacillales;Streptococcaceae;Streptococcus;unclassified_Streptococcus	JQ452968.1.1420	0	0	0	0	0	0	0	0	0	0	0	0	0	0	0	0	0	0	0	0	0	0	0	0	0	0	0	0	0	0	0	0	0	0	0	0	0	0	0	0	1	0	0	0	0	0	0	0	0	0	0	0	0	0	0	0	0	0	0	0	0	0	0	0	0	0	0	0	0	0	0	0	0	0	0	0	0	0	0	0	0	0	0	0	0	0	0	0	0	0	0	0	0	0	0	0	0	0	0	0	0	0	0	0	0	0	0	0	0	0	0	0	0	0	0	0	0	0	0	0	0	0	0	0	0	0	0	0	0	0	0	0	0	0	0	0	0	0	0	0	0	0	0	0	0	0	0	0	0	0	0	0	0	0	0	0	0	0	0	0	0	0	0	0	0	0	0	0	0	0	0	0	0	0	0	0	0	0	0	0	0	0	0	0	0	0	0	0	0	0	0	0	0	0	0	0	0	0	0	0	0	0	0	0	0	0	0	0	0	0	0	0	0	0	0	0	0	0	0	0	0	0	0	0	0	0	0	0	0	0	0	0	0	0	0	0	0	0	0	0	0	0	0	0	0	0	0	0	0	0	0	1	0	0	0	0	0	0	0	0	0	0	0	0	0	0	0	0	0	0	0	0	0	0	0	0	0	0	0	0	0	0	0	0	0	0	0	0	0	0	0	0	0	0	0	0	0	0	0	0	0	0	0	0	0	0	0	0	0	0	0	0	0	0	0	0	0	0	0	0	0	0	0	0	0	0	0	0	0	0	0	0	0	0	0	0	0	0	0	0	0	0	0	0	0	0	0	0	0	0	0	0	0	0	0	0	0	0	0	0	0	0	0	0	0	0	0	0	0	0	0	0	0
Root;Bacteria;Bacteroidota;Bacteroidia;Bacteroidales;Porphyromonadaceae;Porphyromonas;unclassified_Porphyromonas	JF239777.1.1361	0	0	0	0	0	0	0	0	0	0	0	0	0	0	0	0	0	0	0	0	0	0	0	0	0	0	0	0	0	0	0	0	0	0	0	0	0	0	0	0	0	0	0	0	0	0	0	0	0	0	0	0	0	0	0	0	0	0	0	0	0	0	0	0	0	0	0	0	0	0	0	0	0	0	0	0	0	0	0	0	0	0	0	0	0	0	0	0	0	0	0	0	0	0	0	0	0	0	0	0	0	0	0	0	0	0	0	0	0	0	0	0	0	0	0	0	0	0	0	1	0	0	0	0	0	0	0	0	0	0	0	0	0	0	0	0	0	0	0	0	0	0	0	0	0	0	0	0	0	0	0	0	0	0	0	0	0	0	0	0	0	0	0	0	0	0	0	0	0	0	0	0	0	0	0	1	0	0	0	0	0	0	0	0	0	0	0	0	0	0	0	0	0	0	0	0	1	0	0	0	0	0	0	0	0	0	0	0	0	0	0	0	0	0	0	0	0	0	0	0	0	0	0	0	0	0	0	0	0	0	0	0	0	0	0	0	0	0	0	0	0	0	0	0	0	0	0	0	0	0	0	0	0	0	0	0	0	0	0	0	0	0	0	0	0	0	0	0	0	0	0	0	0	0	0	0	0	0	0	0	0	0	0	0	0	0	0	0	0	0	0	0	0	0	0	0	0	0	0	0	0	0	0	0	0	0	0	0	0	0	0	0	0	0	0	0	0	0	0	0	0	0	0	0	0	0	0	0	0	0	0	0	0	0	0	0	0	0	0	0	0	0	0	0	0	0	0	0	0	0	0	0	0	0	0	0	0	0	0	0	0	0	0	0	0	0	0	0	0	0	0	0	0
Root;Bacteria;Actinobacteriota;Actinomycetia;Actinomycetales;Actinomycetaceae;Actinomyces;Actinomyces_graevenitzii	JQ459838.1.1398	0	0	0	0	0	0	0	0	0	0	0	0	0	0	0	0	0	0	0	0	0	0	0	0	0	0	0	0	0	0	0	0	0	0	0	18	0	0	0	0	0	0	0	0	0	0	0	0	0	0	0	0	0	0	0	0	0	0	0	0	0	0	0	0	0	0	1	0	0	0	0	0	0	0	0	0	0	0	0	0	0	0	0	0	0	0	0	0	0	0	0	0	0	0	0	0	0	0	0	0	0	0	0	0	0	0	0	0	0	0	0	0	0	0	0	0	0	0	0	0	0	0	0	0	0	0	0	0	0	0	0	0	0	0	0	0	0	0	0	0	0	0	0	0	0	0	0	0	0	0	0	0	0	0	0	0	0	0	0	0	0	0	0	0	0	8	0	0	0	0	0	0	0	0	0	0	0	0	0	0	0	0	0	0	0	0	0	0	0	0	0	0	0	0	0	0	0	0	0	0	0	0	0	0	0	0	0	0	0	0	0	0	0	0	0	0	0	0	0	0	0	0	0	0	0	0	0	0	0	0	0	0	0	0	0	0	0	0	0	0	0	0	0	0	0	0	0	0	0	3	0	0	0	0	0	0	0	0	0	0	0	0	0	0	7	0	0	0	0	0	0	0	0	0	0	0	1	0	0	0	0	0	0	0	0	0	0	0	0	0	0	0	0	0	0	0	0	0	0	0	0	0	0	0	0	0	0	0	0	0	0	0	0	0	0	0	0	0	0	0	0	0	0	0	0	0	0	0	0	0	0	0	0	0	0	0	0	0	0	0	0	0	0	0	0	0	0	0	0	0	0	0	0	0	8	0	0	0	0	0	0	0	0	0	0	0	0	0	0	0	0	0	0
Root;Bacteria;Bacteroidota;Bacteroidia;Bacteroidales;Bacteroidaceae;Bacteroides;Bacteroides_ovatus	AGXT01000001.2.1241	0	0	0	0	0	0	0	0	0	0	0	0	0	0	0	0	0	0	0	0	0	0	0	0	0	0	0	0	0	0	0	0	0	0	0	0	0	0	0	0	0	0	0	0	0	0	0	0	0	0	0	0	0	0	0	0	0	0	0	0	0	0	0	0	0	0	0	0	0	0	0	0	0	0	0	0	0	0	0	0	0	0	0	0	0	0	0	0	0	0	0	0	0	0	0	0	0	0	0	0	0	0	0	0	0	0	0	0	0	0	0	0	0	0	0	0	0	0	0	0	0	0	0	0	0	0	0	0	0	0	0	0	0	0	0	0	0	1	0	0	0	0	0	0	0	0	0	0	0	0	0	0	0	3	0	0	4	0	0	0	0	0	0	0	0	0	0	0	0	0	0	0	0	0	0	0	0	3	0	0	0	0	0	0	0	0	0	0	0	0	0	0	0	0	0	0	0	0	1	0	0	0	0	0	0	0	0	0	0	0	0	0	0	0	0	0	0	0	0	0	0	0	0	0	0	0	0	0	0	0	0	0	0	0	0	0	0	0	0	0	0	0	0	0	0	0	0	0	0	0	0	0	0	0	0	0	0	0	0	0	0	0	0	0	0	0	0	0	0	0	0	0	1	1	0	0	0	0	0	0	0	0	0	0	0	0	0	0	0	0	0	0	0	0	0	0	0	0	1	0	0	0	0	0	0	0	0	0	0	0	0	0	0	0	0	0	0	0	0	1	0	0	0	0	0	0	0	0	0	0	0	0	0	0	0	0	0	0	0	0	0	0	0	0	2	0	0	0	0	0	0	0	0	0	0	0	0	0	0	0	0	0	0	0	0	0	0	0	0	0	0	0	0
Root;Bacteria;Fusobacteriota;Fusobacteriia;Fusobacteriales;Leptotrichiaceae;Leptotrichia;unclassified_Leptotrichia	JQ464053.1.1368	0	0	0	0	2	5	0	0	1	0	0	1	1	0	4	4	0	0	0	0	0	0	1	1	0	0	0	0	0	0	0	0	0	7	0	0	0	0	1	4	0	0	0	2	0	0	0	7	0	0	1	0	0	0	0	0	0	0	0	0	2	0	0	2	0	0	0	11	10	1	0	0	0	5	2	0	0	0	0	0	0	0	0	0	0	2	0	1	10	0	0	0	0	0	1	0	0	3	0	0	0	0	2	0	0	0	0	2	0	0	0	0	0	1	2	0	1	0	0	0	0	0	0	0	0	0	1	0	0	0	0	0	0	0	0	0	0	2	1	0	3	0	0	1	0	0	0	0	0	8	0	0	0	0	0	0	0	0	1	0	0	4	0	0	1	0	0	0	0	0	0	0	0	0	0	0	0	0	0	0	0	1	2	2	0	0	0	0	1	0	0	0	0	0	3	4	10	0	0	0	0	0	0	0	0	0	0	3	0	0	2	0	3	0	0	0	0	1	0	0	0	0	1	0	0	0	0	2	1	0	0	5	2	0	0	0	0	0	0	0	0	0	0	18	0	0	12	0	0	0	5	0	0	0	0	0	0	15	0	0	0	0	2	0	0	0	0	0	0	2	0	1	0	0	0	0	0	0	0	0	2	0	4	0	0	0	0	0	7	0	0	0	0	0	0	0	0	0	2	0	0	1	4	0	1	0	0	0	0	1	0	0	0	0	0	0	0	0	0	2	0	0	0	0	0	0	3	0	5	0	0	0	0	3	0	0	0	0	0	0	0	2	0	0	0	1	0	0	0	0	0	0	0	0	0	17	1	0	0	0	0	0	7	53	0	1	1	0	0	4	0	0	0
Root;Bacteria;Bacteroidota;Bacteroidia;Bacteroidales;Bacteroidaceae;Prevotella;Prevotella_salivae	JQ460198.1.1393	0	0	0	0	0	0	0	3	0	0	0	0	0	0	0	0	0	0	0	0	0	0	0	0	0	0	0	0	0	1	0	0	0	0	0	2	5	1	0	0	0	0	0	0	11	0	0	0	3	0	0	26	0	0	0	0	0	0	0	0	0	0	0	14	0	0	0	0	0	0	0	0	0	0	0	1	0	0	0	0	2	0	0	0	2	2	1	0	6	0	0	0	0	1	0	0	0	0	0	1	0	5	9	0	0	0	1	0	0	0	0	12	0	0	0	0	0	0	0	0	0	0	0	0	0	0	2	0	0	0	0	0	0	1	0	0	0	0	0	0	0	0	0	0	0	0	0	0	0	0	0	0	1	0	0	0	0	0	0	0	0	0	0	0	0	17	0	0	0	0	0	0	0	0	0	2	0	0	0	0	0	0	0	1	0	0	0	0	0	0	6	3	7	2	0	0	0	0	0	0	0	0	0	1	0	0	0	0	0	0	1	0	0	0	0	0	3	13	0	0	3	0	4	0	0	0	0	0	0	0	0	0	2	0	0	0	0	0	0	0	0	0	0	0	0	0	0	0	0	0	0	0	0	0	0	0	0	0	0	0	0	0	0	0	9	0	0	0	0	0	0	4	0	0	0	0	0	0	0	0	0	0	1	0	0	0	0	0	0	0	0	0	0	0	0	0	0	1	0	0	0	0	0	0	0	10	0	0	0	1	0	0	0	1	1	0	0	0	0	0	0	0	0	1	0	0	0	0	0	0	0	0	0	0	0	0	1	0	12	0	0	0	0	0	0	2	0	0	0	0	0	0	0	0	41	0	0	0	0	0	0	0	0	3	0	0	0	0	0	1	0	0	0
Root;Bacteria;Firmicutes;Bacilli;Lactobacillales;Streptococcaceae;Streptococcus;unclassified_Streptococcus	JQ460715.1.1414	0	0	0	0	0	1	0	0	0	0	0	0	0	0	0	0	1	2	0	0	0	0	0	0	0	0	0	0	0	0	0	0	0	0	0	4	1	2	0	0	2	3	0	0	0	0	0	0	0	0	0	1	0	0	8	3	0	2	0	1	0	0	0	0	0	0	0	1	1	0	1	0	2	0	0	0	0	0	0	0	0	0	0	0	0	1	0	0	0	0	0	0	0	0	0	1	0	0	1	1	0	1	0	0	1	0	0	2	0	0	0	0	0	0	0	0	0	0	0	0	0	0	0	0	1	1	0	0	1	0	0	0	0	0	0	0	0	0	0	0	0	0	0	0	0	0	0	0	0	0	0	0	1	0	0	0	0	0	0	0	0	1	0	0	0	1	0	0	0	0	0	0	1	0	0	0	0	2	0	0	0	0	0	0	0	0	0	0	0	0	0	0	0	0	0	0	0	0	0	0	0	0	1	0	0	0	0	0	0	0	0	0	0	1	0	0	0	0	0	0	1	0	0	0	0	0	0	1	2	0	0	0	0	0	0	0	0	0	0	0	0	0	0	0	0	1	1	0	0	0	1	2	0	0	0	0	0	2	1	0	0	0	0	0	0	0	0	0	0	0	0	0	0	0	0	0	0	0	0	0	2	0	1	0	0	0	0	0	0	0	0	0	0	0	1	0	0	1	0	0	0	0	0	0	1	0	0	1	0	0	0	0	0	1	1	0	0	0	0	0	0	0	0	3	2	0	0	0	0	0	0	0	0	0	0	0	0	0	0	0	1	0	0	0	0	0	0	0	0	0	0	4	0	0	1	1	0	0	0	0	1	0	1	6	0	0	1	0	0	0	0	0	0
Root;Bacteria;Firmicutes_C;Negativicutes;Veillonellales;Veillonellaceae;Veillonella;Veillonella_rogosae	GQ037346.1.1385	0	0	0	4	0	2	0	3	0	1	1	0	1	0	11	3	0	0	0	2	0	2	0	2	0	0	0	2	0	0	0	0	4	1	0	9	2	1	0	0	0	2	0	1	1	2	0	0	0	2	2	2	0	0	6	2	5	0	0	0	2	0	0	2	0	0	0	5	2	0	0	0	0	0	0	0	1	0	1	0	3	2	0	0	1	1	1	1	0	0	0	1	1	1	7	0	2	0	0	0	0	0	1	0	0	0	1	1	0	0	3	1	0	153	5	0	0	0	0	2	0	0	2	1	1	0	7	1	0	0	4	0	0	0	0	0	0	0	0	0	0	0	0	0	0	9	0	0	0	4	0	2	5	0	0	1	1	8	0	0	1	0	1	0	0	73	0	0	0	1	0	0	4	1	0	0	0	1	0	0	0	0	1	0	0	0	0	0	1	0	0	0	0	0	0	4	1	0	0	0	0	1	3	0	0	0	2	1	0	1	0	0	4	0	0	0	2	0	0	0	0	0	0	0	0	0	0	0	0	0	1	1	0	1	0	0	0	5	0	0	0	0	0	2	2	1	0	8	0	11	1	2	2	3	0	1	0	0	1	0	0	0	0	0	0	0	1	0	0	0	0	0	1	0	0	0	44	0	3	3	0	0	0	0	0	1	1	0	0	0	1	5	0	0	0	0	0	0	0	0	0	1	0	0	5	0	0	0	0	3	0	0	0	0	1	0	0	0	0	0	0	0	4	2	0	0	1	0	0	0	1	0	0	0	0	0	0	95	1	2	1	0	4	3	0	0	0	0	0	0	0	7	0	1	11	2	0	0	26	1	11	0	1	8	0	0	0	0	0	0	1	0	0
Root;Bacteria;Actinobacteriota;Actinomycetia;Actinomycetales;Actinomycetaceae;Actinomyces;Actinomyces_gerencseriae	JQ451922.1.1426	0	0	0	0	0	0	0	0	0	0	0	0	0	0	0	0	0	0	0	0	0	0	0	0	0	0	0	0	0	0	0	0	0	0	0	0	0	0	0	0	0	0	0	0	0	0	0	0	0	0	0	0	0	0	0	0	0	1	0	0	0	0	0	0	0	0	0	0	0	0	0	0	0	0	0	0	0	0	0	0	0	0	0	0	0	0	0	0	0	0	0	0	0	0	0	0	0	0	0	0	0	0	0	0	0	0	0	0	0	0	0	0	0	0	0	0	0	0	0	0	0	0	0	0	0	0	0	0	0	0	0	0	0	0	0	0	0	0	0	0	0	0	0	0	0	0	0	0	0	0	0	0	0	0	0	0	0	0	0	0	0	0	0	0	0	0	0	0	0	0	0	0	0	0	0	0	0	0	0	0	0	0	0	0	0	0	0	0	0	0	0	0	0	0	0	0	0	0	0	0	0	0	0	0	0	0	0	0	0	0	0	0	0	0	0	0	0	0	0	0	0	0	0	0	0	0	0	0	0	0	0	0	0	0	0	0	0	0	0	0	0	0	0	0	0	0	0	0	0	0	0	0	0	0	2	0	0	0	0	0	0	0	0	0	0	0	0	0	0	0	0	0	0	0	0	0	0	0	0	0	0	0	0	0	0	0	0	0	0	0	0	0	0	0	0	0	0	0	0	0	0	0	0	0	0	0	0	0	0	0	0	0	0	0	0	0	0	0	0	0	0	0	0	0	0	0	0	0	0	0	0	0	0	0	0	0	0	0	0	0	0	0	0	0	0	0	0	0	0	0	0	0	0	0	0	0	0	0	0	0	0	0	0	0	0	0	0	0	0	0	0	0	0
Root;Bacteria;Firmicutes_A;Clostridia;Eubacteriales;Eubacteriaceae;Pseudoramibacter;unclassified_Pseudoramibacter	AB036760.1.1411	1	0	0	0	0	0	0	0	0	0	0	0	0	0	0	0	0	0	0	0	0	0	0	0	0	0	0	0	0	0	0	0	0	0	0	0	0	0	0	0	0	0	0	0	0	0	0	0	0	0	0	0	0	0	0	0	0	0	0	0	0	0	0	0	0	0	0	0	0	0	0	0	0	0	0	0	0	0	0	0	0	0	0	0	0	0	0	0	0	0	0	0	0	0	0	0	0	0	0	0	0	0	0	0	0	0	0	0	0	0	0	0	0	0	0	0	0	0	0	0	0	0	0	0	0	0	0	0	0	0	0	0	0	0	0	0	0	0	0	0	0	0	0	0	0	0	0	0	0	0	0	0	0	0	0	0	0	0	0	0	0	0	0	0	0	0	0	0	2	0	0	0	0	0	0	0	0	0	0	0	0	0	0	0	0	0	0	0	0	0	0	0	0	0	0	0	0	0	0	0	0	0	0	0	0	0	0	0	0	0	0	0	0	0	0	0	0	0	0	0	0	0	0	0	4	0	0	0	0	0	0	0	0	0	0	0	0	0	0	0	0	0	0	0	0	0	0	0	0	0	0	0	0	0	0	0	0	0	0	0	0	0	0	0	0	0	0	0	0	0	0	0	0	0	0	0	0	0	0	0	0	0	0	0	0	0	0	0	0	0	0	0	0	0	0	0	0	0	0	0	0	0	0	2	0	0	0	0	0	0	0	0	0	0	0	0	0	0	0	0	0	0	0	0	0	0	0	0	0	0	0	0	0	0	0	0	0	0	0	0	0	0	0	0	0	0	0	0	0	0	0	0	0	0	0	0	0	0	0	0	0	0	0	0	0	0	0	0	0	0	0	0	0
Root;Bacteria;Firmicutes;Bacilli;Lactobacillales;Streptococcaceae;Streptococcus;unclassified_Streptococcus	JQ475634.1.1413	0	0	0	0	0	0	0	0	0	0	0	0	0	0	0	0	0	0	0	0	0	0	0	0	0	0	0	0	0	0	0	0	0	0	0	0	0	0	0	0	0	0	0	0	0	0	0	0	0	0	0	0	0	0	0	0	0	0	0	0	0	0	0	0	0	0	0	0	0	0	0	0	0	0	0	0	0	0	0	0	0	0	0	0	0	0	0	0	0	0	0	0	0	0	0	0	0	0	0	0	0	0	0	0	0	0	0	0	0	0	0	0	0	0	0	0	0	0	0	0	0	0	0	0	0	0	0	0	0	0	0	0	0	0	0	0	0	0	0	0	0	0	0	0	0	0	0	0	0	0	0	0	0	0	0	0	0	0	0	0	0	0	0	0	0	0	0	0	0	0	0	0	0	0	0	0	0	0	0	0	0	0	0	0	0	0	0	0	0	0	0	0	0	0	0	0	0	0	0	0	0	0	0	1	0	0	0	0	0	0	0	0	0	0	0	0	0	0	0	0	0	0	0	0	0	0	0	0	0	0	0	0	0	0	0	0	0	0	0	0	0	0	0	0	0	0	0	0	0	0	0	0	0	0	0	0	0	0	0	0	0	0	0	0	0	0	0	0	0	0	0	0	0	0	0	0	0	0	0	0	0	0	0	0	0	0	0	0	0	0	0	0	0	0	0	0	0	0	0	0	0	0	0	0	0	0	0	0	0	0	0	0	1	0	0	0	0	0	0	0	0	0	0	0	0	0	0	0	0	0	0	0	0	0	0	0	0	0	0	0	0	0	0	0	0	0	0	0	0	0	0	0	0	0	0	0	0	0	0	0	0	0	0	0	0	0	0	0	0	0	0	0	0
Root;Bacteria;Bacteroidota;Bacteroidia;Bacteroidales;Tannerellaceae;Parabacteroides;Parabacteroides_distasonis	HQ778647.1.1431	0	0	0	0	0	0	0	0	0	0	0	0	0	0	0	0	0	0	0	0	0	0	0	0	0	0	0	0	0	0	0	0	0	0	0	0	0	0	0	0	0	0	0	0	0	0	0	0	0	0	0	0	0	0	0	0	0	0	0	0	0	0	0	0	0	0	0	0	0	0	0	0	0	0	0	0	0	0	0	0	0	0	0	0	0	0	0	0	0	0	0	0	0	0	0	0	0	0	0	0	0	0	0	0	0	0	0	0	0	0	0	0	0	0	0	0	0	0	0	0	0	0	0	0	0	0	0	0	0	0	0	0	0	0	0	0	0	1	0	0	0	0	0	0	0	0	0	0	0	0	0	0	0	0	0	0	0	0	0	0	0	1	0	0	0	0	0	0	0	0	0	0	0	0	0	0	0	0	0	0	0	0	0	0	0	0	0	0	0	0	0	0	0	0	0	0	0	0	0	0	0	0	0	0	0	0	0	0	0	0	0	0	0	0	0	0	0	0	0	0	0	0	0	0	0	0	0	0	0	0	0	0	0	0	0	0	0	0	0	0	0	0	0	0	0	0	0	0	0	0	0	0	0	0	0	0	0	0	0	0	0	0	0	0	0	0	0	0	0	0	0	0	0	0	0	0	0	0	0	1	0	0	0	0	0	0	0	0	0	1	0	0	0	0	0	0	0	0	0	0	0	0	0	0	0	0	0	0	0	0	0	0	0	0	0	0	0	0	0	0	0	0	0	0	0	0	0	0	0	0	0	0	0	0	0	0	0	0	0	0	0	0	0	0	0	0	0	0	0	0	0	0	0	0	0	0	0	0	0	0	0	0	0	0	0	0	0	0	0	0	0	0	0
Root;Bacteria;Actinobacteriota;Actinomycetia;Actinomycetales;Micrococcaceae;Rothia;Rothia_dentocariosa	JQ452830.1.1354	0	0	2	1	0	0	0	0	0	1	0	0	0	0	0	0	0	0	0	0	0	0	0	0	0	0	0	0	0	0	0	0	0	0	0	0	0	0	0	0	0	0	0	0	0	0	0	0	0	0	0	0	0	2	0	2	1	0	0	0	0	0	4	0	1	0	1	0	0	0	0	0	1	1	0	0	0	0	1	0	0	0	0	0	0	0	0	0	0	0	0	0	0	0	0	0	0	0	0	0	0	0	0	0	0	0	0	0	0	0	0	0	0	0	0	0	0	0	0	0	0	1	0	0	0	0	0	0	0	0	0	0	1	0	0	0	1	0	0	0	0	0	0	0	0	0	0	0	0	0	0	0	0	0	0	0	0	0	0	0	0	0	0	1	0	0	0	0	0	0	0	0	0	0	0	0	0	0	0	0	0	0	0	0	0	0	0	0	0	0	0	0	0	0	0	0	0	0	0	0	0	0	0	0	0	0	0	0	0	0	0	0	0	0	0	0	0	0	0	0	0	0	0	0	0	0	0	0	0	0	0	0	0	0	0	0	0	0	0	0	0	0	0	0	0	0	0	0	1	0	1	0	0	0	0	0	0	0	1	0	0	0	0	0	0	0	0	0	0	0	0	0	0	1	0	0	0	0	0	0	0	0	0	0	0	0	0	0	0	0	0	0	0	0	0	0	0	0	0	0	0	0	0	0	0	0	0	1	0	0	0	0	1	0	0	0	0	0	0	0	0	0	0	1	0	0	0	0	0	0	0	0	0	0	0	0	0	0	0	0	0	0	0	0	0	0	0	0	0	0	0	0	0	0	0	0	0	0	0	0	0	0	0	0	0	0	0	0	0	0	0	0	0
Root;Bacteria;Firmicutes_A;Clostridia;Lachnospirales;Lachnospiraceae;Catonella;unclassified_Catonella	AF385556.1.1494	0	0	0	0	0	0	0	0	0	0	0	0	0	0	0	0	0	0	0	0	0	0	0	0	4	1	0	0	0	0	0	0	0	0	0	0	0	0	0	0	0	0	0	0	0	0	0	0	2	0	0	0	1	0	0	0	0	0	0	0	0	0	0	0	0	0	0	0	0	0	0	0	0	0	0	0	0	0	0	0	3	0	0	0	0	0	0	0	0	0	0	0	0	0	0	0	0	0	0	0	0	2	0	0	0	0	0	0	0	0	0	0	1	0	0	0	0	0	0	0	0	0	0	0	0	0	0	0	0	0	0	0	0	0	0	0	0	0	0	0	5	0	0	0	0	0	0	0	0	0	0	0	0	0	0	0	0	0	0	0	0	0	0	0	0	0	0	0	0	0	0	0	0	0	1	1	0	0	0	0	0	0	0	0	0	0	0	0	0	0	0	0	0	0	0	0	0	0	0	0	0	0	0	0	0	0	0	0	0	0	0	0	0	0	0	0	0	0	0	1	0	0	0	0	0	0	0	1	0	0	0	0	0	0	0	0	0	0	0	0	0	0	0	0	1	0	0	0	0	0	0	0	0	0	0	0	0	0	0	0	0	0	0	0	0	0	0	0	2	0	0	0	0	0	0	0	0	0	0	0	0	0	0	0	0	0	0	0	0	0	0	2	0	0	0	2	0	0	0	0	0	1	0	0	0	0	0	0	0	0	0	2	0	0	0	0	0	0	0	0	0	0	0	0	0	0	0	0	0	0	0	0	0	0	0	0	0	0	0	0	0	0	0	0	0	0	0	0	0	0	0	0	0	0	0	0	0	0	0	0	0	0	0	0	0	5	0	0	0	0	0	0	0
Root;Bacteria;Bacteroidota;Bacteroidia;Bacteroidales;Bacteroidaceae;Prevotella;Prevotella_oris	JQ467817.1.1406	6	11	0	2	0	0	1	1	4	5	0	1	1	0	0	2	0	0	6	4	1	1	0	0	0	1	5	0	0	1	0	0	2	2	1	0	5	10	0	1	1	0	0	0	0	0	0	0	2	0	1	0	4	0	1	1	0	0	0	1	0	0	0	0	0	0	0	0	0	0	0	0	0	0	0	1	0	2	9	0	9	0	1	0	1	0	0	1	2	0	0	2	1	12	0	0	0	0	0	6	0	3	0	0	0	0	2	0	0	1	0	6	3	0	0	0	1	0	2	0	0	11	0	0	2	1	0	1	0	0	2	0	0	10	0	0	0	0	0	0	0	0	0	4	0	17	0	0	1	0	0	0	3	1	0	0	0	0	1	0	9	0	0	0	0	0	0	1	9	18	1	0	0	0	1	6	2	0	3	0	0	1	2	1	3	0	0	0	0	0	0	0	1	1	0	1	0	0	2	0	0	1	2	0	0	0	0	0	1	0	3	20	1	5	6	0	1	2	0	0	0	0	0	0	3	0	11	0	3	0	2	0	0	0	0	0	3	0	0	0	0	0	0	0	0	0	62	1	1	0	0	0	1	0	2	0	0	5	20	8	0	0	1	1	0	3	6	1	0	4	0	0	1	11	0	0	0	0	0	8	0	0	0	2	0	0	2	1	9	0	1	0	0	0	9	1	2	2	0	1	0	0	0	1	24	6	0	0	0	1	0	2	0	3	7	3	1	0	0	0	0	0	32	0	0	0	2	0	0	1	1	0	0	0	0	0	1	0	0	0	0	0	5	1	0	5	0	2	0	0	7	0	0	3	0	0	1	2	0	0	0	2	2	17	1	0	0	0	0	0	0	0	0
Root;Bacteria;Actinobacteriota;Actinomycetia;Actinomycetales;Actinomycetaceae;Actinomyces;unclassified_Actinomyces	JQ450595.1.1412	0	0	0	0	0	0	0	0	0	0	0	0	0	0	0	0	0	0	0	0	0	0	0	0	0	0	0	0	0	0	0	0	0	0	0	0	0	0	0	0	0	0	0	0	0	0	0	0	0	0	0	0	0	0	0	0	0	0	0	0	0	0	0	1	0	0	0	0	0	0	0	0	0	0	0	0	0	0	0	0	0	0	0	0	0	0	0	0	0	0	0	0	0	0	0	0	0	0	0	0	0	0	0	0	0	0	0	0	0	0	0	0	0	0	0	0	0	0	0	0	0	0	0	0	0	0	0	0	0	0	0	0	0	0	0	0	0	0	0	0	0	0	0	0	0	0	0	0	0	0	0	0	0	0	0	0	0	0	0	0	0	0	0	0	0	0	1	0	0	0	0	0	0	0	0	0	0	0	0	0	0	0	0	0	0	0	0	0	0	0	0	0	0	0	0	0	0	0	0	0	0	0	0	0	0	0	0	0	0	0	0	0	0	0	0	0	0	0	0	0	0	0	0	0	0	0	0	0	0	0	0	0	0	0	0	0	0	0	0	0	0	0	0	0	0	0	0	0	0	0	0	0	0	0	0	0	0	0	0	0	0	0	0	0	0	0	0	0	0	0	0	0	0	0	0	0	0	0	0	0	0	0	0	0	0	0	0	0	0	0	0	0	0	0	0	0	0	0	0	0	0	0	0	0	0	0	0	0	0	0	0	0	0	0	0	0	0	0	0	0	0	0	0	0	0	0	0	0	0	0	0	0	0	0	0	0	0	0	0	0	0	0	0	0	0	0	0	0	0	0	0	0	0	0	0	0	0	0	0	0	0	0	0	0	0	0	0	0	0	0	0	0	0
Root;Bacteria;Actinobacteriota;Actinomycetia;Actinomycetales;Micrococcaceae;Rothia;unclassified_Rothia	JQ452710.1.1324	1	1	8	6	0	2	0	0	4	8	0	0	0	1	0	2	2	2	0	1	0	0	0	0	0	0	0	0	3	0	0	0	1	0	0	0	0	1	1	0	1	0	0	3	0	3	5	1	0	0	0	0	0	7	9	8	0	0	0	0	0	0	24	0	0	0	4	0	0	0	0	0	1	0	1	0	0	0	0	2	0	0	0	0	0	0	1	0	0	0	0	0	0	0	1	0	0	0	0	0	0	0	1	0	0	0	0	0	0	0	0	0	0	0	0	0	0	0	0	1	0	3	1	0	0	2	1	0	0	0	3	0	1	0	0	0	0	0	0	0	0	0	0	0	0	0	0	0	0	0	0	0	0	0	0	0	0	0	0	0	0	0	0	0	0	0	0	0	0	0	0	0	0	0	0	0	0	0	0	0	0	0	0	0	0	0	0	0	0	0	0	0	0	0	0	0	0	0	0	0	0	0	0	0	0	0	0	0	0	0	0	0	0	0	0	0	0	0	0	0	0	0	0	0	0	0	0	1	0	0	0	0	1	0	0	0	0	0	0	0	0	0	0	0	1	0	1	0	0	0	1	3	0	0	0	0	0	1	0	0	0	0	0	1	0	0	0	0	0	1	0	0	0	1	0	0	0	0	0	0	0	0	1	0	1	1	0	1	0	0	0	0	0	0	0	0	0	0	0	0	0	0	0	0	0	0	0	0	0	0	0	0	1	0	0	0	0	0	0	0	0	0	3	5	0	0	0	0	0	0	0	0	0	0	0	0	0	0	0	0	0	0	0	2	0	2	0	0	0	0	0	0	0	0	0	0	1	0	0	0	0	1	0	4	1	0	0	0	0	0	0	1	0
Root;Bacteria;Bacteroidota;Bacteroidia;Bacteroidales;Bacteroidaceae;Prevotella;Prevotella_oris	FM996759.1.1460	3	9	0	0	0	0	0	2	0	0	2	1	2	3	0	0	7	3	3	1	5	4	0	0	10	0	1	0	0	0	0	1	8	1	0	0	2	4	0	0	0	0	0	0	0	0	0	0	0	1	0	0	1	0	0	0	0	0	0	0	0	0	0	1	0	0	0	0	0	0	0	0	0	0	0	0	0	8	0	0	1	0	0	0	1	0	0	10	4	0	0	0	0	0	0	0	0	0	0	0	0	0	2	3	0	0	12	0	0	0	0	0	3	0	0	0	2	0	0	0	0	0	0	0	0	0	1	0	0	0	0	0	0	6	0	0	0	0	0	0	5	0	4	20	0	0	0	0	1	0	0	0	11	0	1	0	0	0	1	0	21	0	0	1	0	0	0	1	26	0	1	0	0	0	0	0	1	0	8	0	1	0	0	0	11	0	0	0	0	0	0	0	25	0	0	0	0	0	24	0	0	0	0	0	0	0	0	4	0	0	0	6	1	0	8	0	3	4	0	0	0	0	0	0	1	0	0	0	0	15	8	0	1	0	0	0	0	0	0	1	0	0	0	0	0	0	5	0	0	2	0	0	0	0	0	0	0	0	5	0	0	0	0	0	0	13	47	2	3	12	0	3	5	172	0	2	3	9	9	2	0	0	0	0	0	0	0	0	0	6	0	2	0	0	0	1	6	8	4	0	0	1	0	2	0	0	0	0	0	3	0	17	0	13	11	1	3	0	0	0	0	1	0	0	0	0	0	0	0	0	0	0	0	0	0	0	0	0	0	0	0	0	2	0	0	0	0	24	3	0	0	0	0	0	0	0	3	0	3	0	2	0	1	0	0	0	0	2	0	0	8	0	0
Root;Bacteria;Bacteroidota;Bacteroidia;Bacteroidales;Tannerellaceae;Parabacteroides;Parabacteroides_distasonis	EU763497.1.1355	0	0	0	0	0	0	0	0	0	0	0	0	0	0	0	0	0	0	0	0	0	0	0	0	0	0	0	0	0	0	0	0	0	0	0	0	0	0	0	0	0	0	0	0	0	0	0	0	0	0	0	0	0	0	0	0	0	0	0	0	0	0	0	0	0	0	0	0	0	0	0	0	0	0	0	0	0	0	0	0	0	0	0	0	0	0	0	0	0	0	0	0	0	0	0	0	0	0	0	0	0	0	0	0	0	0	0	0	0	0	0	0	0	0	0	0	0	0	0	0	0	0	0	0	0	0	0	0	0	0	0	0	0	0	0	0	0	0	0	0	0	0	0	0	0	0	0	0	0	0	0	0	0	0	0	0	0	0	0	0	0	0	0	0	0	0	0	0	0	0	0	0	0	0	0	0	0	7	0	0	0	0	0	0	0	0	0	0	1	0	0	0	0	0	0	0	0	0	0	0	0	0	0	0	0	0	0	0	0	0	0	0	0	0	0	0	0	0	0	0	0	0	0	0	0	0	0	0	0	0	0	0	0	0	0	0	0	0	0	0	0	0	0	0	0	0	0	0	0	0	0	0	0	0	0	0	0	0	0	0	0	0	0	0	0	0	0	0	0	0	0	0	0	0	0	0	0	0	0	0	0	0	0	0	0	0	0	0	0	0	0	0	0	0	0	0	0	0	0	0	0	0	0	0	0	0	0	0	0	0	0	0	0	0	0	0	0	0	0	0	0	0	0	0	0	0	0	0	0	0	0	0	0	0	0	0	0	0	0	0	0	0	0	0	0	0	0	0	0	0	0	0	0	0	0	0	0	0	0	0	0	0	0	0	0	0	0	0	0	0	0	0	0
Root;Bacteria;Firmicutes_A;Clostridia;Lachnospirales;Lachnospiraceae;Catonella;Catonella_morbi	JQ447710.1.1397	0	0	0	0	0	0	0	0	0	0	0	0	0	0	0	0	0	0	0	0	0	0	0	0	0	0	0	0	0	0	0	0	0	0	0	0	0	0	0	0	0	0	0	0	0	0	0	0	0	0	0	0	0	0	0	0	0	0	0	0	0	0	0	0	0	0	0	0	0	0	0	0	0	0	0	0	0	0	0	0	0	0	0	0	0	0	0	0	0	0	0	0	0	0	0	0	0	0	0	0	0	0	0	0	0	0	0	0	0	0	0	0	0	0	0	0	0	0	0	0	0	0	0	0	0	0	0	0	0	0	0	0	0	0	0	0	0	0	0	0	0	0	0	0	0	0	0	0	0	0	0	0	0	0	0	0	0	0	0	0	0	0	0	0	0	0	0	0	0	0	0	0	0	0	1	0	0	0	0	0	0	0	0	0	0	0	0	0	0	0	0	0	0	0	0	0	0	0	0	0	0	0	0	0	0	0	0	0	0	0	0	0	0	0	0	0	0	0	0	0	0	0	0	0	0	0	0	0	0	0	0	0	0	0	0	0	0	0	0	0	0	0	0	0	0	0	0	0	0	0	0	0	0	0	0	0	0	0	0	0	0	0	0	0	0	0	0	0	0	0	0	0	0	0	0	0	0	0	0	0	0	0	0	0	0	0	1	0	0	0	0	0	0	0	0	0	0	0	0	0	0	0	0	0	1	0	0	0	0	0	0	0	0	0	0	0	0	1	0	0	0	0	0	0	0	0	0	0	0	0	0	0	0	0	0	0	0	0	0	0	0	0	0	0	0	0	0	0	0	0	0	0	0	0	0	0	0	0	0	0	0	0	0	0	0	0	0	0	0	0	0	0	0
Root;Bacteria;Actinobacteriota;Actinomycetia;Actinomycetales;Micrococcaceae;Rothia;Rothia_aeria	JQ456320.1.1335	0	0	0	0	0	0	0	0	0	0	0	0	0	0	0	0	0	0	0	0	0	0	0	0	0	0	0	1	0	0	0	0	0	0	0	0	0	0	0	1	0	0	0	0	0	0	0	0	0	1	0	0	0	2	0	0	1	0	1	0	0	1	0	0	0	0	0	0	0	0	0	0	0	0	0	0	0	1	0	0	0	0	0	0	0	0	0	0	0	0	0	0	0	0	0	0	0	0	0	0	0	0	0	0	0	0	0	0	0	0	0	0	0	0	0	0	0	0	0	0	0	0	0	0	0	0	0	0	0	0	0	0	0	0	0	0	0	0	0	0	0	0	0	0	0	0	0	0	0	0	0	0	0	1	0	0	0	0	0	2	0	0	0	0	0	0	0	0	0	0	0	0	0	0	0	0	0	0	0	0	0	0	0	0	0	0	0	0	0	0	0	0	0	1	0	0	0	0	0	0	0	0	0	0	0	0	0	0	0	0	0	0	0	0	0	0	0	0	0	0	0	0	0	0	0	0	0	0	0	0	0	0	0	0	0	0	0	0	0	0	0	0	0	0	0	0	0	0	1	0	0	0	0	0	0	0	0	2	0	0	0	0	0	0	0	0	0	0	0	0	0	0	1	1	0	0	0	0	0	0	0	0	0	0	0	2	0	0	0	0	0	0	0	0	0	0	0	0	0	1	0	0	0	0	0	0	0	0	0	0	0	0	0	0	0	0	0	0	0	0	0	0	0	0	0	0	0	0	0	0	0	0	1	0	0	2	0	0	0	0	0	0	0	0	0	0	0	0	0	0	0	3	0	0	0	0	0	0	0	0	0	0	0	0	0	0	0	0	0	0	0	1	0
Root;Bacteria;Fusobacteriota;Fusobacteriia;Fusobacteriales;Fusobacteriaceae;Fusobacterium;unclassified_Fusobacterium	JQ478192.1.1373	155	166	18	13	92	83	160	186	0	0	2	4	64	79	85	108	17	24	40	47	15	9	1	0	9	60	12	5	2	214	13	45	149	10	51	0	7	3	19	0	0	0	0	35	348	18	88	0	35	1	7	0	77	1	2	0	0	5	0	34	350	13	203	149	0	0	404	0	1	6	0	3	74	0	4	4	29	213	2	2	12	11	0	4	98	86	11	106	1	106	2	19	18	21	6	0	2	51	5	173	6	5	81	228	7	79	236	1	0	177	1	6	0	2	34	0	147	0	62	40	0	24	0	0	350	211	7	27	20	2	279	2	32	0	0	127	245	120	73	14	12	0	3	48	0	6	0	866	0	27	10	5	10	160	19	72	0	224	190	0	25	35	2	73	2	0	195	147	48	7	119	10	1	0	10	259	126	13	19	0	47	49	1	1	0	9	3	7	12	0	11	21	118	10	196	199	2	8	97	0	117	164	35	28	3	0	5	2	42	92	11	16	97	69	397	33	31	30	0	0	23	2	0	0	109	1	118	51	5	22	2	1	3	0	6	0	89	7	0	78	0	0	7	18	5	1	253	2	15	119	23	7	1	120	130	354	22	54	270	134	13	54	101	27	0	42	155	5	26	103	142	6	507	0	73	13	11	203	391	0	27	20	0	12	6	13	162	0	7	178	11	222	36	0	115	72	208	6	264	2	5	14	161	71	23	16	167	44	0	69	14	371	0	5	6	17	18	16	1	1024	110	74	4	0	110	1	227	5	4	35	302	0	25	40	222	84	43	58	34	7	68	48	0	1	0	13	0	10	0	72	477	35	12	19	5	3	125	96	35	3	51	66	38	2	4	43	14	19	0	108	62	12	61
Root;Bacteria;Bacteroidota;Bacteroidia;Bacteroidales;Tannerellaceae;Parabacteroides;Parabacteroides_merdae	AY976005.1.1361	0	0	0	0	0	0	0	0	0	0	0	0	0	0	0	0	1	0	0	0	0	0	0	0	0	0	0	0	0	0	0	0	0	0	0	0	0	0	0	0	0	0	0	0	0	0	0	0	0	0	0	0	0	0	0	0	0	0	0	0	0	0	0	0	0	0	1	0	0	0	0	0	0	0	0	0	0	0	0	0	0	0	0	0	0	0	0	0	0	0	0	0	0	0	0	0	0	0	0	0	0	0	0	0	0	0	0	0	0	0	0	0	0	0	0	0	0	0	0	0	0	0	0	0	0	0	0	0	0	0	0	0	0	0	0	0	0	4	0	0	0	0	0	0	0	0	0	0	0	0	0	0	0	2	0	0	0	0	0	0	0	0	0	0	0	0	0	0	0	0	0	0	0	0	0	0	0	17	0	0	0	0	0	0	0	0	0	0	0	0	0	0	0	0	0	0	0	0	0	0	0	0	0	0	0	0	0	0	0	0	0	0	0	0	0	0	0	0	0	0	0	0	0	0	0	0	0	0	0	0	0	0	0	0	0	0	0	0	0	0	0	0	0	0	0	0	0	0	0	0	0	0	0	0	0	0	0	0	0	0	0	0	0	0	0	0	0	0	0	0	0	0	8	0	0	0	0	0	0	0	0	0	0	0	0	1	0	0	0	0	0	0	0	0	0	0	0	1	0	0	0	0	0	0	1	0	0	0	0	0	0	0	1	0	0	0	0	0	0	0	2	0	0	0	0	0	0	0	0	0	0	0	0	0	0	0	0	0	0	0	0	0	0	0	0	0	0	0	0	0	0	0	0	0	1	0	0	0	0	0	0	0	0	0	0	0	0	0	0	0	0	0	0
Root;Bacteria;Fusobacteriota;Fusobacteriia;Fusobacteriales;Fusobacteriaceae;Fusobacterium;unclassified_Fusobacterium	FJ470422.1.1476	0	1	0	0	0	9	0	0	0	0	0	0	2	4	4	1	0	0	1	1	0	0	1	0	2	0	1	0	0	0	0	0	3	1	0	0	0	3	0	0	0	0	0	4	5	0	0	0	11	0	0	6	4	0	0	0	0	7	0	0	6	0	3	4	0	1	0	0	0	3	0	0	0	2	2	4	0	2	0	0	1	3	0	0	2	5	0	1	0	0	0	0	0	0	0	0	0	0	0	0	0	1	1	0	0	1	0	0	0	2	0	1	0	1	0	0	0	0	4	1	0	0	0	0	3	0	0	0	0	0	0	1	1	0	0	0	0	2	1	0	0	0	0	0	0	0	0	0	0	0	0	0	0	0	1	0	0	0	0	0	0	0	0	0	0	0	1	0	0	1	0	0	0	0	0	2	0	0	0	1	0	0	0	1	0	0	0	0	1	0	2	0	2	0	0	1	0	0	0	0	0	0	0	1	0	0	0	0	1	7	2	0	0	3	0	0	1	0	1	0	0	0	0	0	0	0	0	5	0	0	0	0	1	0	1	0	2	0	0	0	0	0	1	0	1	0	8	1	0	0	0	0	0	0	0	0	0	0	2	9	1	0	0	0	0	0	0	0	0	3	0	0	0	0	0	0	0	0	1	0	3	0	0	0	0	0	5	0	0	2	0	2	0	0	0	3	0	0	4	0	0	0	1	0	5	2	3	0	0	3	0	2	0	0	2	1	0	4	0	0	0	1	0	0	1	0	1	0	0	0	1	0	0	0	0	0	0	0	0	0	0	1	0	0	0	1	0	0	0	0	5	0	0	2	0	7	0	0	0	0	0	11	3	2	0	17	7	0	0	7	4	0	2
Root;Bacteria;Bacteroidota;Bacteroidia;Bacteroidales;Bacteroidaceae;Bacteroides;unclassified_Bacteroides	JX048244.1.1393	0	0	0	0	0	0	0	0	0	0	0	0	0	0	0	0	1	0	0	0	0	0	0	0	0	0	0	0	0	0	0	0	0	0	0	0	0	0	0	0	0	0	0	0	0	0	0	0	0	0	0	0	0	0	0	0	0	0	0	0	0	0	0	0	0	0	0	0	0	0	0	0	0	0	0	0	0	0	0	0	0	0	0	0	0	0	0	0	0	0	0	0	0	0	0	0	0	0	0	0	0	0	0	0	0	0	0	0	0	0	0	0	0	0	0	0	0	0	0	0	0	0	0	0	0	0	0	0	0	0	0	0	0	0	0	0	0	0	0	0	0	0	0	0	0	0	0	0	0	0	0	0	0	1	0	0	0	0	0	0	0	0	0	0	0	0	0	0	0	0	0	0	0	0	0	0	0	0	0	0	0	0	0	0	0	0	0	0	0	0	0	0	0	0	0	0	0	0	0	0	0	0	0	0	0	0	0	0	0	0	0	1	0	0	0	0	0	0	0	0	0	0	0	0	0	0	0	0	0	0	0	0	0	0	0	0	0	0	0	0	0	0	0	0	0	0	0	0	0	0	0	0	0	0	0	0	0	0	0	0	0	0	0	0	0	0	0	0	0	0	0	0	1	0	0	0	0	0	0	0	0	0	0	0	0	1	0	0	0	0	0	0	0	0	0	0	0	0	0	7	0	0	0	0	0	0	0	0	0	0	0	0	0	0	0	0	0	0	0	0	0	0	0	0	0	0	0	0	0	0	0	0	0	0	0	1	0	0	0	0	0	0	0	0	4	0	0	0	0	0	0	0	0	0	0	0	0	0	0	0	0	0	0	0	0	0	0	0	0	0	0	0	0
Root;Bacteria;Actinobacteriota;Actinomycetia;Actinomycetales;Micrococcaceae;Rothia;Rothia_aeria	JF198642.1.1348	0	0	0	0	0	0	0	0	0	0	0	0	0	1	0	0	0	0	0	0	0	0	0	0	0	0	0	59	1	3	0	2	0	1	5	0	0	1	0	10	6	2	1	2	0	1	0	5	0	0	1	0	0	3	1	0	0	0	0	0	0	0	0	0	0	0	0	0	0	0	0	0	0	9	0	0	13	0	0	0	0	0	1	1	4	0	0	0	0	1	0	5	0	0	7	2	2	2	1	1	0	1	0	0	16	0	0	2	0	0	0	0	0	0	0	0	0	0	0	0	0	0	0	0	0	0	0	1	6	0	0	1	2	1	0	3	0	0	0	0	0	0	1	0	2	5	0	0	0	0	5	0	0	0	4	0	0	2	1	21	0	1	0	0	0	0	1	0	0	0	0	0	0	0	0	0	0	60	1	2	2	0	1	0	0	3	0	57	4	0	0	0	0	25	7	0	28	11	3	1	1	0	0	0	0	26	0	1	1	0	1	0	0	0	1	0	1	0	8	0	4	0	10	0	1	0	0	0	0	15	1	0	0	1	0	0	1	13	4	4	0	0	0	0	1	0	0	1	0	24	0	0	0	0	0	12	1	0	0	1	6	2	0	0	0	0	0	3	23	1	0	0	0	0	1	6	0	0	0	0	0	39	38	0	23	65	0	0	0	85	0	12	0	7	0	1	0	0	0	0	3	2	0	1	0	0	1	0	0	9	3	0	0	0	0	1	0	1	0	0	0	2	0	0	0	0	3	37	0	12	2	0	15	16	3	6	0	0	0	1	3	0	2	0	0	10	0	4	0	4	0	1	11	3	0	0	0	0	58	27	0	0	0	32	7	0	1	0	0	0	11	48	1
Root;Bacteria;Firmicutes;Bacilli;Lactobacillales;Streptococcaceae;Streptococcus;unclassified_Streptococcus	GU374045.1.1513	0	0	0	0	0	0	0	0	0	0	0	0	0	0	0	0	0	0	0	0	0	0	0	0	1	0	0	0	0	0	0	2	0	0	0	0	0	1	0	0	0	2	0	1	0	0	0	0	1	0	0	0	0	0	0	0	0	0	0	0	0	0	2	0	0	1	1	1	0	0	0	1	0	0	0	1	0	0	0	0	0	0	0	0	0	0	0	0	0	0	0	0	0	0	0	0	0	0	0	0	0	0	0	1	0	0	0	0	0	0	0	0	0	0	1	0	0	0	5	0	0	0	0	0	0	0	0	0	0	0	0	0	0	0	0	0	0	2	0	0	0	0	0	0	0	0	0	0	0	0	1	0	1	0	0	0	0	0	0	0	0	0	0	0	1	0	0	0	0	3	0	0	0	0	0	0	0	0	1	0	0	0	0	0	0	0	0	0	0	0	0	1	0	0	0	0	0	0	0	0	0	0	0	0	0	0	0	0	0	0	0	0	1	0	0	0	0	1	0	0	1	0	0	0	0	0	0	0	2	0	0	0	0	0	0	0	0	0	0	0	0	0	0	1	0	0	0	0	0	0	0	0	0	0	0	0	0	1	0	0	0	0	0	0	0	0	0	0	0	0	0	0	0	0	0	0	0	1	0	0	0	1	0	0	0	0	0	0	0	0	3	0	0	0	0	0	0	0	0	0	0	0	0	0	1	0	0	0	0	0	0	0	1	0	0	0	0	0	0	0	0	0	0	0	0	0	0	0	0	0	0	0	0	0	0	6	0	0	0	0	0	0	0	0	0	0	0	0	0	0	0	0	0	0	1	0	0	0	0	0	0	0	0	3	0	0	0	0	0	1	0	0	0
Root;Bacteria;Bacteroidota;Bacteroidia;Bacteroidales;Bacteroidaceae;Bacteroides;unclassified_Bacteroides	JX041639.1.1315	0	0	0	0	0	0	0	0	0	0	0	0	0	0	0	0	0	0	0	0	0	0	0	0	0	0	0	0	0	0	0	0	0	0	0	0	0	0	0	0	0	0	0	0	0	0	0	0	0	0	0	0	0	0	0	0	0	0	0	0	0	0	0	0	0	0	0	0	0	0	0	0	0	0	0	0	0	0	0	0	0	0	0	0	0	0	0	0	0	0	0	0	0	0	0	0	0	0	0	0	0	0	0	0	0	0	0	0	0	0	0	0	0	0	0	0	0	0	0	0	0	0	0	0	0	0	0	0	0	0	0	0	0	0	0	0	0	0	0	0	0	0	0	0	0	0	0	0	0	0	0	0	0	0	0	0	0	0	0	0	0	0	0	0	0	0	0	0	0	0	0	0	0	0	0	0	0	0	0	0	0	0	0	0	0	0	0	0	0	0	0	0	0	0	0	0	0	0	0	0	0	0	0	0	0	0	0	0	0	0	0	0	0	0	0	0	0	0	0	0	0	0	0	0	0	0	0	0	0	0	0	0	0	0	0	0	0	0	0	0	0	0	0	0	0	0	0	0	0	0	0	0	0	0	0	1	0	0	0	0	0	0	0	0	0	0	0	0	0	0	0	0	0	0	0	0	0	0	0	0	0	0	0	0	0	0	0	0	0	0	0	0	0	0	0	0	0	0	0	0	0	0	0	0	0	0	0	0	0	0	0	0	0	0	0	0	0	0	0	0	0	0	0	0	0	0	0	0	0	0	0	0	0	0	0	0	0	0	0	0	0	0	0	0	0	0	0	0	0	0	0	0	0	0	0	0	0	0	0	0	0	0	0	0	0	0	0	0	0	0	0	0	0
Root;Bacteria;Fusobacteriota;Fusobacteriia;Fusobacteriales;Fusobacteriaceae;Fusobacterium;unclassified_Fusobacterium	AXNV01000069.49.1299	1	3	1	3	1	2	0	0	1	0	3	1	2	0	5	7	0	0	0	6	3	3	3	4	8	6	21	0	0	1	0	4	30	24	4	0	28	12	1	6	4	2	0	15	9	6	6	0	8	0	10	0	22	0	3	1	0	20	3	19	8	1	27	6	7	2	2	1	0	8	5	3	0	32	56	3	1	6	1	0	9	43	6	16	3	5	3	15	6	22	0	2	9	3	0	0	15	0	0	1	0	36	18	5	1	84	0	0	0	15	26	18	35	8	6	0	7	0	3	37	0	0	0	3	5	1	3	3	3	0	4	32	9	0	0	9	4	26	2	0	2	0	0	2	0	3	0	2	1	5	3	2	28	2	0	4	1	0	0	0	1	2	144	7	3	0	4	0	0	12	0	0	0	19	1	0	1	0	21	0	3	0	4	1	1	3	2	1	2	0	7	3	1	0	11	7	0	3	0	0	6	2	7	1	0	0	0	1	11	3	19	0	0	20	0	0	1	3	4	2	2	0	1	0	2	0	12	5	23	1	0	39	21	2	18	0	11	4	2	0	1	0	26	11	18	6	7	44	4	5	0	2	6	5	0	1	0	2	7	223	1	5	3	1	0	0	6	0	1	12	0	0	3	1	3	0	3	13	6	0	1	2	4	0	2	0	41	1	1	1	3	0	0	0	31	14	0	6	18	1	1	5	6	1	52	0	17	20	0	3	2	18	1	11	8	0	0	5	1	6	2	7	24	1	3	0	34	2	0	2	13	0	2	2	4	4	0	143	2	20	5	1	0	0	2	0	0	26	4	0	7	1	2	27	0	70	2	1	4	2	13	5	49	10	22	0	33	1	0	1	4	1	4
Root;Bacteria;Fusobacteriota;Fusobacteriia;Fusobacteriales;Leptotrichiaceae;Leptotrichia;Leptotrichia_hofstadii	AF201978.1.1370	0	0	0	0	14	14	0	0	0	0	0	0	0	0	0	3	0	0	2	5	0	0	3	1	1	0	0	0	0	0	0	11	0	0	2	0	7	3	0	3	0	0	0	0	0	0	0	0	12	0	0	3	11	0	0	1	0	30	0	0	0	0	0	0	0	0	0	0	0	0	0	0	0	0	11	5	2	0	0	0	1	0	3	0	28	42	3	1	0	2	2	4	0	0	40	16	0	4	0	0	0	4	0	2	2	1	0	0	0	0	0	0	0	0	0	0	1	0	0	0	0	0	0	0	0	0	1	0	0	0	0	0	0	0	0	0	0	0	0	0	0	0	7	0	0	0	0	4	1	2	0	3	0	5	8	0	0	0	0	0	1	0	0	0	0	0	0	0	0	1	1	0	0	1	0	0	0	0	0	2	30	1	2	1	16	0	0	0	0	0	0	0	0	0	0	0	3	2	2	0	0	0	0	4	0	11	0	2	0	0	0	0	0	1	9	0	22	20	0	0	3	0	0	0	0	0	5	0	0	0	1	50	0	0	0	0	4	10	0	1	0	0	0	24	2	1	1	27	0	0	0	0	0	1	2	12	0	5	0	1	0	0	0	0	0	1	0	0	0	13	0	12	0	0	0	0	0	0	1	0	38	0	0	1	0	7	4	0	0	0	0	0	0	0	0	2	0	2	2	0	0	5	1	0	5	1	7	0	0	0	0	0	0	0	1	0	1	52	4	0	7	0	0	0	0	0	0	0	0	0	0	0	0	0	0	0	0	10	5	0	8	0	0	0	0	5	3	8	2	0	0	0	0	4	0	14	0	0	0	0	0	0	1	1	3	2	8	1	0	5	0	1	0
Root;Bacteria;Firmicutes;Bacilli;Lactobacillales;Lactobacillaceae;Lactobacillus;unclassified_Lactobacillus	GQ448315.1.1424	0	0	0	0	0	0	0	0	0	0	0	0	0	0	0	0	0	0	0	0	0	0	0	0	0	0	0	0	0	0	0	0	0	0	0	0	0	0	0	0	0	0	0	0	0	0	0	0	0	0	0	0	0	0	0	0	0	0	0	0	0	0	0	0	0	0	0	0	0	0	0	0	0	0	0	0	0	0	0	0	0	0	0	0	0	0	0	0	0	0	0	0	0	0	0	0	0	0	0	0	0	0	0	0	0	0	0	0	0	0	0	0	0	0	0	0	0	0	0	0	0	0	0	0	0	0	0	0	0	0	0	0	0	0	0	0	0	0	0	0	0	0	0	0	0	0	0	0	0	0	0	0	0	0	0	0	0	0	0	0	0	0	0	0	0	0	0	0	0	0	0	0	0	0	0	0	0	0	0	0	0	0	0	0	0	0	0	0	0	0	0	0	0	0	0	0	0	0	0	0	0	0	0	0	0	0	0	0	0	0	0	0	0	0	0	0	0	0	0	0	0	0	0	0	0	0	0	0	0	0	0	0	0	0	0	0	0	0	0	0	0	0	0	0	0	0	0	0	0	0	0	0	0	0	0	0	0	1	0	0	0	0	0	0	0	0	0	0	0	0	0	0	0	0	0	0	0	0	0	0	0	0	0	0	0	0	0	0	0	0	0	0	0	0	0	0	0	0	0	0	0	0	0	0	0	0	0	0	0	0	0	0	0	0	0	0	0	0	0	0	0	0	0	0	0	0	0	0	0	0	0	0	0	0	0	0	0	0	0	0	0	0	0	0	0	0	0	0	0	0	0	0	0	0	0	0	0	0	0	0	0	0	0	0	0	0	0	0	0	0	0	0	0
Root;Bacteria;Fusobacteriota;Fusobacteriia;Fusobacteriales;Leptotrichiaceae;Leptotrichia;unclassified_Leptotrichia	JQ452465.1.1368	0	0	0	0	0	0	0	0	0	0	0	0	0	0	0	0	0	0	0	0	0	0	0	0	0	0	0	0	0	0	0	0	0	0	0	0	0	0	0	0	0	0	0	0	0	0	0	0	0	0	0	0	0	0	0	0	0	0	0	0	0	0	0	0	0	0	0	0	0	0	0	0	0	0	0	0	0	0	0	0	0	0	0	0	0	0	0	0	0	0	0	0	0	0	0	0	0	0	0	0	0	0	0	0	0	0	0	0	0	0	0	0	0	0	0	0	0	0	0	0	0	0	0	0	0	0	0	0	0	0	0	0	0	0	0	0	0	0	0	0	0	0	0	0	0	0	0	0	0	0	0	0	0	0	0	0	0	0	0	0	0	0	0	0	0	0	0	0	0	0	0	0	0	0	0	0	0	0	0	0	0	0	0	0	0	0	0	0	0	0	0	0	0	0	0	0	0	0	0	0	0	0	0	0	0	0	0	0	0	0	0	0	0	0	0	0	0	0	0	0	0	0	0	0	0	0	0	0	0	0	0	0	0	0	0	0	0	0	0	0	0	0	0	0	0	0	0	0	0	0	0	0	0	0	0	0	0	0	0	0	0	1	0	0	0	0	0	0	0	0	0	0	0	0	0	0	0	0	0	0	1	0	0	0	0	0	0	0	0	0	0	0	0	0	0	0	0	0	0	0	0	1	0	0	0	0	0	0	0	0	0	0	0	0	0	0	0	0	0	0	0	0	0	0	0	0	0	0	0	0	0	0	0	0	0	0	0	0	0	0	0	0	0	0	0	0	0	0	0	0	0	0	0	0	0	0	0	0	0	0	0	0	0	0	0	0	0	0	0	0	0	0	0
Root;Bacteria;Bacteroidota;Bacteroidia;Flavobacteriales;Flavobacteriaceae;Capnocytophaga;unclassified_Capnocytophaga	JQ467967.1.1380	0	0	0	0	0	0	0	0	0	0	0	0	31	23	0	0	0	0	0	0	0	0	0	0	3	0	0	0	0	5	0	0	5	0	0	0	3	1	11	1	0	0	0	8	0	1	0	1	0	0	0	14	0	0	0	0	0	4	0	0	2	3	75	0	0	0	0	41	27	0	0	1	0	0	0	1	0	30	0	0	6	3	0	0	1	2	22	1	0	17	0	0	0	1	3	0	0	0	0	0	0	5	0	0	0	1	0	0	0	0	0	4	0	0	0	0	9	0	8	6	0	0	0	0	0	0	24	0	0	0	4	0	0	5	0	16	26	0	0	0	0	0	0	0	0	1	0	23	6	0	0	0	0	2	3	0	0	59	0	0	0	0	0	2	0	0	2	3	0	0	40	1	0	63	5	1	20	0	0	15	0	1	3	2	1	8	2	15	0	0	0	0	0	0	0	0	0	0	0	0	2	0	5	17	0	0	2	0	1	0	0	0	0	0	11	0	5	3	0	0	6	0	0	0	7	0	1	1	0	0	0	0	0	0	1	0	0	0	4	1	0	0	3	0	0	0	14	1	0	0	51	0	0	0	1	0	0	1	0	0	0	5	0	0	0	0	0	0	0	3	0	1	0	0	0	0	0	9	23	0	2	0	0	0	0	0	0	0	11	7	1	6	3	0	26	0	0	0	0	0	4	3	20	0	12	1	0	0	0	2	0	4	0	3	4	0	0	0	0	0	0	0	0	0	0	0	22	0	0	0	2	0	0	0	0	0	4	7	8	0	0	0	0	9	0	4	0	2	0	4	0	0	0	2	0	2	5	0	0	0	0	1	8	0	6	0	0	0	0	0	84	0	74
Root;Bacteria;Firmicutes;Bacilli;Lactobacillales;Streptococcaceae;Streptococcus;unclassified_Streptococcus	JQ456415.1.1410	0	0	0	0	0	0	0	0	0	0	0	0	0	0	0	0	0	0	0	0	0	0	0	0	0	0	0	0	0	0	0	0	0	0	0	0	0	0	0	0	0	0	0	0	0	0	0	0	0	0	0	0	0	1	0	0	0	0	0	0	0	0	0	0	0	0	0	0	0	0	0	0	0	0	0	0	0	0	0	0	0	0	0	0	0	0	0	0	0	0	0	0	0	0	0	0	0	0	0	0	0	0	0	0	0	0	0	0	0	0	0	0	0	0	0	0	0	0	0	0	0	0	0	0	0	0	0	0	0	0	0	0	0	0	0	0	0	0	0	0	0	0	0	0	0	0	0	0	0	0	0	0	0	0	0	0	0	0	0	0	0	0	0	0	0	0	0	0	0	0	0	0	0	0	0	0	0	0	0	0	0	0	0	0	0	0	0	0	0	0	0	0	0	0	0	0	0	0	0	0	0	0	0	0	0	0	0	0	0	0	0	0	0	0	0	0	0	0	0	0	0	0	0	0	0	0	0	0	0	0	0	0	0	0	0	0	0	0	0	0	0	0	0	0	0	0	0	0	0	0	0	0	0	0	0	0	0	0	0	0	0	0	0	0	0	0	0	0	0	0	0	0	0	0	0	0	0	0	0	0	0	0	0	0	0	0	0	0	0	0	0	0	0	0	0	0	0	0	0	0	0	0	0	0	0	0	0	0	0	0	0	0	0	0	0	0	0	0	0	0	0	0	0	0	0	0	0	0	0	0	0	0	0	0	0	0	0	0	0	0	0	0	0	0	0	0	0	0	0	0	0	0	0	0	0	0	0	0	0	0	0	0	0	0	0	0	0	0	0	0	0	0	0
Root;Bacteria;Actinobacteriota;Actinomycetia;Actinomycetales;Micrococcaceae;Rothia;Rothia_dentocariosa	JQ453046.1.1385	0	0	0	1	0	0	1	0	0	1	1	0	0	0	0	0	0	0	0	0	0	0	0	0	0	0	0	0	0	0	0	0	0	0	0	0	0	0	0	0	0	0	0	0	0	0	0	0	0	0	0	0	0	0	1	0	0	0	0	0	0	0	0	0	0	0	0	0	0	0	0	0	0	0	0	0	0	0	0	0	0	0	0	0	0	0	0	0	0	0	0	0	0	0	0	0	0	0	0	0	0	0	1	0	0	0	0	0	0	0	0	0	0	0	0	0	0	0	0	0	0	0	0	0	0	0	0	0	0	0	0	0	0	0	0	0	0	0	0	0	0	0	0	0	0	0	0	0	0	0	0	0	0	0	0	0	0	0	0	0	0	0	0	0	0	0	0	0	0	0	0	0	0	0	0	0	0	0	0	0	0	0	0	0	0	0	0	0	0	0	0	0	0	0	0	0	0	0	0	0	0	0	0	0	0	0	0	0	0	0	0	0	0	0	0	0	0	0	0	0	0	0	0	0	0	0	0	0	0	0	0	0	0	0	0	0	0	0	0	0	0	0	0	0	0	0	0	0	0	0	0	0	0	0	0	0	0	0	0	0	0	0	0	0	0	0	0	0	0	0	0	0	0	0	0	0	0	0	0	0	0	0	0	0	0	0	0	0	0	0	0	0	0	0	0	0	0	0	0	0	0	0	0	0	0	0	0	0	0	0	0	0	0	0	0	0	0	0	0	0	0	0	0	0	0	0	0	0	0	0	0	0	0	0	0	0	0	0	0	0	0	0	0	0	0	0	0	0	0	0	0	0	0	0	0	0	0	0	0	0	0	0	0	0	0	0	0	0	0	0	0	0	0
Root;Bacteria;Firmicutes;Bacilli;Lactobacillales;Streptococcaceae;Streptococcus;unclassified_Streptococcus	JF151401.1.1370	0	0	0	0	0	0	0	0	0	0	0	0	0	0	0	0	0	0	0	0	0	0	0	0	0	0	0	0	0	0	0	0	0	0	0	0	0	0	0	0	0	0	0	0	0	0	0	0	0	0	0	0	0	0	0	0	0	0	0	0	0	0	0	0	0	0	0	0	0	0	0	0	0	0	0	0	0	0	0	0	0	0	0	0	0	0	0	0	0	0	0	0	0	0	0	0	0	0	0	0	0	0	0	0	0	0	0	0	0	0	0	0	0	0	0	0	0	0	0	0	0	0	0	0	0	0	0	0	0	0	0	0	0	0	0	0	0	0	0	0	0	0	0	0	0	0	0	0	0	0	0	0	0	0	0	0	0	0	0	0	0	0	0	0	0	0	0	0	0	0	0	0	0	0	0	0	0	0	0	0	0	0	0	0	0	0	0	0	0	0	0	0	0	0	0	0	0	0	0	0	0	0	0	0	0	0	0	0	0	0	0	0	0	0	0	0	0	0	0	0	0	0	0	0	0	0	0	0	0	0	0	0	0	0	0	0	0	0	0	0	0	0	0	0	0	0	0	0	0	0	0	0	0	0	0	0	0	0	0	0	0	0	0	0	0	0	0	0	0	0	0	0	0	0	0	0	0	0	0	0	0	0	0	0	0	0	0	0	0	0	0	0	0	0	0	0	0	0	0	0	0	0	0	0	0	0	0	1	0	0	0	0	0	0	0	0	0	0	0	0	0	0	0	0	0	0	0	0	0	0	0	0	0	0	0	0	0	0	0	0	0	0	0	0	0	0	0	0	0	0	0	0	0	0	0	0	0	0	0	0	0	0	0	0	0	0	0	0	0	0	0	0	0
Root;Bacteria;Firmicutes;Bacilli;Lactobacillales;Lactobacillaceae;Lactobacillus;unclassified_Lactobacillus	AY959127.1.1545	0	0	0	0	0	0	0	0	0	0	0	0	0	0	0	0	0	0	0	0	0	0	0	0	0	0	0	0	0	0	0	0	0	0	0	0	0	0	0	0	0	0	0	0	0	0	0	0	0	0	0	0	0	0	0	0	1	0	0	0	1	0	0	0	0	0	0	0	0	0	0	0	0	0	0	0	0	0	0	0	0	0	0	0	0	0	0	0	0	0	0	0	0	0	0	0	0	0	0	0	0	0	0	0	0	0	0	0	0	0	0	0	0	0	0	0	0	0	0	0	0	0	0	0	0	0	0	0	0	0	0	0	0	0	0	0	0	0	0	0	0	0	0	0	0	0	0	0	0	0	0	0	0	0	0	0	0	0	0	0	0	0	0	0	0	0	0	0	0	0	0	0	0	0	0	0	0	0	0	0	0	0	0	0	0	0	0	0	0	0	0	0	0	0	0	0	0	0	0	0	0	0	0	0	0	0	0	0	0	0	0	0	0	0	0	0	0	0	0	0	0	0	0	0	0	0	0	0	0	0	0	0	0	0	0	0	0	0	0	0	0	0	0	0	0	0	0	0	0	0	0	0	0	0	0	0	0	3	0	0	0	0	0	1	0	0	0	0	0	0	0	0	0	0	0	0	0	0	0	0	0	0	0	0	0	0	0	0	0	0	0	0	0	0	0	0	0	0	0	0	0	0	0	0	0	0	0	0	0	0	0	0	0	0	0	0	0	0	0	0	0	0	0	0	0	0	0	0	0	0	0	0	0	0	0	0	0	0	0	0	0	0	0	0	0	0	0	0	0	0	0	2	0	0	0	0	0	0	0	0	0	0	0	0	0	0	0	0	0	0	0	0	0
Root;Bacteria;Bacteroidota;Bacteroidia;Bacteroidales;Porphyromonadaceae;Porphyromonas;Porphyromonas_endodontalis	FJ470579.1.1493	0	0	0	0	0	1	0	0	0	0	0	0	0	0	0	0	0	0	0	0	0	0	0	0	0	0	0	0	0	0	0	0	0	0	0	0	0	0	0	0	0	0	0	0	0	0	0	0	0	0	0	0	0	0	0	0	0	0	0	0	0	0	2	0	0	0	0	0	0	0	0	0	0	0	0	0	0	0	0	0	0	0	0	0	0	0	0	1	0	0	0	0	0	0	0	0	0	0	0	0	0	0	0	1	0	0	0	0	0	0	0	0	0	0	0	0	0	0	0	0	0	0	0	0	3	4	0	0	0	0	0	0	0	0	0	0	0	0	0	0	0	0	0	0	0	0	0	0	0	0	0	0	0	0	1	0	0	0	0	0	0	0	0	1	0	0	0	0	0	0	0	0	0	0	0	0	0	0	0	0	0	0	0	0	0	0	0	0	0	0	0	0	0	0	0	0	0	0	0	0	0	0	0	0	0	0	0	0	0	0	0	0	0	0	0	0	0	0	0	0	0	0	0	0	0	0	0	0	0	0	1	0	1	0	0	0	0	0	0	0	0	0	0	0	0	0	0	0	0	0	0	0	0	0	0	0	0	0	0	0	0	0	0	0	0	0	0	0	0	0	0	0	0	0	0	0	0	0	0	0	0	0	0	0	0	0	0	0	0	0	0	6	0	0	0	0	0	0	0	0	0	0	0	0	0	0	0	0	0	0	0	0	0	1	0	0	0	0	0	0	0	0	0	0	0	0	0	0	0	0	0	0	0	0	0	0	0	0	0	0	0	0	0	0	0	0	0	0	0	0	0	0	0	0	0	0	0	0	0	0	0	0	0	0	0	1	1	0	0	0	0	0	0
Root;Bacteria;Actinobacteriota;Coriobacteriia;Coriobacteriales;Atopobiaceae;Olsenella;Olsenella_uli	FJ982973.1.1482	11	5	0	0	0	0	0	0	0	0	2	0	0	0	0	0	0	0	0	0	0	0	0	0	0	0	0	0	0	0	0	0	0	0	0	0	0	0	0	5	0	0	0	0	3	0	0	0	0	0	0	0	0	0	0	0	0	1	0	0	0	0	0	1	0	0	3	0	0	0	0	0	0	0	0	0	0	0	0	0	0	0	0	0	0	0	0	0	0	0	0	0	0	0	0	0	0	0	0	0	0	0	0	0	0	0	1	0	0	0	0	0	0	0	0	0	0	0	0	0	0	0	0	0	0	0	1	0	0	0	0	0	0	0	0	0	0	0	0	0	2	1	0	0	0	0	0	0	2	0	0	0	0	1	0	0	0	0	1	0	1	0	0	0	0	0	0	1	0	0	0	0	0	0	2	0	3	0	0	0	0	0	0	0	1	0	0	1	0	0	0	0	0	0	0	0	0	0	0	0	0	0	0	1	0	0	0	1	0	0	0	0	0	0	0	0	0	0	0	0	0	0	0	0	0	0	0	0	0	0	1	0	0	0	0	0	0	0	0	0	0	0	1	0	0	0	0	0	0	0	0	0	0	0	0	0	0	0	0	0	0	0	0	0	0	0	0	0	0	0	0	0	0	1	0	0	0	0	0	0	0	0	0	0	0	0	0	0	0	0	0	3	1	0	0	0	0	2	0	12	0	4	0	1	4	2	0	0	0	11	0	0	0	7	9	1	0	1	0	0	1	0	0	0	0	0	0	0	0	0	2	0	0	0	0	0	0	0	1	0	0	0	0	0	0	0	0	10	0	0	0	0	0	1	0	1	0	0	0	0	0	0	0	0	0	1	0	0	0	0	0	0	0
Root;Bacteria;Firmicutes_C;Negativicutes;Veillonellales;Veillonellaceae;Veillonella;unclassified_Veillonella	JQ459733.1.1395	1	1	1	2	0	2	11	14	28	28	8	4	1	4	5	12	11	13	4	4	1	8	2	1	4	9	2	17	22	12	0	3	22	21	16	1	0	0	13	1	27	12	0	10	1	2	23	10	7	0	58	59	0	0	3	6	58	8	14	0	31	11	8	10	61	50	28	45	73	5	18	46	1	0	2	27	0	33	16	0	18	8	2	11	4	4	4	1	1	10	0	6	33	19	0	0	2	6	0	6	0	11	13	6	4	7	5	0	0	0	23	21	10	30	31	0	2	0	9	9	0	63	74	64	0	0	76	60	43	0	24	0	0	2	0	5	7	1	6	0	1	0	126	40	0	21	0	0	0	3	0	6	9	0	0	1	1	3	4	0	0	1	0	6	3	0	2	0	2	246	38	0	5	40	0	1	0	0	8	53	2	2	18	4	4	0	2	0	0	0	28	17	17	7	1	0	0	2	0	15	13	11	74	3	0	1	58	0	4	6	45	7	54	6	0	0	2	4	17	20	13	0	36	0	6	0	5	1	9	3	0	17	2	4	12	0	1	3	2	0	11	0	1	5	1	69	10	4	10	5	1	27	3	1	0	1	0	2	1	9	1	0	3	53	0	0	1	0	5	2	1	0	1	1	0	0	204	7	8	46	26	22	3	5	3	38	32	11	18	5	1	0	1	0	33	0	0	14	2	8	0	0	20	1	17	92	0	14	0	12	2	1	58	142	62	0	0	0	0	0	46	0	12	21	54	0	9	1	0	10	1	0	27	28	17	18	0	63	8	19	59	0	2	196	6	2	0	8	0	2	19	6	2	9	12	3	1	1	16	3	29	3	63	197	5	4	4	2	1	5	62	7	78
Root;Bacteria;Bacteroidota;Bacteroidia;Flavobacteriales;Flavobacteriaceae;Capnocytophaga;Capnocytophaga_sp002999135	JF148200.1.1342	0	0	0	0	0	0	0	0	0	0	0	0	1	0	0	0	0	0	0	0	0	0	0	0	0	24	0	0	0	0	0	2	0	0	0	0	0	0	0	0	0	0	0	0	0	2	1	0	0	0	0	0	0	0	0	0	0	0	0	0	0	0	3	0	0	0	0	0	0	0	0	0	0	0	0	0	0	0	0	0	0	0	0	0	0	0	0	0	0	0	0	0	0	0	0	0	0	0	0	1	0	0	0	0	0	0	0	0	0	12	0	11	6	0	0	0	0	0	0	0	0	0	0	0	0	0	0	0	0	0	0	11	0	0	0	0	0	0	0	0	0	0	0	0	0	0	0	0	7	0	0	0	0	0	0	0	0	0	0	0	0	0	0	0	0	1	0	0	0	0	0	0	0	0	0	0	0	0	0	0	0	0	0	0	0	0	0	0	0	0	0	0	0	0	0	0	0	0	5	0	0	0	0	0	0	0	0	0	0	0	0	0	0	0	0	0	0	0	0	0	0	0	0	0	0	0	0	0	0	0	0	0	0	0	0	0	0	0	0	0	0	0	207	0	2	0	0	4	0	0	0	0	0	0	0	0	0	0	0	0	11	0	0	0	0	0	0	0	0	0	0	0	0	0	0	0	0	0	0	0	0	0	0	3	0	0	0	0	0	0	0	0	0	0	0	0	0	0	0	0	1	1	0	0	0	0	0	0	0	0	0	0	0	0	0	0	0	0	0	0	0	10	0	0	0	0	0	0	0	0	12	0	0	0	0	0	0	0	0	0	0	0	0	0	0	0	0	0	0	0	0	0	0	0	0	0	0	0	0	0	0	0	0	0	5	0	0	0	0	0	0	0	0
Root;Bacteria;Fusobacteriota;Fusobacteriia;Fusobacteriales;Fusobacteriaceae;Fusobacterium;unclassified_Fusobacterium	FJ470412.1.1487	0	0	0	0	0	0	0	0	0	0	0	0	0	0	0	0	0	0	0	0	0	0	0	0	0	0	0	0	0	0	0	0	0	0	0	0	0	0	0	0	0	0	0	0	0	0	0	0	0	0	0	0	0	0	0	0	0	0	0	0	0	0	0	0	0	0	0	0	0	0	0	0	0	0	0	0	0	0	0	0	0	0	0	0	0	0	0	0	0	0	0	0	0	0	0	0	0	0	0	0	0	0	0	0	0	0	0	0	0	0	0	0	0	0	0	0	0	0	0	0	0	0	0	0	0	0	0	0	0	0	0	0	0	0	0	0	0	0	0	0	0	0	0	0	0	0	0	0	0	0	0	0	0	0	0	0	0	0	0	0	0	0	0	0	0	0	0	0	0	0	0	0	0	0	0	0	0	0	0	0	0	0	0	0	0	0	0	0	0	0	0	0	0	0	0	0	0	0	0	0	0	0	0	0	0	0	0	0	0	0	0	0	0	0	0	0	0	0	0	0	0	0	0	0	0	0	0	0	0	0	0	0	0	0	0	0	0	0	0	0	0	0	0	0	0	0	0	0	0	0	0	0	0	0	0	0	0	0	0	0	0	0	0	0	0	0	0	0	0	0	0	0	0	0	0	0	0	0	0	0	0	0	0	0	0	0	0	0	0	0	0	0	0	0	0	0	0	0	0	0	0	0	0	0	0	0	0	0	0	0	0	0	0	0	0	0	0	0	0	0	0	0	0	0	0	0	0	0	0	0	0	0	0	0	0	0	0	0	0	0	0	0	0	0	0	0	0	0	0	0	0	0	0	0	0	1	0	0	0	0	0	0	0	0	0	0	0	0	0	0	0	0	0
Root;Bacteria;Bacteroidota;Bacteroidia;Flavobacteriales;Flavobacteriaceae;Capnocytophaga;unclassified_Capnocytophaga	JQ462645.1.1392	0	0	0	0	0	0	0	0	1	2	0	0	0	0	10	7	0	0	0	0	0	0	0	0	0	0	0	0	0	0	0	0	2	0	1	0	0	0	3	0	0	0	0	72	0	0	0	0	0	5	0	2	0	0	0	0	0	1	0	0	0	0	22	0	0	0	0	0	0	5	0	13	0	0	0	0	0	0	0	0	0	0	0	0	0	0	16	0	0	0	0	0	0	0	0	0	0	0	0	0	0	0	12	0	0	0	0	0	0	0	1	0	0	0	0	0	12	0	6	0	0	0	0	0	0	0	0	0	0	0	14	0	4	0	0	0	0	0	1	0	0	0	0	0	0	34	0	0	0	0	0	0	0	0	3	0	0	21	6	0	0	0	0	1	11	0	0	0	0	37	34	2	0	0	0	0	0	0	18	0	0	0	0	0	1	1	0	0	0	0	59	19	0	2	0	0	0	0	0	0	13	6	0	0	0	0	0	0	0	0	0	0	1	0	0	0	0	0	1	3	0	0	0	0	0	0	0	0	0	9	0	0	1	0	2	0	0	0	0	2	0	0	0	7	0	0	27	0	0	11	0	3	0	0	0	0	0	21	59	0	0	5	9	0	0	0	2	0	0	0	1	0	0	0	0	0	0	0	0	0	23	1	0	0	0	0	0	0	0	0	1	11	2	0	0	0	1	0	0	0	1	4	0	0	0	1	0	0	0	0	0	2	0	0	0	0	0	0	0	1	0	0	0	0	0	0	1	1	0	0	12	0	2	0	0	1	3	0	3	0	0	0	0	0	0	2	0	32	0	0	0	2	0	0	0	0	8	0	0	1	0	4	5	0	1	1	0	0	0	0	29	0	0
Root;Bacteria;Actinobacteriota;Actinomycetia;Actinomycetales;Cellulomonadaceae;Cellulomonas;unclassified_Cellulomonas	FJ811881.1.1412	0	0	0	0	0	0	0	0	0	0	0	0	0	0	0	0	0	0	0	0	0	0	0	0	0	0	0	0	0	0	0	0	0	0	0	0	0	0	0	0	0	0	0	0	0	0	0	0	0	0	0	0	0	0	0	0	0	0	0	0	0	0	0	0	0	0	0	0	0	0	0	0	0	0	0	0	0	0	0	0	0	0	0	0	0	0	0	0	0	0	0	0	0	0	0	0	0	0	0	0	0	0	0	0	0	0	0	0	0	0	0	0	0	0	0	0	0	0	0	0	0	0	0	0	0	0	0	0	0	0	0	0	0	0	0	0	0	0	0	0	0	0	0	0	0	0	0	0	0	0	0	0	0	0	0	0	0	0	0	0	0	0	0	0	0	0	0	0	0	0	0	0	0	0	0	0	0	0	0	0	0	0	0	0	0	0	0	0	0	0	0	0	0	0	0	0	0	0	0	0	0	0	0	0	0	0	0	0	0	0	0	0	0	0	0	0	0	0	0	0	0	0	0	0	0	0	0	0	0	0	0	0	0	0	0	0	0	0	0	0	0	0	0	0	0	0	0	0	0	0	0	0	0	0	0	0	0	0	0	0	0	0	0	0	0	0	0	0	0	0	0	0	0	0	0	0	0	0	0	0	0	0	0	0	0	0	0	0	0	0	0	0	0	0	0	0	0	0	0	0	0	0	0	0	0	0	0	0	0	0	0	0	0	0	0	0	0	0	0	0	0	0	0	0	0	0	0	0	0	0	0	0	0	0	1	0	0	0	0	0	0	0	0	0	0	0	0	0	0	0	0	0	0	0	0	0	0	0	0	0	0	0	0	0	0	0	0	0	0	0	0	0	0
Root;Bacteria;Bacteroidota;Bacteroidia;Bacteroidales;Rikenellaceae;Alistipes;Alistipes_putredinis	DQ824248.1.1398	0	0	0	0	0	0	0	0	0	0	0	0	0	0	0	0	0	0	0	0	0	0	0	0	0	0	0	0	0	0	0	0	0	0	0	0	0	0	0	0	0	0	0	0	0	0	0	0	0	0	0	0	0	0	0	0	0	0	0	0	0	0	0	0	0	0	0	0	0	0	0	0	0	0	0	0	0	0	0	0	0	0	0	0	0	0	0	0	0	0	0	0	0	0	0	0	0	0	0	0	0	0	0	0	0	0	0	0	0	0	0	0	0	0	0	0	0	0	0	0	0	0	0	0	0	0	0	0	0	0	0	0	0	0	0	0	0	0	0	0	0	0	0	0	0	0	0	0	0	0	0	0	0	0	0	0	0	0	0	0	0	0	0	0	0	0	0	0	0	1	0	0	0	1	0	0	0	0	0	0	0	0	0	0	0	0	0	0	0	0	0	0	0	0	0	0	0	0	0	0	0	0	0	0	0	0	0	0	0	0	0	0	0	0	0	0	0	0	0	0	0	0	0	0	0	0	0	0	0	0	0	0	0	0	0	0	0	0	0	0	0	0	0	0	0	0	0	0	0	0	0	0	0	0	0	0	0	0	0	0	0	0	0	0	0	0	0	0	0	0	0	0	0	0	0	0	0	1	1	0	0	0	0	0	0	0	0	0	0	0	0	0	0	0	0	0	0	0	0	0	0	0	0	0	0	0	0	0	0	0	0	0	0	0	0	0	0	0	0	0	0	0	0	0	0	0	0	0	0	0	0	0	0	0	0	0	0	0	0	0	0	0	0	0	0	0	0	0	0	0	0	0	0	0	0	0	0	0	0	0	0	0	0	0	0	0	0	0	0	0	0	0	0
Root;Bacteria;Firmicutes_C;Negativicutes;Veillonellales;Veillonellaceae;Veillonella;unclassified_Veillonella	EU763146.1.1380	0	0	0	0	0	0	0	0	0	0	0	1	0	0	0	0	0	0	0	0	0	0	0	0	0	0	0	0	0	0	0	0	0	0	0	0	0	0	0	0	0	0	0	0	0	0	0	0	0	0	0	0	0	0	0	0	0	0	0	0	0	0	0	0	0	0	0	0	0	0	0	0	0	0	0	0	0	0	0	0	0	0	0	0	0	0	0	0	0	0	0	0	0	0	0	0	0	0	0	0	0	0	0	0	0	0	0	0	0	0	0	0	0	0	0	0	0	0	0	0	0	0	1	0	0	0	0	0	0	0	0	0	0	0	0	0	0	0	0	0	0	0	0	0	0	0	0	0	0	0	0	0	0	0	0	0	0	0	0	0	0	0	0	0	0	6	0	0	0	0	0	0	0	0	0	0	0	0	0	6	0	0	0	0	0	0	0	0	0	0	0	1	0	0	0	0	0	0	0	0	2	2	0	0	0	0	0	0	0	0	0	0	0	0	0	0	0	0	0	0	0	0	0	0	0	0	0	0	0	0	0	0	0	0	0	0	0	0	0	0	0	0	0	0	0	1	0	0	0	0	0	0	0	0	0	0	0	0	0	0	0	0	0	0	0	0	0	0	0	1	0	0	0	0	0	0	0	0	0	0	0	0	0	0	0	0	0	0	0	0	0	1	0	0	0	0	0	0	0	0	0	0	0	0	0	1	0	0	0	0	0	0	0	0	0	0	0	0	0	0	0	0	0	0	0	0	0	0	0	0	0	0	1	0	0	1	0	1	0	0	0	0	0	12	0	0	0	0	0	0	0	0	0	0	11	0	0	0	1	0	0	0	0	1	0	0	0	0	0	0	0	0	0
Root;Bacteria;Bacteroidota;Bacteroidia;Bacteroidales;Bacteroidaceae;Bacteroides;Bacteroides_ovatus	JQ085661.1.1260	0	0	0	0	0	0	0	0	0	0	0	0	0	0	0	0	1	0	0	0	0	0	0	0	0	0	0	0	0	0	0	0	0	0	0	0	0	0	0	0	0	0	0	0	0	0	0	0	0	0	0	0	0	0	0	0	0	0	0	0	0	0	0	0	0	0	0	0	0	0	0	0	0	0	0	0	0	0	0	0	0	0	0	0	0	0	0	0	0	0	0	0	0	0	0	0	0	0	0	0	0	0	0	0	0	0	0	0	0	0	0	0	0	0	0	0	0	0	0	0	0	0	0	0	0	0	0	0	0	0	0	0	0	0	0	0	0	0	0	0	0	0	0	0	0	0	0	0	0	0	0	0	0	0	0	0	0	0	0	0	0	0	0	0	0	0	0	0	0	0	0	0	0	0	0	0	0	0	0	0	0	0	0	0	0	0	0	0	0	0	0	0	0	1	0	0	0	0	0	0	0	0	0	0	0	0	0	0	0	0	0	0	0	0	0	0	0	0	0	0	0	0	0	0	0	0	0	0	0	0	0	0	0	0	0	0	0	0	0	0	0	0	0	0	0	0	0	0	0	0	0	0	0	0	0	0	0	0	0	0	0	0	0	0	0	0	0	0	0	0	0	0	0	0	0	0	0	0	0	0	0	0	0	0	0	0	0	0	0	0	0	0	0	0	0	0	0	0	0	0	0	0	0	0	0	0	0	0	0	0	0	0	0	0	0	0	0	0	0	0	0	0	0	0	0	0	0	0	0	0	0	0	0	0	0	0	0	0	0	0	0	0	0	0	0	0	0	0	0	0	0	0	0	0	0	0	0	0	0	0	0	0	0	0	0	0	0	0	0	0	0	0	0
Root;Bacteria;Firmicutes;Bacilli;Lactobacillales;Streptococcaceae;Streptococcus;unclassified_Streptococcus	EU775648.1.1303	0	0	0	0	0	0	1	2	0	0	0	1	0	1	0	0	0	1	0	0	0	0	0	0	0	0	0	0	0	0	0	0	0	0	0	0	0	0	0	0	2	5	1	0	0	0	0	1	0	0	2	2	0	1	0	3	0	1	0	0	0	1	2	1	4	2	4	1	0	1	2	1	3	0	0	0	0	0	0	0	0	0	0	0	1	0	0	0	0	1	0	0	0	0	1	0	0	0	0	0	0	0	0	0	0	0	0	1	0	0	0	0	2	1	0	0	0	0	2	1	0	2	2	2	1	1	3	5	3	0	3	0	3	0	0	0	0	2	0	0	1	0	0	0	1	1	0	0	0	1	2	0	0	0	0	0	1	0	0	3	1	0	1	1	0	0	1	0	0	1	0	0	0	1	0	0	0	0	2	1	0	0	0	0	0	0	0	0	0	0	0	0	0	0	0	0	1	0	0	2	0	0	0	0	0	0	1	1	0	0	0	0	0	0	0	0	0	0	0	0	1	0	0	0	0	0	0	1	0	0	0	0	0	1	0	0	0	0	0	0	0	0	0	0	0	1	0	0	0	0	0	2	0	0	0	1	0	3	1	2	0	0	3	2	0	0	0	0	0	1	0	0	0	1	0	0	0	0	0	0	0	2	0	0	1	1	0	0	0	1	12	0	0	0	1	1	0	0	0	0	0	0	0	0	0	1	1	1	0	2	0	0	1	0	0	0	0	1	0	0	0	1	1	4	4	0	1	4	0	0	1	0	0	2	0	3	0	0	0	1	0	0	0	0	0	0	0	1	0	0	0	1	1	1	0	0	0	0	0	0	0	1	1	3	0	0	0	1	0	0	0	5	0
Root;Bacteria;Bacteroidota;Bacteroidia;Flavobacteriales;Flavobacteriaceae;Capnocytophaga;Capnocytophaga_sputigena	JQ456328.1.1355	0	0	0	0	0	0	0	0	0	0	0	0	0	0	0	0	0	0	0	0	0	0	0	0	0	0	0	0	0	0	0	0	5	0	0	0	0	0	0	0	0	0	49	0	0	0	0	0	0	0	0	0	0	0	0	0	0	0	0	0	0	0	0	0	0	0	0	0	0	0	0	0	0	0	0	0	0	0	0	0	0	6	0	0	0	0	0	0	0	0	0	0	0	0	0	0	0	0	0	0	0	0	0	0	0	1	0	0	0	0	0	0	0	0	0	0	0	0	0	0	0	0	0	0	0	0	0	0	0	0	0	0	0	0	0	0	0	0	0	0	0	0	0	0	0	0	0	0	2	0	0	0	0	0	0	0	0	0	0	0	0	0	0	0	0	0	0	0	0	0	0	0	0	0	0	0	0	0	0	0	0	0	0	0	0	0	0	0	0	0	0	0	0	0	0	0	0	0	0	0	0	0	0	0	0	0	0	0	0	0	0	0	0	0	0	0	0	0	0	0	0	0	0	0	0	0	0	0	0	0	0	0	0	0	0	0	0	0	0	0	0	0	0	0	0	0	0	1	0	0	0	0	0	0	0	0	0	0	0	0	0	0	0	0	0	0	0	0	0	0	0	3	0	0	0	0	0	0	0	0	0	0	0	0	0	0	0	0	0	0	0	0	0	0	0	0	0	0	0	0	0	0	0	0	0	0	0	0	0	0	0	0	0	0	0	0	0	0	0	0	0	0	0	0	0	0	0	0	0	0	0	0	0	0	0	0	0	0	0	0	0	0	0	0	0	0	1	0	0	0	0	0	0	0	0	0	0	0	0	0	4	0	0	0	0	0	0	0	0	0	0	0	0
Root;Bacteria;Bacteroidota;Bacteroidia;Flavobacteriales;Flavobacteriaceae;Capnocytophaga;unclassified_Capnocytophaga	JQ468003.1.1391	0	0	0	0	0	0	0	0	0	0	0	0	2	3	0	0	0	0	0	0	0	0	0	0	0	0	0	0	0	0	0	0	0	2	0	0	0	0	0	0	0	0	0	2	0	0	0	0	7	0	0	38	0	2	0	0	0	38	0	0	2	6	0	0	0	0	0	2	2	2	0	0	0	0	0	2	0	1	0	0	0	12	0	6	1	0	23	0	0	57	0	0	0	0	5	0	0	0	0	0	0	0	0	0	0	0	0	0	0	0	0	16	0	0	0	0	0	0	0	46	0	0	0	0	0	0	8	0	0	0	0	0	0	0	0	0	0	0	0	0	1	0	0	0	0	6	0	0	0	1	0	0	0	0	0	0	0	0	0	0	0	0	0	0	0	0	0	0	0	0	0	0	0	0	0	2	0	0	0	0	0	0	4	6	0	1	2	1	0	0	0	0	0	0	0	1	0	0	3	0	2	0	0	4	0	0	0	3	0	0	0	0	0	0	1	0	0	0	0	0	35	0	0	0	0	0	0	0	0	0	0	0	0	0	0	0	0	1	4	0	0	0	0	0	6	0	2	0	0	0	1	0	0	0	0	0	0	0	0	0	0	0	0	0	0	0	3	0	0	0	0	3	0	0	0	0	0	0	1	0	36	0	0	0	0	0	0	0	0	0	1	0	0	0	0	1	0	0	0	0	0	0	0	0	0	0	0	0	0	0	0	0	0	0	0	0	0	45	5	0	0	0	0	0	52	0	2	0	0	0	0	0	0	0	0	0	0	39	23	0	0	2	0	0	10	0	4	0	0	1	0	0	0	3	0	0	0	0	0	0	25	0	0	0	0	2	0	0	0	1	45	0	0
Root;Bacteria;Bacteroidota;Bacteroidia;Flavobacteriales;Flavobacteriaceae;Capnocytophaga;unclassified_Capnocytophaga	JQ453535.1.1340	0	0	1	3	0	0	0	0	0	0	1	0	2	4	1	3	0	0	3	3	1	2	0	0	2	11	5	17	16	2	1	12	2	58	0	0	0	0	117	2	9	4	26	8	250	3	9	3	16	1	0	0	11	4	5	7	0	15	5	0	1	7	45	233	25	31	4	2	0	1	13	7	62	14	91	0	12	103	0	0	3	19	7	0	3	3	55	0	1	5	0	24	23	0	1	0	0	3	0	3	0	0	0	2	5	6	0	1	0	10	21	0	2	2	4	0	4	0	4	8	0	1	4	2	16	14	9	7	3	0	10	6	4	0	0	4	14	1	16	0	0	0	0	4	1	4	0	1	8	5	0	3	0	2	1	1	0	0	0	0	0	1	12	15	28	2	0	1	0	168	0	0	17	2	0	4	0	0	5	0	4	0	31	32	0	29	18	0	0	0	8	6	0	0	1	3	2	0	1	9	4	1	3	2	0	52	0	2	35	14	72	0	0	24	8	0	7	13	2	9	6	0	1	0	2	0	0	6	1	2	0	181	30	11	4	0	57	73	18	1	2	0	16	7	0	0	6	16	1	3	167	3	1	5	51	86	4	5	0	2	40	5	9	7	0	1	6	1	1	1	7	8	13	0	0	26	0	9	3	3	2	5	16	5	0	2	0	1	159	40	9	3	0	17	0	18	0	4	20	0	0	0	1	0	0	0	8	1	0	11	1	3	4	2	3	0	0	7	0	1	0	8	0	91	76	0	1	6	1	1	3	0	0	0	4	12	0	31	8	4	1	0	0	78	4	0	4	3	3	0	67	1	17	19	1	72	1	1	1	0	2	10	2	19	19	3	1	1	0	1	2	1	0
Root;Bacteria;Bacteroidota;Bacteroidia;Bacteroidales;Bacteroidaceae;Prevotella;Prevotella_denticola	GZ223358.1.1493	1	0	0	0	0	0	3	1	3	2	0	0	0	0	1	2	4	3	0	0	0	0	0	0	15	0	1	0	0	0	0	6	5	10	0	0	5	11	0	0	0	0	0	0	0	0	0	0	0	0	1	0	6	0	0	0	0	14	0	0	0	0	0	0	0	0	0	0	0	0	0	0	0	0	0	0	0	3	0	0	0	0	0	0	0	0	0	0	0	4	0	0	3	275	0	0	0	3	0	0	0	0	0	0	0	0	39	0	0	0	0	18	0	0	0	0	1	0	1	0	0	75	0	0	22	23	0	0	0	0	0	0	0	225	0	0	0	0	7	0	3	0	1	74	0	15	0	2	6	1	0	0	0	21	0	0	0	0	140	0	5	0	0	0	0	0	1	0	0	0	0	0	60	0	7	0	0	0	0	0	0	0	0	1	0	16	4	4	1	0	2	6	0	0	3	0	0	0	0	0	0	0	0	0	0	0	0	0	0	2	0	0	6	11	0	0	0	0	0	0	1	0	0	0	0	0	0	1	0	0	6	0	0	0	0	0	0	0	2	0	4	0	0	1	0	1	28	0	0	0	0	0	0	0	0	0	0	0	0	0	0	0	0	2	0	0	0	3	2	0	0	32	0	1	0	0	2	0	0	277	0	0	0	0	0	4	1	0	26	0	0	69	6	0	0	3	0	0	0	0	1	1	0	3	0	79	0	12	0	96	12	21	0	12	25	0	0	0	0	0	0	0	0	0	7	0	0	0	0	0	0	0	0	0	0	6	0	0	0	0	0	0	1	2	0	4	0	0	0	10	0	0	0	0	0	0	13	0	0	0	0	0	0	1	0	0	0	0	0	0	5	0	0
Root;Bacteria;Actinobacteriota;Actinomycetia;Actinomycetales;Micrococcaceae;Rothia;Rothia_dentocariosa	JQ468465.1.1385	0	0	79	84	8	10	1	4	47	56	1	4	2	6	3	7	10	21	3	4	1	1	2	2	1	2	0	54	100	4	0	12	5	1	1	2	2	2	110	29	36	44	85	22	19	23	157	65	3	42	3	30	13	235	192	117	80	29	22	33	2	7	666	16	4	6	713	12	6	1	45	69	142	39	27	2	18	2	20	0	9	4	2	5	0	0	16	0	2	1	0	1	3	13	8	0	1	7	1	14	2	5	1	3	14	0	8	0	0	1	1	1	9	1	0	0	1	0	10	2	0	374	2	1	11	17	70	3	4	0	166	19	144	2	0	11	18	22	0	0	1	0	6	0	0	0	0	0	0	0	2	1	80	0	0	0	0	0	0	0	0	0	4	10	0	0	0	0	0	25	9	1	0	0	0	0	0	0	9	33	0	0	17	19	0	0	0	0	0	0	3	1	1	0	1	3	0	0	0	8	15	8	25	1	1	0	18	0	7	1	0	0	7	0	10	0	3	5	0	4	6	1	8	1	0	0	0	10	12	0	0	2	0	6	7	0	0	0	0	0	0	0	1	11	21	22	40	1	11	33	130	65	1	0	0	7	0	22	33	3	0	0	9	76	0	0	0	0	0	2	0	0	13	134	8	0	2	0	3	3	2	13	39	0	66	63	0	9	8	13	18	0	0	1	20	3	0	0	2	41	0	0	34	0	0	49	0	173	0	0	0	1	125	3	1	0	0	0	0	2	37	1	37	182	5	0	12	63	0	0	2	0	0	0	2	51	0	0	3	5	41	0	0	113	1	13	0	0	0	0	0	18	0	1	12	7	5	0	0	0	10	7	10	27	7	13	0	0	0	17	5	2	46
Root;Bacteria;Bacteroidota;Bacteroidia;Bacteroidales;Bacteroidaceae;Bacteroides;Bacteroides_sp900552405	JQ608232.1.1405	0	0	0	0	0	0	0	0	0	0	0	0	0	0	0	0	0	0	0	0	0	0	0	0	0	0	0	0	0	0	0	0	0	0	0	0	0	0	0	0	0	0	0	0	0	0	0	0	0	0	0	0	0	0	0	0	0	0	0	0	0	0	0	0	0	0	0	0	0	0	0	0	0	0	0	0	0	0	0	0	0	0	0	0	0	0	0	0	0	0	0	0	0	0	0	0	0	0	0	0	0	0	0	0	0	0	0	0	0	0	0	0	0	0	0	0	0	0	0	0	0	0	0	0	0	0	0	0	0	0	0	0	0	0	0	0	0	0	0	0	0	0	0	0	0	0	0	0	0	0	0	0	0	0	0	0	0	0	0	0	0	0	0	0	0	0	0	0	0	0	0	0	0	0	0	0	0	0	0	0	0	0	0	0	0	0	0	0	0	0	0	0	0	0	0	0	0	0	0	0	0	0	0	0	0	0	0	0	0	0	0	0	0	0	0	0	0	0	0	0	0	0	0	0	0	0	0	0	0	0	0	0	0	0	0	0	0	0	0	0	0	0	0	0	0	0	0	0	0	0	0	0	0	0	0	0	0	0	0	0	0	0	0	0	0	0	0	0	0	0	0	0	4	0	0	0	0	0	0	0	0	0	0	0	0	0	0	0	0	0	0	0	0	0	0	0	0	0	0	0	0	0	0	0	0	0	0	0	0	0	0	0	0	0	0	0	0	0	0	0	0	0	0	0	0	0	0	0	0	0	0	0	0	0	0	0	0	0	0	0	0	0	0	0	0	0	0	0	0	0	0	0	0	0	0	0	0	0	0	0	0	0	0	0	0	0	0	0	0	0	0	0	0
Root;Bacteria;Bacteroidota;Bacteroidia;Flavobacteriales;Flavobacteriaceae;Capnocytophaga;unclassified_Capnocytophaga	JQ454705.1.1394	0	0	0	0	0	0	1	0	0	0	0	0	2	2	0	0	0	0	0	0	0	0	0	0	0	0	0	0	0	14	0	0	0	0	0	0	6	3	0	0	0	0	0	1	0	0	0	0	1	0	0	24	0	0	0	0	0	3	0	0	0	0	0	0	0	0	0	1	2	0	0	0	0	0	0	0	0	0	0	0	0	3	0	0	0	0	0	0	0	13	0	0	0	0	6	0	0	0	0	0	0	0	0	0	0	0	0	0	0	0	0	4	0	0	0	0	15	0	0	0	0	0	0	0	0	0	0	0	0	0	0	0	0	0	0	0	0	0	0	0	0	0	0	0	0	0	0	0	0	1	0	0	0	0	0	0	0	0	0	0	0	0	0	0	1	0	0	0	0	0	0	0	0	0	0	0	0	0	0	0	0	0	0	0	0	0	0	0	0	0	0	0	0	0	0	1	0	0	0	0	1	0	0	1	0	0	0	0	0	1	0	0	0	0	28	0	0	0	0	0	12	0	0	0	0	0	0	0	0	2	0	0	0	0	0	0	0	0	0	0	0	0	0	0	0	0	0	0	0	1	0	0	0	0	0	0	0	0	0	0	0	0	0	0	0	0	0	0	0	0	0	0	0	0	0	0	0	0	0	0	6	0	0	0	0	0	0	0	0	2	0	0	0	0	0	0	0	0	0	0	2	1	0	0	0	11	0	0	0	1	0	0	0	15	12	0	0	0	0	0	0	0	0	0	0	0	0	0	0	0	0	0	0	0	0	0	8	0	0	0	0	0	0	0	0	0	0	3	0	0	0	0	0	1	0	0	2	0	0	0	0	0	0	0	0	1	0	0	0	0	17	0	0
Root;Bacteria;Firmicutes_C;Negativicutes;Veillonellales;Veillonellaceae;Veillonella;unclassified_Veillonella	HQ757995.1.1471	0	0	0	0	0	0	0	0	0	0	0	0	0	0	0	0	0	0	0	0	0	0	0	0	0	0	0	0	0	0	0	0	0	0	0	0	0	0	0	0	0	0	0	0	0	0	0	0	0	0	0	0	0	0	0	0	0	0	0	0	0	0	0	0	0	0	0	0	0	0	0	0	0	0	0	0	0	0	0	0	0	0	0	0	0	0	0	0	0	0	0	0	0	0	0	0	0	0	0	0	0	0	0	0	0	0	0	0	0	0	0	0	0	0	0	0	0	0	0	0	0	0	0	0	0	0	0	0	0	0	0	0	0	0	0	0	0	0	0	0	0	0	0	0	0	1	0	0	0	0	0	0	0	0	0	0	0	0	0	0	0	0	0	0	0	0	0	0	0	0	0	0	0	0	0	0	0	0	0	0	0	0	0	0	0	0	0	0	0	0	0	0	0	0	0	0	0	0	0	0	0	0	0	0	0	0	0	0	0	0	0	0	0	0	0	0	0	0	0	0	0	0	0	0	0	0	0	0	0	0	0	0	0	0	0	0	0	0	0	0	0	0	0	0	0	0	0	0	0	0	0	0	0	0	0	0	0	0	0	0	0	0	0	0	0	0	0	0	0	0	0	0	0	0	0	0	0	0	0	0	0	0	0	0	0	0	0	0	0	0	0	0	0	0	0	0	0	0	0	0	0	0	0	0	0	0	0	0	0	0	0	0	0	0	0	0	0	0	0	0	0	0	0	0	0	0	0	0	0	0	0	0	0	0	0	0	0	0	0	0	0	0	0	0	0	0	0	0	0	0	0	0	0	0	0	0	0	0	0	0	0	0	0	0	0	0	0	0	0	0	0	0	0
Root;Bacteria;Bacteroidota;Bacteroidia;Flavobacteriales;Flavobacteriaceae;Capnocytophaga;unclassified_Capnocytophaga	ATCI01000003.3713.5218	1	0	0	0	0	0	0	0	7	13	1	2	0	1	0	0	0	0	0	1	0	0	35	47	4	12	4	0	0	0	0	22	0	0	1	0	1	2	1	59	0	0	0	0	0	4	0	0	0	3	1	6	0	0	0	0	0	0	0	0	3	6	0	0	0	0	0	3	1	2	2	0	1	0	10	3	7	1	0	0	0	0	0	0	6	8	34	0	0	179	0	2	0	5	1	0	0	2	0	21	0	0	4	0	0	11	0	0	0	0	0	0	0	0	1	0	2	0	0	67	0	0	0	0	0	0	0	0	0	0	0	0	0	0	0	0	0	0	16	0	0	0	0	0	0	7	0	5	3	0	0	8	1	3	0	1	0	0	9	39	1	0	13	0	0	0	29	2	13	0	7	0	0	2	0	8	0	0	0	0	17	3	0	0	0	7	6	5	1	0	3	1	4	0	13	16	27	0	9	0	25	26	0	0	0	2	240	0	63	87	0	15	0	0	2	0	24	43	0	0	47	0	3	0	0	0	1	15	0	5	0	0	6	0	121	0	5	5	3	0	0	0	18	3	5	11	0	11	12	1	0	1	0	0	5	11	0	0	3	0	0	0	9	0	0	2	1	1	0	0	0	0	0	0	11	0	0	1	0	0	1	5	0	3	1	3	3	0	2	0	0	44	13	0	0	1	1	0	1	0	0	1	4	6	8	31	82	8	0	6	0	1	0	3	0	0	0	5	0	0	1	0	0	0	47	0	0	0	0	0	0	0	0	0	0	1	3	59	15	0	0	6	12	56	0	12	0	15	2	2	0	1	2	0	0	89	1	0	21	4	29	0	35	6	3	1	0	0	0	3	0	3	4
Root;Bacteria;Bacteroidota;Bacteroidia;Bacteroidales;Bacteroidaceae;Bacteroides;Bacteroides_ovatus	EU768425.1.1355	0	0	0	0	0	0	0	0	0	0	0	0	0	0	0	0	0	0	0	0	0	0	0	0	0	0	0	0	0	0	0	0	0	0	0	0	0	0	0	0	0	0	0	0	0	0	0	0	0	0	0	0	0	0	0	0	0	0	0	0	0	0	0	0	0	0	0	0	0	0	0	0	0	0	0	0	0	0	0	0	0	0	0	0	0	0	0	0	0	0	0	0	0	0	0	0	0	0	0	0	0	0	0	0	0	0	0	0	0	0	0	0	0	0	0	0	0	0	0	0	0	0	0	0	0	0	0	0	0	0	0	0	0	0	0	0	0	2	0	0	0	0	0	0	0	0	0	0	0	0	0	0	0	2	0	0	0	0	0	0	0	0	0	0	0	0	0	0	0	0	0	0	0	0	0	0	0	8	0	0	0	0	0	0	0	0	0	0	0	0	0	0	0	23	0	0	0	0	0	0	0	0	0	0	0	0	0	0	0	0	0	0	0	0	0	0	0	0	0	0	0	0	0	0	0	0	0	0	0	0	0	0	0	0	0	0	0	0	0	0	0	0	0	0	0	0	0	0	0	0	0	0	0	0	0	0	0	0	0	0	0	0	0	0	0	0	0	0	0	0	0	0	1	1	0	0	0	0	0	0	0	0	0	0	0	0	0	0	0	1	0	0	0	0	0	0	0	0	0	8	0	0	0	0	0	0	0	0	0	0	0	0	0	0	0	0	0	0	0	0	0	0	0	0	0	0	0	0	0	0	0	0	0	0	0	0	0	0	0	0	0	0	0	0	0	0	0	0	0	0	0	0	0	0	1	0	0	0	0	0	0	0	1	0	0	0	0	0	0	0	0	0	0
Root;Bacteria;Firmicutes;Bacilli;Lactobacillales;Aerococcaceae;Abiotrophia;Abiotrophia_defectiva	HM258797.1.1375	0	0	0	0	9	2	0	0	0	0	0	1	4	1	3	4	0	1	3	9	0	1	2	5	5	3	1	2	6	0	0	1	0	1	0	0	6	7	1	5	17	10	5	1	0	14	16	89	4	0	10	0	1	38	34	31	38	2	2	0	2	9	6	4	35	32	0	1	0	89	40	0	7	2	11	0	1	14	0	0	0	2	33	0	0	0	0	3	0	1	0	1	78	0	13	1	0	12	0	0	0	0	0	1	4	0	1	0	1	0	2	0	0	2	5	0	0	0	9	18	0	0	6	6	48	40	0	24	26	0	8	3	10	0	0	0	0	0	8	0	1	0	0	3	7	2	0	0	0	4	27	0	1	0	0	3	27	0	0	0	0	1	23	1	10	0	0	0	0	0	0	0	1	12	0	0	0	0	13	0	0	0	5	11	0	0	0	0	5	0	0	0	0	0	3	5	0	1	0	14	0	0	0	4	0	0	0	0	0	0	31	0	0	0	0	0	0	1	1	1	2	0	11	0	2	0	0	0	0	0	0	17	5	5	0	0	0	0	0	0	1	0	3	0	0	0	4	11	0	13	5	0	0	0	0	0	0	24	3	1	24	0	2	0	0	0	0	0	0	1	0	0	0	0	0	1	1	0	3	0	2	97	8	0	0	7	0	47	0	15	26	1	0	0	0	1	0	2	8	10	0	0	7	0	0	0	10	0	0	2	0	0	0	7	3	0	0	1	0	1	20	5	1	15	0	0	6	9	0	1	11	0	76	90	2	9	0	2	0	9	0	0	0	0	5	0	0	0	0	1	26	0	0	4	8	3	6	0	0	0	0	2	8	26	0	0	23	0	0	0	1	80	2
Root;Bacteria;Firmicutes;Bacilli;Lactobacillales;Streptococcaceae;Streptococcus;unclassified_Streptococcus	AM420064.1.1510	0	0	0	0	0	0	0	0	0	0	0	0	0	0	0	0	0	0	0	0	0	0	0	0	0	0	0	0	0	0	0	0	0	0	0	0	0	0	7	0	0	0	0	0	0	0	0	0	0	0	0	0	0	0	0	0	0	0	0	0	0	3	0	0	0	0	0	0	0	0	0	0	0	0	0	0	1	0	0	0	0	0	0	0	0	0	0	0	0	0	0	0	0	0	0	0	0	0	0	0	0	0	0	0	0	0	0	0	0	1	0	0	0	0	0	0	0	0	0	0	0	0	0	0	0	0	0	0	0	0	0	0	0	0	0	0	0	0	0	0	0	0	0	0	0	0	0	0	0	0	0	0	0	0	0	0	0	0	0	0	0	0	0	0	0	0	0	0	0	0	0	0	0	0	0	0	0	0	0	0	0	0	0	0	0	0	0	0	0	0	0	0	0	0	0	0	0	0	0	4	0	0	0	0	0	0	0	0	0	0	0	0	0	0	0	0	0	0	1	2	0	0	0	0	0	0	0	0	0	0	0	0	0	0	0	0	0	0	0	0	0	0	0	0	0	0	0	0	0	0	0	0	0	0	0	0	0	0	0	1	0	0	0	0	0	0	0	0	0	0	0	0	0	0	0	0	0	0	0	0	0	0	0	0	0	0	0	0	0	0	0	0	0	0	0	1	0	0	0	0	0	0	0	0	3	0	0	0	0	0	0	0	0	0	0	0	0	0	0	0	0	0	0	0	0	0	0	0	0	0	0	0	0	0	0	0	0	0	0	0	0	0	0	0	0	0	0	0	0	0	0	0	0	0	0	0	0	0	0	0	0	0	0	0	0	0	0	0	0	0	0	0	0
Root;Bacteria;Firmicutes;Bacilli;Staphylococcales;Gemellaceae;Gemella;unclassified_Gemella	JF142842.1.1376	1	0	5	3	1	1	0	2	12	21	0	0	4	8	1	4	67	57	3	10	2	3	5	5	0	2	0	23	8	2	0	2	3	3	1	655	63	53	44	0	2	6	20	11	2	15	24	15	2	40	0	0	14	34	337	279	3	0	5	5	3	17	55	2	0	1	13	10	6	0	2	0	27	23	1	1	6	1	1	0	3	1	97	4	0	0	0	13	1	2	0	2	4	3	0	0	12	13	0	0	0	3	1	12	3	6	0	8	0	2	29	0	0	2	6	0	0	0	0	13	0	2	1	1	94	69	0	3	3	0	86	3	1	0	0	1	1	4	1	0	1	0	73	8	14	0	0	0	0	0	11	2	26	0	1	4	6	0	1	1	3	1	1	0	5	63	0	0	0	2	2	0	2	2	0	0	0	19	2	8	2	1	7	7	0	0	0	0	2	0	0	0	0	0	1	1	0	3	0	1	1	0	2	3	0	0	1	0	0	0	0	0	4	0	1	0	0	0	2	0	0	0	0	0	3	0	0	0	1	0	1	1	0	7	0	0	0	0	0	1	4	0	0	11	0	0	4	1	0	9	0	0	3	1	0	2	0	16	5	21	8	5	3	18	16	0	0	0	0	3	0	0	12	6	0	1	121	27	55	0	4	1	2	0	2	4	0	20	4	1	12	1	0	7	0	5	0	10	0	42	0	0	3	0	13	10	2	658	0	1	0	0	2	5	10	0	0	0	0	8	26	0	44	30	7	0	1	51	2	0	9	0	0	4	3	13	0	8	0	55	2	0	1	1	7	0	0	0	0	1	0	47	0	0	86	0	1	0	1	0	5	4	1	73	0	3	1	0	0	0	11	0	0
Root;Bacteria;Actinobacteriota;Actinomycetia;Actinomycetales;Actinomycetaceae;Actinomyces;unclassified_Actinomyces	JQ473916.1.1409	2	1	52	57	18	21	46	59	21	28	39	33	17	22	17	16	44	31	3	3	20	25	28	23	2	19	0	295	318	6	0	0	0	0	0	7	109	112	487	66	17	7	406	229	65	54	109	23	12	171	28	127	37	251	38	30	36	0	11	66	15	32	1110	67	78	89	346	67	33	8	43	167	25	10	58	5	46	2	242	6	10	3	0	39	35	22	31	0	1	0	0	0	11	24	1	0	26	2	0	4	0	0	1	3	62	3	12	45	1	0	15	4	15	1	4	0	21	0	5	8	0	637	22	30	2	0	135	21	22	0	99	30	147	0	0	6	47	12	2	0	4	0	11	4	4	12	0	0	0	0	2	6	1	0	2	4	23	0	4	19	6	1	25	3	0	0	6	0	0	8	10	0	5	1	0	1	0	22	0	5	0	1	16	4	2	0	0	1	1	0	7	10	0	3	2	2	0	0	0	7	6	31	26	11	0	0	10	0	1	2	0	3	4	1	2	0	12	17	16	14	1	0	39	1	2	0	0	6	60	2	0	9	2	401	83	0	5	2	0	0	2	0	12	23	7	126	85	1	99	27	165	59	9	1	0	67	0	113	23	3	2	0	8	930	0	0	0	0	7	3	2	0	0	2	3	0	11	1	8	18	39	249	137	0	64	227	0	13	90	6	3	1	0	10	13	18	1	7	1	62	1	7	0	6	1	70	1	3742	0	0	0	3	1086	47	31	0	0	3	1	1	37	0	101	193	54	0	113	490	0	5	23	0	1	6	16	5	3	4	4	0	556	0	4	70	8	54	3	7	1	0	0	19	1	0	7	25	24	2	29	6	14	40	2	97	15	28	22	0	0	6	52	222	43
Root;Bacteria;Fusobacteriota;Fusobacteriia;Fusobacteriales;Leptotrichiaceae;Leptotrichia;unclassified_Leptotrichia	AM420169.1.1475	0	0	0	0	0	0	0	0	0	0	0	0	0	0	0	0	0	0	0	0	0	0	0	0	0	0	0	0	0	0	0	0	0	0	0	0	0	0	0	0	0	0	0	0	0	0	0	0	0	0	0	0	0	0	0	0	0	0	0	0	0	0	0	0	0	0	0	0	0	0	0	0	0	0	1	1	0	0	0	0	0	0	0	0	0	0	0	0	0	0	0	0	0	0	0	0	0	0	0	0	0	0	0	0	0	0	0	0	0	0	0	0	0	0	0	0	0	0	0	0	0	0	0	0	0	0	0	0	0	0	0	0	1	0	0	0	0	0	0	0	0	0	0	0	0	0	0	0	1	0	0	0	0	0	0	0	0	0	0	0	0	0	0	0	0	0	0	0	0	0	0	0	0	0	0	0	0	0	0	0	0	0	0	0	0	0	0	0	0	0	0	0	0	0	0	0	0	0	0	0	0	0	0	0	0	0	0	0	0	0	0	0	0	0	0	0	0	0	0	0	0	0	0	0	0	0	0	0	0	0	0	0	0	0	0	0	0	0	0	0	0	0	0	0	0	0	0	0	1	0	0	0	0	0	0	0	0	0	0	0	0	1	0	0	0	0	1	0	0	0	0	0	0	0	0	0	0	0	0	0	0	0	0	0	0	0	0	0	0	0	0	0	0	0	0	0	0	0	0	0	0	0	0	0	0	0	0	0	0	0	0	0	0	0	0	0	0	0	0	0	0	0	0	0	0	0	0	0	0	0	0	0	0	0	0	0	0	0	0	0	0	0	0	0	0	0	0	0	0	0	0	0	0	0	0	0	0	0	0	0	0	0	0	0	0	0	0	0	0	0	0	0	0
Root;Bacteria;Actinobacteriota;Actinomycetia;Actinomycetales;Actinomycetaceae;Actinomyces;unclassified_Actinomyces	JQ454235.1.1442	0	0	0	0	0	0	0	0	0	1	0	0	0	1	0	0	0	0	0	0	0	0	0	0	0	0	0	0	0	0	0	0	0	0	0	0	1	0	0	0	0	0	1	0	0	0	0	0	0	1	0	0	0	0	1	0	0	0	0	1	0	0	1	0	0	0	1	0	0	0	0	0	1	0	0	0	0	0	1	0	0	0	0	0	0	0	0	0	0	0	0	0	0	0	0	0	0	0	0	0	0	0	0	0	0	0	0	0	0	0	0	0	0	0	0	0	0	0	0	0	0	0	1	0	0	0	0	0	0	0	0	0	0	0	0	0	0	0	0	0	0	0	0	0	0	0	0	0	0	0	0	0	0	0	0	0	0	0	0	0	0	0	0	0	0	0	0	0	0	0	0	0	0	0	0	0	0	0	0	1	0	0	0	0	0	0	0	0	0	0	0	0	0	0	0	0	0	0	0	0	0	0	0	0	0	0	0	0	0	0	0	0	0	0	0	0	0	0	0	0	0	0	0	0	0	0	0	0	0	0	0	0	0	0	0	0	0	0	0	0	0	0	0	0	0	0	1	0	0	0	0	0	0	0	0	0	0	0	0	0	0	0	1	0	0	0	0	0	0	0	0	0	0	0	0	0	0	0	0	1	0	0	0	0	0	0	0	0	0	0	0	0	0	0	0	0	0	0	0	0	0	0	0	0	0	0	0	0	0	1	0	0	0	0	0	0	0	0	0	0	0	0	0	0	0	0	0	0	0	0	0	0	0	1	0	0	0	2	1	0	0	0	0	0	0	0	0	0	0	0	0	0	0	0	0	0	1	0	0	0	0	0	0	0	0	0	0	0	0	0	0	0	0
Root;Bacteria;Bacteroidota;Bacteroidia;Bacteroidales;Bacteroidaceae;Prevotella;Prevotella_baroniae	AUFQ01000046.32.1280	2	2	0	0	0	0	0	0	0	0	1	0	1	2	0	0	0	0	0	0	0	0	0	0	0	0	0	0	0	0	0	0	0	0	0	0	0	0	0	0	0	0	0	0	0	0	0	0	2	0	0	0	0	0	0	0	0	0	0	0	0	0	0	0	0	0	0	0	0	0	0	0	0	0	0	0	0	0	0	0	0	0	0	3	0	0	0	0	0	0	0	0	0	0	0	0	0	1	0	0	0	0	0	0	0	4	0	0	0	0	0	0	0	0	0	0	0	0	0	1	0	0	0	0	0	0	0	0	0	0	0	0	0	0	0	0	0	0	0	0	0	0	0	0	0	0	0	0	0	0	0	0	0	0	0	0	0	0	0	0	3	0	0	0	0	0	0	0	0	0	0	0	0	0	0	0	0	0	0	0	0	0	0	0	0	0	0	0	0	0	0	0	0	0	0	0	0	0	12	0	0	0	0	4	0	0	0	0	0	0	0	0	0	0	0	0	0	0	0	0	0	0	0	0	0	0	0	0	0	0	0	0	0	0	0	0	0	0	0	0	0	0	0	0	0	0	0	0	0	0	0	0	10	0	0	0	0	0	0	0	0	0	0	0	0	0	0	0	0	0	0	0	0	0	0	0	0	0	0	0	0	0	0	1	0	0	0	0	0	0	0	14	1	0	0	0	3	2	2	0	0	0	0	2	0	0	0	0	0	0	0	0	0	0	0	0	0	0	0	0	0	0	0	0	1	0	0	0	0	0	0	0	0	0	0	0	0	0	0	0	0	0	0	0	0	0	0	0	0	0	0	0	0	7	0	0	0	7	0	0	0	0	0	0	0	7	0	0	0	0	0	0	0
Root;Bacteria;Bacteroidota;Bacteroidia;Bacteroidales;Porphyromonadaceae;Porphyromonas;unclassified_Porphyromonas	JQ452602.1.1388	0	0	0	0	0	0	0	0	0	0	0	0	0	0	2	2	0	0	0	0	0	0	0	0	1	0	0	0	0	0	0	0	0	0	0	0	2	0	0	0	0	0	0	2	0	4	1	0	1	0	0	0	0	0	0	0	0	13	0	0	1	0	0	0	0	0	0	0	0	0	3	0	0	0	1	0	0	0	0	0	0	5	0	0	0	0	0	0	0	0	0	0	0	0	0	0	0	0	0	0	0	0	0	0	0	0	0	0	0	0	0	0	0	0	1	0	0	0	0	8	0	0	0	0	0	0	0	0	0	0	0	2	0	0	0	0	0	0	0	0	1	0	0	0	0	0	0	0	0	0	0	0	0	1	10	0	0	0	0	0	0	0	0	1	0	1	1	0	0	0	0	0	0	2	0	0	0	0	0	0	0	0	0	0	0	0	1	0	0	0	0	0	0	0	0	0	0	0	0	0	0	0	0	1	1	0	0	0	0	0	1	0	0	2	0	0	0	0	0	0	0	0	0	0	0	0	0	0	0	0	0	0	0	0	0	0	0	0	19	0	0	0	1	0	1	0	0	17	0	0	0	0	0	0	0	0	0	0	0	0	0	0	2	0	0	0	0	0	0	0	0	0	0	0	0	0	0	0	1	1	0	0	0	0	0	0	5	0	0	0	0	2	0	0	0	3	0	0	0	1	0	0	0	0	0	0	0	0	0	2	0	0	0	1	0	0	0	2	0	0	1	0	0	0	6	0	0	0	0	0	0	0	0	0	0	0	0	3	0	0	0	0	0	0	0	0	0	0	0	0	0	0	4	0	2	22	0	0	0	0	3	0	0	1	4	0	15	0	0	0	0	0	1
Root;Bacteria;Firmicutes_A;Clostridia;Oscillospirales;Ruminococcaceae;Faecalibacterium;unclassified_Faecalibacterium	DQ799101.1.1373	0	0	0	0	0	0	0	0	0	0	0	0	0	0	0	0	0	0	0	0	0	0	0	0	0	0	0	0	0	0	0	0	0	0	0	0	0	0	0	0	0	0	0	0	0	0	0	0	0	0	0	0	0	0	0	0	25	0	0	0	0	0	0	0	0	0	0	0	0	0	0	0	0	0	0	0	0	0	0	0	0	0	0	0	0	0	0	0	0	0	0	0	0	0	0	0	0	0	0	0	0	0	0	0	0	0	0	0	0	0	0	0	0	0	0	0	0	0	0	0	0	0	0	0	0	0	0	0	0	0	0	0	0	0	0	0	0	0	0	0	0	0	0	0	0	0	0	0	0	0	0	0	0	0	0	0	0	0	0	0	0	0	0	0	0	0	0	0	0	0	0	0	0	0	0	0	0	0	0	0	0	0	0	0	0	0	0	1	0	0	0	0	0	0	0	0	0	0	0	0	0	0	0	0	0	0	0	0	0	0	0	0	0	0	0	0	0	0	0	0	0	0	0	0	0	0	0	0	0	0	0	0	0	0	0	0	0	0	0	0	0	0	0	0	0	0	0	0	0	0	0	0	0	0	0	0	0	0	0	0	0	0	0	0	0	0	0	0	0	0	0	0	0	0	0	0	0	0	0	0	0	0	0	0	0	0	0	0	0	0	0	0	0	0	0	0	0	0	0	0	0	0	0	0	0	0	0	0	0	0	0	0	0	0	0	0	0	0	0	0	0	0	0	0	0	0	0	0	0	0	0	0	0	0	0	0	0	0	0	0	0	0	0	0	0	0	0	0	0	0	0	0	0	0	0	0	0	0	0	0	0	0	0	0	0	0	0	0	0	0	0	0	0
Root;Bacteria;Bacteroidota;Bacteroidia;Flavobacteriales;Flavobacteriaceae;Capnocytophaga;unclassified_Capnocytophaga	JQ473934.1.1322	0	0	0	0	1	0	0	0	1	0	0	0	0	0	2	0	3	2	3	5	1	0	0	0	2	5	0	0	0	5	0	1	25	8	5	0	1	2	0	0	0	0	0	3	0	2	0	0	2	0	8	17	0	0	0	0	0	4	0	1	3	8	0	0	0	0	1	4	1	0	0	0	0	0	3	2	19	14	0	0	2	7	0	2	0	0	2	1	5	18	0	0	3	0	3	0	0	0	0	0	0	1	0	0	0	4	0	0	0	0	0	2	1	0	3	0	0	0	0	0	0	0	9	10	0	1	0	0	0	0	0	0	0	0	0	0	0	0	3	0	0	0	2	0	0	2	0	1	1	0	0	0	3	0	0	0	0	0	0	0	2	1	1	1	2	0	0	0	0	0	0	0	0	11	0	0	0	1	1	0	1	1	0	1	0	2	1	0	3	0	0	0	0	0	3	1	0	0	1	0	3	2	0	1	0	1	0	0	2	1	0	2	12	15	16	0	0	0	0	0	16	0	0	0	3	0	2	3	2	0	0	0	1	1	0	0	0	2	2	0	0	0	0	0	13	8	2	5	0	2	5	2	0	0	3	30	0	3	1	0	0	0	0	0	0	0	0	0	0	0	0	0	0	0	6	0	2	0	1	0	6	0	0	1	0	0	0	1	0	3	1	0	1	0	0	0	0	0	2	0	0	0	10	0	11	1	13	0	0	51	3	13	0	10	10	0	0	11	0	0	0	0	0	0	35	0	1	0	0	1	0	0	0	0	0	0	0	0	11	0	0	0	6	0	0	0	0	9	0	0	6	0	3	2	2	0	0	0	6	3	5	2	7	35	7	2	0	0	0	1	9	0	21
Root;Bacteria;Desulfobacterota;Desulfobulbia;Desulfobulbales;Desulfobulbaceae;Desulfobulbus;Desulfobulbus_oralis	APCF01000172.2485.4022	0	0	0	1	1	0	0	0	0	0	0	0	0	0	0	0	0	0	0	0	0	0	0	0	0	0	0	0	0	0	0	0	0	0	0	0	0	0	0	0	0	0	0	0	7	0	0	0	0	0	0	0	0	0	0	0	0	0	0	0	0	0	0	2	0	0	0	0	0	0	0	0	0	0	0	0	0	0	0	0	0	0	0	0	0	0	0	0	0	0	0	0	0	0	0	0	0	0	0	0	0	0	0	0	0	2	0	0	0	0	0	0	0	0	0	0	0	0	0	0	0	0	0	0	0	0	0	0	0	0	0	0	0	0	0	0	0	0	0	0	0	0	0	0	0	0	0	0	0	0	0	0	0	0	0	0	0	0	0	0	0	0	0	0	0	0	0	0	0	0	0	0	0	0	3	0	0	0	0	0	0	0	0	0	0	0	0	0	0	0	0	0	0	0	0	0	0	0	6	0	0	0	0	0	0	0	0	0	0	0	0	0	0	0	0	0	0	0	0	0	0	0	0	0	3	0	0	0	0	0	0	0	0	0	0	0	0	0	0	0	0	0	0	0	0	0	0	0	0	0	0	0	0	0	0	0	0	0	0	0	0	9	0	0	0	0	0	0	0	0	0	0	0	0	0	0	0	0	0	0	0	0	0	1	0	0	0	0	0	0	0	1	0	0	0	0	0	0	0	0	1	0	0	0	0	0	0	0	0	0	0	0	0	0	0	0	0	0	0	0	0	0	0	0	0	0	0	0	0	0	0	0	0	0	0	0	0	0	0	0	0	0	0	0	0	0	0	0	0	6	0	0	0	0	0	0	0	0	0	0	0	0	0	0	0	0	0	0	0	0	0	0	0
Root;Bacteria;Bacteroidota;Bacteroidia;Bacteroidales;Tannerellaceae;Tannerella;Tannerella_sp002890585	JQ470946.1.1394	6	0	0	0	0	1	0	0	0	0	2	0	3	1	0	0	0	0	0	0	5	5	0	0	2	2	0	0	0	1	0	1	1	1	0	0	7	6	0	0	0	0	0	0	0	0	0	0	9	0	3	0	1	0	0	0	0	0	0	0	0	0	18	0	0	0	0	0	0	0	0	0	0	0	5	0	0	1	0	0	0	2	0	0	0	0	6	0	0	0	0	1	0	0	0	0	0	0	0	0	0	1	0	0	0	0	2	0	0	0	0	0	2	0	3	0	0	0	0	0	0	0	0	0	0	0	0	0	0	0	0	1	0	0	0	0	0	0	0	0	4	0	0	0	0	2	0	0	1	0	0	0	4	1	0	1	0	0	1	0	0	0	0	2	0	0	0	4	2	0	1	0	0	0	3	5	0	0	0	0	0	0	3	0	3	0	0	2	0	0	1	0	4	0	3	5	0	1	0	0	1	0	0	5	0	0	0	3	0	0	0	4	0	4	1	0	0	0	0	1	1	0	0	0	3	0	1	0	0	0	3	0	1	0	0	0	7	0	0	1	0	0	24	0	29	0	0	3	0	0	0	1	3	0	2	0	0	0	11	0	1	0	9	0	0	1	1	1	4	0	0	0	0	58	0	1	0	0	0	0	0	0	0	1	0	0	16	0	0	0	0	13	0	0	0	0	1	6	1	3	0	0	0	0	1	0	0	3	0	4	0	6	0	20	15	4	0	1	0	0	0	0	18	0	2	0	1	0	0	0	3	0	0	0	0	0	1	0	5	0	0	1	0	0	0	0	0	2	0	0	0	3	0	2	0	0	0	0	0	0	0	0	1	0	8	1	7	0	0	6	0	0	2
Root;Bacteria;Firmicutes_C;Negativicutes;Veillonellales;Veillonellaceae;Veillonella;unclassified_Veillonella	GU413690.1.1212	1	0	0	0	0	0	0	0	0	0	0	0	0	0	0	0	0	0	0	0	0	0	0	0	0	0	0	0	0	0	0	0	0	0	0	1	0	0	0	0	0	0	0	0	0	1	0	0	0	0	0	0	0	0	0	0	0	0	0	0	0	0	0	0	0	0	0	0	0	0	0	0	0	0	0	0	0	0	0	0	0	0	0	0	0	1	0	0	1	0	0	0	0	0	0	0	0	0	0	0	0	0	0	0	0	0	1	0	0	0	0	0	0	0	0	0	0	0	0	0	0	0	0	0	0	0	0	0	0	0	0	0	0	0	0	0	0	0	0	0	0	0	0	0	0	0	0	0	0	0	0	0	0	0	0	0	0	0	0	0	0	0	0	0	0	0	0	0	0	0	0	0	0	0	0	0	0	0	0	0	0	0	0	1	0	0	0	0	0	0	1	0	0	0	0	0	0	0	0	0	0	0	0	0	0	0	0	0	0	0	0	0	0	0	0	0	1	0	0	0	0	0	0	0	0	0	0	0	0	0	0	0	0	0	0	0	0	0	0	0	0	0	0	0	0	0	0	0	0	0	0	0	0	0	0	0	0	0	0	0	0	0	0	0	3	0	0	0	0	0	0	0	0	0	0	0	0	0	0	0	0	0	0	0	0	0	0	0	0	0	0	0	0	0	0	0	0	0	0	0	0	0	0	0	0	0	0	0	0	0	0	0	0	0	0	0	0	0	0	0	0	0	0	1	0	0	0	0	0	0	0	0	0	0	0	0	0	0	0	0	0	0	0	0	0	1	0	0	0	0	0	0	0	0	81	0	0	0	0	0	0	0	0	1	0	0	0	0	0	0	0	0	0
Root;Bacteria;Actinobacteriota;Actinomycetia;Actinomycetales;Actinomycetaceae;Actinomyces;unclassified_Actinomyces	JQ452430.1.1385	1	1	6	5	6	2	1	0	29	26	25	36	9	6	1	0	6	7	3	3	7	3	26	29	1	5	4	3	2	0	0	5	0	4	2	5	82	85	16	103	46	47	250	41	59	33	97	32	40	72	247	31	49	15	70	62	29	43	11	28	9	12	51	58	84	86	14	0	0	34	2	36	101	20	21	1	7	14	0	1	17	7	1	0	2	3	12	0	3	0	0	0	83	37	50	7	8	15	6	13	6	1	0	2	1	0	5	2	1	1	3	1	0	21	4	1	7	0	25	15	0	75	10	16	21	25	116	31	23	0	1	32	59	1	0	5	11	1	0	1	2	0	20	18	28	6	0	4	1	2	0	23	6	4	1	12	49	5	11	21	0	24	1	0	0	1	21	1	2	12	4	0	31	0	0	5	0	12	3	2	2	1	1	3	0	3	4	3	1	0	3	12	1	7	2	0	1	0	4	0	0	12	26	3	1	9	0	6	3	1	3	0	1	4	0	0	9	9	0	2	4	0	11	3	0	0	0	11	12	9	0	6	1	3	23	0	3	11	11	0	0	0	2	0	2	4	15	9	1	3	5	25	2	7	8	7	5	91	22	0	1	0	158	51	0	0	0	4	5	2	0	3	2	2	0	1	21	0	12	11	104	547	1	0	18	17	0	56	8	87	9	6	1	5	6	45	0	6	3	43	0	0	3	7	12	15	0	17	0	0	0	1	14	5	6	0	0	6	0	4	47	0	0	58	29	0	64	96	2	1	67	0	26	37	43	3	0	9	16	6	243	0	0	9	0	12	3	2	1	1	3	11	1	25	3	17	28	0	19	5	9	8	4	69	22	15	16	0	0	26	24	10	8
Root;Bacteria;Bacteroidota;Bacteroidia;Bacteroidales;Bacteroidaceae;Prevotella;Prevotella_nigrescens	AB547696.1.1280	77	145	0	0	7	10	0	0	7	7	15	30	19	19	23	17	48	43	0	1	5	5	0	0	15	5	54	2	3	8	1	11	23	59	15	0	63	74	1	37	0	0	0	2	37	0	3	0	3	0	26	2	24	0	0	0	0	0	0	0	0	0	3	23	23	28	0	0	0	2	1	0	0	1	4	0	6	1	13	0	151	0	0	0	38	23	8	7	49	2	0	11	6	23	0	0	1	40	0	64	0	2	55	1	2	2	327	0	0	0	0	29	1	0	0	0	115	0	18	0	0	25	0	0	1	0	0	1	1	0	0	0	2	178	1	4	8	0	4	0	11	0	0	1	1	0	0	6	3	0	0	0	43	30	0	39	0	28	14	19	21	5	19	0	0	0	1	12	9	0	0	0	129	0	1	190	16	3	11	2	45	15	18	17	64	0	0	0	8	0	6	10	140	1	35	34	4	5	0	0	0	0	0	3	0	0	0	0	6	4	18	95	1	187	23	0	47	64	0	0	1	0	0	0	7	0	41	28	0	6	0	0	71	0	0	0	15	0	0	0	2	0	3	6	2	0	120	3	16	2	0	0	1	65	1	58	0	1	4	43	0	11	0	0	0	18	21	9	10	15	1	1	50	354	10	6	1	0	2	784	0	0	0	0	32	0	0	0	27	0	6	112	11	0	30	44	52	59	0	4	0	1	0	2	66	17	5	1	0	130	14	12	0	245	270	37	23	4	1	11	0	2	12	0	0	0	0	0	9	15	4	0	0	0	0	7	11	0	18	13	0	0	0	0	0	38	11	92	8	2	20	0	14	31	2	1	94	10	21	1	15	38	2	25	10	13	8	8	0	0	0	9	0
Root;Bacteria;Firmicutes_A;Clostridia;Lachnospirales;Lachnospiraceae;Oribacterium;unclassified_Oribacterium	JF189706.1.1349	0	0	0	0	0	0	0	2	0	0	1	0	0	0	0	0	0	0	1	0	0	0	1	0	0	0	0	0	0	0	0	0	1	2	0	0	0	0	0	0	0	0	0	0	0	0	0	0	0	0	2	0	0	0	1	0	0	1	0	0	0	0	1	0	0	0	0	0	0	0	0	0	0	0	0	0	0	0	1	0	0	0	0	3	0	0	2	0	0	0	0	0	0	0	0	0	0	0	0	0	0	1	1	1	0	0	0	0	0	0	0	0	0	0	0	0	0	0	0	1	0	0	1	2	0	0	0	1	2	0	4	0	1	1	0	0	0	0	0	0	0	0	0	0	1	0	0	0	0	0	0	2	0	0	0	0	0	0	0	0	0	0	0	0	0	27	0	0	0	0	0	0	0	0	0	0	0	0	0	2	1	0	0	1	0	0	0	0	0	0	0	0	0	0	1	0	0	0	0	0	0	0	0	0	0	0	0	2	0	0	4	0	0	0	0	0	1	1	0	0	0	0	0	0	0	0	1	0	1	0	0	0	0	1	1	0	0	2	0	0	0	0	0	0	2	0	1	0	0	0	1	0	0	0	0	0	0	0	0	0	0	0	0	0	0	0	0	0	0	0	0	0	0	0	0	0	0	0	0	0	0	0	0	0	0	0	0	0	0	0	0	3	0	0	0	0	0	0	0	0	0	0	0	0	9	0	0	0	0	0	0	0	0	0	0	0	0	0	0	0	0	0	0	0	2	0	1	0	0	0	0	0	0	2	0	0	0	0	2	0	0	1	0	0	0	1	0	0	0	0	0	1	0	0	28	0	0	0	0	0	0	0	0	2	0	0	1	0	0	0	0	0	0
Root;Bacteria;Firmicutes;Bacilli;Lactobacillales;Streptococcaceae;Streptococcus;unclassified_Streptococcus	JF148386.1.1370	0	0	0	0	0	0	0	0	0	0	0	0	0	0	0	0	0	0	0	0	0	0	0	0	0	0	0	0	0	0	0	0	0	0	0	0	0	0	0	0	0	0	0	0	0	0	0	0	0	0	0	0	0	0	0	0	0	0	0	0	0	0	0	0	0	0	0	0	0	0	0	0	0	0	0	0	0	0	0	0	0	0	0	0	0	0	0	0	0	0	0	0	0	0	0	0	0	0	0	0	0	0	0	0	0	0	0	0	0	0	0	0	0	0	0	0	0	0	0	0	0	0	0	0	0	0	0	0	0	0	0	0	0	0	0	0	0	0	0	0	0	0	0	0	0	0	0	0	0	0	0	0	0	0	0	0	0	0	0	0	0	0	0	0	0	0	0	0	0	0	0	0	0	0	0	0	0	0	0	0	0	0	0	0	0	0	0	0	0	0	0	0	0	0	0	0	0	0	0	0	0	0	0	0	0	0	0	0	0	0	0	0	0	0	0	0	0	0	0	0	0	0	0	0	0	0	0	0	0	0	0	0	0	0	0	0	0	0	0	0	0	0	0	0	0	0	0	0	0	0	0	0	0	0	0	0	0	0	0	0	0	0	0	0	0	0	0	0	0	0	0	0	0	0	0	0	0	0	0	0	0	0	0	0	0	0	0	0	0	0	0	0	0	0	0	0	0	0	0	0	0	0	0	0	0	0	0	0	0	0	0	0	0	0	0	0	0	0	0	0	0	0	0	0	0	0	0	1	0	0	0	0	0	0	0	0	0	0	0	0	0	0	0	0	0	0	0	0	0	0	0	0	0	0	0	0	0	0	0	0	0	0	0	0	0	0	0	0	0	0	0	0	0
Root;Bacteria;Actinobacteriota;Actinomycetia;Actinomycetales;Actinomycetaceae;Actinomyces;unclassified_Actinomyces	JQ450291.1.1417	3	6	10	14	9	11	1	2	0	2	2	5	9	2	29	26	3	1	4	2	1	0	26	22	3	0	1	2	2	2	0	0	0	0	0	0	2	6	5	18	14	16	85	41	9	11	124	19	0	48	28	49	4	193	13	15	217	20	13	57	7	20	12	12	34	27	35	3	3	1	2	55	10	7	8	0	1	13	5	3	53	2	0	38	4	3	0	1	2	0	0	0	49	3	23	2	7	4	0	7	1	0	0	1	5	0	10	1	0	1	0	3	0	13	5	0	4	0	5	3	0	138	2	2	2	3	23	14	10	0	4	6	5	0	0	0	0	2	0	0	1	0	2	2	27	1	0	0	2	0	0	36	1	0	0	0	8	3	0	2	0	1	10	1	0	2	1	0	0	1	4	0	5	0	0	2	0	0	0	0	0	2	5	6	0	0	2	0	0	0	8	6	0	0	7	2	1	0	0	0	0	1	21	3	0	3	3	4	0	0	1	0	8	9	0	0	3	6	1	0	2	0	5	0	0	0	0	7	5	5	0	20	0	1	6	0	0	1	0	4	1	0	1	2	4	0	14	7	0	3	0	42	6	2	35	2	0	6	2	3	2	0	23	16	0	0	0	1	10	1	1	0	0	9	1	2	0	0	0	0	7	58	3	0	27	22	0	5	4	12	14	1	1	47	3	2	0	0	2	42	0	3	12	0	0	7	0	49	0	0	0	0	15	2	5	0	0	3	0	1	18	0	0	37	7	0	25	32	0	7	17	0	19	74	8	0	5	4	1	2	41	3	2	0	15	15	1	14	7	1	2	10	0	8	3	23	6	0	1	0	1	17	1	147	19	1	1	2	0	12	9	2	6
Root;Bacteria;Firmicutes_A;Clostridia;Peptostreptococcales;Peptostreptococcaceae;Clostridioides;unclassified_Clostridioides	FN668375.4306350.4307799	0	0	0	0	0	0	0	0	0	0	0	0	0	0	0	0	0	0	0	0	0	0	0	0	0	0	0	1	0	0	0	0	0	0	0	0	0	0	0	0	0	0	0	0	0	0	0	0	0	0	0	0	0	0	0	0	0	0	0	0	0	0	0	0	0	0	0	0	0	0	0	0	0	0	0	0	0	0	0	0	0	0	0	0	0	0	0	0	0	0	0	0	0	0	0	0	0	0	0	0	0	0	0	0	0	0	0	0	0	0	0	0	0	0	0	0	0	0	0	0	0	0	0	0	0	0	0	0	0	0	0	0	0	0	0	0	0	0	0	0	0	0	0	0	0	0	0	0	0	0	0	0	0	0	0	0	0	0	0	0	0	0	0	0	0	0	0	0	0	0	0	0	0	0	0	0	0	0	0	0	0	0	0	0	0	0	0	0	0	0	0	0	0	0	0	0	0	0	0	0	0	0	0	0	0	0	0	0	0	0	0	0	0	0	0	0	0	0	0	0	0	0	0	0	0	0	0	0	0	0	0	0	0	0	0	0	0	0	0	0	0	0	0	0	0	0	0	0	0	0	0	0	0	0	0	0	0	0	0	0	0	0	0	0	0	0	0	0	0	0	0	0	0	0	0	0	0	0	0	0	0	0	0	0	0	0	0	0	0	0	0	0	0	0	0	0	0	0	0	0	0	0	0	0	0	0	0	0	0	0	0	0	0	0	0	0	0	0	0	0	0	0	0	0	0	0	0	0	0	0	0	0	0	0	0	0	0	0	0	0	0	0	0	0	0	0	0	0	0	0	0	0	0	0	0	0	0	0	0	0	0	0	0	0	0	0	0	0	0	0	0	0	0
Root;Bacteria;Firmicutes;Bacilli;Lactobacillales;Streptococcaceae;Streptococcus;unclassified_Streptococcus	JX548379.1.1498	0	0	0	0	0	0	0	0	0	0	0	0	0	0	0	0	0	0	0	0	0	0	0	0	0	0	0	0	0	0	0	0	0	0	0	0	0	0	0	0	0	0	0	0	0	0	0	0	0	0	0	0	0	0	0	0	0	0	0	0	0	0	0	0	0	0	0	0	0	0	0	0	0	0	0	0	0	0	0	0	0	0	0	0	0	0	0	0	0	0	0	0	0	0	0	0	0	0	0	0	0	0	0	0	0	0	0	0	0	0	0	0	0	0	0	0	0	0	0	0	0	0	0	0	0	0	0	0	0	0	0	0	0	0	0	0	0	0	0	0	0	0	0	0	0	0	0	0	0	0	0	0	0	0	0	0	0	0	0	0	0	0	0	0	0	0	0	0	0	0	0	0	0	0	0	0	0	0	0	0	0	0	0	0	0	0	0	0	0	0	0	0	0	0	0	0	0	0	0	0	0	0	0	0	0	0	0	0	0	0	0	0	0	0	0	0	0	0	0	0	0	0	0	0	0	0	0	0	0	0	0	0	0	0	0	0	0	0	0	0	0	0	0	0	0	0	0	0	0	0	0	1	0	0	0	0	0	0	0	0	0	0	0	0	0	0	0	0	0	0	0	0	0	0	0	0	0	0	0	0	1	0	0	0	0	0	0	0	0	0	0	0	0	0	0	0	0	0	0	0	0	0	0	0	0	1	0	0	0	0	0	0	0	0	0	0	0	0	0	0	0	0	0	0	0	0	0	0	0	0	0	0	0	0	0	0	0	0	0	0	0	0	0	0	0	0	0	0	0	0	0	0	0	0	0	0	0	0	0	0	0	0	0	0	0	0	0	0	0	0	0	0	0
Root;Bacteria;Fusobacteriota;Fusobacteriia;Fusobacteriales;Leptotrichiaceae;Leptotrichia;unclassified_Leptotrichia	JQ467466.1.1366	0	0	0	0	1	4	0	0	0	2	1	3	2	2	9	8	0	0	0	1	0	0	1	1	0	0	0	0	0	1	0	0	0	2	22	0	0	0	0	1	0	0	0	11	1	0	0	4	2	0	0	0	0	0	0	1	0	4	0	0	0	0	0	9	0	0	0	1	0	0	0	1	0	0	1	1	0	0	0	0	0	0	0	0	9	9	0	1	1	0	0	0	0	0	1	0	0	0	0	1	0	5	4	1	0	0	0	1	0	0	0	1	0	3	0	0	1	0	0	0	0	0	0	0	0	0	1	0	0	0	0	0	0	0	0	0	0	9	0	0	1	0	0	15	0	0	0	0	0	0	0	0	0	0	0	0	1	0	0	0	0	0	0	0	0	0	0	0	0	110	2	0	0	0	0	0	0	0	0	0	0	0	7	19	3	0	0	0	0	0	6	13	4	0	1	3	4	0	0	0	1	0	0	1	0	0	0	0	9	18	0	0	2	0	0	0	4	5	0	0	0	0	0	0	0	0	0	2	0	0	0	7	0	0	0	0	0	0	0	0	0	0	0	39	0	2	6	1	0	1	1	0	1	0	0	0	0	0	0	29	0	0	0	0	0	0	0	0	0	1	0	0	0	0	0	0	0	0	0	0	7	0	2	0	0	1	0	4	6	1	0	0	0	0	2	0	0	1	0	0	0	0	2	0	2	58	0	0	0	0	0	2	0	0	0	0	2	0	0	1	0	0	0	2	0	0	1	0	0	0	0	0	0	0	0	7	1	0	0	0	0	2	0	0	0	80	0	0	0	0	0	0	0	1	0	2	1	0	0	0	1	1	1	3	0	3	1	0	0	50	0	0	28
Root;Bacteria;Actinobacteriota;Actinomycetia;Actinomycetales;Micrococcaceae;Rothia;unclassified_Rothia	JF163110.1.1353	0	0	0	0	0	0	0	0	0	0	0	0	0	0	0	0	0	0	0	0	0	0	0	0	0	0	0	0	0	0	0	0	0	0	0	0	0	0	0	0	0	0	0	0	0	0	0	0	0	0	0	0	0	0	0	0	0	0	0	0	0	0	0	0	0	0	0	0	0	0	0	0	0	0	0	0	0	0	0	0	0	0	0	0	0	0	0	0	0	0	0	0	0	0	0	0	0	0	0	0	0	0	0	0	0	0	0	0	0	0	0	0	0	0	0	0	0	0	0	0	0	0	0	0	0	0	0	0	0	0	1	0	0	0	0	0	0	0	0	0	0	0	0	0	0	0	0	0	0	0	0	0	0	0	0	0	0	0	0	0	0	0	0	0	0	0	0	0	0	0	0	0	0	0	0	0	0	0	0	0	0	0	0	0	0	0	0	0	0	0	0	0	0	0	0	0	0	0	0	0	0	0	0	0	0	0	0	0	0	0	0	0	0	0	0	0	0	0	0	0	0	0	0	0	0	0	0	0	0	0	0	0	0	0	0	0	0	0	0	0	0	0	0	0	0	0	0	0	0	0	0	0	0	0	0	0	0	0	0	0	0	0	0	0	0	0	0	0	0	0	0	0	0	0	0	0	0	0	0	0	0	0	0	0	0	0	0	0	0	0	0	0	0	0	0	0	0	0	0	0	0	0	0	0	0	0	0	2	0	0	0	0	0	0	0	0	0	0	0	0	0	0	0	0	1	0	0	0	0	0	0	0	0	0	0	0	0	0	0	0	0	0	0	0	0	0	0	0	0	0	0	0	0	0	0	0	0	0	0	0	0	0	0	0	0	0	0	0	0	0	0	0	0
Root;Bacteria;Proteobacteria;Gammaproteobacteria;Burkholderiales;Burkholderiaceae;Lautropia;Lautropia_mirabilis	JF146388.1.1355	0	0	0	0	3	0	0	0	0	0	0	0	0	1	0	1	0	0	1	3	1	0	0	0	1	0	0	0	0	1	0	1	0	0	1	0	0	0	0	0	3	1	0	0	0	1	0	0	0	0	0	0	0	3	4	2	0	0	0	0	0	0	0	0	2	0	0	0	0	0	0	0	0	0	0	2	1	0	0	0	0	1	75	0	1	0	0	0	0	0	1	24	17	0	3	0	1	0	0	1	0	0	0	0	12	0	0	1	1	1	0	1	0	1	1	0	0	0	0	0	0	0	0	0	0	1	5	1	2	0	0	1	0	0	0	0	0	0	0	1	0	0	0	3	13	2	0	0	2	10	0	0	0	0	0	2	22	0	0	7	0	1	0	1	1	0	0	0	0	11	0	0	0	0	0	0	0	0	0	0	0	0	0	0	0	16	15	0	1	0	0	5	0	1	0	0	0	1	0	0	0	0	0	0	1	0	10	0	2	17	0	0	1	0	0	0	0	0	0	0	0	0	2	0	0	0	0	0	0	0	0	1	2	1	0	0	8	0	9	0	0	0	0	1	0	0	0	0	0	6	0	0	0	0	1	1	0	0	0	0	1	0	0	1	0	0	0	0	0	0	0	0	1	3	2	2	1	0	3	0	0	5	0	0	0	0	0	17	0	3	2	0	0	2	1	0	0	0	1	4	0	0	3	0	0	0	1	0	0	7	0	0	0	0	0	0	0	13	0	0	0	0	0	1	0	0	0	4	1	7	0	0	2	2	0	7	0	1	0	0	0	0	1	0	8	0	1	3	0	0	22	0	13	0	0	0	0	0	0	0	0	0	2	2	1	0	0	0	0	0	0	7	0
Root;Bacteria;Firmicutes_A;Clostridia;Oscillospirales;Ruminococcaceae;Faecalibacterium;unclassified_Faecalibacterium	DQ801638.1.1318	0	0	0	0	0	0	0	0	0	0	0	0	0	0	0	0	0	0	0	0	0	0	0	0	0	0	0	0	0	0	0	0	0	0	0	0	0	0	0	0	0	0	0	0	0	0	0	0	0	0	0	0	0	0	0	0	0	0	0	0	0	0	0	0	0	0	0	0	0	0	0	0	0	0	0	0	0	0	0	0	0	0	0	0	0	0	0	0	0	0	0	0	0	0	0	0	0	0	0	0	0	0	0	0	0	0	0	0	0	0	0	0	0	0	0	0	0	0	0	0	0	0	0	0	0	0	0	0	0	0	0	0	0	0	0	0	0	1	0	0	0	0	0	0	0	0	0	0	0	0	0	0	0	0	0	0	0	0	0	0	0	0	0	0	0	0	0	0	0	0	0	0	0	0	0	0	0	6	0	0	0	0	0	0	0	0	0	0	0	0	0	0	0	0	0	0	0	0	0	0	0	0	0	0	0	0	0	0	0	0	0	0	0	0	0	0	0	0	0	0	0	0	0	0	0	0	0	0	0	0	0	0	0	0	0	0	0	0	0	0	0	0	0	0	0	0	0	0	0	0	0	0	0	0	0	0	0	0	0	0	0	0	0	0	0	0	0	0	0	0	0	0	0	0	0	0	0	0	0	0	0	0	0	0	0	0	0	0	0	0	0	0	0	0	0	0	0	0	0	0	0	0	0	0	0	0	0	0	0	0	0	0	0	0	0	0	0	0	0	0	0	0	0	0	0	0	0	0	0	0	0	0	0	0	0	0	0	0	0	0	0	0	0	0	0	0	0	0	0	0	0	0	0	0	0	0	0	0	0	0	0	0	0	0	0	0	0	0	0	0	0	0	0
Root;Bacteria;Fusobacteriota;Fusobacteriia;Fusobacteriales;Leptotrichiaceae;Leptotrichia;unclassified_Leptotrichia	JQ452629.1.1314	0	0	0	0	0	0	0	0	0	0	0	0	0	0	0	0	0	0	0	0	0	0	0	0	0	0	0	0	0	0	0	0	0	0	0	0	0	0	0	0	0	0	0	0	0	0	0	0	0	0	0	0	1	0	0	0	0	0	0	0	0	0	0	0	0	0	0	0	0	0	0	0	0	0	0	0	0	0	0	0	0	0	0	0	0	0	0	0	0	1	0	0	0	0	0	0	0	0	0	0	0	0	0	0	0	0	0	0	0	0	0	0	0	0	0	0	0	0	0	0	0	0	0	0	0	0	0	0	0	0	0	0	0	0	0	0	0	0	1	0	0	0	0	0	0	0	0	0	0	0	0	0	0	0	0	0	0	0	0	0	0	0	0	0	0	0	0	0	0	0	0	0	0	0	0	0	0	0	0	0	0	0	0	0	0	0	0	0	0	0	0	0	0	0	0	0	0	0	0	0	0	0	0	0	0	0	0	0	0	0	0	0	0	0	0	0	0	0	0	0	0	0	0	0	0	0	0	0	0	0	0	0	0	0	0	0	0	0	0	0	0	0	0	0	0	0	0	0	0	0	0	0	0	0	0	0	0	1	0	0	0	0	0	0	0	0	0	0	0	0	0	0	0	0	0	0	0	0	0	0	0	0	0	0	0	0	0	0	0	0	0	0	0	0	0	0	0	0	0	0	0	0	0	0	0	0	0	0	0	0	0	0	0	0	0	0	0	0	0	0	0	0	0	0	0	0	0	0	0	0	0	0	0	0	0	0	0	0	0	0	0	0	0	0	0	0	0	0	1	0	0	0	0	0	0	1	0	0	0	0	0	0	0	0	0	0	0	0	0	0	0	0	0
Root;Bacteria;Bacteroidota;Bacteroidia;Bacteroidales;Porphyromonadaceae;Porphyromonas;unclassified_Porphyromonas	JF189714.1.1359	0	0	0	0	0	0	0	0	0	0	0	0	0	0	0	0	0	0	0	0	0	0	0	0	0	0	0	0	0	0	0	0	1	0	0	0	0	0	0	0	0	0	0	0	0	0	0	0	0	0	0	0	0	0	0	0	0	0	0	0	0	0	0	1	0	0	0	0	0	0	0	0	0	0	0	0	0	0	0	0	0	0	0	0	0	0	0	0	0	0	0	0	0	0	0	0	0	0	0	0	0	0	1	0	0	0	0	0	0	0	0	0	0	0	0	0	0	0	0	0	0	0	0	0	0	0	0	0	0	0	0	0	0	0	0	0	0	0	0	0	0	0	0	0	0	0	0	0	0	0	0	0	0	0	0	0	0	0	0	0	0	0	0	0	0	0	0	0	0	0	0	0	0	0	0	0	0	0	0	0	0	0	0	0	0	0	0	0	0	0	0	0	0	0	0	0	0	0	0	0	0	0	0	0	0	0	0	0	0	0	0	0	0	0	0	0	0	0	0	0	0	0	0	0	0	0	0	0	0	0	0	0	0	0	0	0	0	0	0	0	0	0	0	0	0	0	0	0	0	0	0	0	0	0	0	0	0	0	0	0	0	0	0	0	0	0	0	0	0	0	0	0	0	0	0	0	0	0	0	0	0	0	0	0	0	0	0	0	0	0	0	0	0	0	0	0	0	0	0	0	0	0	0	0	0	0	0	0	0	0	0	0	0	0	0	0	0	0	0	0	1	0	0	0	0	0	0	0	0	0	0	0	0	0	0	0	0	0	0	1	0	0	0	0	0	0	0	0	0	0	0	0	0	0	0	0	0	0	0	0	0	0	0	0	0	0	0	0	0	0	0	0	0
Root;Bacteria;Fusobacteriota;Fusobacteriia;Fusobacteriales;Leptotrichiaceae;Leptotrichia;unclassified_Leptotrichia	JQ452697.1.1371	0	0	0	0	0	2	0	0	0	0	0	0	0	0	0	0	0	0	0	0	0	0	0	0	0	0	0	0	0	0	0	0	0	0	0	0	0	0	0	0	0	0	0	0	1	0	0	0	0	0	0	0	0	0	0	0	0	0	0	0	0	0	0	0	0	0	0	0	0	0	0	0	0	0	0	0	0	0	0	0	0	0	0	0	0	0	0	0	0	0	0	0	0	0	0	0	0	0	0	0	0	0	0	0	0	0	0	0	0	0	0	0	0	0	0	0	0	0	0	0	0	0	0	0	0	0	0	0	0	0	0	0	0	0	0	0	0	1	0	0	0	0	0	1	0	0	0	0	0	0	0	0	0	0	0	0	0	0	0	0	0	0	0	0	0	0	0	0	0	0	0	0	0	0	0	0	0	0	0	0	0	0	0	0	0	0	0	0	0	0	0	0	0	0	0	0	0	0	0	0	0	0	0	0	0	0	0	0	0	0	0	0	0	0	0	0	0	0	0	0	0	0	0	0	0	0	1	0	0	0	0	0	0	0	0	0	0	0	0	0	0	0	0	0	0	0	0	0	0	0	0	0	0	0	0	0	0	0	0	0	0	0	0	0	0	0	0	0	0	0	0	0	0	0	0	0	0	0	0	0	0	0	0	0	0	0	0	0	0	0	0	0	0	0	0	0	0	0	0	0	0	0	0	0	0	0	0	0	0	0	0	0	0	0	0	1	0	0	0	0	0	0	0	0	0	0	0	0	0	0	0	0	0	0	0	0	0	0	0	0	0	0	0	0	0	0	0	0	0	0	0	0	0	0	0	0	0	0	0	0	0	0	0	0	0	0	0	0	0	0	0	0	1
Root;Bacteria;Fusobacteriota;Fusobacteriia;Fusobacteriales;Fusobacteriaceae;Fusobacterium;unclassified_Fusobacterium	FJ470443.1.1460	0	0	0	0	0	0	0	0	0	0	0	0	0	0	0	1	0	0	0	0	0	0	0	0	0	0	0	0	0	0	0	0	0	0	0	0	0	0	0	1	0	0	0	0	0	0	0	0	0	0	1	0	0	0	2	0	0	0	0	0	0	0	0	0	0	0	0	0	0	0	0	0	0	0	0	0	0	0	0	0	0	0	0	0	0	0	0	0	0	0	0	0	0	0	0	0	0	0	0	0	0	0	0	0	0	0	0	0	0	0	0	0	0	0	0	0	0	0	0	0	0	0	0	1	0	0	0	0	0	0	0	0	0	0	0	0	0	0	0	0	0	0	0	0	0	0	0	0	0	0	0	2	0	0	0	0	0	0	0	0	0	0	1	0	0	0	0	0	0	0	0	0	0	0	0	0	0	0	0	0	0	0	0	0	0	0	0	0	0	0	0	1	0	0	2	0	0	0	0	0	0	0	0	0	0	0	0	0	0	0	1	0	0	0	0	0	0	0	0	1	0	0	0	0	0	0	0	0	0	0	0	1	0	0	0	0	0	0	0	0	0	0	1	1	0	0	0	0	0	0	0	0	0	0	0	0	0	0	0	1	0	2	0	0	0	0	0	0	0	0	0	0	0	0	0	0	0	0	1	0	0	0	0	0	0	0	0	0	0	0	0	0	0	0	0	0	0	0	0	0	0	0	0	0	1	0	0	0	0	0	0	0	0	0	0	0	0	1	0	0	0	0	0	0	0	0	0	0	0	0	0	0	0	0	0	0	0	1	0	0	0	0	0	0	0	0	0	0	0	0	0	0	0	1	0	0	0	0	0	0	0	0	0	0	0	0	0	0	0	0	0	0	0
Root;Bacteria;Actinobacteriota;Actinomycetia;Actinomycetales;Actinomycetaceae;Actinomyces;unclassified_Actinomyces	JF142233.1.1385	0	0	0	1	0	0	0	0	0	0	0	0	1	0	0	0	0	0	0	0	0	0	0	0	0	0	0	0	0	0	0	0	0	0	0	0	0	0	0	0	0	0	0	0	0	0	0	0	0	0	0	0	0	0	0	0	0	0	0	0	0	0	0	0	0	0	0	0	0	0	0	0	0	0	0	0	0	0	0	0	0	0	0	0	0	0	0	0	0	0	0	0	0	0	0	0	0	0	0	0	0	0	0	0	0	0	0	0	0	0	0	0	0	0	0	0	0	0	0	0	0	0	0	0	0	0	0	0	0	0	0	0	0	0	0	0	0	0	0	0	0	0	0	0	0	0	0	0	0	0	0	0	0	0	0	0	0	0	0	0	0	0	0	0	0	0	0	0	0	0	0	0	0	0	0	0	0	0	0	0	0	0	0	0	0	0	0	0	0	0	0	0	0	0	0	0	0	0	0	0	0	0	0	0	0	0	0	0	0	0	0	0	0	0	0	0	0	0	0	0	0	0	0	0	0	0	0	0	0	0	0	0	0	0	0	0	0	0	0	0	0	0	0	0	0	0	0	0	0	0	1	0	0	0	0	1	0	0	0	0	0	0	0	0	0	0	0	0	0	0	0	0	0	0	0	0	0	0	0	0	0	1	1	0	0	0	0	0	0	0	0	0	0	0	0	0	0	0	0	0	0	0	0	0	0	0	0	0	0	0	0	0	0	0	0	0	0	0	0	0	0	0	0	0	0	0	0	0	0	0	0	0	0	1	0	0	0	0	0	0	0	0	0	0	0	0	0	0	0	0	0	0	0	0	0	0	0	0	0	0	0	0	0	1	0	0	0	0	0	0	0	0	0
Root;Bacteria;Bacteroidota;Bacteroidia;Bacteroidales;Porphyromonadaceae;Porphyromonas;unclassified_Porphyromonas	JQ454603.1.1399	4	4	13	25	3	6	0	0	0	0	9	11	10	4	0	0	0	0	0	0	21	25	5	7	14	31	38	0	0	8	2	26	18	13	1	0	0	0	56	3	3	3	0	14	10	11	3	0	85	88	1	0	108	3	1	3	0	52	0	0	251	46	140	11	124	134	32	47	28	111	31	0	0	3	149	0	0	41	0	0	0	0	1	0	29	36	15	0	23	12	0	6	14	1	9	2	2	74	11	0	0	7	89	4	0	71	0	3	1	97	0	6	8	0	245	11	30	0	24	120	0	2	18	14	9	11	9	17	20	0	35	28	90	2	1	24	11	1	110	15	15	0	0	14	0	14	1	0	2	56	139	1	115	1	17	1	0	0	0	0	42	0	66	0	37	2	20	0	0	0	50	9	25	12	0	0	1	0	78	0	2	0	19	25	17	71	27	16	22	0	7	9	0	0	0	0	1	4	0	266	3	1	5	1	0	5	0	29	59	118	1	2	0	6	1	0	2	5	99	116	8	0	30	6	4	0	7	41	16	0	1	71	4	56	25	0	14	8	75	17	5	0	0	5	2	0	66	66	0	66	41	0	0	0	0	58	8	0	48	104	5	0	235	0	0	0	0	4	14	49	5	2	3	8	0	0	0	33	39	0	0	0	0	3	0	0	0	0	3	0	0	9	0	0	1	176	1	3	69	5	1	0	0	0	8	0	138	0	0	87	11	3	2	0	0	1	0	0	0	23	12	45	0	23	39	0	8	6	0	0	55	0	6	19	399	45	0	144	25	0	1	13	10	1	9	0	5	0	0	23	10	20	0	65	8	2	0	0	243	45	34	5	56	573	45	16	239	2	0	26	1	0	0
Root;Bacteria;Firmicutes;Bacilli;Lactobacillales;Lactobacillaceae;Lactobacillus;unclassified_Lactobacillus	GQ267921.1.1489	0	0	0	0	0	0	0	0	0	0	0	0	0	0	0	0	0	0	0	0	0	0	0	0	0	0	0	0	0	0	0	0	0	0	0	0	0	0	0	0	0	0	0	0	0	0	0	0	0	0	0	0	0	0	0	0	0	0	0	0	0	0	0	0	0	0	0	0	0	0	0	0	0	0	0	0	0	0	0	0	0	0	0	0	0	0	0	0	0	1	0	0	0	0	0	0	0	0	0	0	0	0	0	0	0	0	0	0	0	0	0	0	0	0	0	0	0	0	0	0	0	0	0	0	0	0	0	0	0	0	0	0	0	0	0	0	0	0	0	0	0	0	0	0	0	0	0	0	0	0	0	0	0	0	0	0	0	0	0	0	0	0	0	0	0	0	0	0	0	0	0	0	0	0	0	0	0	0	0	0	0	0	0	0	0	0	0	0	0	0	0	0	0	0	0	0	0	0	0	0	0	0	0	0	0	0	0	0	0	0	0	0	0	0	0	0	0	0	0	0	0	0	0	0	0	0	0	0	0	0	0	0	0	0	0	0	0	0	0	0	0	0	0	0	0	0	0	0	0	0	0	0	0	0	0	0	0	0	0	0	0	0	0	0	0	0	0	0	0	0	0	0	0	0	0	0	0	0	0	0	0	0	0	0	0	0	0	0	0	0	0	0	0	0	0	0	0	0	0	0	0	0	0	0	0	0	0	0	0	0	0	0	0	0	0	0	0	0	0	0	0	0	0	0	0	0	0	0	0	0	0	0	0	0	0	0	0	0	0	0	0	0	0	0	0	0	0	0	0	0	0	0	0	0	0	0	0	0	0	0	0	0	0	0	0	0	0	0	0	0	0	0	0
Root;Bacteria;Firmicutes_A;Clostridia;Lachnospirales;Lachnospiraceae;Anaerostipes;unclassified_Anaerostipes	BAAZ01003002.1.1241	0	0	0	0	0	0	0	0	0	0	0	0	0	0	0	0	0	0	0	0	0	0	0	0	0	0	0	0	0	0	0	0	0	0	0	0	0	0	0	0	0	0	0	0	0	0	0	0	0	0	0	0	0	0	0	0	0	0	0	0	0	0	0	0	0	0	0	0	0	0	0	0	0	0	0	0	0	0	0	0	0	0	0	0	0	0	0	0	0	0	0	0	0	0	0	0	0	0	0	0	0	0	0	0	0	0	0	0	0	0	0	0	0	0	0	0	0	0	0	0	0	0	0	0	0	0	0	0	0	0	0	0	0	0	0	0	0	0	0	0	0	0	0	0	0	0	0	0	0	0	0	0	0	0	0	0	0	0	0	0	0	0	0	0	0	0	0	0	0	0	0	0	0	0	0	0	0	1	0	0	0	0	0	0	0	0	0	0	0	0	0	0	0	0	0	0	0	0	0	0	0	0	0	0	0	0	0	0	0	0	0	0	0	0	0	0	0	0	0	0	0	0	0	0	0	0	0	0	0	0	0	0	0	0	0	0	0	0	0	0	0	0	0	0	0	0	0	0	0	0	0	0	0	0	0	0	0	0	0	0	0	0	0	0	0	0	0	0	0	0	0	0	0	0	0	0	0	0	0	0	0	0	0	0	0	0	0	0	0	0	0	0	0	0	0	0	0	0	0	0	0	0	0	0	0	0	0	0	0	0	0	0	0	0	0	0	0	0	0	0	0	0	0	0	0	0	0	0	0	0	0	0	0	0	0	0	0	0	0	0	0	0	0	0	0	0	0	0	0	0	0	0	0	0	0	0	0	0	0	0	0	0	0	0	0	0	0	0	0	0	0	0	0
Root;Bacteria;Bacteroidota;Bacteroidia;Flavobacteriales;Flavobacteriaceae;Capnocytophaga;unclassified_Capnocytophaga	JQ467261.1.1383	0	0	0	0	0	0	0	0	0	0	0	0	0	0	1	0	0	0	0	0	0	0	0	0	0	0	0	0	0	0	0	0	0	0	0	0	0	0	0	0	0	0	0	0	0	0	0	0	0	0	0	0	0	0	0	0	0	0	0	0	0	0	0	0	0	0	0	15	4	0	0	0	0	0	0	0	0	0	0	0	0	0	0	0	0	0	16	0	1	7	0	0	0	0	0	0	0	0	0	0	0	0	0	0	0	0	0	0	0	0	0	0	0	0	0	0	0	0	0	0	0	0	0	0	0	0	0	0	0	0	0	0	0	0	0	0	0	0	0	0	0	0	0	0	0	0	0	0	0	0	0	0	0	0	0	0	0	0	0	0	0	0	0	0	0	0	0	0	0	0	0	0	0	0	0	0	0	0	0	0	19	1	0	0	0	0	0	0	0	0	0	0	0	0	0	0	0	0	0	0	0	0	0	0	0	0	0	16	0	0	0	0	0	0	0	0	0	0	0	0	8	0	0	0	0	0	0	0	0	0	0	0	0	0	0	0	0	19	0	0	0	0	0	1	14	0	0	0	0	0	3	0	0	0	0	0	0	0	0	0	0	0	0	0	0	0	0	0	0	0	0	0	0	0	1	0	0	0	0	0	0	0	0	0	0	0	0	1	0	0	0	4	0	0	0	0	0	0	0	0	0	0	0	0	0	0	0	0	0	0	0	0	0	0	0	0	0	0	0	0	0	0	0	0	0	0	1	0	0	0	0	0	0	0	0	0	0	1	7	0	0	12	0	0	0	0	0	0	0	0	0	0	0	1	0	0	0	0	0	0	0	0	0	0	0	0	0	0	0	0	0	0	1
Root;Bacteria;Proteobacteria;Gammaproteobacteria;Enterobacterales;Enterobacteriaceae;Providencia;unclassified_Providencia	HQ407225.1.1417	0	0	0	0	0	0	0	0	0	0	0	0	0	0	0	0	0	0	0	0	0	0	0	0	0	0	0	0	0	0	0	0	0	0	0	0	0	0	0	0	0	0	3	0	0	0	0	0	0	0	0	0	0	1	0	0	19	0	0	0	0	0	0	0	0	0	1	0	0	0	0	0	0	0	0	0	0	0	0	0	0	0	0	0	0	0	0	0	0	0	0	0	0	0	0	0	0	0	0	0	0	0	0	0	0	0	0	0	0	0	0	0	0	0	0	0	0	0	0	0	0	0	0	0	0	0	0	0	0	0	0	0	0	0	0	0	0	0	0	0	0	0	0	0	0	0	0	0	0	0	0	0	0	0	0	0	0	0	0	0	0	0	0	0	0	0	0	0	0	0	0	0	0	0	0	0	0	0	0	0	0	0	0	0	0	0	0	0	0	0	0	0	0	0	0	0	0	0	0	0	0	0	0	0	0	0	0	0	0	0	0	0	0	0	0	0	0	0	0	0	0	0	0	0	0	0	0	0	0	0	0	0	0	0	0	0	0	0	0	0	0	0	0	0	0	0	0	0	0	0	0	0	0	0	0	0	0	0	0	0	0	0	0	0	0	0	0	0	0	0	0	0	0	0	0	0	0	0	0	0	0	0	0	0	0	0	0	0	0	0	0	0	0	0	0	0	0	0	0	0	0	0	0	0	0	0	0	0	0	0	0	0	0	0	0	0	0	0	0	0	0	0	0	0	0	0	0	0	0	0	0	0	0	0	0	0	0	0	0	0	0	0	0	0	0	0	0	0	0	0	0	0	0	0	0	0	0	0	0	0	0	0	0	0	0	0	0	0	0	0	0	0	0
Root;Bacteria;Bacteroidota;Bacteroidia;Bacteroidales;Porphyromonadaceae;Porphyromonas;unclassified_Porphyromonas	JF125962.1.1359	1	2	0	0	14	14	0	0	0	0	0	0	1	0	38	46	0	0	3	5	0	3	63	61	1	3	0	1	2	0	0	1	15	56	1	6	1	0	0	1	14	20	1	91	0	23	15	0	16	8	0	0	64	0	10	13	0	45	0	0	4	1	35	6	1	1	0	1	2	0	10	4	1	0	2	0	15	1	0	0	1	75	1	0	7	4	3	0	3	3	0	10	54	0	1	0	1	6	2	1	1	74	10	8	2	2	2	1	0	9	4	2	0	0	17	0	36	0	0	81	0	0	36	36	8	6	8	17	22	0	6	0	0	0	0	0	0	0	43	10	3	0	0	47	0	0	0	0	5	0	0	250	55	1	69	2	1	1	0	0	4	0	0	0	0	97	6	0	0	0	0	0	3	5	0	0	0	1	0	5	14	4	66	90	5	4	4	2	22	0	0	0	0	1	3	1	18	22	1	0	0	0	0	10	2	6	0	83	0	0	54	1	27	31	0	0	2	3	4	0	3	2	49	8	12	0	2	15	0	0	24	23	3	1	0	0	3	0	81	0	2	0	5	0	0	4	7	73	0	4	0	1	0	67	0	0	0	82	4	0	1	5	1	1	0	0	2	0	0	3	0	2	5	0	0	0	0	2	0	1	16	5	0	0	2	0	37	19	0	3	0	162	15	1	16	33	0	6	0	1	0	3	0	0	205	0	48	1	0	149	18	1	0	0	1	3	2	1	0	0	14	10	0	221	3	0	37	0	11	29	4	0	0	2	3	8	1	1	7	25	0	0	2	0	0	0	0	46	12	0	32	8	0	20	17	6	0	0	25	4	37	1	31	64	6	15	16	2	0	46	0	0	0
Root;Bacteria;Fusobacteriota;Fusobacteriia;Fusobacteriales;Leptotrichiaceae;Leptotrichia;Leptotrichia_shahii	GU086183.1.1312	11	14	0	0	0	0	1	2	0	0	2	1	0	0	0	0	0	0	0	0	0	0	10	6	41	30	1	0	0	0	0	0	15	0	2	0	0	0	0	1	0	0	0	119	0	0	0	0	14	0	12	0	0	0	0	0	0	76	1	0	0	0	0	1	0	0	0	0	0	0	0	1	0	0	0	18	0	0	0	0	1	0	0	0	1	0	16	0	30	1	0	6	0	1	0	0	0	9	3	0	0	0	18	0	2	0	0	0	0	5	0	143	0	0	0	0	6	0	1	2	0	0	0	0	0	2	0	0	0	0	0	7	12	1	0	6	6	0	2	0	0	0	4	0	0	1	0	0	0	0	0	2	0	14	1	1	0	0	0	0	0	0	0	0	0	0	2	0	0	0	0	0	0	0	0	2	0	0	0	0	0	0	0	1	0	18	8	0	0	0	0	0	26	6	0	0	0	0	1	0	8	3	0	4	0	10	0	15	0	0	0	0	0	106	0	0	0	0	0	0	0	0	0	0	0	0	34	2	2	0	0	0	3	0	0	0	5	0	0	0	0	0	0	0	0	0	0	20	0	0	0	0	0	0	16	1	0	32	0	0	0	1	0	0	0	0	0	0	0	0	0	1	0	0	0	0	0	0	2	0	6	0	0	3	0	0	9	0	28	0	0	0	0	0	0	0	0	16	0	0	0	0	0	2	0	8	0	2	0	2	1	16	0	0	0	8	1	0	0	0	0	0	0	0	3	0	0	0	0	0	0	0	0	0	0	0	0	0	45	0	0	3	0	0	0	39	3	0	0	0	7	0	0	4	0	10	0	0	0	0	0	33	0	0	2	19	0	0	0	5	2	0	0
Root;Bacteria;Bacteroidota;Bacteroidia;Bacteroidales;Rikenellaceae;Alistipes;Alistipes_onderdonkii	BAAU01002937.1.1278	0	0	0	0	0	0	0	0	0	0	0	0	0	0	0	0	0	0	0	0	0	0	0	0	0	0	0	5	1	0	0	0	0	0	0	0	0	0	0	0	0	0	0	0	0	0	0	0	0	0	0	0	0	0	0	0	0	0	0	0	0	0	0	0	0	0	0	0	0	0	0	0	0	0	0	0	0	0	0	0	0	0	0	0	0	0	0	0	0	0	0	0	0	0	0	0	0	0	0	0	0	0	0	1	0	0	0	0	0	0	0	0	0	0	0	0	0	0	0	0	0	0	0	0	0	0	0	0	0	0	0	0	0	0	0	0	0	0	0	0	0	0	0	0	0	0	0	0	0	0	0	0	0	0	0	0	0	0	0	0	0	0	0	0	0	0	0	0	0	0	0	0	0	0	0	0	0	0	0	0	0	0	0	0	0	0	0	0	0	0	0	0	0	0	0	0	0	0	0	0	0	0	0	0	0	0	0	0	0	0	0	0	0	0	0	0	0	0	0	0	0	0	0	0	0	0	0	0	0	0	0	0	0	0	0	0	0	0	0	0	0	0	0	0	0	0	0	0	0	0	0	0	0	0	0	2	0	0	0	0	0	0	0	1	0	0	0	0	0	0	0	0	5	0	0	0	0	0	0	0	0	0	0	0	0	0	0	0	0	0	0	0	0	0	0	0	0	0	0	0	0	0	0	0	0	0	0	0	0	0	0	0	0	0	0	0	0	0	0	0	0	0	0	0	0	0	0	0	0	0	0	0	0	0	0	0	0	0	0	0	0	0	0	0	0	0	0	0	0	0	0	0	0	0	0	0	0	0	0	0	3	0	0	0	0	0	0	0	0	0	0	0	0
Root;Bacteria;Actinobacteriota;Actinomycetia;Actinomycetales;Actinomycetaceae;Actinomyces;unclassified_Actinomyces	JQ453528.1.1345	1	0	0	0	0	1	0	0	0	0	1	0	0	0	1	1	0	0	0	1	0	0	0	2	0	0	0	0	0	0	0	0	0	0	0	0	0	0	1	0	0	0	0	2	0	0	0	0	0	1	0	0	0	7	0	0	0	0	0	0	0	0	0	0	0	0	0	0	0	0	0	0	1	0	0	0	0	0	0	0	0	0	0	0	0	0	0	0	0	0	0	0	0	0	0	0	0	1	0	0	0	0	0	0	0	0	0	0	0	0	0	0	0	0	0	0	0	0	0	0	0	2	0	0	0	0	0	0	0	0	0	0	0	0	0	0	0	0	0	0	0	0	0	0	0	0	0	0	0	0	0	0	0	0	0	0	0	0	0	1	0	0	0	0	0	0	0	0	0	0	0	0	1	0	0	0	0	0	0	0	0	0	1	1	0	0	0	0	0	0	0	0	0	0	1	1	0	0	0	0	0	0	0	0	0	0	0	0	0	0	0	0	0	0	0	0	1	0	0	0	0	0	0	0	0	0	0	0	0	0	0	0	0	0	0	0	0	0	0	0	0	0	0	0	0	0	1	0	0	0	0	1	0	0	4	0	0	3	0	0	0	0	0	0	0	0	0	0	0	0	0	0	0	0	0	1	0	0	0	0	0	0	0	0	0	0	0	0	0	0	0	0	0	2	0	0	0	0	0	1	0	0	0	0	0	0	0	0	0	0	0	0	0	0	0	0	0	0	0	0	0	0	0	0	1	0	0	0	0	0	0	0	0	1	0	0	0	0	0	0	1	0	0	0	0	1	0	0	2	0	0	0	0	0	0	0	0	0	0	0	0	1	0	8	0	0	0	0	0	0	1	0	0
Root;Bacteria;Fusobacteriota;Fusobacteriia;Fusobacteriales;Fusobacteriaceae;Fusobacterium;unclassified_Fusobacterium	JQ478165.1.1383	0	0	0	0	0	0	0	0	0	0	0	0	0	0	0	0	0	0	0	0	0	0	0	0	0	0	0	0	0	0	0	0	0	0	1	0	0	0	0	0	0	0	0	0	0	0	0	0	0	0	0	0	0	0	0	0	0	0	0	0	0	0	0	0	0	0	0	0	0	0	0	0	0	0	0	0	0	0	0	0	0	0	0	0	0	0	0	0	0	0	0	0	0	0	0	0	0	0	0	0	0	0	0	0	0	0	0	0	0	0	0	0	0	0	0	0	0	0	0	0	0	0	0	0	0	0	0	0	0	0	0	0	0	0	0	0	0	0	0	0	0	0	0	0	0	0	0	0	0	0	0	0	0	0	0	0	0	0	0	0	1	0	0	0	0	0	0	0	0	1	0	0	1	0	0	0	1	0	0	0	0	0	0	0	0	0	0	0	0	0	0	0	2	0	0	0	0	0	0	0	0	0	0	0	0	0	0	0	0	3	0	0	0	0	0	0	0	0	0	0	0	0	0	0	0	0	0	0	0	0	0	0	0	0	0	0	0	0	0	0	0	0	0	0	0	0	0	0	0	0	0	0	0	0	0	0	0	0	0	0	0	0	0	0	0	0	0	0	0	0	0	0	0	2	0	0	0	0	0	0	0	0	0	0	0	0	0	0	0	0	0	0	0	0	0	0	0	1	0	0	0	0	0	0	1	0	0	0	0	0	0	0	0	1	0	0	3	0	0	0	0	0	0	0	0	0	0	0	0	0	0	0	0	0	0	0	0	0	0	0	0	0	0	0	0	0	0	0	0	0	0	0	0	1	0	0	0	0	0	0	0	0	0	0	0	0	0	0	0	0	0	0	0
Root;Bacteria;Firmicutes_C;Negativicutes;Veillonellales;Veillonellaceae;Veillonella;unclassified_Veillonella	JQ460060.1.1314	0	0	0	0	0	1	0	0	0	0	0	0	0	1	0	1	0	0	0	0	0	0	0	0	0	0	0	0	0	0	0	0	0	2	0	2	0	0	0	0	1	5	0	0	0	0	0	0	0	0	1	1	0	0	5	1	0	0	0	0	1	3	0	0	1	0	0	0	0	0	0	3	0	0	0	0	1	0	0	0	0	1	1	0	0	0	0	0	0	1	0	0	0	2	1	0	0	0	0	0	0	0	0	0	1	0	0	0	0	0	0	1	0	2	0	0	0	0	0	0	0	7	0	0	0	0	0	0	2	0	0	0	0	0	0	0	1	0	2	0	0	0	2	1	0	1	0	0	0	1	1	0	0	0	0	0	6	0	0	0	0	0	0	0	0	8	0	0	0	38	0	0	0	0	1	0	0	3	0	1	0	0	0	0	1	0	0	1	0	0	14	16	0	0	0	1	6	0	1	0	2	2	0	0	0	1	24	0	0	0	1	2	1	0	0	0	0	0	3	0	1	0	0	0	2	0	0	0	0	0	0	14	0	1	0	0	0	3	0	0	0	0	0	0	0	9	1	3	11	0	1	0	0	0	0	1	0	1	0	0	1	1	3	0	0	0	0	0	0	0	0	0	0	0	0	0	17	0	1	5	1	10	8	2	0	3	1	2	2	1	0	4	1	0	0	0	0	0	0	0	0	0	0	0	0	5	0	0	0	0	0	0	0	0	0	0	1	4	0	0	2	0	1	0	0	0	0	0	0	0	0	0	1	0	1	0	0	4	0	1	0	0	2	0	0	2	0	0	0	5	0	4	0	0	0	1	0	0	59	9	0	0	1	56	0	0	0	0	0	0	1	0	1
Root;Bacteria;Bacteroidota;Bacteroidia;Bacteroidales;Tannerellaceae;Tannerella;Tannerella_sp003033925	JF235588.1.1357	2	0	0	0	0	0	1	7	0	0	4	7	1	4	0	0	0	0	0	0	0	0	0	0	0	4	0	0	0	0	0	0	1	9	0	0	0	0	0	0	0	0	0	0	0	0	0	0	0	0	5	0	0	0	1	0	0	3	0	0	0	0	0	0	0	0	0	0	0	0	0	0	0	0	2	0	0	0	0	0	0	0	0	0	0	0	9	0	0	0	0	0	12	0	0	0	0	11	0	0	0	0	1	0	0	0	0	0	0	0	1	7	4	0	0	0	0	0	0	0	0	0	0	0	0	0	0	0	0	0	0	0	0	2	0	0	0	0	0	0	0	0	0	0	0	0	0	4	0	0	0	0	0	1	0	0	0	0	0	0	0	0	8	0	0	0	0	0	1	0	0	0	0	1	0	0	0	0	0	0	2	1	6	3	2	9	2	0	0	0	6	1	0	0	0	0	0	0	0	0	4	3	0	2	0	0	0	3	13	24	6	0	0	243	0	0	0	0	0	0	0	0	0	0	0	0	0	0	1	1	0	0	2	0	0	0	0	10	5	0	0	0	0	0	0	0	0	0	0	0	0	0	0	0	0	0	0	0	0	0	0	3	0	0	0	1	1	0	0	1	0	0	0	0	0	0	0	0	0	0	0	0	0	0	7	0	0	0	0	0	0	5	0	0	0	0	0	1	0	0	3	10	0	0	0	6	0	0	0	0	0	10	0	0	0	0	0	0	0	0	0	3	0	0	0	0	0	0	0	0	0	0	0	0	0	0	0	0	22	8	0	4	0	0	0	0	0	8	0	0	4	0	0	0	0	21	0	0	0	0	0	0	0	0	0	0	1	0	0	0	0	0	0
Root;Bacteria;Fusobacteriota;Fusobacteriia;Fusobacteriales;Fusobacteriaceae;Fusobacterium;unclassified_Fusobacterium	FJ983016.1.1511	30	51	0	0	18	26	2	7	0	0	0	0	7	11	13	18	2	5	5	4	1	1	0	0	1	8	0	0	1	17	7	0	10	1	0	0	0	0	0	0	0	0	0	7	82	6	6	0	7	0	0	0	14	1	0	0	0	2	0	5	88	1	42	43	0	0	115	0	0	0	0	1	3	3	1	1	1	56	0	0	5	0	0	0	9	11	2	23	0	17	0	2	2	4	0	0	0	6	1	11	1	1	8	30	1	0	30	0	0	30	0	0	0	0	0	0	30	0	1	7	0	0	0	0	77	58	0	2	0	0	26	4	1	0	0	3	35	15	8	0	0	0	0	14	0	0	0	141	0	3	2	2	1	9	0	0	0	19	28	0	5	0	0	13	0	0	24	25	9	1	12	1	1	0	1	15	9	4	5	0	21	9	0	0	0	4	0	1	0	0	0	1	10	0	9	15	0	2	2	0	0	1	0	7	0	0	0	1	9	19	0	2	16	5	43	1	2	4	0	0	4	0	0	0	6	0	2	7	1	2	0	0	0	0	0	0	8	4	0	4	0	0	0	1	1	0	0	0	7	33	9	0	0	12	7	17	3	19	11	14	0	7	9	5	0	3	15	0	3	16	16	1	105	0	11	3	2	15	28	0	0	3	0	0	0	1	11	0	0	59	0	10	5	0	17	8	7	0	3	0	1	1	28	7	0	0	37	1	0	6	0	24	0	1	1	2	4	0	0	184	12	9	0	0	29	0	21	1	2	3	47	1	1	7	3	14	1	1	6	0	8	3	0	2	0	0	0	0	0	9	37	8	1	2	2	0	12	10	1	1	1	6	3	0	0	7	1	3	0	28	5	1	0
Root;Bacteria;Proteobacteria;Gammaproteobacteria;Enterobacterales;Pasteurellaceae;Haemophilus_D;unclassified_Haemophilus_D	JF105591.1.1361	0	0	0	0	4	2	0	0	0	0	0	0	0	0	0	1	0	1	0	0	1	3	0	0	0	0	0	0	0	11	0	0	0	0	0	0	0	0	0	0	0	0	0	0	0	2	0	0	1	3	0	0	0	0	0	0	0	0	0	0	0	0	1	1	1	0	0	0	4	0	1	4	0	0	0	0	0	0	0	0	0	0	0	0	0	0	0	1	0	0	0	8	0	0	0	0	1	0	0	0	0	0	0	1	16	0	0	1	0	0	0	0	0	0	2	0	0	0	0	0	0	1	2	0	0	0	0	0	0	0	1	0	0	0	0	0	0	1	0	0	0	0	0	0	0	0	0	0	1	1	0	1	0	0	0	0	0	0	0	0	0	4	0	1	1	0	0	0	0	0	0	0	0	0	0	1	0	0	0	0	0	0	0	1	0	0	0	0	0	0	0	0	1	0	28	41	0	0	0	0	0	0	0	0	0	0	0	0	0	0	0	0	0	0	1	0	0	0	28	44	0	0	0	0	4	0	0	0	0	0	0	0	0	0	0	0	0	0	0	0	0	0	0	1	0	0	4	0	0	0	28	0	0	0	0	0	0	0	0	6	0	0	0	0	0	0	0	0	0	0	0	0	2	0	0	0	0	0	0	0	0	0	0	0	0	2	0	0	0	0	0	1	0	0	0	0	0	0	0	18	0	0	0	0	0	0	0	0	0	0	0	0	0	0	0	0	0	0	0	0	0	0	3	0	1	0	0	0	5	2	0	0	0	0	0	0	0	0	0	1	0	0	0	0	0	0	0	0	0	0	0	0	0	0	0	2	0	0	0	0	0	0	0	4	0	0	0	0	0	0	0	0	0
Root;Bacteria;Firmicutes;Bacilli;Lactobacillales;Lactobacillaceae;Lactobacillus;unclassified_Lactobacillus	EU452588.1.1419	0	0	0	0	0	0	0	0	0	0	0	0	0	0	0	0	0	0	0	0	0	0	0	0	0	0	0	0	0	0	0	0	0	0	0	0	0	0	0	0	0	0	0	0	0	0	0	0	0	0	0	0	0	0	0	0	0	0	0	0	0	0	0	0	0	0	0	0	0	0	0	0	0	0	0	0	0	0	0	0	0	0	0	0	0	0	0	0	0	0	0	0	0	0	0	0	0	0	0	0	0	0	0	0	0	0	0	0	0	0	0	0	0	0	0	0	0	0	0	0	0	0	0	0	0	0	0	0	0	0	0	0	0	0	0	0	0	0	0	0	0	0	0	2	0	0	0	0	0	0	0	0	0	0	0	0	0	0	1	0	0	0	0	0	0	0	0	0	0	0	0	0	0	0	0	0	0	0	0	0	0	0	0	0	0	0	0	0	0	0	0	0	0	0	0	0	0	0	0	0	1	1	0	0	0	0	0	0	0	0	0	0	0	0	0	0	0	0	0	0	0	0	0	0	0	0	0	0	0	0	0	0	0	0	0	0	0	0	0	0	0	0	0	0	0	0	0	0	0	0	0	0	0	0	0	0	0	0	0	0	0	0	0	0	0	0	0	0	0	0	0	0	0	0	0	0	0	0	0	0	0	0	0	0	0	0	0	0	0	0	1	0	0	0	0	0	0	0	0	39	0	0	0	0	0	0	0	0	0	0	0	0	0	0	0	0	0	0	0	0	0	0	0	0	0	0	0	0	0	0	0	0	0	0	0	0	0	0	0	0	0	0	0	0	0	0	0	0	0	0	0	0	0	0	0	0	0	0	0	0	0	0	0	0	0	0	0	0	0	0	0	0	0
Root;Bacteria;Firmicutes;Bacilli;Lactobacillales;Streptococcaceae;Streptococcus;unclassified_Streptococcus	JF191777.1.1369	0	0	0	0	0	0	0	0	0	0	0	0	0	0	0	0	0	0	0	0	0	0	0	0	0	0	0	4	0	0	0	0	0	0	0	0	0	0	0	0	0	0	0	2	0	0	0	0	0	1	0	0	1	0	0	0	3	0	8	0	0	0	1	0	1	0	0	0	0	0	0	0	0	4	0	0	0	0	0	0	1	0	0	0	0	0	0	0	0	0	0	0	0	0	0	0	0	0	0	0	0	0	0	1	0	0	1	0	0	0	0	0	0	0	0	0	0	0	0	1	0	0	0	0	0	0	0	0	0	0	6	0	0	0	0	0	0	0	0	0	0	0	0	0	1	0	0	0	0	0	0	0	0	0	0	0	0	0	0	0	0	0	0	0	0	0	0	0	0	0	0	0	0	0	0	0	0	0	0	0	0	0	0	0	0	0	0	0	0	0	0	0	0	0	0	0	0	0	0	0	0	0	0	0	0	0	0	0	0	0	3	0	0	0	0	0	0	0	0	0	3	0	0	0	0	0	0	0	0	0	0	0	0	1	0	0	0	0	0	0	0	0	0	0	0	0	1	0	0	0	1	0	0	0	0	0	0	0	0	0	0	0	0	1	0	0	0	0	0	0	0	0	0	0	0	0	0	0	0	0	0	1	0	0	0	0	0	0	0	0	0	0	0	0	0	1	0	1	0	0	0	0	0	0	2	1	0	0	0	0	0	0	0	0	0	0	0	1	0	0	0	0	0	1	3	0	0	0	0	0	0	0	8	0	0	0	0	0	0	0	0	0	0	0	0	0	0	0	0	0	0	18	0	0	7	1	0	0	0	0	0	0	1	4	0	0	1	0	0	0	0	0	0
Root;Bacteria;Fusobacteriota;Fusobacteriia;Fusobacteriales;Fusobacteriaceae;Fusobacterium;unclassified_Fusobacterium	JQ477249.1.1397	0	0	0	0	0	0	0	0	0	0	0	0	0	0	0	0	0	0	0	0	0	0	0	0	0	0	0	0	0	0	0	0	0	0	0	0	0	0	0	0	0	0	0	0	0	0	0	0	0	0	0	0	0	0	0	0	0	0	0	0	0	0	0	0	0	0	0	0	0	0	0	0	0	0	0	0	0	0	0	0	0	0	0	0	0	0	0	0	0	0	0	0	0	0	0	0	0	0	0	1	0	0	0	0	0	0	0	0	0	0	0	0	0	0	0	0	0	0	0	0	0	0	0	0	0	0	0	0	0	0	0	0	0	0	0	0	0	0	0	0	0	0	0	0	0	0	0	0	0	0	0	0	0	0	0	0	0	0	0	0	0	0	0	0	0	0	0	0	0	0	0	0	0	0	0	0	0	0	1	0	0	0	0	0	0	0	0	0	0	0	0	0	0	0	0	0	0	0	0	0	0	0	0	0	0	0	0	0	0	0	0	0	0	0	0	0	0	0	0	0	0	0	0	0	0	0	0	0	0	0	0	0	0	0	0	0	0	0	0	0	0	0	0	0	0	0	0	0	1	0	0	0	0	0	0	0	0	0	0	2	0	0	0	0	0	0	0	0	0	0	0	0	0	0	0	0	0	0	0	0	0	0	0	0	0	0	0	0	0	0	0	0	0	0	0	0	0	0	0	0	0	0	0	0	0	0	0	0	0	0	0	0	0	0	0	0	0	0	0	0	0	0	0	0	0	0	0	0	0	0	0	0	0	0	0	0	0	0	0	0	0	0	0	0	0	0	0	0	0	0	0	0	0	0	0	0	0	0	0	0	0	0	0	0	0	0	0	0	0	0	0	0	0
Root;Bacteria;Firmicutes;Bacilli;Lactobacillales;Streptococcaceae;Streptococcus;unclassified_Streptococcus	HQ744682.1.1460	0	0	0	0	0	0	1	1	0	0	0	0	0	0	0	0	0	0	0	0	0	0	0	0	0	0	0	0	0	0	0	0	0	0	0	0	0	0	0	0	0	0	0	0	0	0	0	0	0	0	0	0	0	0	0	0	0	0	0	0	0	0	0	0	0	0	0	0	0	0	0	0	0	0	0	0	0	0	0	0	0	0	0	0	0	0	0	0	0	0	0	0	0	0	0	0	0	0	0	0	0	0	0	0	0	0	0	0	0	0	0	0	0	0	0	0	0	0	0	0	0	0	0	0	0	0	0	0	0	0	0	0	0	0	0	0	0	0	0	0	0	0	2	0	0	0	0	0	0	0	0	0	0	0	0	0	0	0	0	0	0	0	0	0	0	0	0	0	0	0	0	0	0	0	0	0	0	0	0	0	0	0	0	0	0	0	0	0	0	0	0	0	0	0	0	0	0	0	0	0	0	0	0	0	0	0	0	0	0	0	0	0	0	0	0	0	0	0	0	0	0	0	0	0	0	0	0	0	0	0	0	0	0	0	0	0	0	0	0	0	0	0	0	0	0	0	0	0	0	0	0	0	0	0	0	0	0	0	0	0	0	0	0	0	0	0	0	0	0	0	0	0	0	0	0	0	2	0	0	0	0	0	0	0	0	0	0	0	0	0	0	0	0	0	0	0	0	0	0	0	0	0	0	0	0	0	0	0	0	0	0	0	0	0	0	0	0	0	0	0	0	0	0	0	0	0	0	0	0	0	0	0	0	0	0	0	0	0	0	0	0	0	0	0	0	0	0	0	0	0	0	0	0	0	0	0	0	0	0	0	0	0	0	0	0	0	0	0	0	0	0	0	0
Root;Bacteria;Firmicutes;Bacilli;Lactobacillales;Lactobacillaceae;Lactobacillus;unclassified_Lactobacillus	EU451649.1.1430	0	0	0	0	0	0	0	0	0	0	0	0	0	0	0	0	0	0	0	0	0	0	0	0	0	0	0	0	0	0	0	0	0	0	0	0	0	0	0	0	0	0	0	0	0	0	0	0	0	0	0	0	0	0	0	0	0	0	0	0	0	0	0	0	0	0	0	0	0	0	0	0	0	0	0	0	0	0	0	0	0	0	0	0	0	0	0	0	0	0	0	0	0	0	0	0	0	0	0	0	0	0	0	0	0	0	0	0	0	0	0	0	0	0	0	0	0	0	0	0	0	0	0	0	0	0	0	0	0	0	0	0	0	0	0	0	0	0	0	0	0	0	0	1	0	0	0	0	0	0	0	0	0	0	0	0	0	0	0	0	0	0	0	0	0	0	0	0	0	0	0	0	0	0	0	0	0	0	0	0	0	0	0	0	0	0	0	0	0	0	0	0	0	0	0	0	0	0	0	0	0	0	0	0	0	0	0	0	0	0	0	0	0	0	0	0	0	0	0	0	0	0	0	0	0	0	0	0	0	0	0	0	0	0	0	0	0	0	0	0	0	0	0	0	0	0	0	0	0	0	0	0	0	0	0	0	0	0	0	0	0	0	0	0	0	0	0	0	0	0	0	0	0	0	0	0	0	0	0	0	0	0	0	0	0	0	0	0	0	0	0	0	0	0	0	0	0	0	0	6	0	0	0	0	0	0	0	0	0	0	0	0	0	0	0	0	0	0	0	0	0	0	0	0	0	0	0	0	0	0	0	0	0	0	0	0	0	0	0	0	0	0	0	0	0	0	0	0	0	0	0	0	0	0	0	0	0	0	0	0	0	0	0	0	0	0	0	0	0	0	0	0	0
Root;Bacteria;Proteobacteria;Gammaproteobacteria;Enterobacterales;Pasteurellaceae;Haemophilus;unclassified_Haemophilus	JQ468585.1.1397	0	0	0	0	0	0	0	0	0	0	0	0	0	0	0	0	0	0	0	0	0	0	0	0	0	0	0	0	0	0	0	0	0	0	0	0	0	0	0	0	0	0	0	0	0	0	0	0	0	0	0	0	0	0	0	0	0	0	0	0	0	0	0	0	0	0	0	0	0	0	0	0	0	0	0	0	0	0	0	0	0	0	0	0	0	0	0	0	0	0	0	0	0	0	0	0	0	0	0	0	0	0	0	0	0	0	0	0	0	0	1	0	0	0	0	0	0	0	0	0	0	0	0	0	0	0	0	0	0	0	0	0	0	0	0	0	0	0	0	0	0	0	0	0	0	0	0	0	0	0	0	0	0	0	0	0	0	0	0	0	0	0	0	0	0	0	0	0	0	0	0	0	0	0	0	0	0	0	0	0	0	0	0	0	0	0	0	0	0	0	0	0	0	0	0	0	0	0	0	0	0	0	0	0	0	0	0	0	0	0	0	0	0	0	0	0	0	0	0	0	0	0	0	0	0	0	0	0	0	0	0	0	0	0	0	0	0	0	0	0	0	0	0	0	0	0	0	0	0	0	0	0	0	0	0	0	0	0	0	0	0	0	0	0	0	0	0	0	0	0	0	0	0	0	0	0	0	0	0	0	0	0	0	0	0	0	0	0	0	0	0	0	0	0	0	0	0	0	0	0	0	0	0	0	0	0	0	0	0	0	0	0	0	0	0	0	0	0	0	0	0	0	0	0	0	0	0	0	0	0	0	0	0	0	0	0	0	0	0	0	0	0	0	0	0	0	0	0	0	0	0	0	0	0	0	0	0	0	0	0	0	0	0	0	0	0	0	0	0	0	0	0	0
Root;Bacteria;Firmicutes;Bacilli;Lactobacillales;Streptococcaceae;Streptococcus;unclassified_Streptococcus	JF131761.1.1363	0	0	1	0	0	0	0	0	0	0	0	0	0	0	0	0	0	0	0	0	0	0	0	0	0	0	0	0	0	0	0	0	0	0	0	0	0	0	0	0	0	0	0	0	0	0	0	0	0	0	0	0	0	0	1	0	0	0	0	0	0	0	0	0	0	0	0	0	0	0	0	0	0	0	0	0	0	0	0	0	0	0	0	0	0	0	0	0	0	0	0	0	0	0	0	0	0	0	0	0	0	0	0	0	0	0	0	0	0	0	0	0	0	0	0	0	0	0	0	0	0	0	0	0	0	0	0	0	0	0	0	0	0	0	0	0	0	0	0	0	0	0	0	0	0	0	0	0	0	0	0	0	0	0	0	0	0	0	0	0	0	0	0	0	0	0	0	0	0	0	0	0	0	0	0	0	0	0	0	0	0	0	0	0	0	0	0	0	0	0	0	0	0	0	0	0	0	0	0	0	0	0	0	0	0	0	0	0	0	0	0	0	0	0	0	0	0	0	0	0	0	0	0	0	0	0	0	0	0	0	0	0	0	0	0	0	0	0	0	0	0	0	0	0	0	0	0	0	0	0	0	0	0	0	0	0	0	0	0	0	0	0	0	0	0	0	0	0	0	0	0	0	0	0	0	0	0	0	0	0	0	0	0	0	0	0	0	0	0	0	0	0	0	0	0	0	0	0	0	0	0	0	0	0	0	0	0	0	0	0	0	0	0	0	0	0	0	0	0	0	0	0	0	0	0	0	0	0	0	0	0	0	0	0	0	0	0	0	0	0	0	0	0	0	0	0	0	0	0	0	0	0	0	0	0	0	0	0	0	0	0	0	0	0	0	0	0	0	0	0	0	0	0
Root;Bacteria;Firmicutes;Bacilli;Lactobacillales;Streptococcaceae;Streptococcus;unclassified_Streptococcus	AB002522.1.1416	0	0	0	0	0	0	0	0	0	0	0	0	0	0	0	0	0	0	0	0	0	0	0	0	0	0	0	0	0	0	0	0	0	0	0	0	0	0	0	0	0	0	0	0	0	0	0	0	0	0	0	0	0	0	0	0	0	0	0	0	0	0	0	0	0	0	0	0	0	0	0	0	0	0	0	0	0	0	0	0	0	0	0	0	0	0	0	0	0	0	0	0	0	0	0	0	0	0	0	0	0	0	0	0	0	0	0	0	0	0	0	0	0	0	0	0	0	0	0	0	0	0	0	0	0	0	0	0	0	0	0	0	0	0	0	0	0	0	0	0	0	0	0	0	0	0	0	0	0	0	0	0	0	0	0	0	0	0	0	0	0	0	0	0	0	0	0	0	0	0	0	0	0	0	0	0	0	0	0	0	0	0	0	0	0	0	0	0	0	0	0	0	0	0	0	0	0	0	0	0	0	0	0	0	0	0	0	0	0	0	0	0	0	0	0	0	0	0	0	0	0	0	0	0	0	0	0	0	0	0	0	0	0	0	0	0	0	0	0	0	0	0	0	1	0	0	0	0	0	0	0	0	0	0	0	0	0	0	0	0	0	0	0	0	0	0	0	0	0	0	0	0	0	0	0	0	0	0	0	0	0	0	0	0	0	0	0	0	0	0	0	0	0	0	0	0	0	0	0	0	0	0	0	0	0	0	0	0	0	0	0	0	0	0	0	0	0	0	0	0	0	0	0	0	0	0	0	0	0	0	0	0	0	0	0	0	0	0	0	0	0	0	0	0	0	0	0	0	0	0	0	0	0	0	0	0	0	0	0	0	0	0	0	0	0	0	0	0	0	0	0	0	0
Root;Bacteria;Firmicutes;Bacilli;Staphylococcales;Gemellaceae;Gemella;Gemella_cuniculi	AJ251987.1.1451	0	0	0	0	0	0	0	0	0	0	0	0	0	0	0	0	0	0	0	0	0	0	0	0	0	0	0	0	0	0	0	0	0	0	0	0	0	0	0	0	0	0	0	0	0	0	0	0	0	0	0	0	0	0	0	0	0	0	0	0	0	0	0	0	0	0	0	0	0	0	0	0	0	0	0	0	0	0	0	0	0	0	0	0	0	0	0	0	0	0	0	0	0	0	0	0	0	0	0	0	0	0	0	0	0	0	0	0	0	0	0	0	0	0	0	0	0	0	0	0	0	0	0	0	0	1	0	0	0	0	0	0	0	0	0	0	0	0	0	0	0	0	0	0	0	0	0	0	0	0	0	0	0	0	0	0	0	0	0	0	0	0	0	0	0	0	0	0	0	0	0	0	0	0	0	0	0	0	0	0	0	0	1	0	0	0	0	0	0	0	0	0	0	0	0	0	0	0	0	0	0	0	0	0	0	0	0	0	0	0	0	0	0	0	0	0	0	0	0	0	0	0	0	0	0	0	0	0	0	0	0	0	0	0	0	0	0	0	0	0	0	0	0	0	0	0	0	0	0	0	0	0	0	0	0	0	0	0	0	0	0	0	0	0	0	0	0	0	0	0	0	0	0	0	0	0	0	0	0	0	0	0	0	0	0	0	0	0	0	0	0	0	0	0	0	0	0	0	0	0	0	0	0	0	0	0	0	0	0	0	0	0	0	0	0	0	0	0	0	0	0	0	0	0	0	0	0	0	0	0	0	0	0	0	0	0	0	0	0	0	0	0	0	0	0	0	0	0	0	0	0	0	0	0	0	0	0	0	0	0	0	0	0	0	0	0	0	0	0	0	0	0	0
Root;Bacteria;Actinobacteriota;Actinomycetia;Actinomycetales;Actinomycetaceae;Actinomyces;Actinomyces_timonensis	HQ811529.1.1477	0	0	0	0	0	0	0	0	0	0	0	0	0	0	0	0	0	0	0	0	0	0	0	0	0	0	0	0	0	0	0	0	0	0	0	0	0	0	0	0	0	0	0	0	0	0	0	0	0	0	0	0	0	0	0	0	0	0	0	0	0	0	0	0	0	0	0	0	0	0	0	0	0	0	0	0	0	0	0	0	0	0	0	0	0	0	0	0	0	0	0	0	0	0	0	0	0	3	2	0	0	0	0	0	0	0	0	0	0	0	0	0	0	0	0	0	0	0	0	0	0	0	0	0	0	1	0	0	0	0	0	0	0	0	0	0	0	0	0	0	0	0	0	0	0	0	0	0	0	0	0	0	0	0	0	0	0	0	0	0	0	0	0	0	0	0	0	0	0	0	0	0	0	0	0	0	0	2	0	0	0	0	0	0	0	0	0	0	0	0	0	0	0	0	0	0	0	0	0	0	0	0	0	0	0	0	0	0	0	0	0	0	0	0	0	0	0	0	0	0	0	0	0	0	0	0	0	0	0	0	0	0	0	0	0	0	0	0	0	0	0	0	0	0	0	0	0	0	0	0	0	0	0	0	0	2	0	0	0	0	0	0	0	0	0	0	0	0	0	0	0	0	0	0	0	0	0	0	0	0	0	0	0	0	0	0	0	0	0	0	0	0	0	0	0	0	0	0	0	0	0	0	0	0	0	0	0	4	0	0	0	0	0	0	0	0	0	0	0	0	0	0	0	0	0	0	0	0	0	0	0	0	0	0	0	0	1	0	0	0	0	0	0	0	0	0	0	0	0	0	0	0	0	1	0	0	0	0	31	2	0	0	0	0	0	0	0	0	0	0	0	0	0
Root;Bacteria;Actinobacteriota;Actinomycetia;Actinomycetales;Actinomycetaceae;Actinomyces;unclassified_Actinomyces	JQ463641.1.1385	0	0	1	0	1	1	1	0	14	13	11	4	3	2	2	0	5	6	0	0	0	0	5	5	4	0	0	15	28	8	2	0	0	0	7	0	8	1	1	11	10	3	7	26	3	0	24	0	1	0	1	5	0	7	5	3	0	3	1	9	0	26	0	0	2	0	0	1	1	1	0	6	10	2	19	0	25	34	1	0	2	0	0	0	2	2	0	3	0	0	0	0	14	0	2	0	4	0	0	5	0	0	0	5	0	0	1	1	0	0	0	1	0	0	0	0	1	0	0	0	0	1	1	0	4	5	6	5	1	0	3	1	7	0	0	0	0	0	0	0	0	0	1	10	0	3	0	1	0	1	0	0	0	0	0	1	34	0	1	0	2	0	3	0	0	0	0	0	0	6	1	0	0	0	0	0	0	0	0	1	0	0	0	0	1	0	1	0	1	0	1	0	1	0	0	0	0	1	0	2	0	0	0	3	0	1	3	0	1	0	0	0	0	8	0	0	0	1	10	12	0	0	2	0	0	0	0	1	1	0	1	3	1	2	8	0	0	8	0	0	0	0	0	0	1	38	0	0	31	0	1	5	0	0	11	10	0	0	6	0	1	0	1	1	0	0	1	2	4	2	0	0	5	0	5	1	1	0	0	2	6	1	0	0	8	12	0	3	4	5	0	1	0	0	0	0	1	3	0	3	0	0	2	0	40	21	0	8	0	15	6	0	38	5	1	0	0	1	0	0	3	0	0	7	2	0	7	1	0	0	0	0	13	13	26	0	0	4	0	1	1	0	18	0	2	13	1	0	0	0	0	12	1	2	0	3	2	0	0	0	0	0	1	48	6	2	5	0	0	9	1	2	12
Root;Bacteria;Actinobacteriota;Actinomycetia;Actinomycetales;Actinomycetaceae;Actinomyces;unclassified_Actinomyces	JQ455434.1.1437	0	0	0	0	0	0	0	0	0	0	0	0	0	0	0	0	0	0	0	0	0	0	0	0	0	0	0	1	0	0	0	0	0	0	1	0	0	0	0	0	0	0	1	0	0	0	0	0	0	0	0	1	0	1	0	0	0	0	0	1	0	0	0	0	0	0	0	0	0	0	0	0	1	0	0	0	0	0	0	0	0	0	0	0	0	0	0	0	0	0	0	0	0	0	0	0	0	0	0	0	0	0	0	0	0	0	0	0	0	0	0	0	0	0	0	0	0	0	0	0	0	0	0	0	0	0	0	0	0	0	0	0	0	0	0	0	0	0	0	0	0	0	0	0	0	0	0	0	0	0	0	0	0	0	0	0	0	0	0	0	0	0	0	0	0	0	0	0	0	0	0	0	0	0	0	0	0	0	0	0	0	0	0	0	0	0	0	0	0	0	0	0	0	0	0	0	0	0	0	0	0	0	0	0	0	0	0	0	0	0	0	0	0	0	0	0	0	0	0	0	0	0	0	0	0	0	0	0	0	0	0	0	0	0	0	0	0	0	0	0	0	0	0	0	0	0	0	0	0	0	0	0	0	0	0	0	0	0	0	0	0	0	0	0	0	0	0	0	0	0	0	0	0	0	0	0	0	0	0	0	0	0	0	0	0	0	0	0	0	0	0	0	0	0	0	0	0	0	0	0	0	0	0	0	0	0	0	0	0	0	0	0	0	0	0	0	0	0	0	0	0	0	0	0	0	0	0	0	0	0	0	0	0	0	0	0	0	0	0	0	0	0	0	0	0	0	0	0	0	0	0	0	0	0	0	0	0	0	0	0	0	0	0	0	0	0	0	0	0	0	0	0	0
Root;Bacteria;Firmicutes;Bacilli;Lactobacillales;Streptococcaceae;Streptococcus;Streptococcus_mutans	AY188348.1.1545	0	0	0	0	0	0	0	0	0	0	3	0	0	0	0	0	0	0	0	0	0	0	0	0	3	0	11	3	4	1	0	0	0	0	0	0	0	1	0	0	0	0	0	47	0	1	0	0	2	0	0	0	0	0	0	0	0	0	0	0	0	0	0	0	0	0	0	0	0	0	0	1	0	0	0	0	0	0	0	0	0	0	0	0	30	26	0	0	0	16	0	0	0	2	0	0	40	0	0	0	0	0	0	0	0	0	0	0	0	0	0	0	0	0	1	0	0	0	8	0	0	24	0	0	0	0	0	5	0	0	0	0	0	0	0	27	26	0	0	0	0	0	2	29	0	0	0	0	0	0	0	0	0	0	0	1	0	0	2	0	0	0	0	0	0	0	0	0	1	406	27	0	0	0	0	0	0	0	0	13	0	0	0	0	0	0	0	0	0	0	0	0	4	22	0	0	0	0	0	0	0	2	0	0	0	0	0	0	0	0	0	0	0	0	0	0	61	70	0	0	7	0	0	0	0	0	0	2	0	0	0	308	0	0	8	0	0	0	0	0	0	0	0	0	0	330	78	0	0	1	0	33	0	0	0	0	0	2	0	0	0	0	0	12	0	0	0	0	0	0	0	0	0	0	0	0	0	0	0	0	118	1	0	0	17	0	0	0	0	0	1	0	0	0	0	0	0	0	0	0	0	0	0	0	0	118	0	16	0	0	0	0	369	1	0	0	0	0	0	0	0	0	0	155	1	0	114	0	0	0	0	0	0	0	0	0	0	0	0	0	646	0	0	164	0	1	0	0	0	0	0	0	42	0	1	0	0	0	0	0	0	51	0	0	0	3	0	0	0	66	99	0	537
Root;Bacteria;Bacteroidota;Bacteroidia;Bacteroidales;Bacteroidaceae;Bacteroides;Bacteroides_thetaiotaomicron	GQ449004.1.1296	0	0	0	0	0	0	0	0	0	0	0	0	0	0	0	0	0	0	0	0	0	0	0	0	0	0	0	0	0	0	0	0	0	0	0	0	0	0	0	0	0	0	0	0	0	0	0	0	0	0	0	0	0	0	0	0	0	0	0	0	0	0	0	0	0	0	0	0	0	0	0	0	0	0	0	0	0	0	0	0	0	0	0	0	0	0	0	0	0	0	0	0	0	0	0	0	0	0	0	0	0	0	0	0	0	0	0	0	0	0	0	0	0	0	0	0	0	0	0	0	0	0	0	0	0	0	0	0	0	0	0	0	0	0	0	0	0	0	0	0	0	0	0	0	0	0	0	0	0	0	0	0	0	0	0	0	0	0	0	0	0	0	0	0	0	0	0	0	0	0	0	0	0	0	0	0	0	2	0	0	0	0	0	0	0	0	0	0	0	0	0	0	0	0	0	0	0	0	0	0	0	0	0	0	0	0	0	0	0	0	0	0	0	0	0	0	0	0	0	0	0	0	0	0	0	0	0	0	0	0	0	0	0	0	0	0	0	0	0	0	0	0	0	0	0	0	0	0	0	0	0	0	0	0	0	0	0	0	0	0	0	0	0	0	0	0	0	0	0	0	0	0	0	0	0	0	0	0	0	0	0	0	0	0	0	0	0	0	0	0	0	0	0	0	0	0	0	0	0	0	0	0	0	0	0	0	0	0	0	0	0	0	0	0	0	0	0	0	0	0	0	0	0	0	0	0	0	0	0	0	0	0	0	0	0	0	0	0	0	0	0	0	0	0	0	0	0	0	0	0	0	0	0	0	0	0	0	0	0	0	0	0	0	0	0	0	0	0	0	0	0	0	0
Root;Bacteria;Actinobacteriota;Actinomycetia;Propionibacteriales;Propionibacteriaceae;Brooklawnia;Brooklawnia_sp000413315	ATFL01000014.796044.797551	0	0	0	0	0	0	0	0	0	0	0	0	0	0	0	0	0	0	0	0	0	0	0	0	0	0	0	0	0	0	0	0	0	0	0	0	0	0	0	0	0	0	0	0	0	0	0	0	0	0	0	0	0	0	0	0	0	0	0	3	0	0	0	0	0	0	0	0	0	0	0	0	0	0	0	0	0	0	0	0	0	0	0	0	0	0	0	0	0	0	0	0	0	0	0	0	0	0	0	0	0	0	0	0	0	0	0	0	0	0	0	0	0	0	0	0	0	0	0	0	0	0	0	0	0	0	0	0	0	0	0	0	0	0	0	0	0	0	0	0	0	0	0	0	0	0	0	0	0	0	0	0	0	0	0	0	0	0	0	0	0	0	0	0	0	0	0	0	0	0	0	0	0	0	0	0	0	0	0	0	0	0	0	0	0	0	0	0	0	0	0	0	0	0	0	0	0	0	0	0	0	0	0	0	0	0	0	0	0	0	0	0	0	0	0	0	0	0	0	0	0	0	0	0	0	0	0	0	0	0	0	0	0	0	0	0	0	0	0	0	0	0	0	0	0	0	0	0	0	0	0	0	0	0	0	0	0	0	0	0	0	0	0	0	0	0	0	0	0	0	0	0	0	0	0	0	0	0	0	0	0	0	0	0	0	0	0	0	0	0	0	0	0	0	0	0	0	0	0	0	0	0	0	0	0	0	0	0	0	0	0	0	0	0	0	0	0	0	0	0	0	0	0	0	0	0	0	0	0	0	0	0	0	0	0	0	0	0	0	0	0	0	0	0	0	0	0	0	0	0	0	0	0	0	0	0	0	0	0	0	0	0	0	0	0	0	0	0	0	0	0	0	0
Root;Bacteria;Firmicutes;Bacilli;Lactobacillales;Streptococcaceae;Streptococcus;unclassified_Streptococcus	JQ457812.1.1407	0	0	1	0	0	0	0	1	0	0	0	0	0	1	0	0	2	0	0	0	0	0	0	0	1	0	1	0	1	0	0	3	0	0	1	0	2	0	2	0	2	0	0	0	0	0	0	0	0	0	0	1	0	1	1	1	0	0	0	0	0	0	0	0	0	0	2	0	0	0	0	2	1	0	0	0	1	0	0	0	0	0	1	0	0	0	0	0	0	1	0	0	0	1	0	0	2	1	1	0	0	0	0	4	2	0	1	1	0	0	0	1	0	1	0	0	0	0	0	1	0	0	0	0	0	0	1	2	0	0	0	0	1	0	0	0	0	2	1	0	0	0	1	0	9	0	0	0	0	0	0	4	2	0	0	0	0	0	1	0	0	0	0	1	0	0	0	0	0	0	0	0	1	0	0	0	0	4	0	0	0	1	1	0	0	0	0	0	0	0	0	0	0	0	0	0	0	0	0	0	1	0	0	0	0	0	0	0	0	0	0	0	1	0	0	0	0	0	2	1	0	0	0	0	0	0	0	1	2	1	0	0	0	0	0	0	0	0	0	0	0	0	0	2	0	0	2	0	0	0	0	1	0	0	0	0	0	1	0	0	0	1	0	0	0	0	0	0	0	0	0	0	0	0	0	0	0	0	0	1	0	0	0	0	0	0	0	0	0	0	3	0	0	1	0	0	0	0	0	0	0	1	0	0	1	2	0	0	0	0	0	0	0	2	0	0	0	0	0	0	0	0	0	2	1	0	0	0	0	1	0	0	1	0	0	5	0	1	0	0	2	0	5	0	0	2	0	0	0	0	0	3	0	0	0	0	1	0	0	0	0	0	1	1	0	0	0	0	0	0	1	0	0
Root;Bacteria;Fusobacteriota;Fusobacteriia;Fusobacteriales;Leptotrichiaceae;Leptotrichia;unclassified_Leptotrichia	JQ467789.1.1279	0	0	0	0	1	2	2	2	0	0	4	1	4	0	0	1	0	0	0	0	0	0	5	2	0	0	0	0	0	3	0	0	0	0	0	0	0	0	0	1	0	0	0	10	3	0	0	0	0	0	0	48	0	0	0	0	0	1	0	0	0	0	0	13	0	0	0	0	0	0	0	0	0	0	0	2	0	0	0	0	0	0	0	0	17	13	0	0	4	0	0	0	0	1	0	0	0	0	0	2	0	5	25	0	1	0	0	0	0	0	0	0	0	0	0	0	0	0	0	1	0	0	0	0	0	0	0	0	0	0	0	0	0	1	0	0	0	0	0	0	0	0	1	1	0	0	0	0	0	0	0	9	0	5	0	2	0	0	0	0	0	0	0	0	0	0	0	0	0	1	0	0	0	0	2	1	0	0	0	0	17	7	0	1	0	0	1	0	0	0	65	27	37	2	0	0	0	0	0	0	13	9	0	2	1	24	0	63	0	0	0	0	3	0	8	3	47	39	0	0	4	0	0	0	0	0	0	2	24	0	0	0	1	0	0	0	0	4	0	0	0	0	0	1	0	0	0	1	0	0	0	0	0	0	7	0	0	0	0	0	0	0	0	0	0	0	0	0	2	0	0	0	0	0	0	0	0	0	0	5	3	0	0	1	5	0	20	0	0	0	0	0	0	0	3	0	0	12	0	0	1	1	0	0	22	17	0	0	0	0	0	0	0	0	0	0	0	0	0	0	0	0	0	0	1	0	0	0	0	0	0	0	0	0	0	0	8	0	0	0	0	17	0	0	0	16	72	0	0	0	0	0	0	1	0	3	0	0	0	0	0	0	0	1	0	1	0	4	0	20	30	0	29
Root;Bacteria;Actinobacteriota;Actinomycetia;Actinomycetales;Micrococcaceae;Rothia;Rothia_dentocariosa	JQ453458.1.1382	0	0	0	1	0	0	0	0	0	0	0	0	0	0	0	0	0	0	0	0	0	0	0	0	0	0	0	1	0	0	0	0	0	0	0	0	0	0	2	0	0	0	2	0	0	0	0	0	0	0	0	0	0	1	0	0	0	0	0	0	0	0	1	0	0	0	0	0	0	0	0	0	0	1	0	0	0	0	0	0	0	0	0	0	0	0	0	0	0	0	0	0	0	0	0	0	0	0	0	0	0	0	0	0	0	0	1	0	0	0	0	0	0	0	0	0	0	0	0	0	0	0	0	0	0	0	0	0	0	0	0	0	1	0	0	0	0	0	0	0	0	0	0	0	0	0	0	0	0	0	0	0	1	0	0	0	0	0	0	0	0	0	0	0	0	0	0	0	0	0	0	0	0	0	0	0	0	0	0	0	0	0	0	0	0	0	0	0	0	0	0	0	0	0	0	0	0	0	0	0	0	0	0	0	0	0	0	0	0	0	0	0	0	0	0	0	0	0	0	0	0	0	0	0	0	0	0	0	0	0	0	0	0	0	0	0	0	0	0	0	0	0	0	0	0	0	0	0	1	0	1	2	0	0	0	0	0	0	1	0	0	0	0	0	0	0	0	0	0	0	0	0	1	0	0	0	0	0	0	0	0	0	0	0	0	0	0	0	0	0	0	0	0	0	0	0	0	0	0	0	0	0	1	0	0	0	0	0	0	0	0	0	0	0	0	0	0	0	0	0	0	0	0	0	0	0	0	0	0	0	0	0	0	0	0	0	0	0	0	0	0	0	0	0	0	0	0	0	0	0	0	1	0	0	0	0	0	0	0	0	0	0	0	0	0	0	0	0	0	0	0	0	1
Root;Bacteria;Bacteroidota;Bacteroidia;Bacteroidales;Bacteroidaceae;Prevotella;Prevotella_oris	JQ465904.1.1391	0	0	0	0	0	0	0	0	0	0	1	0	0	0	4	0	0	0	0	0	0	0	0	0	0	0	0	0	0	0	0	0	0	0	0	0	0	2	0	0	0	0	0	0	0	0	0	0	0	0	0	0	0	0	0	0	0	0	0	0	0	0	0	0	0	0	0	0	0	0	0	0	0	0	0	0	0	0	0	0	1	0	0	0	0	0	0	0	0	0	0	0	0	0	0	0	0	0	0	0	0	0	0	0	0	0	0	0	0	0	0	0	0	0	0	0	0	0	0	0	0	0	0	0	0	1	0	0	0	0	0	0	0	0	0	0	0	0	0	0	0	0	0	0	0	0	0	0	0	0	0	0	0	0	0	0	0	0	0	0	0	0	0	0	0	0	0	0	0	2	0	0	0	0	0	0	0	0	0	0	0	0	0	0	0	0	0	0	0	0	0	0	0	0	0	0	0	0	0	0	1	0	0	0	0	0	0	0	1	0	0	0	0	1	0	0	0	0	0	0	0	0	0	0	0	0	1	0	0	0	0	0	0	0	0	0	0	0	0	0	0	0	0	0	0	0	0	0	0	0	0	0	0	0	0	0	0	0	0	0	0	0	0	0	0	0	0	0	0	0	0	0	0	1	0	0	0	0	1	2	0	0	0	0	0	0	0	0	0	0	0	0	0	0	0	0	0	0	0	0	0	0	0	0	1	0	0	0	0	0	0	1	0	0	0	0	0	0	0	0	0	0	0	0	0	0	0	0	0	0	0	0	0	0	0	0	0	0	0	0	0	0	0	0	0	0	0	0	0	0	1	0	0	0	0	0	1	0	0	0	0	0	0	1	0	0	0	0	0	0	0	0	0
Root;Bacteria;Firmicutes;Bacilli;Lactobacillales;Streptococcaceae;Streptococcus;unclassified_Streptococcus	JF221342.1.1338	0	0	0	0	0	0	0	0	0	0	0	0	0	0	0	0	0	0	1	0	0	0	0	0	0	0	0	0	0	0	0	0	0	0	0	0	0	0	0	0	0	0	0	0	0	0	0	0	0	0	0	0	0	0	0	0	0	0	0	0	0	0	0	0	0	0	0	0	0	0	0	0	0	0	0	0	0	0	0	0	0	0	0	0	0	0	0	0	0	0	0	0	0	0	0	0	0	0	0	0	0	0	0	0	0	0	0	0	0	0	0	0	0	0	0	0	0	0	0	0	0	0	0	0	0	0	0	0	0	0	0	0	0	0	0	0	0	0	0	0	0	0	0	0	0	0	0	0	0	0	0	0	0	0	0	0	0	0	0	0	0	0	0	0	0	0	0	0	0	0	0	0	0	0	0	0	0	0	0	0	0	0	0	0	0	0	0	0	0	0	0	0	0	0	0	0	0	0	0	0	0	0	0	0	0	0	0	0	0	0	0	0	0	0	0	0	0	0	0	0	0	0	0	0	0	0	0	0	0	0	0	0	0	0	0	0	0	0	0	0	0	0	0	0	0	0	0	0	0	0	0	0	0	0	0	0	0	0	0	0	0	0	0	0	0	0	0	0	0	0	0	0	0	0	0	0	0	0	0	0	0	0	0	0	0	0	0	0	0	0	0	0	0	0	0	0	0	0	0	0	0	0	0	0	0	0	0	0	0	0	0	0	0	0	0	0	0	0	0	0	1	0	0	0	0	0	0	0	0	0	0	0	0	0	0	0	0	0	0	0	0	0	0	0	0	0	0	0	0	0	0	0	0	0	0	0	0	0	0	0	0	0	0	0	0	0	0	0	0	0	0	0	0
Root;Bacteria;Bacteroidota;Bacteroidia;Bacteroidales;Bacteroidaceae;Bacteroides;unclassified_Bacteroides	DQ799500.1.1397	0	0	0	0	0	0	0	0	0	0	0	0	0	0	0	0	0	0	0	0	0	0	0	0	0	0	0	0	0	0	0	0	0	0	0	0	0	0	0	0	0	0	0	0	0	0	0	0	0	0	0	0	0	0	0	0	0	0	0	0	0	0	0	0	0	0	0	0	0	0	0	0	0	0	0	0	0	0	0	0	0	0	0	0	0	0	0	0	0	0	0	0	0	0	0	0	0	0	0	0	0	0	0	0	0	0	0	0	0	0	0	0	0	0	0	0	0	0	0	0	0	0	0	0	0	0	0	0	0	0	0	0	0	0	0	0	0	0	0	0	0	0	0	0	0	0	0	0	0	0	0	0	0	0	0	0	0	0	0	0	0	0	0	0	0	0	0	0	0	0	0	0	0	0	0	0	0	0	0	0	0	0	0	0	0	0	0	0	0	0	0	0	0	0	0	0	0	0	0	0	0	0	0	0	0	0	0	0	0	0	0	0	0	0	0	0	0	0	0	0	0	0	0	0	0	0	0	0	0	0	0	0	0	0	0	0	0	0	0	0	0	0	0	0	0	0	0	0	0	0	0	0	0	0	0	0	0	0	0	0	0	0	0	0	0	0	0	0	0	0	0	0	0	2	0	0	0	0	0	0	0	0	0	0	0	0	0	0	0	0	0	0	0	0	0	0	0	0	0	0	0	0	0	0	0	0	0	0	0	0	0	0	0	0	0	0	0	0	0	0	0	0	0	0	0	0	0	0	0	0	0	0	0	0	0	0	0	0	0	0	0	0	0	0	0	0	0	0	0	0	0	0	0	0	0	0	0	0	0	0	0	0	0	0	0	0	0	0	0	0	0	0	0
Root;Bacteria;Fusobacteriota;Fusobacteriia;Fusobacteriales;Fusobacteriaceae;Fusobacterium;unclassified_Fusobacterium	JQ467793.1.1389	18	19	0	0	8	10	0	0	19	22	30	46	1	2	4	9	0	0	40	45	4	9	0	0	20	11	1	65	86	0	0	1	4	3	44	0	85	83	1	43	0	0	0	0	0	3	0	0	9	1	2	7	4	0	1	0	0	1	0	5	0	0	2	0	2	1	0	18	11	0	1	0	3	5	1	2	0	7	52	1	6	1	0	0	25	32	66	0	0	3	0	2	13	87	1	0	0	1	0	10	2	1	6	2	0	0	40	0	0	0	3	10	1	0	8	0	0	0	3	0	0	0	0	0	1	0	20	0	0	0	12	3	0	226	22	57	145	8	0	0	2	0	20	11	0	8	0	19	10	4	0	9	3	71	0	5	0	58	6	159	406	1	0	44	51	0	11	9	30	0	12	1	24	1	16	18	12	0	0	6	0	0	0	0	13	1	3	15	0	0	3	1	251	40	4	6	54	5	0	19	0	0	0	9	0	0	0	0	70	278	0	101	3	30	16	4	29	37	0	0	1	0	2	0	128	1	62	22	0	55	23	3	39	0	49	0	11	4	0	1	0	0	3	4	1	37	38	34	40	6	0	0	2	1	1	0	0	1	10	1	0	7	0	18	0	12	60	72	235	1	6	13	0	34	0	0	13	0	0	847	111	0	0	0	5	0	73	19	12	1	13	303	40	1	0	4	246	69	26	25	4	13	23	21	28	43	0	3	0	5	0	31	0	470	618	94	129	3	0	2	14	0	0	25	0	0	12	2	0	7	12	0	0	5	0	5	11	1	6	2	10	0	2	0	0	28	0	64	7	1	30	2	0	92	0	10	8	159	0	0	0	18	101	2	6	2	2	5	0	8	91	0	76
Root;Bacteria;Firmicutes;Bacilli;Lactobacillales;Streptococcaceae;Streptococcus;unclassified_Streptococcus	JQ468479.1.1415	2	1	0	0	0	0	1	1	14	14	10	21	3	2	2	1	1	3	1	0	1	0	3	5	26	1	7	4	4	2	0	5	0	17	7	0	405	441	31	1	192	212	0	24	4	17	28	15	36	4	148	25	2	12	544	535	19	13	6	7	5	6	43	29	21	24	20	5	4	6	5	9	41	7	3	16	1	9	0	0	1	15	22	2	5	3	0	9	8	8	0	1	0	4	18	2	11	110	23	5	2	10	2	4	37	9	1	2	0	0	2	0	0	0	5	0	0	0	12	34	0	72	51	37	57	70	71	29	45	0	4	4	15	7	0	3	3	5	5	0	5	0	163	10	0	8	0	0	0	4	8	15	111	1	7	5	106	5	5	0	0	3	1	0	5	1	2	0	1	70	43	4	79	36	0	0	0	58	0	105	5	3	49	45	1	0	1	0	22	0	10	12	0	22	1	1	1	3	19	9	0	0	0	5	1	2	1	29	0	0	8	0	77	0	1	0	3	4	8	10	18	0	2	1	22	1	4	6	0	0	1	34	0	7	5	0	0	4	0	2	14	0	1	20	2	84	29	2	11	26	4	93	5	3	0	0	1	52	65	2	65	4	11	24	0	0	0	0	0	11	1	0	0	16	4	0	21	7	8	19	10	139	67	8	83	99	6	44	0	12	36	1	0	3	33	2	0	35	3	56	0	0	4	0	26	123	0	50	0	51	14	1	118	125	113	0	0	3	2	2	27	0	3	32	177	0	7	58	0	2	14	0	45	84	1	9	1	30	0	434	38	1	0	4	32	14	2	0	0	1	1	16	6	4	1	15	36	0	8	3	186	5	9	164	0	4	1	4	0	84	26	0	27
Root;Bacteria;Bacteroidota;Bacteroidia;Bacteroidales;Porphyromonadaceae;Porphyromonas;unclassified_Porphyromonas	JQ467910.1.1405	0	3	0	0	1	4	0	0	0	0	0	0	0	0	3	8	0	0	0	0	0	0	0	0	0	0	0	0	0	0	0	0	0	1	0	0	0	0	3	0	1	0	0	0	0	0	0	0	0	0	0	0	0	0	0	0	0	1	0	0	0	1	0	0	0	0	0	0	0	0	0	0	0	0	0	0	0	1	0	0	0	0	0	0	0	0	0	0	1	0	0	0	1	0	0	0	0	0	0	0	0	0	0	0	0	3	0	0	0	0	0	0	0	0	0	0	0	0	0	1	0	0	0	0	0	0	0	0	0	0	0	0	0	0	0	1	0	0	0	0	0	0	0	0	0	0	0	0	0	0	0	0	0	0	0	0	0	0	0	0	0	0	0	0	0	0	0	0	0	0	2	0	0	1	0	0	1	0	0	0	0	0	0	0	0	1	0	0	0	0	0	0	0	0	0	0	0	0	0	0	0	0	0	0	0	0	0	0	0	0	8	0	0	3	0	0	1	0	0	0	0	0	1	0	0	0	0	0	0	0	0	1	0	1	0	0	0	0	2	0	5	0	0	0	10	0	0	2	0	0	0	0	0	0	0	0	0	0	0	0	0	0	0	0	0	1	0	0	0	0	0	0	0	0	0	0	0	0	0	0	0	0	0	0	0	0	0	0	0	0	0	0	0	0	0	0	0	0	0	2	0	0	0	0	0	3	0	0	0	0	0	1	0	0	0	0	0	4	1	0	0	0	0	0	1	0	1	1	0	0	0	0	0	0	0	0	0	0	0	0	0	0	0	0	0	0	0	0	0	0	0	0	0	1	0	0	2	0	0	0	0	0	13	0	1	3	1	0	0	0	0	0	0
Root;Bacteria;Bacteroidota;Bacteroidia;Flavobacteriales;Weeksellaceae;Cloacibacterium;unclassified_Cloacibacterium	FJ375487.1.1458	0	0	0	0	0	0	0	0	0	0	0	0	0	0	0	0	0	0	0	0	0	0	0	0	0	0	0	0	0	0	0	0	0	0	0	0	0	0	0	0	0	0	0	1	0	0	0	0	0	0	0	0	0	0	0	0	0	0	0	0	0	0	0	0	0	0	0	0	0	0	0	0	0	0	0	0	0	0	0	0	0	0	0	0	0	0	0	0	0	0	0	0	0	0	0	0	0	0	0	0	0	0	0	0	0	0	0	0	0	0	0	0	0	0	0	0	0	0	0	0	0	0	0	0	0	0	0	0	0	0	0	0	0	0	0	0	0	0	0	0	0	0	0	0	0	0	0	0	0	0	0	0	0	0	0	0	0	0	0	0	0	0	0	0	0	0	0	0	0	0	0	0	0	0	0	0	0	0	0	0	0	0	0	0	0	0	0	0	0	0	0	0	0	0	0	0	0	0	0	0	0	0	0	0	0	0	0	0	0	0	0	0	0	0	0	0	0	0	0	0	0	0	0	0	0	0	0	0	0	0	0	0	0	0	0	0	0	0	0	0	0	0	0	0	0	0	0	0	0	0	0	0	0	0	0	0	0	0	0	0	0	0	0	0	0	0	0	0	0	0	0	0	0	0	0	0	0	0	0	0	0	0	0	0	0	0	0	0	0	0	0	0	0	0	0	0	0	0	0	0	0	0	0	0	0	0	0	0	0	0	0	0	0	0	0	0	0	0	0	0	0	0	0	0	0	0	0	0	0	0	0	0	0	0	0	0	0	0	0	0	0	0	0	0	0	0	0	0	0	0	0	0	0	0	0	0	0	1	0	0	0	0	0	0	0	0	0	0	0	0	0	0	0
Root;Bacteria;Bacteroidota;Bacteroidia;Flavobacteriales;Flavobacteriaceae;Capnocytophaga;Capnocytophaga_sp000192225	JQ469155.1.1380	0	0	5	1	0	0	0	0	0	0	2	9	0	0	4	2	0	3	9	9	1	3	0	0	6	14	2	0	0	0	0	2	0	0	0	0	0	0	3	0	1	0	0	0	0	0	38	0	12	61	0	21	0	0	0	0	8	3	4	1	13	4	0	0	0	0	62	0	0	6	0	1	0	51	29	0	0	3	76	8	1	3	0	1	3	4	10	0	55	22	0	0	0	0	1	0	0	15	0	0	0	7	0	0	0	12	41	0	0	12	0	8	0	0	9	0	0	0	0	7	0	0	4	5	1	3	32	1	2	0	0	8	12	0	0	0	0	32	0	0	1	0	0	3	0	0	0	12	3	0	12	0	0	0	0	1	0	0	0	32	121	0	0	0	8	0	0	0	6	97	52	1	0	0	3	0	3	0	35	0	0	0	18	13	0	0	0	0	0	0	11	5	0	0	0	0	0	0	5	0	64	68	27	0	0	5	0	0	0	0	0	17	16	0	0	0	11	15	0	0	0	0	0	0	5	0	1	21	6	46	0	3	0	0	69	0	0	3	0	0	0	0	0	19	0	0	0	0	25	1	0	0	1	0	39	0	0	0	50	8	0	6	15	0	0	0	3	7	9	25	0	1	3	0	0	2	0	0	0	0	0	0	0	2	8	2	44	0	0	0	2	14	2	0	15	1	0	8	11	11	1	0	6	0	59	8	1	0	0	0	0	0	0	0	0	0	0	35	1	0	28	7	179	0	0	0	43	8	0	0	0	0	0	0	30	0	5	0	6	0	0	6	0	0	0	7	0	61	3	0	0	0	16	3	1	0	0	0	0	0	0	35	6	0	16	3	0	0	0	0	70	0	0
Root;Bacteria;Firmicutes;Bacilli;Lactobacillales;Streptococcaceae;Streptococcus;unclassified_Streptococcus	HQ805158.1.1469	0	0	0	0	10	13	2	2	0	0	7	7	5	8	13	15	0	1	1	1	1	0	10	21	13	2	0	1	2	19	2	2	2	16	7	3	64	46	4	34	0	1	0	133	13	7	18	1	35	5	1	10	4	0	24	14	2	9	29	1	15	22	4	23	0	0	1	0	0	1	2	8	8	31	4	0	3	17	1	0	21	0	3	6	8	13	3	0	0	32	0	2	14	0	25	3	0	0	1	1	0	8	0	8	4	11	0	0	0	1	2	0	0	65	45	1	2	0	5	44	0	0	3	0	1	0	2	0	0	0	15	0	3	0	0	0	0	15	2	0	0	0	75	16	1	4	0	1	1	0	5	2	19	2	23	0	0	7	0	0	9	1	0	4	3	6	1	0	0	20	5	0	5	75	0	0	0	8	0	5	4	0	60	80	3	1	2	1	1	0	21	23	0	0	12	21	7	0	3	13	0	0	0	5	0	1	0	25	0	1	62	0	0	14	5	1	38	34	2	1	16	0	3	1	0	0	3	8	0	0	3	6	4	11	42	0	1	2	4	0	7	0	3	10	3	34	29	20	0	17	20	3	0	9	0	2	0	19	14	16	0	1	0	0	7	1	1	0	0	3	0	0	0	0	0	0	5	0	0	1	30	8	0	1	0	4	4	2	0	4	8	2	1	1	10	3	0	39	3	0	9	25	4	0	31	23	6	9	0	44	2	0	1	16	13	1	0	36	6	0	1	0	0	7	76	0	17	0	2	6	11	0	0	6	5	18	3	5	17	2	2	0	5	0	0	19	0	0	1	1	1	34	0	0	39	60	0	0	11	4	53	33	35	6	7	5	31	4	0	4	30	0	35
Root;Bacteria;Bacteroidota;Bacteroidia;Bacteroidales;Porphyromonadaceae;Porphyromonas;unclassified_Porphyromonas	JQ467059.1.1350	0	0	0	0	0	0	0	0	0	0	0	0	0	0	0	0	0	0	0	0	0	0	0	0	0	0	0	0	0	0	0	0	0	0	0	0	0	0	0	0	0	0	0	0	0	0	0	0	0	0	0	0	0	0	0	0	0	0	0	0	0	0	0	0	0	0	0	0	0	0	0	0	0	0	0	0	0	0	0	0	0	0	0	0	0	0	0	0	0	0	0	0	0	0	0	0	0	0	0	0	0	0	0	0	0	0	0	0	0	0	0	0	0	0	0	0	0	0	0	0	0	0	0	0	0	0	0	0	0	0	0	0	0	0	0	0	0	0	0	0	0	0	0	0	0	0	0	0	0	0	0	0	0	0	0	0	0	0	0	0	0	0	0	0	0	0	0	0	0	0	0	0	0	0	0	0	0	0	0	0	1	0	0	0	0	0	0	0	0	0	0	0	0	0	0	0	0	0	0	0	0	0	0	0	0	0	0	0	0	0	0	0	0	0	0	0	0	0	0	0	0	0	0	0	0	0	0	0	0	0	0	0	0	0	0	0	0	0	0	0	0	0	0	0	0	0	0	0	0	0	0	0	0	0	0	0	0	0	0	0	0	0	0	0	0	0	0	0	0	0	0	0	0	0	0	0	0	0	0	0	0	0	0	0	0	0	0	0	0	0	0	0	0	0	0	0	0	0	0	0	0	0	0	0	0	0	0	0	0	0	0	0	0	0	0	0	0	0	0	0	0	0	0	0	0	0	0	0	0	0	0	0	0	0	0	0	0	0	0	0	0	0	0	0	0	0	0	0	0	0	0	0	0	0	0	0	0	0	0	0	1	1	0	0	0	0	0	0	0	0	0	0	0
Root;Bacteria;Firmicutes;Bacilli;Lactobacillales;Streptococcaceae;Streptococcus;unclassified_Streptococcus	GQ030562.1.1369	0	0	0	0	2	0	1	0	3	2	2	4	1	1	3	4	2	1	1	0	0	0	0	2	3	1	0	1	1	2	0	0	0	2	2	1	6	4	0	0	0	0	0	12	1	1	5	1	7	2	0	15	0	2	6	4	0	1	0	0	0	0	1	2	1	0	6	0	0	1	0	0	1	4	0	0	11	1	0	0	1	0	0	0	1	0	1	0	0	2	0	0	0	2	3	4	0	0	0	1	0	0	0	0	3	0	1	0	0	3	0	0	2	18	3	1	0	0	0	4	0	1	2	2	0	1	0	0	0	0	1	0	1	1	0	1	0	4	0	0	0	0	37	4	1	0	0	0	0	0	0	5	0	0	14	0	0	5	0	2	7	3	0	1	0	62	0	1	0	9	2	1	1	0	0	0	0	5	0	4	1	0	9	6	1	0	1	2	0	0	2	11	0	1	3	1	11	0	6	2	0	0	2	1	0	1	0	18	0	0	4	0	0	1	2	1	2	2	0	0	1	0	0	0	1	0	0	4	0	0	4	0	0	1	7	0	0	2	3	0	4	0	1	2	0	11	9	0	0	4	0	0	0	3	0	2	0	5	1	4	0	1	0	0	21	0	0	0	0	4	0	0	0	0	0	0	76	0	0	1	3	1	0	0	14	0	1	0	0	1	9	0	0	0	1	1	0	2	1	0	7	6	0	0	17	111	0	24	0	36	2	0	2	0	3	0	0	24	4	0	0	0	1	15	8	0	1	0	0	2	2	0	0	0	0	1	0	0	3	3	46	1	4	49	0	29	1	0	0	0	1	12	0	0	61	3	0	0	4	1	14	3	11	4	1	1	4	5	0	1	3	0	1
Root;Bacteria;Bacteroidota;Bacteroidia;Bacteroidales;Bacteroidaceae;Prevotella;Prevotella_oulorum	JQ460155.1.1401	0	0	0	0	1	1	0	0	6	11	5	3	0	2	1	9	0	0	0	0	4	1	1	0	3	3	78	0	0	1	0	0	1	0	7	0	0	0	0	0	0	0	0	14	0	0	0	0	17	0	0	37	0	0	0	0	0	0	0	0	0	0	0	0	0	0	0	5	6	0	0	0	0	0	0	1	0	3	39	0	0	0	0	0	10	10	0	0	0	0	0	0	0	0	0	0	0	0	0	4	0	1	8	0	0	0	5	0	0	3	0	4	0	3	0	0	2	0	0	1	0	0	0	0	6	2	0	0	0	0	1	0	0	11	0	10	5	0	0	0	0	0	0	21	0	5	0	0	0	1	0	0	0	11	0	2	0	14	3	0	0	1	0	0	0	0	0	0	6	117	8	0	0	0	1	0	3	0	0	0	1	4	1	0	0	1	4	2	0	0	1	4	0	2	3	4	1	0	0	9	0	0	0	11	0	2	0	0	0	0	0	1	0	11	2	0	3	1	154	171	1	0	37	0	0	0	27	15	0	1	2	0	0	0	1	0	1	0	0	0	7	0	0	3	0	0	1	0	0	0	0	0	0	0	0	0	0	0	1	0	0	0	0	0	0	0	2	2	11	0	0	5	0	0	0	0	0	0	0	4	0	1	0	0	11	0	1	0	5	0	0	5	0	0	3	0	1	5	0	0	1	1	0	2	4	17	0	3	0	1	0	11	0	2	0	2	2	0	0	0	0	2	24	0	0	0	0	0	0	0	0	0	0	0	0	7	0	0	2	0	0	0	0	0	0	43	4	1	0	3	0	0	0	0	1	0	7	2	4	0	0	0	2	16	0	3	3	0	0	2	9	0	0
Root;Bacteria;Fusobacteriota;Fusobacteriia;Fusobacteriales;Fusobacteriaceae;Fusobacterium;unclassified_Fusobacterium	JQ477578.1.1386	0	2	15	17	2	0	2	1	0	0	0	2	1	3	5	6	0	0	1	0	0	0	0	0	5	0	15	0	0	0	0	4	9	2	0	0	0	2	0	1	0	0	0	2	35	2	0	0	5	0	0	0	4	0	1	0	0	1	0	0	11	0	51	31	0	0	0	0	0	0	0	0	0	141	0	3	0	3	1	0	0	2	1	0	0	1	1	30	0	14	0	0	0	0	0	0	0	0	0	6	0	0	5	2	0	14	2	0	0	0	0	0	18	10	1	0	0	0	2	2	0	0	0	0	4	5	0	1	0	0	0	155	3	0	0	1	2	69	0	0	0	0	0	0	0	0	0	1	0	1	0	0	0	1	0	0	0	0	0	0	0	1	0	5	0	0	0	1	0	1	0	1	0	0	0	1	1	0	24	0	2	2	2	2	0	16	3	0	0	0	4	4	0	0	1	0	12	44	0	0	0	2	16	3	0	0	0	0	0	1	1	0	0	1	0	0	2	0	1	0	4	0	0	0	2	0	1	46	0	52	0	0	4	0	0	0	16	1	4	0	1	0	0	30	13	0	1	78	0	0	0	0	2	3	0	3	0	0	0	7	0	33	0	0	0	0	2	0	1	67	3	2	1	0	0	0	0	2	3	0	0	3	0	1	0	0	4	0	0	4	0	10	1	0	1	7	2	0	12	0	0	2	6	0	4	0	0	39	1	3	0	6	0	1	3	1	1	2	0	3	0	1	62	0	1	1	55	1	0	2	3	0	0	0	0	0	1	2	3	3	0	0	0	0	3	0	0	9	3	1	4	0	1	0	0	27	7	1	0	1	2	2	6	5	1	4	2	2	0	3	0	0	2
Root;Bacteria;Fusobacteriota;Fusobacteriia;Fusobacteriales;Leptotrichiaceae;Streptobacillus;unclassified_Streptobacillus	JF151430.1.1347	0	0	0	0	0	0	0	0	0	0	0	0	0	0	0	0	0	0	0	0	0	0	0	0	0	0	0	0	0	0	0	0	0	0	0	0	0	0	0	0	0	0	0	0	0	0	0	0	0	0	0	0	0	0	0	0	0	0	0	0	0	0	0	0	0	0	0	0	0	0	0	0	0	0	0	0	0	0	0	0	0	0	0	0	0	0	0	0	0	0	0	0	0	0	0	0	0	0	0	0	0	0	0	0	0	0	0	0	0	0	0	0	0	0	0	0	0	0	0	0	0	0	0	0	0	0	0	0	0	0	0	0	0	0	0	0	0	0	0	0	0	0	0	0	0	0	0	0	0	0	0	0	0	0	0	0	0	0	0	0	0	0	0	0	0	1	0	0	0	0	0	0	0	0	0	0	0	0	0	0	0	0	1	0	0	0	0	0	0	0	0	0	0	0	0	0	0	0	0	0	0	0	0	0	0	0	0	0	0	0	0	0	0	0	0	0	0	0	0	0	0	0	0	0	0	0	0	0	0	0	0	0	0	0	0	0	0	0	0	0	0	0	0	0	0	0	0	0	0	0	0	0	0	0	0	0	0	0	0	0	0	0	0	0	0	0	0	0	0	0	0	0	0	0	0	0	0	0	0	0	0	0	0	1	0	0	0	0	0	0	0	0	0	0	0	0	0	0	0	0	0	0	0	0	0	0	0	0	0	0	0	0	0	0	0	0	0	0	0	0	0	0	0	0	0	0	0	0	0	0	0	0	0	0	0	0	0	0	0	0	0	0	0	0	0	0	0	0	0	0	0	0	0	0	1	0	0	0	0	0	0	0	0	0	0	0	0	0	0	0	0	0	0
Root;Bacteria;Bacteroidota;Bacteroidia;Bacteroidales;Bacteroidaceae;Bacteroides;unclassified_Bacteroides	DQ805884.1.1399	0	0	0	0	0	0	0	0	0	0	0	0	0	0	1	0	0	0	0	0	0	0	0	0	0	0	0	0	0	0	0	0	0	0	0	0	0	0	0	0	0	0	0	0	0	0	0	0	0	1	0	0	0	0	0	0	0	0	0	0	0	0	0	0	0	0	0	0	0	0	0	0	0	0	0	0	0	0	0	0	0	0	0	0	0	0	0	0	0	0	0	0	0	0	0	0	2	0	0	0	0	0	0	0	0	0	0	0	0	0	0	0	0	0	0	0	0	0	0	0	0	0	0	0	0	0	0	0	0	0	0	0	0	0	0	0	0	2	0	0	0	0	0	0	0	0	0	0	0	0	0	0	0	3	0	0	0	0	0	0	0	0	0	0	1	0	0	0	0	0	0	0	0	0	0	0	0	20	0	0	0	0	0	0	0	0	0	0	0	0	0	0	1	0	0	0	0	0	0	0	0	0	0	0	0	0	0	0	0	0	0	0	0	0	0	0	0	0	0	0	0	0	0	0	0	0	0	0	0	0	0	0	0	0	0	0	0	0	0	0	0	0	0	0	0	0	0	0	0	0	0	0	0	0	0	0	0	0	0	0	0	0	0	0	0	0	0	0	0	0	0	0	0	0	0	0	0	0	0	0	0	0	0	0	0	0	0	0	0	0	0	0	0	0	0	0	0	0	0	4	0	0	0	0	0	0	0	0	0	0	0	0	0	0	0	0	0	0	0	1	0	0	0	0	0	0	0	0	0	0	0	0	0	0	0	0	0	0	0	0	0	0	0	0	0	0	0	0	0	0	0	0	0	0	0	0	0	0	0	0	0	0	0	0	0	0	0	0	0	0	0	0	0
Root;Bacteria;Proteobacteria;Gammaproteobacteria;Enterobacterales;Pasteurellaceae;Haemophilus;unclassified_Haemophilus	JF136336.1.1350	0	0	0	0	0	0	0	0	0	0	0	0	0	0	0	0	0	0	0	0	0	0	0	0	0	0	0	0	0	0	0	0	0	0	0	0	0	0	0	0	0	0	0	0	0	0	0	0	0	0	0	0	0	0	0	0	0	0	0	0	0	0	0	0	0	0	0	0	0	0	0	0	0	0	0	0	0	0	0	0	0	0	0	0	0	0	0	0	0	0	0	0	0	0	0	0	0	0	0	0	0	0	0	0	0	0	0	0	0	0	0	0	0	0	0	0	0	0	0	0	0	0	0	0	0	0	0	0	0	0	0	0	0	0	0	0	0	0	0	0	0	0	0	0	0	0	0	0	0	0	0	0	0	0	0	0	1	0	0	0	0	0	0	0	0	0	0	0	0	0	0	0	0	0	0	0	0	0	0	0	0	0	0	0	0	0	0	0	0	0	0	0	0	0	0	0	0	0	0	0	0	0	0	0	0	0	0	0	0	0	0	0	0	0	0	0	0	0	0	0	0	0	0	0	0	0	0	0	0	0	0	0	0	0	0	0	0	0	0	0	0	0	0	0	0	0	0	0	0	0	0	0	0	0	0	0	0	0	0	0	0	0	0	0	0	0	0	0	0	0	0	0	0	0	0	0	0	0	0	0	0	0	0	0	0	0	0	0	0	0	0	0	0	0	0	0	0	0	0	0	0	0	0	0	0	0	0	0	0	0	0	0	0	0	0	0	0	0	0	0	0	0	0	0	0	0	0	0	0	0	0	0	0	0	0	0	0	0	0	0	0	0	0	0	0	0	0	0	0	0	0	0	0	0	0	0	0	0	0	0	0	0	0	0	0	0	0	0	0	0	0	0	0
Root;Bacteria;Actinobacteriota;Actinomycetia;Actinomycetales;Micrococcaceae;Rothia;unclassified_Rothia	JQ452301.1.1384	0	0	0	0	18	27	1	0	0	2	0	0	7	22	1	0	0	3	15	21	7	12	6	1	8	8	0	167	230	8	0	14	0	8	33	4	9	0	25	124	101	55	295	28	45	46	21	23	5	58	3	6	0	62	101	100	88	1	56	48	0	29	14	13	2	5	27	4	3	23	17	24	154	52	32	1	4	36	0	0	15	3	7	0	7	2	1	4	0	7	1	3	20	0	24	0	9	4	1	8	0	6	1	6	8	6	4	13	0	5	7	5	7	0	10	0	1	0	22	6	0	0	24	15	34	23	28	31	37	0	1	15	168	2	1	24	28	6	2	0	1	0	1	3	49	16	0	0	4	3	15	0	3	0	2	16	30	20	2	12	0	23	20	10	6	0	16	4	0	3	1	0	9	0	0	15	3	18	27	15	0	0	6	4	2	3	3	11	7	0	8	11	3	50	23	35	10	5	3	16	23	10	1	3	0	4	8	0	21	51	0	0	2	2	7	0	5	4	20	20	16	0	33	3	2	0	3	4	3	0	0	31	6	302	0	0	0	6	0	1	0	0	1	27	12	0	0	6	22	22	128	17	3	0	3	33	2	103	0	33	21	0	0	0	0	0	0	7	16	11	1	0	17	16	12	29	1	2	4	8	12	44	41	0	31	87	0	37	13	91	147	0	0	30	2	2	0	0	7	41	0	1	11	1	3	0	14	0	0	21	0	2	0	6	2	0	0	10	0	2	2	9	0	16	69	0	50	61	2	5	34	0	220	193	43	94	4	2	0	8	7	0	1	1	4	41	1	17	3	7	0	290	21	7	0	11	9	0	97	6	3	11	26	77	29	2	7	0	0	4	17	114	7
Root;Bacteria;Actinobacteriota;Actinomycetia;Actinomycetales;Actinomycetaceae;Actinomyces;Actinomyces_gerencseriae	X80414.1.1415	0	0	0	0	1	0	0	0	1	2	0	0	2	1	0	1	0	3	3	3	0	0	0	0	0	0	0	0	0	0	0	0	0	2	2	0	25	26	0	0	0	0	0	0	4	0	9	0	0	12	3	9	0	0	0	0	0	0	0	1	9	0	24	4	0	0	46	2	0	0	0	5	0	0	12	0	0	0	0	0	0	0	0	4	17	24	2	0	1	18	0	0	0	0	0	0	0	1	0	5	2	1	0	0	0	0	0	0	0	1	0	1	0	0	0	0	2	0	0	2	0	10	0	0	0	0	3	6	1	0	9	0	0	1	0	0	0	0	1	0	0	0	28	0	0	1	0	8	6	0	1	0	7	0	2	1	0	9	1	37	72	0	3	0	0	0	1	0	0	15	0	0	0	0	1	0	2	0	1	1	0	0	2	3	0	0	0	0	0	0	0	0	0	0	1	0	1	0	1	0	0	0	0	0	0	1	0	0	0	0	0	0	3	0	1	1	4	5	0	0	0	0	0	0	0	0	1	0	0	21	0	0	0	10	0	0	2	0	0	1	0	0	8	0	0	2	3	0	0	1	6	0	0	0	0	3	0	0	13	0	0	0	1	0	0	0	0	3	3	0	1	7	1	0	0	0	6	0	0	2	4	0	0	0	0	0	0	0	0	0	0	0	0	0	4	0	0	0	1	0	0	0	3	0	0	0	1	2	0	1	0	0	9	1	1	0	1	0	0	0	16	1	2	28	3	0	0	1	0	0	8	0	0	0	0	0	1	0	0	0	119	0	0	0	0	0	0	5	0	0	0	2	2	0	0	0	1	1	1	0	0	0	0	2	0	0	0	0	0	1	17	1	0
Root;Bacteria;Firmicutes;Bacilli;Lactobacillales;Streptococcaceae;Streptococcus;unclassified_Streptococcus	JQ475278.1.1406	0	0	0	0	0	0	0	0	0	0	0	0	0	0	0	0	0	0	0	0	0	0	0	0	0	0	0	0	0	0	0	0	0	0	0	0	0	0	0	0	0	0	0	0	0	0	0	0	0	0	0	0	0	0	0	0	0	0	0	0	0	0	1	0	0	0	0	0	0	0	0	0	0	0	0	0	0	0	0	0	0	0	0	0	0	0	0	0	0	0	0	0	0	0	0	0	0	0	0	0	0	0	0	0	0	0	0	0	0	0	0	0	0	0	0	0	0	0	0	0	0	0	0	0	0	0	0	0	0	0	0	0	0	0	0	0	0	0	0	0	0	0	0	0	0	0	0	0	0	0	0	0	0	0	0	0	0	0	0	0	0	0	0	0	0	0	0	0	0	0	0	0	0	0	0	0	0	0	0	0	0	0	0	0	0	0	0	0	0	0	0	0	0	0	0	0	0	0	0	0	0	0	0	0	0	0	0	0	0	0	0	0	0	0	0	0	0	0	0	0	0	0	0	0	0	0	0	0	0	0	0	0	0	0	0	0	0	0	0	0	0	0	0	0	0	0	0	0	0	0	0	0	0	0	0	0	0	0	0	0	0	0	0	0	0	0	0	0	0	0	0	0	0	0	0	0	0	0	0	0	0	0	0	0	0	0	0	0	0	0	0	0	0	0	0	0	0	0	0	0	0	0	0	0	0	0	0	0	0	0	0	0	0	0	0	0	0	0	0	0	0	0	0	0	0	0	0	0	0	0	0	0	0	0	0	0	0	0	0	0	0	0	0	0	0	0	0	0	0	0	0	0	0	0	0	0	0	0	0	0	0	0	0	0	0	0	0	0	0	0	0	0	0
Root;Bacteria;Firmicutes;Bacilli;Lactobacillales;Streptococcaceae;Streptococcus;Streptococcus_gallolyticus	GV636523.1.1529	0	0	0	0	0	0	0	0	0	0	0	0	0	0	0	0	0	0	0	0	0	0	0	0	0	0	0	0	0	0	0	0	0	0	0	0	0	0	0	0	0	0	0	0	0	0	0	0	0	0	0	0	0	0	0	0	0	0	0	0	0	0	0	0	0	0	0	0	0	0	0	0	0	0	0	0	0	0	0	0	0	0	0	0	0	0	0	0	0	0	0	0	0	0	0	0	0	0	0	0	0	0	0	0	0	0	0	0	0	0	0	0	0	0	0	0	0	0	0	0	0	0	0	0	0	0	0	0	0	0	0	0	0	0	0	0	0	0	0	0	0	0	0	0	0	0	0	0	0	0	1	0	0	0	0	0	0	0	0	0	0	0	0	0	0	0	0	0	0	0	0	0	0	0	0	0	0	0	0	0	0	0	0	0	0	0	0	0	0	0	0	0	0	0	0	0	0	0	0	0	0	0	0	0	0	0	0	0	0	0	0	0	0	0	0	0	0	0	0	0	0	0	0	0	0	0	0	0	0	0	0	0	0	0	0	0	0	0	0	0	0	0	0	0	0	0	0	0	0	0	0	0	0	0	0	0	0	0	0	0	0	0	0	0	0	0	0	0	0	0	0	0	0	0	0	0	0	0	0	0	0	0	0	0	0	0	0	0	0	0	0	0	0	0	0	0	0	0	0	0	0	0	0	0	0	0	0	0	0	0	0	0	0	0	0	0	0	0	0	0	0	0	0	0	0	0	0	0	0	0	0	0	0	0	0	0	0	0	0	0	0	0	0	0	0	0	0	0	0	0	0	0	0	0	0	0	0	0	0	0	0	0	0	0	0	0	0	0	0	0	0	0	0
Root;Bacteria;Fusobacteriota;Fusobacteriia;Fusobacteriales;Leptotrichiaceae;Leptotrichia;Leptotrichia_sp002240055	JF177519.1.1333	0	0	0	0	3	4	0	0	0	0	0	0	0	0	0	0	0	0	0	0	0	2	0	0	81	0	0	0	0	0	0	0	1	0	0	0	0	0	0	0	0	0	0	0	0	0	0	0	36	0	0	0	0	0	0	0	0	0	0	0	0	0	0	3	0	0	0	0	0	0	0	0	0	0	0	232	0	0	0	0	0	0	0	0	0	0	9	0	8	0	0	0	0	0	4	2	0	0	0	9	2	42	0	0	0	0	0	0	0	0	0	0	0	0	0	0	0	0	0	0	0	0	0	0	0	0	0	0	0	0	0	2	1	0	0	0	0	0	0	0	0	0	0	0	0	0	0	0	8	0	0	0	0	0	0	0	0	0	0	0	0	0	0	0	0	0	0	0	0	0	0	0	0	0	2	0	0	0	0	0	0	0	2	3	0	2	1	1	0	0	3	1	0	0	15	10	9	0	0	0	0	0	0	0	0	6	0	0	0	0	0	0	0	0	0	0	0	0	0	0	27	4	0	0	0	0	0	0	0	0	0	0	0	0	0	0	0	0	0	0	0	0	0	1	0	0	0	0	0	0	0	0	0	0	4	0	0	0	26	0	0	0	0	0	0	0	6	0	0	0	0	39	0	0	0	0	0	0	0	0	0	0	0	2	0	0	146	0	0	0	0	19	0	0	1	0	0	0	0	0	6	10	1	0	61	0	0	4	0	0	0	3	0	0	0	0	0	0	0	0	0	0	0	0	1	0	0	0	0	0	0	0	0	0	0	0	0	0	13	0	0	0	0	0	2	0	6	0	0	0	0	0	0	6	0	0	0	0	0	0	0	0	0	0	0	84	0	0	0	0	0	0	0
Root;Bacteria;Fusobacteriota;Fusobacteriia;Fusobacteriales;Fusobacteriaceae;Fusobacterium;unclassified_Fusobacterium	HE681362.1.1508	0	0	4	2	0	0	0	0	0	0	0	0	0	0	1	0	0	0	0	0	0	0	0	0	1	0	3	0	0	0	0	0	0	0	0	0	0	0	0	0	0	0	0	0	2	0	0	0	0	0	0	0	0	0	1	2	0	0	0	0	0	0	4	1	0	0	0	0	0	0	0	0	0	23	13	0	0	0	1	0	0	5	0	0	0	0	0	5	0	1	0	0	0	0	0	0	0	0	0	1	0	1	0	0	0	0	1	0	0	0	0	0	20	1	0	0	0	0	0	0	0	0	0	0	2	0	0	0	0	0	0	23	2	0	0	0	0	4	0	0	0	0	0	0	0	0	0	0	0	0	0	0	0	0	0	0	0	0	0	0	0	0	2	0	0	0	0	0	0	0	0	0	0	0	0	0	1	0	1	0	0	0	0	0	0	2	1	0	0	0	0	0	0	0	0	0	0	0	0	0	0	0	8	0	0	0	0	0	0	0	0	0	0	0	0	0	0	0	0	0	0	0	0	0	1	0	0	13	0	0	0	2	0	0	0	0	3	0	0	0	0	0	0	3	3	0	0	6	4	0	0	0	2	0	0	0	0	0	0	1	0	0	0	0	0	0	0	0	0	17	0	0	0	0	0	0	0	0	0	0	0	0	0	0	0	0	0	0	0	0	0	0	0	0	2	0	0	0	2	0	0	0	1	0	0	0	0	8	0	0	0	1	0	0	0	0	0	0	0	1	0	0	9	0	0	0	0	0	0	0	1	0	0	0	0	0	0	0	0	0	0	0	0	0	1	0	0	0	0	0	0	0	0	0	0	4	0	0	0	0	26	0	1	0	0	0	0	0	0	0	0	0	0
Root;Bacteria;Bacteroidota;Bacteroidia;Flavobacteriales;Flavobacteriaceae;Capnocytophaga;unclassified_Capnocytophaga	JQ452670.1.1361	0	0	0	0	2	3	15	17	5	11	48	47	18	14	12	11	0	0	18	27	0	0	14	17	19	2	12	0	0	0	0	13	60	0	48	0	13	10	0	10	1	0	0	199	0	13	2	0	396	0	0	17	47	0	0	0	0	30	0	0	8	22	22	0	7	5	0	59	25	4	7	136	0	0	138	196	0	5	0	0	312	73	0	4	85	97	64	0	68	7	0	6	40	0	18	1	0	1	0	28	0	147	7	0	0	0	0	0	0	14	1	34	7	0	23	0	12	0	2	73	0	1	5	6	0	0	3	0	0	0	5	8	91	0	0	0	0	0	81	8	0	0	2	1	0	0	0	8	18	3	0	0	2	1	39	1	0	19	0	30	0	0	0	0	0	5	5	0	6	71	129	16	0	9	1	1	0	0	3	25	0	0	20	18	0	10	6	34	0	0	41	40	6	2	37	37	43	8	1	0	18	15	0	2	0	66	2	98	0	0	1	0	0	59	61	13	58	74	0	0	67	1	0	0	0	0	71	49	119	0	0	242	2	0	0	0	3	2	10	45	0	0	11	20	21	75	12	83	99	30	21	11	21	1	67	0	0	10	21	29	0	6	1	9	0	0	1	2	8	0	1	7	0	0	0	0	0	0	2	0	16	0	5	6	8	1	261	32	332	10	3	7	0	1	9	12	0	67	11	0	0	0	40	0	32	143	352	0	0	7	0	4	0	31	38	3	2	48	6	0	1	13	0	1	24	0	0	1	0	0	10	0	1	0	0	129	0	3	29	57	0	104	0	0	0	221	44	0	0	2	1	8	13	146	24	73	1	0	20	3	36	18	48	0	7	296	2	5	0	15	15	0	275
Root;Bacteria;Proteobacteria;Gammaproteobacteria;Enterobacterales;Pasteurellaceae;Haemophilus_D;unclassified_Haemophilus_D	EF511181.1.1499	0	0	13	13	9	14	0	0	0	2	1	1	9	7	23	39	15	12	2	1	21	28	3	2	8	37	1	8	8	38	0	0	22	12	0	4	213	217	81	0	122	134	56	7	40	129	40	74	52	11	74	0	5	5	35	25	47	5	19	4	12	32	1	51	44	38	1	5	2	72	174	61	32	10	9	13	10	53	8	0	23	0	65	2	4	3	0	24	0	19	0	2	8	7	30	0	56	5	0	3	0	1	3	63	2	244	11	227	0	10	118	34	26	9	48	0	4	0	135	68	0	1	25	10	38	36	12	111	116	0	8	3	1	27	0	0	1	31	35	0	0	0	5	1	126	33	0	1	3	15	14	5	24	0	26	0	536	4	0	0	0	92	7	21	34	10	12	3	0	376	50	0	5	8	0	38	2	1	5	31	19	7	7	6	11	3	1	1	20	0	0	0	9	37	107	123	15	3	2	0	0	0	3	32	0	8	87	0	2	1	150	0	26	0	1	0	2	2	108	110	22	0	17	0	11	0	1	4	2	22	4	2	3	42	2	0	0	10	3	10	9	0	5	47	12	1	79	4	0	41	315	11	18	0	0	0	0	40	0	87	13	13	0	0	0	0	1	0	0	4	0	0	84	203	18	131	1	2	1	2	41	73	40	1	0	15	8	40	4	28	82	21	4	32	25	3	7	2	5	35	2	2	13	0	11	0	9	11	0	1	0	7	0	24	22	0	0	4	2	20	204	8	15	38	1	0	14	5	61	138	2	0	41	48	0	2	0	68	31	10	0	0	9	0	46	0	1	5	3	32	2	5	23	16	10	14	4	0	1	0	1	11	38	48	0	9	14	0	0	1	29	23	2
Root;Bacteria;Bacteroidota;Bacteroidia;Bacteroidales;Porphyromonadaceae;Porphyromonas;Porphyromonas_gingivalis	HQ762278.1.1450	0	0	0	0	0	0	0	0	0	0	0	0	0	0	0	0	0	0	0	0	0	0	0	0	0	0	0	0	0	0	0	0	0	0	0	0	0	0	0	0	0	0	0	0	0	0	0	0	0	0	0	0	0	0	0	0	0	0	0	13	0	0	0	0	0	0	0	0	0	0	0	0	0	0	0	0	0	0	0	0	0	0	0	0	0	0	0	0	0	0	0	0	0	0	0	0	0	0	0	0	0	0	0	0	0	0	0	0	0	0	0	0	0	0	100	0	0	0	0	0	0	0	0	0	0	0	0	0	0	0	0	0	0	0	0	0	0	26	0	0	0	0	0	0	0	0	0	0	0	0	0	0	0	0	0	0	0	0	0	1	7	0	0	0	0	0	0	0	142	0	0	0	0	0	0	0	0	0	0	0	0	0	0	0	0	0	0	0	0	0	0	0	0	0	0	0	0	0	0	0	0	0	0	0	0	0	0	0	0	0	0	0	0	0	0	0	0	0	0	0	0	0	0	0	65	0	0	0	0	0	0	0	0	0	0	0	0	0	0	0	0	0	0	0	0	0	0	0	0	0	0	0	0	0	0	0	0	0	0	0	0	180	0	0	0	33	103	0	0	0	0	0	0	0	0	0	0	0	0	0	0	0	0	0	0	0	0	0	0	0	0	0	0	0	0	0	168	0	12	0	0	0	0	0	0	0	0	0	0	0	0	0	0	0	0	0	0	0	0	0	0	0	0	0	0	0	0	0	0	0	0	0	0	0	0	0	0	0	0	0	0	0	0	0	0	0	0	0	0	0	0	0	0	0	0	0	0	10	0	0	0	0	0	0	0	0	0	0	0	0	0	0	0
Root;Bacteria;Bacteroidota;Bacteroidia;Bacteroidales;Bacteroidaceae;Bacteroides;unclassified_Bacteroides	DQ807372.1.1409	0	0	0	0	0	0	0	0	0	0	0	0	0	0	0	0	0	0	0	0	0	0	0	0	0	0	0	0	0	0	0	0	0	0	0	0	0	0	0	0	0	0	0	0	0	0	0	0	0	0	0	0	0	0	0	0	0	0	0	0	0	0	0	0	0	0	0	0	0	0	0	0	0	0	0	0	0	0	0	0	0	0	0	0	0	0	0	0	0	0	0	0	0	0	0	0	0	0	0	0	0	0	0	0	0	0	0	0	0	0	0	0	0	0	0	0	0	0	0	0	0	0	0	0	0	0	0	0	0	0	0	0	0	0	0	0	0	0	0	0	0	0	0	0	0	0	0	0	0	0	0	0	0	0	0	0	1	0	0	0	0	0	0	0	0	0	0	0	0	0	0	0	0	0	0	0	0	0	0	0	0	0	0	0	0	0	0	0	0	0	0	0	0	0	0	0	0	0	0	0	0	0	0	0	0	0	0	0	0	0	0	1	0	0	0	0	0	0	0	0	0	0	0	0	0	0	0	0	0	0	0	0	0	0	0	0	0	0	0	0	0	0	0	0	0	0	0	0	0	0	0	0	0	0	0	0	0	0	0	0	0	0	0	0	0	0	0	0	0	0	0	0	0	0	0	0	0	0	0	0	0	0	0	0	0	0	0	0	0	0	0	0	0	0	0	0	0	0	0	0	0	0	0	0	0	0	0	0	0	0	0	0	0	1	0	0	0	0	0	0	0	0	0	0	0	0	0	0	0	0	0	0	0	0	0	0	0	0	0	0	0	0	0	0	0	0	0	0	0	0	0	0	0	0	0	0	0	0	0	0	0	0	0	0	0	0	0	0	0	0	0	0	0
Root;Bacteria;Bacteroidota;Bacteroidia;Flavobacteriales;Flavobacteriaceae;Capnocytophaga;Capnocytophaga_endodontalis	JQ474147.1.1380	0	0	0	0	0	0	1	3	0	0	0	0	8	15	0	0	0	0	9	15	1	1	0	0	8	4	6	0	0	0	0	4	0	31	107	0	135	129	1	98	1	3	0	0	0	6	0	0	16	0	0	59	1	0	1	2	0	1	28	3	5	43	0	0	0	0	0	6	10	8	0	1	12	1	4	3	0	15	0	0	6	0	0	2	188	223	0	0	43	12	0	0	1	0	4	0	0	0	0	0	0	9	1	2	22	33	0	0	0	10	1	2	6	0	0	0	19	0	2	8	0	0	6	5	1	1	9	7	2	0	0	4	16	0	0	0	0	2	14	1	4	0	1	1	0	15	0	4	1	0	0	0	0	4	2	0	0	0	0	42	0	0	0	1	0	0	31	0	0	8	28	1	0	0	0	0	0	0	35	118	0	0	18	23	3	0	0	0	0	0	3	2	0	0	9	13	0	0	0	0	10	11	0	3	0	0	27	4	17	11	41	1	12	8	5	0	152	173	226	273	15	0	2	0	0	0	55	5	7	0	0	5	3	23	0	0	0	8	0	1	0	0	7	70	12	0	52	21	0	19	86	2	2	0	3	0	0	1	0	7	0	0	0	8	0	0	0	0	0	0	0	1	0	0	0	0	0	8	14	0	316	3	0	0	0	2	67	0	247	0	7	0	1	0	20	0	0	0	0	3	1	7	0	1	18	53	31	0	0	0	0	0	0	0	0	0	0	0	0	0	32	8	0	2	0	0	12	0	0	0	78	0	0	0	7	0	10	0	0	1	0	9	0	1	0	68	3	5	0	0	0	1	0	1	0	104	11	0	0	0	0	22	61	0	3	7	6	0	0	0	23	0	54
Root;Bacteria;Firmicutes;Bacilli;Lactobacillales;Streptococcaceae;Streptococcus;unclassified_Streptococcus	JF140904.1.1363	0	0	0	0	0	0	0	0	0	0	0	0	0	0	0	0	0	0	0	0	0	0	0	0	0	0	0	0	0	0	0	0	0	0	0	0	0	0	0	0	0	0	0	0	0	0	0	0	0	0	0	0	0	0	0	0	0	0	0	0	0	0	0	0	0	0	0	0	0	0	0	0	0	0	0	0	0	0	0	0	0	0	0	0	0	0	0	0	0	0	0	0	0	0	0	0	0	0	0	0	0	0	0	0	0	0	0	0	0	0	0	0	0	0	0	0	0	0	0	0	0	0	0	0	0	0	0	0	0	0	0	0	0	0	0	0	0	0	0	0	0	0	0	0	0	0	0	0	0	0	0	0	0	0	0	0	0	0	0	0	0	0	0	0	0	0	0	0	0	1	0	0	0	0	0	0	0	0	0	0	0	0	0	0	0	0	0	0	0	0	0	0	0	0	0	0	0	0	0	0	0	0	0	0	0	0	0	0	0	0	0	0	0	0	0	0	0	0	0	0	0	0	0	0	0	0	0	0	0	0	0	0	0	0	0	0	0	0	0	0	0	0	0	0	0	0	0	0	0	0	0	0	0	0	0	0	0	0	0	0	0	0	0	0	0	0	0	0	0	0	0	0	0	0	0	0	0	0	0	0	0	0	0	0	0	0	0	0	0	0	0	0	0	0	0	0	0	0	0	0	0	0	0	0	0	0	0	0	0	0	0	0	0	0	0	0	0	0	0	0	0	0	0	0	0	0	0	0	0	0	0	0	0	0	0	0	0	0	0	0	0	0	0	0	0	0	0	0	0	0	0	0	0	0	0	0	0	0	0	0	0	0	0	1	0	0	0	0	0	0	0	0	0
Root;Bacteria;Actinobacteriota;Actinomycetia;Actinomycetales;Actinomycetaceae;Actinomyces;unclassified_Actinomyces	JQ447706.1.1383	0	0	0	0	0	0	0	0	0	0	9	18	1	1	0	0	0	1	0	0	0	0	1	0	0	2	0	0	0	0	0	0	0	0	0	0	0	6	2	9	0	0	0	1	0	0	13	0	1	0	1	0	0	0	1	0	0	0	0	0	0	0	0	0	0	2	0	0	0	0	0	0	0	0	1	0	0	1	0	0	0	0	0	0	0	0	0	0	0	0	0	0	1	0	0	0	0	1	0	1	0	0	0	0	0	0	0	0	0	0	0	0	0	0	0	0	0	0	0	0	0	0	0	0	0	0	0	0	0	0	0	0	0	1	0	0	0	0	1	0	0	0	0	5	0	0	0	1	0	0	0	0	0	0	0	0	7	0	1	0	0	0	0	0	0	0	0	0	0	0	2	0	0	0	0	0	0	1	0	0	0	0	0	0	0	0	0	0	0	0	1	3	0	0	0	0	0	0	0	0	0	0	0	0	0	0	0	0	0	0	0	0	0	1	0	0	0	0	0	0	0	0	0	0	0	0	0	0	0	0	0	0	0	1	0	0	0	0	0	0	0	0	0	0	0	0	0	0	0	0	1	1	0	0	2	0	0	1	0	0	0	0	0	0	0	0	0	1	2	1	0	1	0	0	0	1	0	0	0	4	1	0	0	0	0	1	0	0	0	0	0	1	1	11	0	0	0	0	0	0	0	0	0	0	0	1	0	0	0	0	0	0	0	0	2	0	0	2	1	0	2	0	0	0	0	0	1	0	0	0	2	0	0	0	0	0	0	1	0	0	0	2	0	0	0	1	0	0	0	0	0	0	0	0	0	0	1	0	0	0	0	2	0	2	3	0	0	0	0	0	0	0	6
Root;Bacteria;Bacteroidota;Bacteroidia;Bacteroidales;Porphyromonadaceae;Porphyromonas;unclassified_Porphyromonas	JQ467220.1.1402	0	0	0	0	0	0	0	0	0	0	0	0	0	1	0	0	0	0	0	0	0	0	0	0	0	0	1	0	0	0	0	0	1	0	0	0	0	0	0	0	0	0	0	0	0	21	0	0	10	0	0	0	11	0	0	0	0	3	18	0	36	0	5	0	10	22	0	0	0	1	0	0	0	0	5	0	0	0	0	0	0	0	0	33	0	0	0	0	0	0	0	0	0	0	0	0	0	1	0	0	0	0	0	0	0	0	0	0	0	42	0	0	0	0	5	0	0	0	0	3	0	0	0	0	0	0	0	0	0	0	0	2	64	0	0	0	0	0	0	0	0	0	0	0	0	50	1	27	0	10	3	0	0	0	2	9	0	0	0	0	0	0	4	0	15	0	0	0	2	0	0	0	2	0	0	0	0	0	0	0	0	1	2	2	0	1	2	0	4	0	1	1	0	0	0	0	0	8	0	0	2	0	0	0	0	1	1	1	0	0	7	0	0	0	0	0	0	0	6	3	2	0	0	0	0	0	0	2	1	0	0	59	11	0	0	0	0	0	1	0	1	0	0	1	0	0	0	41	1	0	1	0	4	2	0	19	6	0	0	0	0	2	7	0	0	2	3	0	1	0	5	0	0	0	0	0	0	0	0	0	1	0	0	0	0	17	0	0	0	0	0	0	0	0	0	6	0	0	0	0	7	1	1	0	2	0	0	0	0	2	1	0	0	0	0	0	0	0	0	0	0	15	0	0	1	0	11	1	0	0	2	0	0	0	11	0	35	460	0	0	0	0	0	0	0	3	0	0	0	0	0	0	1	2	5	151	0	0	0	0	2	218	1	0	4	49	9	0	0	0	1	0	0
Root;Bacteria;Fusobacteriota;Fusobacteriia;Fusobacteriales;Fusobacteriaceae;Fusobacterium;unclassified_Fusobacterium	JQ475476.1.1381	0	0	0	0	0	0	0	0	0	0	0	0	0	0	0	0	0	0	0	0	0	0	0	0	0	0	0	0	0	0	0	0	0	0	0	0	0	0	0	0	0	0	0	0	0	0	0	0	0	0	0	0	0	0	0	0	0	0	0	0	0	0	0	0	0	0	0	0	0	0	0	0	0	0	0	0	0	0	0	0	0	0	0	0	0	0	0	0	0	0	0	0	0	0	0	0	0	0	0	0	0	0	0	0	0	0	0	0	0	0	0	0	0	0	0	0	0	0	0	0	0	0	0	0	0	0	0	0	0	0	0	0	0	0	0	0	0	0	0	0	0	0	0	0	0	0	0	0	0	0	0	0	0	0	0	0	0	0	0	0	0	0	0	0	0	0	0	0	0	0	0	0	0	0	0	0	0	0	0	0	0	0	0	0	0	0	0	0	0	0	0	0	0	0	0	0	0	0	0	0	0	0	0	0	0	0	0	0	0	0	0	0	0	0	0	0	0	0	0	0	0	0	0	0	0	0	0	0	0	0	0	0	0	0	0	0	0	0	0	0	0	0	0	0	0	0	0	0	0	0	0	0	0	0	0	0	0	0	0	0	0	0	0	0	0	0	0	0	0	0	0	0	0	0	0	0	0	0	0	0	0	0	0	0	0	0	0	0	0	0	0	0	0	0	0	0	0	0	0	0	0	0	0	0	1	0	0	0	0	0	0	0	0	0	0	0	0	0	0	0	0	0	0	0	0	0	0	0	0	0	0	0	0	0	0	0	0	0	0	0	0	0	0	0	0	0	0	0	0	0	0	0	0	0	0	0	0	0	0	0	0	0	0	0	0	0	0	0	0	0	0	0	0
Root;Bacteria;Fusobacteriota;Fusobacteriia;Fusobacteriales;Leptotrichiaceae;Leptotrichia;Leptotrichia_hofstadii	JQ466224.1.1311	0	0	0	0	9	12	0	0	0	0	3	1	0	0	1	0	0	0	0	0	0	0	0	0	0	0	0	0	0	0	0	0	0	0	0	0	0	0	0	0	0	0	0	0	0	0	0	0	2	0	0	0	0	0	0	0	0	19	0	0	0	0	0	0	0	0	0	0	0	0	0	0	0	0	0	1	2	0	0	0	1	0	0	0	0	0	0	0	0	0	0	0	0	0	6	0	0	0	0	0	0	0	0	0	0	0	0	0	0	0	0	0	0	0	0	0	1	0	0	0	0	0	0	0	0	0	0	0	0	0	0	0	0	0	0	0	0	0	0	0	0	0	0	0	0	0	0	0	0	0	0	0	0	0	0	0	0	0	0	0	0	0	0	0	0	0	0	0	0	0	0	0	0	1	0	0	0	0	0	0	0	0	0	0	0	0	0	0	0	0	0	0	0	0	0	0	0	0	0	0	0	0	0	0	0	0	0	0	0	0	0	0	0	0	0	0	0	0	0	0	1	0	0	0	0	0	0	0	0	0	0	18	0	0	0	0	0	0	0	0	0	0	0	6	0	1	0	0	0	0	0	0	0	0	0	3	4	0	0	0	0	0	0	0	0	0	0	0	0	0	0	0	0	0	0	0	0	0	0	0	0	0	0	0	0	0	0	0	0	0	0	0	0	0	0	0	0	1	0	0	0	0	0	0	0	0	0	0	0	0	0	1	0	0	0	0	0	0	0	0	0	0	0	0	0	0	0	0	0	0	0	0	0	0	0	0	0	0	0	0	13	0	0	0	0	0	0	0	0	0	0	0	0	0	0	0	0	0	0	0	0	0	3	0	0	1	0	0	0	0	0	0	0
Root;Bacteria;Actinobacteriota;Actinomycetia;Actinomycetales;Micrococcaceae;Rothia;unclassified_Rothia	GQ010625.1.1348	0	0	0	0	0	0	0	0	0	0	0	0	0	0	0	0	0	0	0	0	0	0	0	0	0	0	0	0	0	0	0	0	0	0	0	1	0	0	0	0	0	0	0	1	0	0	0	0	0	0	0	0	0	0	0	0	0	1	0	0	0	0	0	0	0	0	0	0	0	0	0	0	0	0	0	0	0	0	0	0	0	0	0	0	0	0	0	0	0	0	0	0	0	0	0	0	0	0	0	0	0	0	0	0	0	0	0	0	0	0	0	0	0	0	0	0	0	0	0	0	0	0	0	0	0	0	0	0	0	0	6	0	0	0	0	0	0	0	0	0	0	0	0	0	0	0	0	0	0	0	0	0	0	0	0	0	0	0	0	0	0	0	0	0	0	0	0	0	0	0	0	0	0	0	0	0	0	0	0	0	0	0	0	0	0	0	0	0	0	0	0	0	0	0	0	0	0	0	0	0	0	0	0	0	0	0	0	0	0	0	0	0	0	0	0	0	0	0	0	0	0	0	0	0	0	0	0	0	0	0	0	0	0	0	0	0	0	0	0	0	0	0	0	0	0	0	0	0	0	0	0	1	0	0	0	0	0	0	0	0	0	0	0	0	0	0	0	0	0	0	0	0	0	0	0	0	0	0	0	0	0	0	0	0	0	0	0	0	0	0	0	0	0	0	0	0	0	0	0	0	0	0	0	0	0	5	0	0	0	0	0	0	0	0	0	0	0	0	0	0	0	0	1	0	0	0	0	0	0	0	0	0	0	0	0	0	0	0	0	1	0	0	0	0	0	0	0	0	0	0	0	0	0	0	1	0	0	0	0	0	0	0	0	2	0	0	0	0	0	0	0	2	0
Root;Bacteria;Bacteroidota;Bacteroidia;Flavobacteriales;Flavobacteriaceae;Capnocytophaga;Capnocytophaga_sputigena	AY953260.1.1527	0	0	1	0	0	0	0	0	0	0	0	0	0	0	0	0	0	0	0	0	0	0	0	0	0	0	1	0	0	0	0	0	0	0	0	0	0	0	0	0	0	0	0	0	0	0	0	0	0	0	0	0	0	0	0	0	0	0	0	0	0	0	1	0	0	0	0	0	0	0	0	0	0	0	3	0	0	0	0	0	0	0	0	0	0	1	0	0	0	0	0	0	0	0	0	0	0	0	0	0	0	0	0	0	0	0	0	0	0	0	0	0	0	0	0	0	0	0	0	0	0	0	0	0	0	0	0	0	0	0	0	0	0	0	0	0	0	0	0	0	0	0	0	0	0	0	0	0	0	0	0	0	0	0	0	0	0	0	0	0	0	0	1	0	2	0	0	0	0	1	0	0	0	0	0	0	0	0	0	0	0	0	0	0	0	0	0	0	0	0	0	0	0	0	0	0	0	0	0	0	0	0	0	2	0	0	0	0	0	0	0	0	0	0	0	0	0	0	0	0	0	0	0	0	0	0	0	0	0	0	0	0	0	0	0	0	0	0	0	0	0	0	1	0	0	0	0	2	0	0	0	0	0	0	0	0	0	1	0	0	0	0	0	0	0	0	0	0	0	0	0	0	0	0	0	0	0	0	0	0	0	0	1	0	0	0	0	0	0	0	0	0	0	0	0	1	0	0	0	0	0	0	0	0	0	0	0	0	0	0	0	0	0	0	0	0	0	0	0	0	0	0	0	0	0	0	0	2	0	0	0	0	0	0	0	0	0	0	0	0	0	0	0	0	0	0	0	0	0	0	0	0	0	0	0	1	0	0	0	0	0	0	0	0	0	1	0	0	0	0	0	0	0
Root;Bacteria;Fusobacteriota;Fusobacteriia;Fusobacteriales;Fusobacteriaceae;Fusobacterium_C;Fusobacterium_C_necrophorum	GZ187298.1.1470	0	0	0	0	0	0	0	0	0	0	0	0	0	0	0	0	0	0	0	0	0	0	0	0	0	0	0	0	0	0	0	0	0	0	0	0	0	0	0	0	0	0	0	0	0	0	0	0	0	0	0	0	0	0	0	0	0	0	0	0	0	0	0	0	0	0	0	0	0	0	0	0	0	0	0	0	0	0	0	0	0	0	0	0	0	0	0	0	0	0	0	0	0	0	0	0	0	0	0	0	0	0	0	0	0	0	0	0	0	0	0	0	0	0	0	0	0	0	0	0	0	0	0	0	0	1	0	0	0	0	0	0	0	0	0	0	0	0	0	0	0	0	0	0	0	0	0	0	0	0	0	0	0	0	0	0	0	0	0	0	0	0	0	0	0	0	0	0	0	0	0	0	0	0	0	0	0	0	0	0	0	0	0	0	0	0	0	0	0	0	0	0	0	0	0	0	0	0	0	0	0	0	0	0	0	0	0	0	0	0	0	0	0	0	0	0	0	0	0	0	0	0	0	0	0	0	0	0	0	0	0	0	0	0	0	0	0	0	0	0	0	0	0	0	0	0	0	0	0	0	0	0	0	0	0	0	0	0	0	0	0	0	0	0	0	0	0	0	0	0	0	0	0	0	0	0	0	0	0	0	0	0	0	0	0	0	0	0	0	0	0	0	0	0	0	0	0	0	0	0	0	0	0	0	0	0	0	0	0	0	0	0	0	0	0	0	0	0	0	0	0	0	0	0	0	0	0	0	0	0	0	0	0	0	0	0	0	0	0	0	0	0	0	0	0	0	0	0	0	0	0	0	0	0	0	0	0	0	0	0	0	0	0	0	0	0	0	0	0	0	0	0	0
Root;Bacteria;Bacteroidota;Bacteroidia;Flavobacteriales;Flavobacteriaceae;Capnocytophaga;unclassified_Capnocytophaga	JQ452110.1.1213	0	0	0	0	0	0	0	0	0	0	0	0	0	0	0	0	0	0	0	0	0	0	0	0	0	0	0	0	0	0	0	0	1	0	0	0	0	0	0	0	0	0	0	0	0	0	0	0	0	0	0	0	0	0	0	0	0	0	0	0	0	0	0	0	0	0	0	0	0	0	0	0	0	0	0	0	0	0	0	0	0	0	0	0	0	0	0	0	0	0	0	0	0	0	0	0	0	0	0	0	0	0	0	0	0	0	0	0	0	0	0	0	0	0	0	0	0	0	0	0	0	0	0	0	0	0	0	0	0	0	0	0	0	0	0	0	0	0	0	0	0	0	0	0	0	0	0	0	0	0	0	0	0	0	0	0	0	0	0	0	0	0	0	0	0	0	0	0	0	0	0	0	0	0	0	0	0	0	0	0	0	0	0	0	0	0	0	0	0	0	0	0	0	0	0	0	0	0	0	0	0	0	0	0	0	0	0	0	0	0	0	0	0	0	0	0	0	0	0	0	0	0	0	0	0	0	0	0	0	0	0	0	0	0	0	0	0	0	0	0	0	0	0	0	0	0	0	0	0	0	0	0	0	0	0	0	0	0	0	0	0	0	0	0	0	0	0	0	0	0	0	0	0	0	0	0	0	0	0	0	0	0	0	0	0	0	0	0	0	0	0	0	0	0	0	0	0	0	0	0	0	0	0	0	0	0	0	0	0	0	0	0	0	0	0	0	0	0	0	0	0	0	0	0	0	0	0	0	0	0	0	0	0	0	0	0	0	0	0	0	0	0	0	0	0	0	0	0	0	0	0	0	0	0	0	0	0	0	0	0	0	0	0	0	0	0	0	0	0	0	0	0	0
Root;Bacteria;Firmicutes_C;Negativicutes;Veillonellales;Veillonellaceae;Veillonella;unclassified_Veillonella	GQ158076.1.1476	0	0	0	0	0	0	1	3	0	0	0	0	0	0	1	0	0	0	0	0	0	0	0	0	0	0	0	0	0	0	0	0	0	0	0	0	0	0	1	1	0	0	0	0	0	0	0	0	0	0	0	0	0	0	0	0	0	0	0	0	0	0	0	0	0	0	0	0	0	0	0	0	0	0	0	0	0	0	0	0	0	0	0	0	0	0	0	0	0	0	0	0	0	0	1	0	0	0	0	0	0	0	0	0	0	0	0	0	0	0	0	3	0	0	0	0	0	0	0	0	0	0	0	0	0	0	0	0	0	0	0	0	0	0	0	0	0	0	0	0	0	0	0	0	0	0	0	0	0	0	0	0	0	0	0	0	0	0	0	0	0	0	0	0	0	8	0	0	0	1	0	0	0	0	0	0	0	0	0	0	0	0	4	2	0	0	0	0	0	0	0	0	1	0	0	0	0	0	0	0	1	0	0	0	0	0	0	1	0	0	0	0	0	0	0	0	0	0	0	0	0	0	0	0	0	0	0	0	0	0	0	1	0	0	1	0	0	0	0	0	0	0	0	0	0	0	0	0	0	1	0	1	0	0	0	0	0	0	0	0	0	0	0	0	1	0	0	0	0	0	0	0	0	0	0	0	0	0	0	0	0	0	0	0	0	0	0	0	0	0	0	0	0	0	0	0	0	0	0	0	0	0	0	0	0	4	0	0	0	0	0	0	0	0	1	0	0	0	0	0	1	0	0	0	0	0	0	0	0	0	0	0	0	0	0	1	0	4	0	0	0	0	0	24	0	1	0	0	0	0	0	0	0	0	31	0	0	0	1	0	1	0	3	0	0	0	0	0	0	0	0	0	0
Root;Bacteria;Bacteroidota;Bacteroidia;Bacteroidales;Porphyromonadaceae;Porphyromonas;unclassified_Porphyromonas	JQ452508.1.1385	0	0	0	0	0	1	0	0	0	0	6	5	1	2	0	0	0	0	0	0	0	0	4	6	0	1	0	0	0	0	0	6	0	2	0	0	0	2	1	0	0	0	0	0	0	0	0	0	2	0	0	0	0	0	0	0	0	1	3	0	0	9	7	0	1	0	0	0	0	1	0	0	0	1	0	0	0	0	0	0	0	0	2	2	0	0	0	0	0	0	0	0	0	0	0	0	0	2	1	0	0	0	0	1	0	1	0	0	0	1	0	0	0	0	2	0	1	0	0	0	0	0	0	0	0	0	0	0	0	0	0	2	0	0	0	0	0	0	0	0	0	0	0	0	0	0	0	0	0	1	0	0	0	0	3	0	0	0	0	0	1	0	1	1	2	0	0	0	1	0	0	0	0	2	0	0	0	0	0	0	1	2	0	0	0	0	1	0	5	0	16	17	0	0	0	0	0	0	0	0	0	0	0	6	4	0	0	2	1	3	1	0	0	0	0	1	0	0	13	13	0	0	0	0	0	0	0	0	0	0	0	0	0	0	0	0	0	4	0	0	0	0	3	0	0	1	1	1	0	0	0	0	0	0	0	0	2	0	1	0	0	0	0	0	0	0	0	0	0	0	0	0	0	0	0	0	0	0	2	0	56	1	0	0	0	0	0	0	3	0	0	14	0	0	0	0	0	1	4	0	0	0	0	0	0	1	0	0	0	41	3	0	0	0	1	0	0	0	1	0	0	1	0	0	1	0	0	0	0	0	3	0	0	0	1	0	0	20	0	0	0	0	0	0	0	0	0	0	0	0	0	0	0	6	0	2	0	0	0	0	1	13	2	0	15	1	6	1	0	0	24	0	4
Root;Bacteria;Proteobacteria;Gammaproteobacteria;Enterobacterales;Pasteurellaceae;Haemophilus_D;unclassified_Haemophilus_D	JQ461335.1.1385	0	0	1	0	0	0	0	0	0	0	1	0	0	4	0	0	10	8	0	1	10	6	2	1	1	0	1	5	1	1	0	1	1	1	0	1	0	1	8	0	1	2	10	0	8	21	1	4	0	3	0	0	0	56	4	6	6	0	11	0	2	0	1	12	2	3	0	3	3	0	17	15	10	1	1	0	1	0	9	0	0	0	16	1	0	0	0	4	0	1	0	0	2	0	0	0	5	3	0	0	0	0	2	6	1	3	0	23	0	0	0	2	7	0	23	0	1	0	0	0	0	1	1	2	0	1	0	2	4	0	5	1	0	0	0	5	4	1	0	0	1	0	1	1	0	1	0	0	4	12	3	0	1	0	0	0	0	10	0	0	0	0	2	0	4	4	3	0	0	18	1	0	15	0	0	8	1	32	0	0	8	1	21	31	0	0	0	0	0	0	0	0	5	3	7	9	3	2	0	0	0	0	0	0	0	1	6	0	0	0	1	0	10	0	0	0	0	0	4	3	2	0	3	0	0	0	0	4	2	4	1	1	2	35	7	0	0	12	0	0	5	0	6	0	3	0	0	0	0	9	2	29	3	0	0	0	0	2	0	1	1	1	3	10	0	0	0	0	0	0	0	0	15	15	1	0	1	0	4	0	1	1	0	0	3	65	1	10	0	6	5	1	0	10	10	0	25	0	1	13	0	1	0	0	10	0	0	0	0	0	0	0	37	0	0	0	0	2	0	0	0	0	5	1	5	0	4	2	1	2	1	0	8	9	0	1	0	4	10	25	0	0	9	1	0	0	0	0	0	2	2	1	2	2	1	4	2	0	5	1	2	1	2	13	0	0	0	0	0	0	1	10	0
Root;Bacteria;Bacteroidota;Bacteroidia;Bacteroidales;Bacteroidaceae;Prevotella;Prevotella_oulorum	JQ467884.1.1404	1	1	0	0	0	0	0	0	0	0	18	20	0	0	0	0	0	0	0	0	0	0	0	0	2	0	2	0	0	0	0	0	2	0	1	0	0	0	0	6	0	0	0	0	2	0	0	0	0	0	0	0	0	0	0	0	0	0	0	0	0	0	0	3	1	2	0	0	1	0	0	0	0	0	0	0	0	2	0	0	0	0	1	0	0	0	0	0	0	1	0	0	0	0	0	0	0	0	0	0	0	0	0	0	1	0	0	0	0	0	0	69	2	26	0	0	0	0	0	0	0	0	0	0	0	0	0	0	0	0	0	1	0	2	0	0	0	0	0	0	0	0	2	0	0	0	0	0	0	0	0	0	14	0	0	3	0	0	0	0	0	0	4	1	0	0	0	0	0	0	0	0	0	0	0	0	0	0	0	0	17	7	0	1	0	0	0	0	4	0	5	6	0	0	0	0	0	0	0	0	4	2	0	0	0	0	0	1	0	0	0	0	0	12	0	0	0	0	0	0	1	0	2	0	0	0	0	0	0	2	0	6	4	0	0	0	0	0	0	0	0	0	0	0	0	6	4	1	0	0	0	0	0	0	0	0	0	0	0	0	0	0	0	0	0	0	0	0	0	0	0	0	0	15	0	0	1	0	0	128	0	0	0	0	0	0	0	0	0	0	0	0	0	0	0	0	0	12	0	0	1	0	0	0	0	0	0	0	0	13	0	1	0	0	0	0	1	0	0	0	0	0	1	0	0	0	0	0	0	0	0	0	0	0	0	0	0	0	0	0	0	0	0	1	0	0	0	6	0	0	10	0	0	0	0	0	0	0	0	0	0	0	0	1	0	0	0	1	0	0	2	0	0
Root;Bacteria;Proteobacteria;Gammaproteobacteria;Enterobacterales;Pasteurellaceae;Haemophilus_D;unclassified_Haemophilus_D	JQ453474.1.1347	0	0	0	0	0	0	0	0	0	0	0	0	0	0	0	0	0	0	0	0	0	0	0	0	0	0	0	0	0	1	0	0	2	0	0	0	0	0	0	0	0	0	0	0	1	10	0	0	0	0	0	0	0	0	0	0	0	0	0	0	0	0	0	3	0	0	0	0	0	0	8	0	1	0	0	0	0	0	0	0	0	0	2	0	0	0	0	6	0	0	0	0	0	0	0	0	5	0	0	1	0	0	0	0	0	0	0	13	0	1	0	0	7	0	0	0	0	0	0	0	0	0	0	0	0	0	0	0	0	0	0	0	0	0	0	0	0	0	0	0	0	0	0	0	0	0	0	0	0	0	0	0	0	0	0	0	0	0	0	0	0	3	2	0	3	0	1	0	0	0	0	0	0	0	0	0	0	0	0	0	0	0	0	0	0	0	0	0	0	0	0	0	0	0	0	0	0	0	0	0	0	0	0	0	0	0	0	0	0	1	0	0	0	0	0	0	0	0	0	0	0	0	0	0	0	0	0	0	0	0	0	0	1	0	0	0	0	0	0	0	0	0	0	0	0	0	0	0	0	0	1	1	0	0	0	0	0	0	0	0	0	0	0	0	0	0	0	0	0	0	0	0	0	0	0	0	0	0	0	0	0	0	0	0	0	0	0	1	0	1	5	0	0	0	0	0	0	0	0	0	0	0	0	0	0	0	0	0	0	0	0	0	0	0	0	0	0	0	0	0	0	1	0	1	1	0	0	0	2	2	0	0	0	0	0	0	0	0	0	0	0	0	0	0	0	0	0	0	0	0	0	0	0	0	0	0	0	0	0	0	0	0	0	0	0	0	0	0	0	0	0	0	0
Root;Bacteria;Firmicutes;Bacilli;Lactobacillales;Streptococcaceae;Streptococcus;unclassified_Streptococcus	JF134055.1.1368	2	1	49	42	12	11	50	52	11	21	5	3	3	7	34	50	306	361	45	35	2	0	24	35	0	56	21	160	150	11	0	7	11	1	3	264	123	110	81	20	28	24	18	24	16	52	49	52	7	53	8	11	21	1	591	447	74	69	133	22	1	19	152	24	11	16	19	19	8	13	11	10	66	80	9	20	6	5	108	0	3	7	25	21	93	100	63	63	3	23	0	4	13	22	14	0	20	2	0	3	0	1	8	139	3	13	30	51	0	0	365	17	0	3	5	0	0	0	2	16	0	7	19	16	237	207	21	8	12	0	136	77	21	4	0	7	8	5	1	0	6	0	104	28	5	13	0	5	0	14	43	1	77	0	1	6	14	0	1	0	39	1	1	9	26	274	2	2	0	130	8	0	25	2	0	1	1	28	10	65	1	0	45	37	8	1	0	0	3	0	2	2	0	7	19	12	1	0	0	15	2	1	26	2	0	4	27	0	6	8	61	3	40	1	16	0	10	16	31	24	7	0	1	0	3	0	0	6	14	0	1	12	0	16	11	0	0	9	0	0	4	0	23	184	1	3	9	25	0	45	28	183	12	4	0	4	0	123	42	27	4	2	44	54	15	0	0	0	0	36	0	0	35	24	6	0	102	2	2	0	85	2	36	0	35	66	26	21	12	21	26	0	0	30	0	14	0	40	0	25	0	0	76	1	18	53	3	1751	0	7	0	10	19	31	23	1	0	3	0	7	4	5	545	509	63	0	10	120	0	0	16	0	4	18	11	78	13	199	41	29	3	0	0	32	60	7	1	3	0	0	5	130	1	36	199	54	5	0	13	2	16	11	60	300	6	11	39	0	0	2	43	34	42
Root;Bacteria;Fusobacteriota;Fusobacteriia;Fusobacteriales;Fusobacteriaceae;Fusobacterium;unclassified_Fusobacterium	JQ475259.1.1382	0	0	0	0	0	0	0	0	0	0	0	1	0	0	0	0	0	0	0	0	0	0	0	0	1	0	0	0	0	0	0	0	0	0	1	0	0	0	0	0	0	0	0	0	0	0	0	0	0	0	0	0	0	0	0	0	0	0	0	0	0	0	0	0	0	0	0	0	0	0	0	0	0	0	0	0	0	0	0	0	0	0	0	0	0	0	0	1	1	0	0	0	0	0	0	0	0	0	0	0	0	0	0	0	0	0	0	0	0	0	0	0	0	0	0	0	0	0	0	0	0	0	0	0	0	0	0	0	0	0	0	0	0	0	1	0	0	0	0	0	0	0	0	0	0	0	0	0	0	1	0	0	0	0	0	0	0	0	0	0	0	0	0	0	2	0	0	0	0	1	0	0	0	0	0	0	0	0	0	0	0	0	0	0	0	0	0	0	0	0	0	0	1	0	0	0	0	0	0	0	0	0	0	0	0	0	0	0	1	0	0	1	0	0	0	0	0	0	0	0	0	0	0	0	1	0	0	0	0	0	0	0	0	0	0	0	0	0	0	0	0	0	0	0	0	0	0	0	0	0	0	0	0	0	0	0	0	0	0	0	0	0	0	0	0	0	0	0	0	0	0	1	0	0	0	0	0	0	0	5	0	0	0	0	0	0	0	0	0	0	0	2	0	0	0	0	0	0	0	0	0	0	0	0	0	1	0	0	0	0	0	0	0	2	0	0	0	0	0	0	0	0	0	0	0	0	0	0	0	0	1	0	0	0	0	0	0	0	0	0	0	0	0	0	0	0	0	0	0	0	0	0	0	0	0	0	0	0	0	0	0	0	0	0	0	0	0	1	0	0	0	0	0
Root;Bacteria;Fusobacteriota;Fusobacteriia;Fusobacteriales;Leptotrichiaceae;Leptotrichia_A;unclassified_Leptotrichia_A	JQ452452.1.1364	0	0	0	0	0	0	0	0	0	0	0	0	0	0	0	0	0	0	0	0	0	0	0	0	0	0	0	0	0	0	0	0	0	0	0	0	0	0	0	0	0	0	0	0	0	0	0	0	0	0	0	0	0	0	0	0	0	0	0	0	0	0	0	0	0	0	0	0	0	0	0	0	0	0	0	0	0	0	0	0	0	0	0	0	0	0	0	0	0	0	0	0	0	0	0	0	0	0	0	0	0	0	0	0	0	0	0	0	0	0	0	0	0	0	0	0	0	0	0	0	0	0	0	0	0	0	0	0	0	0	0	0	0	0	0	0	0	0	0	0	0	0	0	0	0	0	0	0	0	0	0	0	0	0	0	0	0	0	0	0	0	0	0	0	0	0	0	0	0	0	0	0	0	0	0	0	0	0	0	0	0	0	0	0	0	0	0	0	0	0	0	0	0	0	0	0	0	0	0	0	0	0	0	0	0	0	0	0	0	0	0	0	0	0	0	0	0	0	0	0	0	0	0	0	0	0	0	0	0	0	0	0	0	0	0	0	0	0	0	0	0	0	0	0	0	0	0	1	0	0	0	0	0	0	0	0	0	0	0	0	0	0	0	0	0	0	0	0	0	0	0	0	0	0	0	0	0	0	0	0	0	0	0	0	0	0	0	0	0	0	0	0	0	0	0	0	0	0	0	0	0	0	0	0	0	0	0	0	0	0	0	0	0	0	0	0	0	0	0	0	0	0	0	0	0	0	0	0	0	0	0	0	0	0	0	0	0	0	0	0	0	0	0	0	0	0	0	0	0	0	0	0	0	0	0	0	0	0	0	0	0	0	0	0	0	0	0	0	0	0	0	0	0
Root;Bacteria;Bacteroidota;Bacteroidia;Bacteroidales;Porphyromonadaceae;Porphyromonas;Porphyromonas_gingivalis	AJZS01000099.7315.8789	0	0	0	0	0	0	0	0	0	0	0	0	0	0	0	0	0	0	0	0	0	0	0	0	0	0	0	0	0	0	0	0	0	0	0	0	0	0	0	0	0	0	0	0	0	0	0	0	0	0	0	0	0	0	0	0	0	0	0	0	0	0	0	0	0	0	0	0	0	0	0	0	0	0	0	0	0	0	0	0	0	0	0	0	0	0	0	0	0	0	0	0	0	0	0	0	0	0	0	0	0	0	0	0	0	0	0	0	0	0	0	0	0	0	23	0	0	0	0	0	0	0	0	0	0	0	0	0	0	0	0	0	0	0	0	0	0	0	0	0	0	0	0	0	0	0	0	0	0	0	0	0	0	0	0	0	0	0	0	0	0	0	0	0	0	0	0	0	0	0	0	0	0	0	0	0	0	0	0	0	0	0	0	0	0	0	0	0	0	0	0	0	0	0	0	0	0	0	0	0	0	0	0	0	0	0	0	0	0	0	0	0	0	0	0	0	0	0	0	0	0	0	0	0	1	0	0	0	0	0	0	0	0	0	0	0	0	0	0	0	0	0	0	0	0	0	0	0	0	0	0	0	0	0	0	0	0	0	0	0	0	0	0	0	0	0	0	0	0	0	0	0	0	0	0	0	0	0	0	0	0	0	0	0	0	0	0	0	0	0	0	0	0	0	0	0	0	0	3	0	0	0	0	0	0	0	0	0	0	0	0	0	0	0	0	0	0	0	0	0	0	0	0	0	0	0	0	0	0	0	0	0	0	0	0	0	0	0	0	0	0	0	0	0	0	0	0	0	0	0	0	0	0	0	0	0	0	0	0	0	0	0	0	0	0	0	0	0	0	0	0	0	0
Root;Bacteria;Actinobacteriota;Actinomycetia;Actinomycetales;Actinomycetaceae;Actinomyces;unclassified_Actinomyces	AY008316.1.1540	0	0	0	0	0	0	0	0	0	0	0	0	0	0	0	0	0	0	0	0	0	0	0	0	0	0	0	0	0	0	0	0	0	0	0	0	0	0	0	0	0	0	0	0	1	0	0	0	0	0	0	0	0	0	0	0	0	0	0	0	0	0	0	0	0	0	0	0	0	0	0	0	0	0	0	0	0	0	0	0	0	0	0	0	0	0	0	0	0	0	0	0	0	0	0	0	0	0	0	0	0	0	0	0	0	0	0	0	0	0	0	0	0	0	0	0	0	0	0	0	0	0	0	0	0	0	0	0	0	0	0	0	0	0	0	0	0	0	0	0	0	0	0	0	0	0	0	0	0	0	0	0	0	0	0	0	0	0	0	0	0	0	0	0	0	0	0	0	0	0	0	0	0	0	0	0	0	0	0	0	0	0	0	0	0	0	0	0	0	0	0	0	0	0	0	0	0	0	0	0	0	0	0	0	0	0	0	0	0	0	0	0	0	0	0	0	0	0	0	0	0	0	0	0	0	0	0	0	0	0	0	0	0	0	0	0	0	0	0	0	0	0	0	0	0	0	0	0	0	0	0	0	0	0	0	0	0	0	0	0	0	0	0	0	0	0	0	0	0	0	0	0	0	0	0	0	0	0	0	0	0	0	0	0	0	0	0	0	0	0	0	0	0	0	0	0	0	0	0	0	0	0	0	0	0	0	0	0	0	0	0	0	0	0	0	0	0	0	0	0	0	0	0	0	0	0	0	0	0	0	0	0	0	0	0	0	0	0	0	0	0	0	0	0	0	0	0	0	0	0	0	0	0	0	0	0	0	0	0	0	0	0	0	0	0	0	0	0	0	0	0	0	0
Root;Bacteria;Firmicutes_A;Clostridia;Oscillospirales;Ruminococcaceae;Faecalibacterium;unclassified_Faecalibacterium	DQ797298.1.1291	0	0	0	0	0	0	0	0	0	0	0	0	0	0	0	0	0	0	0	0	0	0	0	0	0	0	0	0	0	0	0	0	0	0	0	0	0	0	0	0	0	0	0	0	0	0	0	0	0	1	0	0	0	0	0	0	0	0	0	0	0	0	0	0	0	0	0	0	0	0	0	0	0	0	0	0	0	0	0	0	0	0	0	0	0	0	0	0	0	0	0	0	0	0	0	0	0	0	0	0	0	0	0	0	0	0	0	0	0	0	0	0	0	0	0	0	0	0	0	0	0	0	0	0	0	0	0	0	0	0	0	0	0	0	0	0	0	0	0	0	0	0	0	1	0	0	0	0	0	0	0	0	1	5	0	0	0	0	0	0	0	0	0	0	0	0	0	0	0	0	0	0	0	0	0	0	0	18	0	0	0	0	0	0	0	0	0	0	0	0	0	0	0	0	0	0	0	0	0	0	0	0	0	0	0	0	0	0	0	0	0	0	0	0	0	0	0	0	0	0	0	0	0	0	0	0	0	0	0	0	0	0	0	0	0	0	0	0	0	0	0	0	0	0	0	0	0	0	0	0	0	0	0	0	0	0	0	0	0	0	0	0	0	0	0	0	0	0	0	0	0	0	1	0	0	0	0	0	0	0	0	0	0	0	0	0	0	0	0	0	0	0	0	0	0	0	0	0	0	0	0	0	0	0	0	0	0	0	0	0	0	0	0	0	0	0	0	0	0	0	0	0	0	0	0	0	0	0	0	0	0	0	4	0	0	0	0	0	0	0	0	0	0	0	0	0	0	0	0	0	0	0	0	0	0	0	0	0	0	0	0	0	0	0	0	0	0	0	0	0	0	0	0
Root;Bacteria;Bacteroidota;Bacteroidia;Bacteroidales;Bacteroidaceae;Prevotella;Prevotella_oris	JQ465148.1.1398	15	20	8	14	0	0	4	4	1	2	8	9	0	0	3	9	0	1	5	6	1	1	0	0	2	7	30	0	0	51	0	1	16	0	4	0	48	43	13	0	1	1	0	0	35	0	2	0	27	1	0	3	2	0	0	0	0	0	0	0	2	0	0	61	0	0	0	0	0	0	5	0	0	0	1	0	0	0	9	0	2	0	0	0	11	12	3	0	21	0	0	2	0	226	0	0	0	2	0	39	0	8	22	8	1	5	59	0	0	2	7	0	57	0	69	0	11	0	0	0	0	63	0	0	3	1	0	0	0	0	2	0	0	136	1	13	14	2	6	0	2	0	0	18	0	294	0	0	0	1	0	0	7	18	1	4	0	32	15	0	0	0	0	91	0	1	0	11	4	672	2	0	71	0	0	1	11	3	26	4	13	7	3	6	59	2	0	0	3	0	11	10	27	2	13	13	6	13	1	0	12	5	7	0	0	0	1	0	16	28	1	125	27	2	144	1	14	16	3	4	1	0	16	0	20	0	12	6	7	30	0	0	16	0	7	0	1	0	0	0	4	0	0	11	4	0	0	0	6	22	0	0	2	4	9	5	0	2	244	1	2	5	0	3	0	17	22	25	38	0	0	10	8	52	0	0	0	6	4	345	0	5	0	0	37	2	33	4	0	0	5	1	0	0	20	2	21	91	199	4	1	0	0	12	14	34	7	0	0	76	10	62	1	54	53	38	34	16	0	0	0	1	1	12	1	0	3	26	0	0	0	0	5	9	0	15	4	7	0	0	0	0	3	11	0	3	4	47	0	0	2	7	0	0	0	0	38	3	72	8	9	44	2	5	6	14	2	6	0	4	33	0	0
Root;Bacteria;Firmicutes_A;Clostridia;Lachnospirales;Lachnospiraceae;Lachnospira;unclassified_Lachnospira	BABA01004494.37.1528	0	0	0	0	0	0	0	0	0	0	0	0	0	0	0	0	0	0	0	0	0	0	0	0	0	0	0	0	0	0	0	0	0	0	0	0	0	0	0	0	0	0	0	0	0	0	0	0	0	0	0	0	0	0	0	0	0	0	0	0	0	0	0	0	0	0	0	0	0	0	0	0	0	0	0	0	0	0	0	0	0	0	0	0	0	0	0	0	0	0	0	0	0	0	0	0	0	0	0	0	0	0	0	0	0	0	0	0	0	0	0	0	0	0	0	0	0	0	0	0	0	0	0	0	0	0	0	0	0	0	0	0	0	0	0	0	0	0	0	0	0	0	0	0	0	0	0	0	0	0	0	0	0	0	0	0	0	0	0	0	0	0	0	0	0	0	0	0	0	0	0	0	0	0	0	0	0	0	0	0	0	0	0	0	0	0	0	0	0	0	0	0	0	0	0	0	0	0	0	0	0	0	0	0	0	0	0	0	0	0	0	0	0	0	0	0	0	0	0	0	0	0	0	0	0	0	0	0	0	0	0	0	0	0	0	0	0	0	0	0	0	0	0	0	0	0	0	0	0	0	0	0	0	0	0	0	0	0	0	0	0	0	0	0	0	0	0	0	0	0	0	0	0	0	0	0	0	0	0	0	0	0	0	0	0	0	0	0	0	0	0	0	0	0	0	0	0	0	0	0	0	0	0	0	0	0	0	0	0	0	0	0	0	0	0	0	0	0	0	0	0	0	0	0	0	0	0	0	0	0	0	0	0	0	0	0	0	0	0	0	0	0	0	0	0	0	0	0	0	0	0	0	0	0	3	0	0	0	0	0	0	0	0	0	0	0	0	0	0	0	0	0	0
Root;Bacteria;Fusobacteriota;Fusobacteriia;Fusobacteriales;Leptotrichiaceae;Leptotrichia;Leptotrichia_sp013394795	JQ475515.1.1389	0	0	0	0	0	2	0	0	0	0	0	0	2	2	3	1	0	0	0	0	1	0	0	0	0	6	0	0	0	0	0	0	0	1	0	0	0	0	0	0	0	0	0	0	0	0	0	0	2	0	0	0	0	0	0	0	0	0	0	0	0	0	0	3	0	0	0	0	0	0	0	0	0	0	0	0	0	5	0	0	1	0	0	0	0	0	0	0	0	0	0	3	0	0	0	0	0	3	1	3	1	0	0	0	0	0	0	0	0	0	0	0	0	0	1	0	3	0	0	0	0	0	0	0	0	0	2	0	0	0	0	0	0	0	1	0	0	0	0	0	0	0	0	0	0	0	0	5	0	0	0	4	0	0	0	1	1	0	0	0	0	0	0	0	0	0	1	0	4	0	2	0	0	0	0	10	0	0	0	0	0	0	0	0	0	2	0	2	1	0	0	0	1	0	4	9	1	0	0	0	0	0	0	0	0	0	2	0	0	0	0	1	0	1	0	0	0	0	0	0	0	0	0	0	0	0	0	1	0	0	2	0	0	0	0	0	2	0	0	0	0	0	0	11	5	5	0	0	1	0	0	0	0	0	2	0	0	0	62	0	0	2	0	0	0	1	0	0	0	0	0	3	0	0	0	0	0	0	0	0	9	0	0	0	0	0	12	0	0	0	0	8	0	0	0	0	5	0	4	0	1	3	1	0	0	0	0	0	0	119	12	1	0	0	0	4	0	0	0	0	3	0	0	0	0	0	1	0	0	0	0	0	0	0	0	0	0	4	0	0	0	0	0	0	0	0	0	43	6	6	1	0	0	0	0	1	0	0	1	0	0	5	0	0	3	0	0	0	0	2	5	0	2
Root;Bacteria;Firmicutes_A;Clostridia;Oscillospirales;Ruminococcaceae;Faecalibacterium;unclassified_Faecalibacterium	AY975406.1.1332	0	0	0	0	0	0	0	0	0	0	0	0	0	0	0	0	0	0	0	0	0	0	0	0	0	0	0	0	1	0	0	0	0	0	0	0	0	0	0	0	0	0	0	0	0	0	0	0	0	0	0	0	0	0	0	0	0	0	0	0	0	0	0	0	0	0	0	0	0	0	0	0	0	0	0	0	0	0	0	0	0	0	0	0	0	0	0	0	0	0	0	0	0	0	0	0	0	0	0	0	0	0	0	0	0	0	0	0	0	0	0	0	0	0	0	0	0	0	0	0	0	0	0	0	0	0	0	0	0	0	0	0	0	0	0	0	0	0	0	0	0	0	0	0	0	0	0	0	0	0	0	0	0	0	0	0	0	0	0	0	0	0	0	0	0	0	0	0	0	0	0	0	0	0	0	0	0	0	0	0	0	0	0	0	0	0	0	0	0	0	0	0	0	0	0	0	0	0	0	0	0	0	0	0	0	0	0	0	0	0	0	0	0	0	0	0	0	0	0	0	0	0	0	0	0	0	0	0	0	0	0	0	0	0	0	0	0	0	0	0	0	0	0	0	0	0	0	0	0	0	0	0	0	0	0	0	0	0	0	0	0	0	0	0	0	0	0	0	0	0	0	0	0	0	0	0	0	0	0	0	0	0	0	0	0	0	0	0	0	0	0	0	0	0	0	0	0	0	0	0	0	0	0	0	0	0	0	0	0	0	0	0	0	0	0	0	0	0	0	0	0	0	0	0	0	0	0	0	0	0	0	0	1	0	0	0	0	0	0	0	0	0	0	0	0	0	0	0	0	0	0	0	0	0	0	0	0	0	0	0	0	0	0	0	0	0	0	0	0	0	0	0	0
Root;Bacteria;Bacteroidota;Bacteroidia;Bacteroidales;Bacteroidaceae;Prevotella;Prevotella_nigrescens	JQ462618.1.1403	98	98	0	0	4	9	0	1	21	10	43	42	12	29	21	19	52	55	12	16	6	10	0	0	25	4	27	2	5	45	0	17	53	109	15	0	76	106	6	115	0	2	0	2	46	0	9	0	3	5	34	10	42	0	0	0	0	8	1	0	0	0	0	30	57	55	0	0	0	6	1	0	0	0	7	1	14	0	81	1	227	0	0	0	29	40	28	12	87	1	0	28	2	41	0	0	0	44	0	174	0	8	41	0	1	11	314	1	0	2	0	64	1	0	1	0	93	0	33	1	0	61	0	0	2	3	0	1	1	0	0	0	10	264	2	9	5	0	1	0	22	0	1	3	2	0	0	6	2	5	0	0	33	52	0	34	0	46	9	69	27	11	48	0	0	0	1	14	13	0	0	0	183	0	2	150	34	1	21	4	24	7	25	25	51	0	0	0	6	0	8	9	203	5	49	72	10	9	0	0	0	0	0	3	0	0	0	0	7	5	36	92	7	248	67	1	50	65	0	0	1	0	0	0	8	0	89	17	0	52	0	0	101	0	0	0	24	1	0	1	3	0	3	7	15	2	209	13	19	38	0	0	1	36	2	75	0	3	296	96	0	18	1	0	0	38	67	41	53	6	1	3	32	426	6	11	0	0	2	940	0	0	0	0	46	0	0	0	35	0	33	248	24	0	74	79	58	210	0	12	5	2	0	5	241	64	1	2	0	109	16	34	0	354	354	113	46	31	1	26	0	0	87	0	0	0	17	0	18	22	7	0	3	6	3	4	24	0	26	5	1	0	0	0	0	51	14	265	22	7	24	1	22	76	3	4	133	29	40	5	27	61	3	37	41	10	10	6	0	13	0	10	0
Root;Bacteria;Firmicutes;Bacilli;Lactobacillales;Lactobacillaceae;Lactobacillus;Lactobacillus_crispatus	AY958978.1.1515	0	0	0	0	0	0	0	0	0	0	0	0	0	0	0	0	0	0	0	0	0	0	0	0	0	0	0	0	0	0	0	0	0	0	0	0	0	0	0	0	0	0	0	0	0	0	0	0	0	0	0	0	0	0	0	0	0	0	0	0	0	0	0	0	0	0	0	0	0	0	0	0	0	0	0	0	0	0	0	0	0	0	0	0	0	0	0	0	0	0	0	0	0	0	0	0	0	0	0	0	0	0	0	0	0	0	0	0	0	0	0	0	0	0	0	0	0	0	0	0	0	0	0	0	0	0	0	0	0	0	0	0	0	0	0	0	0	0	0	0	0	0	0	0	0	0	0	0	0	0	0	0	0	0	0	0	0	0	0	0	0	0	0	0	0	0	0	0	0	0	0	0	0	0	0	0	0	0	0	0	0	0	0	0	0	0	0	0	0	0	0	0	0	0	0	0	0	0	0	0	0	0	0	0	0	0	0	0	0	0	0	0	0	0	0	0	0	0	0	0	0	0	0	0	0	0	0	0	0	0	0	0	0	0	0	0	0	0	0	0	0	0	0	0	0	0	0	0	0	0	0	0	0	0	0	0	0	0	0	0	0	0	0	2	0	0	0	0	0	0	0	0	0	0	0	0	0	0	0	0	0	0	0	0	0	0	0	0	0	0	0	0	0	0	0	0	0	0	0	0	0	0	0	0	0	0	0	0	0	0	0	0	0	0	0	0	0	0	0	0	0	0	0	0	0	0	0	0	0	0	0	0	0	0	0	0	0	0	0	0	0	0	0	0	0	0	0	0	0	0	0	0	0	0	0	0	0	0	0	0	0	0	0	0	0	0	0	0	0	0	0	0	0
Root;Bacteria;Firmicutes;Bacilli;Staphylococcales;Gemellaceae;Gemella;unclassified_Gemella	JF198449.1.1373	0	0	0	1	0	0	0	0	0	0	0	0	0	0	0	0	0	0	0	0	0	0	0	0	0	0	0	0	0	0	0	0	0	0	0	0	0	0	0	0	0	0	0	0	0	0	0	0	0	0	0	0	0	0	0	0	0	0	0	0	0	0	0	0	0	0	0	0	0	0	0	0	0	0	0	0	0	0	0	0	0	0	0	0	0	0	0	0	0	0	0	0	0	0	0	0	0	0	0	0	0	0	0	0	0	0	0	0	0	0	0	0	0	0	0	0	0	0	0	0	0	0	0	0	0	0	0	0	0	0	0	0	0	0	0	0	0	0	0	0	0	0	0	0	1	0	0	0	0	0	0	0	0	0	0	0	0	0	0	0	0	0	0	0	0	0	0	0	0	0	0	0	0	0	0	0	0	0	0	0	0	0	0	0	0	0	0	0	0	0	0	0	0	0	0	0	0	0	0	0	0	0	0	0	0	0	0	0	0	0	0	0	0	0	0	0	0	0	0	0	0	0	0	0	0	0	0	0	0	0	0	0	0	0	0	0	0	0	0	0	0	0	0	0	0	0	0	0	0	0	0	0	0	0	0	0	0	0	0	0	0	0	0	0	0	0	0	0	0	0	0	0	0	0	0	0	0	0	1	0	0	0	0	0	0	0	0	1	0	0	0	0	0	0	0	0	0	0	0	0	0	0	0	0	0	0	0	2	0	0	0	0	0	0	0	0	0	0	0	0	0	0	0	0	0	0	0	0	0	0	0	0	0	0	0	0	0	0	0	0	0	0	0	0	0	0	0	0	0	0	0	0	0	0	0	0	0	0	0	0	0	0	0	0	0	0	0	0	0	0	0	0	0
Root;Bacteria;Actinobacteriota;Actinomycetia;Actinomycetales;Actinomycetaceae;Actinomyces;unclassified_Actinomyces	JF803528.1.1394	3	2	30	43	28	21	51	45	33	35	31	27	21	22	48	54	58	41	8	7	15	20	34	41	2	25	2	198	212	4	6	3	0	1	1	2	60	45	210	45	41	27	194	97	42	29	244	26	10	93	41	83	26	335	70	46	76	15	38	94	8	21	426	52	82	129	236	46	35	16	25	209	44	12	46	9	39	29	144	73	67	2	7	58	23	28	25	2	1	0	0	0	19	12	18	14	6	5	4	4	1	1	1	0	26	1	24	21	12	3	13	6	13	3	8	1	6	0	4	7	0	672	43	78	6	5	105	23	31	0	57	24	55	1	1	9	23	14	2	1	4	1	7	6	190	5	3	11	8	5	17	359	10	2	41	89	257	40	119	633	50	65	11	5	1	4	26	1	8	15	15	5	210	2	0	27	0	1431	0	3	23	10	17	10	4	3	1	89	10	0	17	6	0	117	9	9	33	9	31	8	6	31	42	12	7	168	14	42	4	4	1	5	18	3	4	0	19	15	21	19	9	0	18	10	1	0	0	15	30	48	31	7	5	301	63	0	0	75	5	38	45	0	3	50	13	122	72	5	35	30	83	80	7	40	63	31	17	68	21	8	14	2	22	461	0	1	0	15	77	5	17	0	1	21	3	12	9	7	17	19	47	205	88	3	66	137	0	33	53	15	29	43	7	297	15	19	3	3	5	76	4	21	10	1	19	60	1	1953	0	8	1	0	640	20	14	1	5	71	5	0	32	1	49	183	51	0	77	240	4	43	14	0	8	9	28	16	18	13	15	0	370	6	51	28	6	54	27	189	17	25	0	18	12	7	14	39	30	24	576	89	4	34	6	233	37	23	16	12	0	34	34	146	20
Root;Bacteria;Bacteroidota;Bacteroidia;Flavobacteriales;Flavobacteriaceae;Capnocytophaga;Capnocytophaga_granulosa	JQ467983.1.1392	0	0	0	0	0	0	0	0	0	0	0	0	0	0	0	0	0	0	0	0	0	0	0	0	0	0	0	0	0	0	0	0	0	0	0	0	0	0	0	0	0	0	0	0	0	0	0	0	2	0	0	0	0	0	0	0	0	0	0	0	0	0	0	0	0	0	0	0	0	0	0	0	0	0	1	0	0	0	0	0	1	0	0	0	0	0	0	0	0	0	0	0	0	0	0	0	0	0	0	0	0	0	0	0	0	0	0	0	0	0	0	0	0	0	0	0	0	0	0	0	0	0	0	0	0	0	0	0	0	0	0	0	0	0	0	0	0	0	1	0	0	0	0	0	0	0	0	0	0	0	0	0	0	0	0	0	0	0	0	0	0	0	0	0	0	0	0	0	0	0	1	0	0	0	0	0	0	0	0	0	0	0	0	0	0	0	0	0	0	0	0	0	0	0	0	0	0	0	0	0	0	0	0	0	0	0	0	0	0	0	0	0	0	0	0	0	0	0	0	0	0	0	0	0	0	0	0	0	0	0	0	0	0	0	0	0	0	0	0	0	0	0	0	0	0	0	0	0	0	0	0	0	0	0	0	0	0	0	0	0	0	0	0	0	0	0	0	0	0	0	0	0	0	0	0	0	0	0	0	0	0	0	0	0	0	0	0	0	0	0	0	0	0	0	0	0	0	0	0	0	0	0	0	0	0	0	1	0	0	0	0	0	0	0	0	0	0	0	0	0	0	0	0	0	0	0	0	0	0	0	0	0	0	0	0	1	0	0	0	0	0	0	0	0	0	0	0	0	0	0	0	0	0	0	0	0	0	0	0	0	0	0	0	0	0	0	0	0	0	0	0	0	0
Root;Bacteria;Firmicutes;Bacilli;Lactobacillales;Streptococcaceae;Streptococcus;unclassified_Streptococcus	JF240333.1.1372	0	0	0	0	1	6	3	3	2	2	5	3	3	2	3	5	1	4	0	0	0	1	6	9	5	0	4	2	0	7	0	2	1	4	1	4	1	5	0	1	1	0	0	17	4	0	3	1	3	0	0	10	0	2	6	7	8	1	0	1	0	2	1	3	0	0	5	0	0	0	0	0	0	2	0	1	4	1	0	0	1	0	0	2	1	1	4	1	0	5	0	1	1	1	1	0	0	2	0	0	0	3	0	1	0	2	0	0	0	6	0	0	0	13	6	0	0	0	0	7	0	1	0	0	0	0	0	0	0	0	7	0	0	1	0	1	3	4	1	0	0	0	49	2	0	3	0	0	0	0	0	1	1	0	1	0	0	1	0	0	0	0	0	0	0	50	0	0	0	9	2	0	0	8	0	0	0	0	0	2	0	0	10	8	0	0	0	0	0	0	3	2	0	3	3	4	0	0	0	2	0	0	3	0	0	0	0	3	0	0	11	0	2	0	0	0	3	3	1	0	3	0	1	0	0	0	0	4	0	0	2	1	1	0	6	0	0	0	0	0	0	0	0	8	0	9	4	7	0	5	5	0	0	0	0	1	0	4	4	1	1	1	0	0	36	0	0	0	0	1	0	0	0	0	0	0	64	0	0	2	4	2	0	0	10	2	2	1	0	1	4	0	0	0	1	2	0	6	0	0	0	7	4	0	2	67	2	33	0	2	2	0	2	1	2	0	0	2	1	0	4	2	1	11	19	0	3	0	0	1	3	0	0	1	0	2	0	0	3	10	19	0	2	14	0	23	0	0	0	0	1	11	0	0	89	7	0	0	0	1	31	9	21	2	1	0	6	0	0	2	5	0	3
Root;Bacteria;Firmicutes;Bacilli;Staphylococcales;Gemellaceae;Gemella;unclassified_Gemella	FJ470415.1.1512	3	4	0	1	4	2	0	2	0	0	1	4	2	5	0	1	4	3	1	0	2	1	0	2	4	0	0	0	0	3	0	1	3	4	0	0	2	3	15	1	3	8	0	1	0	9	0	0	10	1	1	0	5	0	0	0	0	16	0	28	4	0	29	0	20	18	0	0	0	0	6	3	5	0	0	0	0	2	0	0	3	2	1	1	0	0	1	13	1	1	0	0	0	0	9	0	7	7	0	1	0	4	0	3	0	5	1	0	0	1	2	18	5	0	6	0	5	0	0	4	0	1	3	4	20	11	5	2	4	0	0	2	2	0	0	0	0	11	2	0	4	0	0	0	0	0	0	2	1	0	4	0	0	0	0	0	0	0	0	2	0	1	2	2	13	6	0	0	0	44	1	0	0	3	0	0	4	0	5	0	0	0	21	12	3	0	0	0	0	0	0	0	0	0	2	7	0	5	3	0	1	2	1	4	0	0	0	0	0	0	7	0	2	1	2	0	0	0	0	0	1	0	1	0	0	0	1	0	2	2	2	0	4	3	3	0	0	0	0	1	0	0	19	10	11	0	5	7	1	12	0	11	12	6	0	3	0	0	3	10	0	0	6	3	0	0	0	0	0	0	1	0	28	0	0	1	1	1	1	3	6	1	0	2	0	1	1	16	0	2	3	1	0	0	2	3	0	2	5	0	1	0	5	0	6	0	9	0	0	3	0	17	0	28	22	0	0	0	0	0	0	3	0	0	0	0	0	4	0	0	4	0	0	0	0	1	1	4	2	58	0	0	1	1	0	0	0	1	0	0	0	0	1	2	6	2	11	0	0	0	24	0	9	2	0	5	14	0	0	1	0	4	0
Root;Bacteria;Fusobacteriota;Fusobacteriia;Fusobacteriales;Fusobacteriaceae;Fusobacterium;unclassified_Fusobacterium	JQ467997.1.1353	0	0	0	0	0	0	0	0	0	0	0	0	0	0	0	0	0	0	0	0	0	0	0	0	0	0	0	0	0	0	0	0	0	0	0	0	0	0	0	0	0	0	0	0	0	0	0	0	0	0	0	0	0	0	0	0	0	0	0	0	0	0	0	0	0	0	0	0	0	0	0	0	0	0	0	0	0	0	0	0	0	0	0	0	0	0	0	0	0	0	0	0	0	0	0	0	0	0	0	0	0	0	0	0	0	0	0	0	0	0	0	0	0	0	0	0	0	0	0	0	0	0	0	0	0	0	0	0	0	0	0	0	0	0	0	0	0	0	0	0	0	0	0	0	0	0	0	0	0	0	0	0	0	0	0	0	0	0	0	0	0	0	0	0	0	0	0	0	0	0	0	0	0	0	0	0	0	0	0	0	0	0	0	0	0	0	0	0	0	0	0	0	0	0	0	0	0	0	0	0	0	0	0	0	0	0	0	0	0	0	0	0	0	0	0	0	0	0	0	0	0	0	0	0	0	0	0	0	0	0	0	0	0	0	0	0	0	0	0	0	0	0	0	0	0	0	0	0	0	0	0	0	0	0	0	0	0	0	0	0	0	0	0	0	0	0	0	0	0	0	0	0	0	0	0	0	0	0	0	0	0	0	0	0	0	0	0	0	0	0	0	0	0	0	0	0	0	0	0	0	0	0	0	0	0	0	0	0	0	0	0	0	0	0	1	0	0	0	0	0	0	0	0	0	0	0	0	0	0	0	0	0	0	0	0	0	0	0	0	0	0	0	0	0	0	0	0	0	0	0	0	0	0	0	0	0	0	0	0	0	0	0	0	0	0	0	0	0	0	0	0	0	0
Root;Bacteria;Bacteroidota;Bacteroidia;Bacteroidales;Tannerellaceae;Parabacteroides;Parabacteroides_johnsonii	FJ503749.1.1320	0	0	0	0	0	0	0	0	0	0	0	0	0	0	0	0	0	0	0	0	0	0	0	0	0	0	0	0	0	0	0	0	0	0	0	0	0	0	0	0	0	0	3	0	0	0	0	1	0	0	0	0	0	0	0	0	15	0	0	0	0	0	0	0	0	0	0	0	0	0	0	0	0	0	0	0	0	0	0	0	0	0	0	0	0	0	0	0	0	0	0	0	0	0	0	0	0	0	0	0	0	0	0	0	0	0	0	0	0	0	0	0	0	0	0	0	0	0	0	0	0	0	0	0	0	0	0	0	0	0	0	0	0	0	0	0	0	0	0	0	0	0	0	0	0	0	0	0	0	0	0	0	0	0	0	0	0	0	0	0	0	0	0	0	0	0	0	0	0	0	0	0	0	0	0	0	0	0	0	0	0	0	0	0	0	0	0	0	0	0	0	0	0	0	0	0	0	0	0	0	0	0	0	0	0	0	0	0	0	0	0	0	0	0	0	0	0	0	0	0	0	0	0	0	0	0	0	0	0	0	0	0	0	0	0	0	0	0	0	0	0	0	0	0	0	0	0	0	0	0	0	0	0	0	0	0	0	0	0	0	0	0	0	0	0	0	0	0	0	0	0	0	0	0	0	0	0	0	0	0	0	0	0	0	2	0	0	0	0	0	0	0	0	0	0	0	0	0	0	0	0	0	0	0	0	0	0	0	0	0	0	0	0	0	0	0	0	0	0	0	0	0	0	0	0	0	0	0	0	0	0	0	0	0	0	0	0	0	0	0	0	0	0	0	0	0	0	0	0	0	0	0	0	0	2	0	0	0	0	0	0	0	0	0	0	0	0	0	0	0	0	0	0
Root;Bacteria;Bacteroidota;Bacteroidia;Bacteroidales;Porphyromonadaceae;Porphyromonas;Porphyromonas_endodontalis	AY253728.1.1441	0	0	0	0	10	6	0	0	0	0	0	0	0	0	0	0	6	7	0	0	14	25	0	0	0	69	0	0	0	0	0	0	72	0	0	0	85	66	0	0	2	1	0	0	0	0	0	0	18	61	1	0	18	0	0	0	0	0	0	13	0	2	257	0	0	0	0	0	0	15	0	0	0	1	26	0	12	21	0	0	1	0	0	21	0	0	1	897	0	0	0	60	2	0	1	0	1	0	0	0	0	0	2	1	0	136	18	0	0	202	5	10	0	0	27	0	0	0	0	0	0	0	0	0	0	0	0	0	0	0	0	66	0	0	0	1	3	85	1	0	2	0	0	0	0	0	0	9	0	7	0	0	0	0	52	196	0	0	0	0	0	0	0	38	329	0	0	1	0	0	31	6	0	0	0	0	199	0	0	0	0	0	0	0	159	0	0	0	0	0	0	0	4	0	4	0	0	0	0	0	0	0	0	0	0	73	0	0	0	0	0	14	5	16	0	0	0	0	0	0	0	0	0	0	1	0	0	0	0	0	12	0	143	0	10	0	25	0	0	89	0	0	10	0	0	0	0	0	11	1	0	0	149	0	22	49	6	0	3	203	0	0	0	0	13	0	0	0	0	0	0	2	0	0	0	1	0	0	0	0	1	0	0	0	5	2	128	0	0	0	1	94	18	0	0	19	17	0	255	0	0	0	0	0	0	0	3	0	0	0	0	68	0	438	465	0	0	0	0	0	19	23	0	0	0	0	0	2	0	0	1	0	0	0	0	0	54	0	0	0	0	0	0	5	0	0	0	0	0	0	103	12	108	0	0	4	0	0	0	0	57	0	22	0	0	67	48	0	0	0	0	0	0
Root;Bacteria;Fusobacteriota;Fusobacteriia;Fusobacteriales;Fusobacteriaceae;Fusobacterium;unclassified_Fusobacterium	JQ474225.1.1386	16	25	0	1	32	28	0	0	5	3	20	23	9	18	7	9	1	6	20	10	4	5	1	3	71	9	20	36	24	24	0	16	22	115	52	0	58	45	2	17	0	0	0	0	50	1	1	0	8	38	14	22	7	2	0	1	0	15	1	7	3	1	4	14	32	33	1	19	15	1	1	0	4	1	1	22	1	5	10	0	44	4	0	3	4	3	34	14	43	125	1	18	1	12	1	0	0	6	0	11	1	3	27	7	1	3	105	2	0	2	1	10	20	0	1	0	35	0	28	0	0	79	0	1	5	5	16	0	0	0	6	5	0	43	4	31	42	8	4	0	8	0	5	21	1	164	1	9	14	9	0	2	20	109	0	3	0	41	10	62	53	6	25	27	157	1	2	14	28	594	5	3	22	3	69	15	2	2	127	77	25	16	1	1	40	10	16	2	3	0	22	13	379	11	34	39	4	8	3	25	63	40	6	0	0	0	11	29	47	42	6	99	107	26	39	2	1	2	12	13	36	1	3	0	37	0	118	70	4	38	72	22	42	0	48	0	21	1	0	3	2	0	3	16	123	20	356	41	2	14	0	0	14	3	8	0	0	1	44	20	0	10	4	0	0	24	76	41	107	5	34	41	73	1770	0	1	13	4	1	1894	14	3	0	1	15	1	123	2	109	4	7	64	20	1	43	3	23	35	20	32	6	35	18	6	411	10	1	5	0	21	11	28	3	215	193	52	30	5	2	6	0	1	91	2	5	0	7	2	0	11	45	0	1	0	0	2	1	64	13	4	0	32	240	11	0	22	0	98	14	4	3	6	26	10	0	20	43	15	12	8	19	18	82	82	7	7	29	6	0	43	27	0	19
Root;Bacteria;Firmicutes;Bacilli;Lactobacillales;Streptococcaceae;Streptococcus;unclassified_Streptococcus	JF058121.1.1279	0	0	0	0	0	0	1	0	0	0	0	0	0	0	0	0	0	0	1	0	0	0	0	0	0	0	0	0	0	0	0	0	0	0	0	0	0	0	0	0	2	1	0	0	0	0	0	0	0	0	0	2	1	0	0	1	0	0	0	0	0	0	1	0	0	2	2	0	0	1	0	0	0	0	0	0	0	0	0	0	0	0	0	0	0	0	0	0	0	0	0	0	0	0	0	0	0	0	0	0	0	0	0	0	0	0	0	0	0	0	0	0	0	0	0	0	0	0	0	0	0	0	0	0	0	0	1	0	0	0	1	0	1	0	0	0	0	0	0	0	0	0	0	0	0	0	0	0	0	0	0	0	0	0	0	0	0	0	0	0	0	0	0	1	0	0	0	0	0	0	0	0	0	0	0	0	0	0	1	0	0	0	0	0	0	0	0	0	0	0	0	0	0	0	0	0	0	0	0	0	0	0	0	0	0	0	0	0	0	0	0	0	0	0	0	0	0	0	0	0	0	0	0	0	0	0	0	0	0	0	0	0	0	0	0	0	0	0	0	0	0	0	0	0	0	0	0	0	0	0	0	0	0	0	0	0	0	1	0	0	0	0	0	0	0	0	0	0	0	0	0	0	0	0	0	0	0	0	0	0	0	0	0	0	0	0	0	0	0	2	2	0	0	0	0	0	0	0	0	0	0	1	0	0	0	0	0	2	0	0	0	0	0	1	0	0	0	0	0	0	0	0	0	0	0	0	0	0	0	0	1	0	0	0	0	0	0	0	0	0	0	0	0	0	0	0	0	0	0	0	1	0	0	0	0	0	0	0	0	0	0	1	0	0	0	0	0	0	0	0	0	0	0
Root;Bacteria;Firmicutes;Bacilli;Lactobacillales;Streptococcaceae;Streptococcus;unclassified_Streptococcus	JQ450584.1.1399	0	0	0	0	3	0	0	0	0	0	1	2	1	0	0	2	0	0	0	0	0	0	1	3	0	0	0	0	0	2	1	0	0	1	0	1	7	2	0	2	0	0	0	9	3	0	0	0	18	0	0	1	0	0	2	3	0	0	0	0	2	0	0	1	0	0	0	0	0	0	0	0	0	2	1	1	0	1	0	0	3	0	0	0	1	0	0	1	0	1	0	0	2	0	2	0	0	0	0	0	0	0	0	2	0	0	0	0	0	0	0	0	0	7	3	2	1	0	0	12	0	0	0	0	0	0	0	0	0	0	0	0	0	0	0	0	0	7	0	1	0	0	2	1	0	0	0	0	0	0	0	2	0	0	9	0	0	0	0	0	2	0	0	0	0	0	0	0	0	4	2	2	0	4	0	0	0	0	0	0	1	0	13	8	0	0	0	1	0	0	1	4	0	0	1	4	0	0	1	3	0	0	0	0	1	0	0	1	0	0	6	0	1	1	1	1	6	4	0	0	3	0	0	2	0	0	0	0	0	0	0	0	0	0	3	0	0	1	1	1	0	0	0	0	0	2	1	2	0	0	4	0	3	0	0	0	0	0	2	0	0	0	0	0	0	0	1	0	0	0	0	0	0	0	0	0	0	0	0	0	2	0	0	0	0	1	1	0	0	0	1	0	0	0	0	0	0	3	0	0	4	19	1	0	5	3	1	0	0	3	0	1	0	3	1	0	1	3	0	0	0	0	0	0	6	0	2	0	1	3	2	0	0	0	1	3	0	0	1	0	0	0	17	0	0	0	1	0	0	0	0	1	0	0	1	5	2	0	0	0	9	2	1	0	2	5	1	2	0	0	5	0	6
Root;Bacteria;Bacteroidota;Bacteroidia;Bacteroidales;Bacteroidaceae;Bacteroides;unclassified_Bacteroides	HQ813665.1.1433	0	0	0	0	0	0	0	0	0	0	0	0	0	0	0	0	0	0	0	0	0	0	0	0	0	0	0	0	0	0	0	0	0	0	0	0	0	0	0	0	0	0	0	0	0	0	0	0	0	0	0	0	0	0	0	0	0	0	0	0	0	0	0	0	0	0	0	0	0	0	0	0	0	0	0	0	0	0	0	0	0	0	0	0	0	0	0	0	0	0	0	0	0	0	0	0	0	0	0	0	0	0	0	0	0	0	0	0	0	0	0	0	0	0	0	0	0	0	0	0	0	0	0	0	0	0	0	0	0	0	0	0	0	0	0	0	0	0	0	0	0	0	0	0	0	0	0	0	1	0	0	0	0	0	0	0	0	0	0	0	0	0	0	0	0	0	0	0	0	0	0	0	0	0	0	0	0	0	0	0	0	0	0	0	0	0	0	0	0	0	0	0	0	2	0	0	0	0	0	0	0	0	0	0	0	0	0	0	0	0	0	0	0	0	0	0	0	0	0	0	0	0	0	0	0	0	0	0	0	0	0	0	0	0	0	0	0	0	0	0	0	0	0	0	0	0	0	0	0	0	0	0	0	0	0	0	0	0	0	0	0	0	0	0	0	0	0	0	0	0	0	0	0	0	0	0	0	0	0	0	0	0	0	0	0	0	0	0	0	0	0	0	0	0	0	0	0	0	0	0	0	0	0	0	0	0	0	0	0	0	0	0	0	0	0	0	0	0	0	0	0	0	0	0	0	0	0	0	0	0	0	0	0	0	0	0	0	0	0	0	0	0	0	0	0	0	0	0	0	0	0	0	0	0	0	0	0	0	0	0	0	0	0	0	0	0	0	0	0	0	0	0	0
Root;Bacteria;Bacteroidota;Bacteroidia;Bacteroidales;Bacteroidaceae;Bacteroides;Bacteroides_uniformis	EU762681.1.1284	0	0	0	0	0	0	0	0	0	0	0	0	0	0	0	0	0	0	0	0	0	0	0	0	0	0	0	0	0	0	0	0	0	0	0	0	0	0	0	0	0	0	0	0	0	0	0	0	0	0	0	0	0	0	0	0	0	0	0	0	0	0	0	0	0	0	0	0	0	0	0	0	0	0	0	0	0	0	0	0	0	0	0	0	0	0	0	0	0	0	0	0	0	0	0	0	0	0	0	0	0	0	0	0	0	0	0	0	0	0	0	0	0	0	0	0	0	0	0	0	0	0	0	0	0	0	0	0	0	0	0	0	0	0	0	0	0	0	0	0	0	0	0	0	0	0	0	0	0	0	0	0	0	0	0	0	0	0	0	0	0	0	0	0	0	0	0	0	0	0	0	0	0	0	0	0	0	0	0	0	0	0	0	0	0	0	0	0	0	0	0	0	0	0	0	0	0	0	0	0	0	0	0	0	0	0	0	0	0	0	0	0	0	0	0	0	0	0	0	0	0	0	0	0	0	0	0	0	0	0	0	0	0	0	0	0	0	0	0	0	0	0	0	0	0	0	0	0	0	0	0	0	0	0	0	0	0	0	0	0	0	0	0	0	0	0	0	0	0	0	0	0	0	0	0	0	0	0	0	0	0	0	0	0	0	0	0	0	0	0	0	0	0	0	0	0	0	0	0	3	0	0	0	0	0	0	0	0	0	0	0	0	0	0	0	0	0	0	0	0	0	0	0	0	0	0	0	0	0	0	0	0	0	0	0	0	0	0	0	0	0	0	0	0	0	0	0	0	0	0	0	0	0	0	0	0	0	0	0	0	0	0	0	0	1	0	0	0	0	0	0	0	0
Root;Bacteria;Fusobacteriota;Fusobacteriia;Fusobacteriales;Leptotrichiaceae;Leptotrichia;Leptotrichia_hofstadii	JQ452455.1.1354	1	0	0	0	2	6	0	0	0	0	1	0	0	0	3	3	0	0	3	1	0	0	0	0	0	0	0	0	0	1	0	0	1	2	4	0	0	1	0	2	0	0	0	0	0	0	1	0	1	0	0	0	0	0	0	0	0	0	0	0	0	0	0	0	0	0	0	0	0	0	0	0	0	0	1	0	1	0	0	0	0	0	0	1	34	18	0	0	1	0	0	0	0	0	1	0	0	0	0	0	0	3	0	0	2	4	0	0	0	0	0	0	0	3	0	0	2	0	0	0	0	0	0	0	0	0	0	0	0	0	0	0	0	0	0	0	0	0	1	0	3	0	0	0	0	0	0	2	0	0	0	11	0	0	0	1	0	0	0	0	0	0	0	0	0	0	0	0	0	0	0	0	0	4	0	0	0	0	0	2	16	17	0	1	2	0	0	1	0	0	2	0	0	0	0	0	8	1	0	0	0	0	0	2	0	0	0	0	0	0	0	0	0	0	13	2	21	23	0	0	3	0	0	0	0	0	1	0	0	2	1	4	0	0	0	0	0	2	0	0	0	0	0	1	0	1	0	4	0	0	0	0	0	0	0	4	0	3	0	3	0	2	0	0	0	0	0	0	0	9	1	7	0	0	0	0	0	0	0	0	20	0	0	0	0	5	2	0	0	0	0	0	0	0	1	0	0	0	0	0	0	0	1	0	5	0	0	2	0	0	0	0	0	0	0	0	0	16	1	0	4	1	0	0	0	0	0	0	0	0	0	0	0	0	0	0	0	0	0	0	4	0	0	0	0	4	0	0	3	0	0	0	0	1	0	5	0	0	0	0	0	1	6	0	0	1	6	1	0	5	1	0	0
Root;Bacteria;Bacteroidota;Bacteroidia;Flavobacteriales;Flavobacteriaceae;Capnocytophaga;unclassified_Capnocytophaga	JQ475598.1.1396	0	0	0	0	0	0	0	0	0	0	13	10	0	0	1	0	1	1	4	3	1	0	30	42	6	0	1	0	0	0	0	0	11	0	4	0	0	0	0	10	0	0	0	27	1	1	3	0	2	0	0	0	2	0	0	0	5	7	0	0	1	0	13	0	3	2	0	3	1	1	0	1	0	0	45	27	0	0	0	0	5	2	0	8	1	0	6	1	0	8	0	1	0	0	0	0	0	0	0	0	0	0	22	0	0	1	0	0	0	2	0	0	1	1	3	0	0	0	2	8	0	0	4	2	3	0	1	0	0	0	0	4	1	0	0	0	0	4	0	0	0	0	7	0	0	3	0	0	0	0	0	1	0	0	0	16	0	0	1	0	27	0	1	0	0	0	0	18	1	0	1	0	0	0	0	2	6	0	1	0	3	2	5	7	0	0	1	0	12	0	9	6	3	0	8	7	0	0	0	0	11	10	0	0	0	0	2	0	3	2	1	0	17	0	2	0	15	12	1	0	2	0	2	0	24	0	10	2	6	23	0	4	0	0	4	0	3	2	0	0	0	0	23	0	0	0	3	7	25	1	0	0	7	1	0	1	0	0	0	1	0	0	0	7	0	0	2	0	0	2	1	2	0	0	0	1	40	0	0	0	1	0	0	2	0	0	14	13	0	1	2	1	0	0	0	8	0	15	0	0	0	0	4	21	1	5	1	0	0	20	0	7	0	0	0	3	0	4	0	0	0	1	0	0	11	0	0	0	0	0	0	0	0	0	0	1	0	1	0	0	0	0	0	0	0	1	0	98	11	0	0	0	0	2	0	25	0	0	0	0	21	3	0	0	6	1	1	0	0	4	0	0	0
Root;Bacteria;Bacteroidota;Bacteroidia;Bacteroidales;Dysgonomonadaceae;Dysgonomonas;Dysgonomonas_capnocytophagoides	AUFL01000034.2017.3448	0	0	0	0	0	0	0	0	0	0	0	0	0	0	0	0	0	0	0	0	0	0	0	0	0	0	0	3	5	0	0	0	0	0	0	0	0	0	0	0	0	0	0	0	0	0	0	0	0	0	0	0	0	0	0	0	0	0	0	0	0	0	0	0	0	0	0	0	0	0	0	0	0	0	0	0	0	0	0	0	0	0	0	0	0	0	0	0	0	0	0	0	0	0	0	0	0	0	0	0	0	0	0	0	0	0	0	0	0	0	0	0	0	0	0	0	0	0	0	0	0	0	0	0	0	0	0	0	0	0	0	0	0	0	0	0	0	0	0	0	0	0	0	0	0	0	0	0	0	0	0	0	0	0	0	0	0	0	0	0	0	0	0	0	0	0	0	0	0	0	0	0	0	0	0	0	0	0	0	0	0	0	0	0	0	0	0	0	0	0	0	0	0	0	0	0	0	0	0	0	0	0	0	0	0	0	0	0	0	0	0	0	0	0	0	0	0	0	0	0	0	0	0	0	0	0	0	0	0	0	0	0	0	0	0	0	0	0	0	0	0	0	0	0	0	0	0	0	0	0	0	0	0	0	0	0	0	0	0	0	0	0	0	0	0	0	0	0	0	0	0	0	0	0	0	0	0	0	0	0	0	0	0	0	0	0	0	0	0	0	0	0	0	0	0	0	0	0	0	0	0	0	0	0	0	0	0	0	0	0	0	0	0	0	0	0	0	0	0	0	0	0	0	0	0	0	0	0	0	0	0	0	0	0	0	0	0	0	0	0	0	0	0	0	0	0	0	0	0	0	0	0	0	0	0	0	0	0	0	0	0	0	0	0	0	0	0	0	0	0	0	0	0
Root;Bacteria;Bacteroidota;Bacteroidia;Bacteroidales;Bacteroidaceae;Prevotella;Prevotella_denticola	JQ463508.1.1424	0	0	0	0	1	0	9	16	10	12	19	22	0	0	0	4	12	12	0	0	0	0	0	0	21	0	17	2	0	0	0	1	21	30	24	0	5	6	0	0	0	1	0	0	0	0	1	0	2	0	2	1	0	0	1	0	0	5	0	0	0	7	0	0	6	3	0	0	0	0	0	0	0	0	0	0	0	2	0	0	97	0	0	0	4	10	0	1	0	0	0	0	0	306	1	0	0	2	0	2	0	17	17	0	0	0	57	0	0	0	0	3	0	0	18	0	1	0	1	0	0	90	0	0	23	26	0	0	0	0	0	0	0	60	0	14	22	0	6	0	1	0	3	15	0	45	0	1	4	10	0	0	5	34	0	0	0	0	49	0	0	0	0	17	0	0	3	10	10	706	0	0	28	0	12	80	0	0	3	0	0	0	0	0	0	1	0	0	3	0	0	0	241	0	0	1	0	0	0	0	0	0	0	0	0	0	0	1	0	1	0	0	7	0	0	0	0	0	13	14	0	0	0	0	1	0	155	14	0	0	8	0	15	0	6	0	0	0	0	0	5	0	0	0	4	0	31	0	0	11	0	0	0	9	0	13	0	0	9	8	0	0	0	0	0	42	118	12	16	0	0	32	0	12	0	0	5	0	0	52	4	0	0	0	0	0	0	0	7	0	0	45	5	0	40	0	2	324	8	73	0	0	0	6	16	28	0	0	0	438	60	87	0	9	5	14	13	0	0	0	1	0	173	0	22	0	0	0	0	0	0	0	3	9	0	19	0	0	0	0	0	0	0	3	0	18	4	0	0	3	0	9	0	1	0	0	4	0	0	0	0	0	0	0	0	2	0	0	0	0	3	0	56
Root;Bacteria;Firmicutes;Bacilli;Lactobacillales;Streptococcaceae;Streptococcus;unclassified_Streptococcus	JF047012.1.1369	0	0	0	0	0	0	0	0	0	0	0	0	0	0	2	0	17	16	0	0	0	0	0	1	1	0	0	0	0	1	0	0	0	0	0	1	0	0	0	0	0	0	1	0	2	0	0	0	1	0	0	6	0	0	0	0	0	0	0	0	0	0	0	0	0	0	0	0	0	0	0	4	0	0	0	0	0	0	3	1	0	0	0	0	0	0	0	0	0	0	0	0	0	1	0	0	0	1	1	0	0	0	0	0	0	0	0	0	0	0	0	0	0	0	0	0	0	0	0	0	0	1	0	0	0	0	1	0	0	0	1	0	0	0	0	0	0	0	0	0	0	0	3	0	1	0	0	0	0	0	0	0	0	0	0	0	0	0	0	0	0	0	0	0	0	4	0	0	0	2	0	0	0	0	0	0	0	0	0	0	0	0	0	0	0	0	0	0	0	0	0	0	0	1	0	0	0	0	1	0	0	2	0	0	0	0	0	3	0	0	0	0	0	0	0	0	0	0	0	1	0	0	1	0	0	0	0	0	0	0	0	1	0	1	0	0	0	0	0	0	0	0	1	0	0	0	0	0	0	0	0	1	0	0	0	0	0	1	0	0	0	0	0	0	3	0	0	0	0	0	0	0	0	0	0	0	10	0	0	0	0	0	0	0	0	0	0	0	0	1	1	0	0	0	0	0	0	0	0	0	0	0	0	0	0	1	0	0	0	0	0	0	3	0	0	0	0	0	0	0	0	0	0	0	0	0	0	0	0	0	0	0	0	1	0	2	0	0	0	0	1	0	0	1	0	11	0	0	0	0	0	2	0	0	15	0	0	0	0	0	0	0	0	1	0	0	0	0	0	0	0	0	0
Root;Bacteria;Bacteroidota;Bacteroidia;Bacteroidales;Bacteroidaceae;Bacteroides;unclassified_Bacteroides	DQ793884.1.1391	0	0	0	0	0	0	0	0	0	0	0	0	0	0	0	0	0	0	0	0	0	0	0	0	0	0	0	0	0	0	0	0	0	0	0	0	0	0	0	0	0	0	0	0	0	0	0	0	0	0	0	0	0	0	0	0	0	0	0	0	0	0	0	0	0	0	0	0	0	0	0	0	0	0	0	0	0	0	0	0	0	0	0	0	0	0	0	0	0	0	0	0	0	0	0	0	0	0	0	0	0	0	0	0	0	0	0	0	0	0	0	0	0	0	0	0	0	0	0	0	0	0	0	0	0	0	0	0	0	0	0	0	0	0	0	0	0	0	0	0	0	0	0	0	0	0	0	0	0	0	0	0	0	0	0	0	0	0	0	0	0	0	0	0	0	0	0	0	0	0	0	0	0	0	0	0	0	1	0	0	0	0	0	0	0	0	0	0	0	0	0	0	0	0	0	0	0	0	0	0	0	0	0	0	0	0	0	0	0	0	0	0	0	0	0	0	0	0	0	0	0	0	0	0	0	0	0	0	0	0	0	0	0	0	0	0	0	0	0	0	0	0	0	0	0	0	0	0	0	0	0	0	0	0	0	0	0	0	0	0	0	0	0	0	1	0	0	0	0	0	0	0	0	4	0	0	0	0	0	0	0	0	0	0	0	0	0	0	0	0	0	0	0	0	0	0	0	0	0	0	0	0	0	0	0	0	0	0	0	0	0	0	0	0	0	0	0	0	0	0	0	0	0	0	0	0	0	0	0	0	0	0	0	0	0	0	0	0	0	0	0	0	0	0	1	0	0	0	0	0	0	0	0	0	0	0	0	0	0	0	1	0	0	0	0	0	0	0	0	0	0	0	0
Root;Bacteria;Firmicutes;Bacilli;Lactobacillales;Streptococcaceae;Streptococcus;unclassified_Streptococcus	EU772620.1.1375	0	0	0	0	0	0	0	0	0	0	0	0	0	0	0	0	0	0	0	0	0	0	0	0	0	0	0	0	0	0	0	0	0	0	0	0	0	0	0	0	0	0	0	0	0	0	0	0	0	0	0	0	0	0	0	0	0	0	0	0	0	0	0	0	0	0	0	0	0	0	0	0	0	0	0	0	0	0	0	0	0	0	0	0	0	0	0	0	0	0	0	0	0	0	0	0	0	0	0	0	0	0	0	0	0	0	0	0	0	0	0	0	0	0	0	0	0	0	0	0	0	0	0	0	0	0	0	0	0	0	0	0	0	0	0	0	0	0	0	0	0	0	0	0	0	0	0	0	0	0	1	0	0	0	0	0	0	0	0	0	0	0	0	0	0	0	0	0	0	0	0	0	0	0	0	0	0	0	0	0	0	0	0	0	0	0	0	0	0	0	0	0	0	0	0	0	0	0	0	0	0	0	0	0	0	0	0	0	0	0	0	0	0	0	0	0	0	0	0	0	0	0	0	0	0	0	0	0	0	0	0	0	0	0	0	0	0	0	0	0	0	0	0	0	0	0	0	0	0	0	0	0	0	0	0	0	0	0	0	0	0	0	0	0	0	0	0	0	0	0	0	0	0	0	0	0	0	0	0	0	0	0	0	0	0	0	0	0	0	0	0	0	0	0	0	0	0	0	0	0	0	0	0	0	0	0	0	0	0	0	0	0	0	0	0	0	0	0	0	0	0	0	0	0	0	0	0	0	0	0	0	0	0	0	0	0	0	0	0	0	0	0	0	0	0	0	0	0	0	0	0	0	0	0	0	0	0	0	0	0	0	0	0	0	0	0	0	0	0	0	0	0	0
Root;Bacteria;Firmicutes;Bacilli;Lactobacillales;Streptococcaceae;Streptococcus;unclassified_Streptococcus	JQ453331.1.1427	0	0	0	1	0	1	1	0	0	0	0	2	0	1	1	0	1	1	1	0	1	0	0	1	0	0	1	2	1	0	0	0	0	1	0	0	1	0	9	2	9	2	4	4	3	3	0	3	2	1	2	0	0	3	2	0	0	0	2	3	0	0	0	2	7	9	7	2	0	5	0	1	2	1	1	0	0	2	0	0	2	0	0	0	1	1	1	0	1	0	0	0	1	0	1	0	0	1	0	1	0	0	0	0	0	1	0	2	0	0	1	0	0	0	0	0	0	0	1	1	0	1	3	7	0	1	1	12	4	0	0	0	6	0	0	0	1	3	1	0	1	0	0	0	0	0	0	0	0	0	1	0	0	0	0	0	1	0	0	1	0	0	1	0	0	0	0	0	0	2	0	0	0	0	0	0	0	1	0	6	0	0	0	0	0	0	0	0	0	0	0	1	0	1	0	0	0	0	0	1	1	0	1	0	0	0	0	0	0	0	3	0	0	0	0	0	1	0	0	2	0	0	3	2	0	0	0	0	0	0	0	1	0	6	1	0	0	0	0	0	1	0	0	0	0	5	0	0	1	1	2	5	0	0	3	1	0	1	0	1	1	0	2	0	0	0	0	0	0	0	0	0	0	0	0	2	0	0	0	0	0	2	1	0	0	1	0	0	0	0	3	0	0	0	2	0	0	0	0	0	0	2	0	0	2	0	2	3	0	0	0	0	8	0	0	0	0	0	0	0	0	0	3	0	1	0	0	4	1	8	5	0	7	0	0	3	0	0	0	0	2	0	0	1	2	1	0	2	2	0	0	8	1	0	5	0	0	0	0	0	1	1	0	5	1	0	1	0	0	2	3	14	0
Root;Bacteria;Bacteroidota;Bacteroidia;Bacteroidales;Bacteroidaceae;Bacteroides;unclassified_Bacteroides	HQ778649.1.1431	0	0	0	0	0	0	0	0	0	0	0	0	0	0	0	0	0	0	0	0	0	0	0	0	0	0	0	0	0	0	0	0	0	0	0	0	0	0	0	0	0	0	0	0	0	0	0	0	0	0	0	0	0	0	0	0	0	0	0	0	0	0	0	0	0	0	0	0	0	0	0	0	0	0	0	0	0	0	0	0	0	0	0	0	0	0	0	0	0	0	0	0	0	0	0	0	0	0	0	0	0	0	0	0	0	0	0	0	0	0	0	0	0	0	0	0	0	0	0	0	0	0	0	0	0	0	0	0	0	0	0	0	0	0	0	0	0	0	0	0	0	0	0	0	0	0	0	0	0	0	0	0	0	0	0	0	0	0	0	0	0	0	0	0	0	0	0	0	0	0	0	0	0	0	0	0	0	0	0	0	0	0	0	0	0	0	0	0	0	0	0	0	0	0	0	0	0	0	0	0	0	0	0	0	0	0	0	0	0	0	0	0	0	0	0	0	0	0	0	0	0	0	0	0	0	0	0	0	0	0	0	0	0	0	0	0	0	0	0	0	0	0	0	0	0	0	0	0	0	0	0	0	0	0	0	0	0	0	0	0	0	0	0	0	0	0	0	0	0	0	0	0	0	0	0	0	0	0	0	0	0	0	0	0	0	0	0	0	0	0	0	0	0	0	0	0	0	0	0	0	0	0	0	0	0	0	0	0	0	0	0	0	0	0	0	0	0	0	0	0	0	0	0	0	0	0	0	0	0	0	0	0	0	0	0	0	0	0	0	0	0	0	0	0	0	0	0	0	0	0	0	0	0	0	0	0	0	0	0	0	0	0	0	0	1	0	0	0	0	0	0	0	0
Root;Bacteria;Firmicutes;Bacilli;Lactobacillales;Streptococcaceae;Streptococcus;Streptococcus_gordonii	AB002520.1.1377	0	0	0	0	0	0	0	0	1	2	2	1	0	0	0	0	0	1	0	0	0	0	1	1	2	0	1	0	0	0	0	0	0	0	1	0	36	23	10	0	22	8	0	1	0	4	0	0	2	0	6	2	0	5	46	35	6	0	0	1	0	0	4	0	2	2	3	0	1	0	0	0	1	0	0	0	0	0	0	0	0	0	0	0	0	0	0	1	0	0	0	0	0	2	3	0	1	5	1	0	0	0	0	0	3	1	1	0	0	0	0	1	0	0	0	0	0	0	0	4	0	4	3	2	8	4	9	2	0	0	0	0	0	0	0	0	0	0	0	0	0	0	0	0	0	0	0	0	0	0	0	0	1	0	1	1	4	0	0	0	0	0	0	0	0	0	0	0	0	0	1	0	0	3	0	0	0	0	0	10	0	0	3	1	0	0	0	0	0	0	1	2	0	0	0	0	0	0	0	0	0	0	0	0	0	0	0	0	0	0	0	0	0	0	0	0	0	0	0	0	0	0	2	0	0	0	0	0	0	0	0	2	0	0	1	0	0	0	0	0	0	0	0	2	0	4	2	1	1	0	0	17	1	0	0	0	0	2	3	0	1	0	2	4	0	0	0	0	1	0	0	0	0	1	1	0	1	0	0	2	1	6	6	0	2	7	0	7	0	0	0	0	0	0	2	0	0	5	0	7	0	0	0	0	1	18	0	5	0	0	0	0	11	8	7	0	0	0	0	0	2	0	0	4	16	0	0	5	0	0	1	0	8	7	0	0	0	1	0	18	1	0	0	1	2	0	0	0	0	1	0	5	0	0	0	0	2	0	0	0	32	0	0	4	0	0	0	0	0	4	1	0	0
Root;Bacteria;Fusobacteriota;Fusobacteriia;Fusobacteriales;Fusobacteriaceae;Fusobacterium;unclassified_Fusobacterium	JQ456596.1.1360	16	17	6	3	1	6	1	3	4	4	20	7	8	9	15	12	1	0	11	8	0	1	0	3	15	1	110	0	0	0	0	7	30	30	15	0	29	27	1	3	0	0	0	29	2	3	8	0	18	0	6	0	25	0	10	2	0	27	1	0	18	5	75	7	14	12	1	12	2	13	29	0	0	0	9	9	11	39	5	1	13	49	0	8	6	8	5	2	4	0	0	13	9	3	0	0	26	4	0	4	0	14	39	5	20	12	0	0	0	13	22	17	15	2	8	0	42	0	5	20	0	0	3	1	4	1	1	2	4	0	5	5	14	1	0	9	20	21	4	0	2	0	0	6	0	4	0	1	2	43	20	13	52	8	3	13	1	4	1	0	5	51	13	8	43	0	4	2	0	30	0	0	4	30	0	1	0	0	7	0	9	2	3	0	1	9	9	18	54	0	40	23	2	0	3	10	8	10	7	28	5	4	41	1	0	1	0	19	5	16	83	0	0	19	0	0	4	2	1	2	1	0	2	0	1	0	14	75	12	30	16	97	31	3	28	0	24	59	2	1	5	0	9	39	18	6	14	11	4	12	2	1	3	10	0	5	0	19	8	98	3	26	8	7	0	1	7	0	0	4	4	3	4	2	1	0	1	6	11	3	2	9	7	9	3	5	75	10	2	2	9	7	0	0	4	25	0	8	23	1	5	16	58	0	203	8	6	10	0	9	4	47	0	23	18	8	4	44	28	21	3	11	28	12	24	0	2	2	5	21	13	0	1	1	7	8	2	124	6	32	21	3	0	2	2	11	5	19	2	0	36	0	0	9	0	20	12	4	0	0	15	13	63	37	8	5	22	2	0	14	3	7	3
Root;Bacteria;Bacteroidota;Bacteroidia;Flavobacteriales;Flavobacteriaceae;Capnocytophaga;unclassified_Capnocytophaga	JQ467321.1.1393	11	14	0	0	0	0	0	0	8	13	1	1	0	0	2	2	0	0	5	3	3	4	6	6	0	0	0	0	0	8	0	0	0	0	0	0	0	1	0	10	2	1	0	3	0	18	5	0	1	0	0	3	0	0	1	1	0	1	0	0	1	10	0	0	0	0	0	4	3	1	0	0	0	0	2	2	0	0	0	0	0	1	0	4	1	0	1	0	1	2	0	2	0	0	0	0	0	0	0	0	0	10	0	0	0	0	0	0	0	0	6	1	0	0	1	0	0	0	0	4	0	0	0	0	0	0	0	10	7	0	0	0	1	0	0	1	0	0	2	0	0	0	0	1	0	0	0	0	0	0	0	0	0	0	15	0	0	0	0	0	0	0	0	0	2	0	0	0	0	0	0	0	1	0	0	0	0	0	1	0	0	0	0	0	0	21	16	0	0	0	2	2	5	0	0	1	0	0	0	0	0	0	0	0	0	0	0	1	0	1	0	0	0	0	35	0	6	6	0	0	1	0	5	0	0	0	0	0	1	7	0	0	26	0	4	0	2	4	35	3	5	0	2	0	0	0	0	19	0	6	0	0	0	0	0	2	0	0	0	0	0	1	0	0	0	0	1	0	4	0	0	0	0	0	4	0	0	0	0	0	10	1	0	0	0	0	8	0	0	0	15	2	3	0	0	0	0	1	1	0	0	0	0	0	0	1	0	0	0	2	0	0	0	0	0	0	0	2	0	0	6	0	0	0	0	0	0	0	0	0	0	0	0	0	0	1	0	0	1	0	0	0	0	0	0	0	1	26	2	0	0	0	0	39	0	17	0	0	1	0	0	0	0	1	2	0	0	2	0	1	4	1	25
Root;Bacteria;Proteobacteria;Gammaproteobacteria;Burkholderiales;Burkholderiaceae;Lautropia;Lautropia_mirabilis	JQ455381.1.1314	0	0	0	0	0	2	0	0	0	0	0	0	2	3	2	0	0	0	0	0	0	0	0	0	0	0	0	0	0	1	3	0	0	0	0	0	1	0	0	0	3	3	4	2	30	0	0	0	0	0	0	0	0	0	6	3	0	0	0	0	0	0	0	11	0	0	0	0	0	0	0	0	0	0	0	0	0	0	0	0	0	0	0	0	0	0	0	0	0	0	1	1	0	0	5	3	0	0	0	0	0	0	0	0	0	0	0	8	24	0	0	0	0	0	0	0	0	0	0	0	0	0	0	0	0	0	0	1	0	0	0	0	0	0	0	0	0	0	0	0	0	0	0	0	0	0	0	0	0	0	0	0	0	0	0	12	0	0	0	0	0	0	0	1	0	0	0	0	0	0	0	0	0	0	0	3	0	0	0	0	0	0	0	0	0	0	0	0	0	0	0	0	0	0	1	1	0	11	0	0	0	0	0	0	0	7	0	0	11	94	0	0	0	0	1	1	0	0	0	0	0	1	0	0	0	0	0	0	0	0	0	0	0	0	0	0	1	2	0	0	0	0	0	0	0	0	0	0	0	0	0	0	0	5	3	0	0	0	0	0	3	0	0	0	0	0	0	0	0	0	0	1	1	0	0	0	0	0	0	0	1	0	0	0	0	0	0	0	2	14	0	0	0	0	0	0	0	0	0	0	2	6	0	0	0	0	0	0	0	0	0	0	0	1	0	0	0	3	0	4	0	0	0	0	0	0	0	0	0	0	0	0	0	0	0	0	0	0	0	0	0	0	0	0	0	0	0	0	0	0	0	0	0	0	0	1	0	0	0	0	0	0	0	0	4	0	0	0	0	0	3	0	0
Root;Bacteria;Firmicutes_A;Clostridia;Lachnospirales;Lachnospiraceae;Anaerostipes;unclassified_Anaerostipes	DQ794561.1.1393	0	0	0	0	0	0	0	0	0	0	0	0	0	0	0	0	0	0	0	0	0	0	0	0	0	0	0	0	0	0	0	0	0	0	0	0	0	0	0	0	0	0	0	0	0	0	0	0	0	0	0	0	0	0	0	0	0	0	0	0	0	0	0	0	0	0	0	0	0	0	0	0	0	0	0	0	0	0	0	0	0	0	0	0	0	0	0	0	0	0	0	0	0	0	0	0	0	0	0	0	0	0	0	0	0	0	0	0	0	0	0	0	0	0	0	0	0	0	0	0	0	0	0	0	0	0	0	0	0	0	0	0	0	0	0	0	0	0	0	0	0	0	0	0	0	0	0	0	0	0	0	0	0	0	0	0	0	0	0	0	0	0	0	0	0	0	0	0	0	0	0	0	0	0	0	0	0	2	0	0	0	0	0	0	0	0	0	0	0	0	0	0	0	0	0	0	0	0	0	0	0	0	0	0	0	0	0	0	0	0	0	0	0	0	0	0	0	0	0	0	0	0	0	0	0	0	0	0	0	0	0	0	0	0	0	0	0	0	0	0	0	0	0	0	0	0	0	0	0	0	0	0	0	0	0	0	0	0	0	0	0	0	0	0	0	0	0	0	0	0	0	0	0	0	0	0	0	0	0	0	0	0	0	0	0	0	0	0	0	0	0	0	0	0	0	0	0	0	0	0	0	0	0	0	0	0	0	0	0	0	0	0	0	0	0	0	0	0	0	0	0	0	0	0	0	0	0	0	0	0	0	0	0	0	0	0	0	0	0	0	0	0	0	0	0	0	0	0	0	0	0	0	0	0	0	0	0	0	0	0	0	0	0	0	0	0	0	0	0	0	0	0	0
Root;Bacteria;Firmicutes;Bacilli;Lactobacillales;Aerococcaceae;Abiotrophia;unclassified_Abiotrophia	JF231450.1.1376	0	0	0	0	0	0	0	0	0	0	0	0	0	0	0	1	0	0	0	2	0	1	0	0	0	0	0	0	0	0	0	0	1	1	0	0	0	1	0	2	2	1	0	0	0	1	2	6	1	0	4	0	0	12	3	3	0	1	0	0	0	1	1	0	7	10	0	0	0	7	12	0	3	0	3	0	0	0	0	0	0	0	5	0	0	1	0	0	0	0	0	0	1	0	4	0	0	0	0	0	0	0	0	0	0	0	0	0	0	0	0	0	0	1	0	0	0	0	0	0	0	0	0	0	1	1	0	2	2	0	0	0	0	0	0	0	0	0	0	0	0	0	0	0	5	0	0	0	0	4	19	0	0	0	0	0	27	0	0	0	0	1	1	0	0	0	0	0	0	0	0	0	1	2	0	0	0	0	1	0	1	1	0	0	0	0	0	0	4	0	0	0	0	0	0	0	0	0	0	0	0	0	0	0	0	0	0	0	0	0	0	0	0	0	0	0	0	0	0	0	1	0	1	0	0	0	0	1	0	0	1	0	0	3	0	0	0	0	0	0	0	0	0	0	0	0	1	0	0	5	0	0	0	0	0	0	0	1	0	0	0	0	0	0	0	0	0	0	0	0	0	0	1	0	0	0	0	0	0	0	2	3	5	0	0	0	0	3	0	1	1	0	0	0	0	0	0	0	0	0	0	0	0	0	0	0	0	0	0	8	0	0	0	0	0	0	0	0	0	0	9	1	0	2	0	0	0	3	0	1	0	0	12	20	3	3	0	0	0	1	0	0	0	0	0	0	0	1	0	0	4	1	0	0	0	1	0	0	0	0	0	0	0	6	0	0	3	0	0	0	1	6	0
Root;Bacteria;Proteobacteria;Gammaproteobacteria;Enterobacterales;Pasteurellaceae;Haemophilus_D;unclassified_Haemophilus_D	JQ452653.1.1393	0	0	0	0	1	1	0	0	0	0	0	0	0	0	0	0	1	0	0	0	0	0	0	0	0	0	0	0	0	0	0	0	0	0	0	0	0	1	0	0	1	0	0	0	0	0	0	0	0	0	0	0	0	0	0	0	0	0	0	0	0	0	0	0	0	0	0	0	0	0	0	0	0	0	0	0	0	0	0	0	0	0	0	0	0	0	0	0	0	0	0	0	0	0	0	0	0	0	0	0	0	0	0	0	0	0	0	1	0	0	0	0	0	0	0	0	0	0	0	0	0	0	0	0	0	0	0	0	0	0	0	0	0	0	0	0	0	0	0	0	0	0	0	0	0	0	0	0	0	0	0	0	0	0	0	0	0	0	0	0	0	0	0	0	0	0	0	0	0	0	0	0	0	0	0	0	0	0	0	0	0	0	0	0	0	0	0	0	0	0	0	0	0	0	0	0	0	0	0	0	0	0	0	0	0	0	0	0	0	0	0	0	0	0	0	0	0	0	0	0	0	0	0	0	0	0	0	0	0	0	0	0	0	0	0	0	0	0	0	0	0	0	0	0	0	0	0	0	0	0	1	0	0	0	0	0	0	0	0	0	0	0	0	0	0	0	0	0	0	0	0	0	0	0	0	0	0	0	0	0	0	0	0	0	0	0	0	0	0	0	0	0	0	0	0	0	0	0	0	0	0	0	0	0	0	0	0	0	0	0	0	0	0	0	0	0	0	0	0	0	0	0	0	0	0	0	0	0	0	0	0	0	0	0	0	0	0	0	0	0	0	0	0	0	0	0	0	0	0	0	0	0	0	0	0	0	0	0	0	0	0	0	0	0	0	0	0	0	0	0	0	0	0
Root;Bacteria;Firmicutes;Bacilli;Lactobacillales;Streptococcaceae;Streptococcus;unclassified_Streptococcus	JF220365.1.1371	72	84	279	347	217	268	236	259	167	192	56	93	99	81	116	150	490	638	255	332	77	88	164	213	88	52	128	223	274	294	56	194	35	85	150	1438	617	581	476	148	647	534	283	518	175	437	205	189	183	102	145	463	187	450	523	459	1763	55	129	201	33	192	687	188	130	116	911	368	207	245	656	444	253	57	238	227	128	96	199	38	70	56	357	126	201	171	23	95	216	173	13	50	233	125	276	60	173	540	127	72	22	145	81	304	355	190	135	479	104	67	282	45	74	46	173	19	26	0	290	236	0	613	112	107	161	131	285	388	388	0	520	28	177	46	3	32	59	341	140	22	5	2	696	93	670	278	18	45	29	126	262	232	521	12	109	41	490	139	231	13	64	214	56	46	213	242	178	7	9	1125	166	42	218	255	4	56	11	658	163	262	51	28	149	145	72	32	23	26	164	1	38	32	21	113	51	57	252	115	117	125	159	185	133	72	14	136	317	261	24	25	47	5	247	46	49	17	182	182	312	278	108	6	239	43	42	2	55	51	361	29	23	80	90	354	48	0	10	337	31	59	98	0	89	489	76	1060	702	77	217	450	594	416	98	175	26	90	19	537	208	287	112	113	201	98	11	1	5	7	26	59	33	12	218	681	25	123	1253	92	118	169	126	239	108	23	426	1237	89	197	115	394	1937	62	13	378	162	152	101	190	16	392	26	91	125	0	974	934	174	1615	0	260	45	16	732	563	507	9	6	122	16	355	256	86	1152	1438	459	0	130	526	49	143	306	0	47	102	121	304	24	449	45	530	299	1	84	339	80	389	17	121	11	55	45	1178	369	99	218	90	239	30	351	55	685	55	227	1234	83	42	13	76	0	242	105	131	320
Root;Bacteria;Firmicutes_A;Clostridia;Lachnospirales;Lachnospiraceae;Oribacterium;unclassified_Oribacterium	JF241929.1.1349	0	0	0	0	0	0	0	1	0	0	0	0	0	0	0	0	0	0	0	0	0	0	0	0	0	0	0	0	0	0	0	0	0	3	0	0	0	0	0	0	0	0	0	0	0	0	0	0	0	0	0	0	0	0	0	0	0	0	0	0	0	0	0	0	0	0	0	0	0	0	0	0	0	0	0	0	0	0	0	0	0	0	0	0	0	0	0	0	0	0	0	0	0	0	0	0	0	0	0	0	0	0	0	0	0	0	0	0	0	0	0	0	0	0	0	0	0	0	0	1	0	0	0	0	0	0	0	0	0	0	1	0	0	0	0	0	1	0	0	0	0	0	0	1	1	0	0	0	0	0	0	0	0	0	0	0	0	0	0	2	0	0	0	0	0	20	0	0	0	1	0	0	0	0	0	0	0	0	0	1	0	1	0	0	0	0	0	0	0	0	0	0	0	0	0	0	0	0	0	0	0	0	0	0	0	0	0	2	0	0	2	0	0	0	0	0	0	1	0	0	0	0	0	0	0	0	2	0	0	0	0	0	0	0	0	0	0	0	0	0	0	0	0	0	1	0	0	0	0	0	0	0	0	0	0	0	0	0	0	0	1	0	0	0	0	0	0	0	2	0	0	0	0	0	0	0	0	0	0	0	0	0	0	0	0	0	0	0	0	0	0	2	4	0	0	0	0	0	0	1	0	0	0	0	5	1	0	0	0	0	0	0	0	1	0	0	0	0	0	0	0	0	0	0	0	0	0	0	0	0	0	0	0	1	0	0	0	0	0	0	0	1	0	0	0	0	0	0	0	0	0	0	0	0	3	0	0	0	0	0	0	0	0	0	0	0	0	0	0	1	0	1	0
Root;Bacteria;Firmicutes_A;Clostridia;Lachnospirales;Lachnospiraceae;Lachnospira;unclassified_Lachnospira	EU761741.1.1355	0	0	0	0	0	0	0	0	0	0	0	0	0	0	0	0	0	0	0	0	0	0	0	0	0	0	0	0	0	0	0	0	0	0	0	0	0	0	0	0	0	0	0	0	0	0	0	0	0	0	0	0	0	0	0	0	0	0	0	0	0	0	0	0	0	0	0	0	0	0	0	0	0	0	0	0	0	0	0	0	0	0	0	0	0	0	0	0	0	0	0	0	0	0	0	0	0	0	0	0	0	0	0	0	0	0	0	0	0	0	0	0	0	0	0	0	0	0	0	0	0	0	0	0	0	0	0	0	0	0	0	0	0	0	0	0	0	0	0	0	0	0	0	0	0	0	0	0	0	0	0	0	0	0	0	0	0	0	0	0	0	0	0	0	0	0	0	0	0	0	0	0	0	0	0	0	0	0	0	0	0	0	0	0	0	0	0	0	0	0	0	0	0	0	0	0	0	0	0	0	0	0	0	0	0	0	0	0	0	0	0	0	0	0	0	0	0	0	0	0	0	0	0	0	0	0	0	0	0	0	0	0	0	0	0	0	0	0	0	0	0	0	0	0	0	0	0	0	0	0	0	0	0	0	0	0	0	0	0	0	0	0	0	0	0	0	0	0	2	0	0	0	0	0	0	0	0	0	0	0	0	0	0	0	0	0	0	0	0	0	0	0	0	0	0	0	0	0	0	0	0	0	0	0	0	0	0	0	0	0	0	0	0	0	0	0	0	0	0	0	0	0	0	0	0	0	0	0	0	0	0	0	0	0	0	0	0	0	0	0	0	0	0	0	0	0	0	0	0	0	0	0	0	0	0	0	0	0	0	0	0	0	0	0	0	0	0	0	0	0	0	0	0
Root;Bacteria;Actinobacteriota;Actinomycetia;Propionibacteriales;Propionibacteriaceae;Propionibacterium;Propionibacterium_acidifaciens	ACVN02000189.18691.20201	0	0	0	0	0	0	0	0	0	0	0	0	0	0	0	0	0	0	0	0	0	0	0	0	0	0	0	0	0	0	0	0	0	0	0	0	0	0	0	0	0	0	0	0	0	0	0	0	0	0	0	0	0	0	0	0	0	0	0	0	0	0	0	0	0	0	0	0	0	0	0	0	0	0	0	0	0	0	0	0	0	0	0	0	2	1	0	0	0	0	0	0	0	0	0	0	0	0	0	0	0	0	0	0	0	0	0	0	0	0	1	0	0	0	0	0	0	0	0	0	0	0	0	0	0	0	0	0	0	0	0	0	0	0	0	0	0	0	0	0	0	0	0	0	0	0	0	0	0	0	0	0	0	0	0	0	0	0	1	0	0	0	0	0	0	0	0	0	0	0	0	0	0	0	0	0	0	0	0	0	0	0	0	0	0	0	0	0	0	0	0	0	0	0	0	0	0	0	0	0	0	0	0	0	0	0	0	0	0	0	0	0	2	0	0	0	0	0	0	0	0	0	0	0	0	0	0	0	0	0	0	0	0	0	0	0	0	0	0	0	0	0	0	0	0	0	0	0	0	0	0	0	0	0	0	0	0	0	0	0	0	0	0	0	0	0	0	0	0	0	0	0	0	0	0	0	0	0	0	0	0	0	0	0	0	0	0	0	0	0	0	0	0	0	0	0	0	0	0	24	0	0	0	0	0	0	0	0	0	0	0	0	0	0	0	0	0	0	0	0	0	0	0	0	0	0	0	0	0	0	0	0	0	0	0	0	0	0	0	0	0	0	0	0	0	3	0	0	0	0	0	0	0	0	0	0	0	0	0	0	0	0	0	0	0	0	0	0	0	0	0	0	0
Root;Bacteria;Firmicutes_C;Negativicutes;Veillonellales;Veillonellaceae;Veillonella;unclassified_Veillonella	JQ457940.1.1426	0	0	0	0	0	0	0	0	0	0	0	0	0	0	0	0	0	0	0	0	0	0	0	0	0	0	0	0	0	0	0	0	0	0	0	0	0	0	0	0	1	0	0	0	0	0	0	0	0	0	0	0	0	0	0	0	0	0	0	0	0	0	0	0	0	0	0	0	0	0	0	0	0	0	0	0	0	0	0	0	0	0	0	0	0	0	0	0	0	0	0	0	0	0	0	0	0	0	0	0	0	0	0	0	0	0	0	0	0	0	0	0	0	0	0	0	0	0	0	0	0	0	0	0	0	0	0	0	0	0	0	0	0	0	0	0	0	0	0	0	0	0	0	0	0	0	0	0	0	0	0	0	0	0	0	0	0	0	0	0	0	0	0	0	0	0	0	0	0	0	0	0	0	0	0	0	0	0	0	0	0	0	0	0	0	0	0	0	0	0	0	0	0	0	0	0	0	0	0	0	0	0	0	0	0	0	0	0	0	0	0	0	0	0	0	0	0	0	0	0	0	0	0	0	0	0	0	0	0	0	0	0	0	0	0	0	0	0	0	0	0	0	0	0	0	0	0	0	0	0	0	0	0	0	0	0	0	0	0	0	0	0	0	0	0	0	0	0	0	0	0	0	0	0	0	0	0	0	0	0	0	1	0	0	0	0	0	0	0	0	0	0	0	0	0	0	0	0	0	0	0	0	0	0	0	0	0	0	0	0	0	0	0	0	0	0	0	0	0	0	0	0	0	0	0	0	0	0	0	0	0	0	0	0	0	0	0	0	0	0	0	0	0	0	0	0	0	0	0	0	0	0	0	0	0	0	0	0	0	0	0	0	0	0	0	0	0	0	0	0	0	0	0
Root;Bacteria;Firmicutes_A;Clostridia;Lachnospirales;Lachnospiraceae;Catonella;Catonella_morbi	JQ475311.1.1396	0	0	4	8	0	2	0	0	2	0	8	11	2	3	0	2	8	5	2	7	0	1	0	0	1	2	0	0	0	3	2	0	4	0	0	0	9	1	0	9	3	0	0	2	0	1	2	0	0	3	3	0	4	0	0	0	0	0	0	0	0	2	0	0	0	0	1	1	0	3	0	0	0	8	4	8	2	4	0	0	5	1	0	10	6	5	0	0	0	1	0	1	0	0	1	0	7	0	0	27	2	4	1	0	0	5	3	0	0	0	3	1	12	4	0	0	3	0	1	2	0	0	0	0	0	0	0	2	4	0	0	9	1	1	0	22	24	2	1	0	0	0	0	0	0	0	0	0	1	1	0	0	1	7	0	1	0	11	1	1	5	0	6	2	2	0	1	0	5	42	11	0	0	1	1	0	3	0	2	0	0	0	0	0	3	1	2	1	4	0	1	0	0	0	11	12	18	0	0	0	0	0	26	1	0	0	0	3	0	0	0	0	0	0	0	0	0	2	3	4	2	0	0	0	2	0	0	0	0	0	2	1	6	0	0	0	2	1	5	2	0	0	0	4	7	0	1	10	0	0	0	0	26	0	0	7	0	0	8	8	0	5	3	14	0	1	7	0	7	1	0	2	0	19	0	0	0	2	5	0	3	1	0	0	0	1	3	0	0	0	1	7	1	0	3	11	2	10	0	0	1	4	0	0	29	0	9	3	0	12	0	5	0	5	2	4	0	12	4	9	1	1	0	0	0	0	2	0	0	0	3	0	2	5	1	0	1	1	2	18	0	0	1	0	0	0	0	0	0	6	0	0	0	5	0	1	7	1	0	0	2	2	1	0	2	1	2	1	0	1	0	14	2
Root;Bacteria;Bacteroidota;Bacteroidia;Flavobacteriales;Flavobacteriaceae;Capnocytophaga;Capnocytophaga_haemolytica	DQ009624.1.1492	0	0	0	0	47	49	0	0	0	0	0	0	0	0	0	0	0	0	0	0	0	0	0	0	0	0	0	0	0	0	0	0	0	0	0	0	0	0	0	0	0	0	0	0	0	0	12	0	10	0	0	86	0	0	0	0	0	0	4	0	0	6	0	0	0	0	0	0	0	0	0	0	0	2	0	0	0	0	0	0	0	0	0	0	0	0	1	0	44	0	0	0	0	0	2	0	0	0	0	0	0	0	0	0	0	1	37	0	0	0	0	0	0	6	0	0	0	0	0	0	0	0	0	0	0	0	0	0	0	0	0	1	2	5	0	9	7	2	0	0	0	0	0	0	0	0	0	0	0	0	0	0	0	0	0	0	0	0	0	0	0	0	0	0	0	0	9	0	4	0	0	0	0	0	0	0	0	0	0	0	0	0	0	0	0	7	2	0	0	0	0	0	0	0	11	11	0	0	0	0	0	0	0	0	0	0	0	0	0	0	0	0	0	0	0	0	0	0	0	0	0	0	0	0	0	0	0	0	29	0	0	0	0	0	0	0	0	0	3	0	0	0	0	0	0	119	0	0	0	0	0	0	0	0	0	0	0	0	0	0	9	0	0	0	0	1	0	0	0	0	0	0	0	0	0	0	0	0	0	12	0	0	0	0	0	0	0	0	0	0	0	22	5	0	0	0	0	2	0	0	0	0	28	0	0	0	0	0	0	0	0	0	0	0	0	0	0	0	0	0	5	0	0	0	0	0	0	0	0	0	8	0	0	0	0	0	0	0	4	0	0	0	0	0	0	0	0	0	0	0	0	0	0	1	0	2	0	0	0	0	0	30	0	0	0	0	0	0	0	0	0	0	0
Root;Bacteria;Actinobacteriota;Actinomycetia;Actinomycetales;Actinomycetaceae;Actinomyces;unclassified_Actinomyces	JQ473788.1.1402	0	0	0	3	0	3	1	1	0	1	0	1	0	1	0	3	0	0	0	0	0	0	1	0	0	0	0	4	8	0	0	0	0	0	1	0	1	0	1	1	0	0	2	0	3	0	2	0	0	0	1	0	1	0	1	0	2	0	0	0	2	0	5	2	1	1	1	0	0	1	1	1	2	0	2	0	0	0	0	0	0	0	0	0	0	0	0	0	0	0	0	0	1	0	0	0	0	0	0	0	0	1	0	0	2	0	0	0	0	0	0	0	0	0	0	0	0	0	0	0	0	5	0	1	0	0	3	1	1	0	3	1	1	0	0	0	0	1	0	0	0	0	1	0	0	0	0	0	0	1	1	1	0	0	0	0	0	0	0	1	0	0	0	0	0	0	0	0	0	0	0	0	0	0	0	0	0	2	0	0	0	0	0	0	0	0	0	0	0	0	1	1	0	3	0	0	0	0	0	0	1	0	0	0	0	0	0	1	0	0	0	0	0	0	0	0	0	0	0	1	0	0	0	0	0	0	0	0	0	0	0	0	0	4	1	0	0	0	0	0	0	0	0	3	0	0	1	0	0	0	1	0	0	0	0	0	0	0	0	0	0	0	0	7	0	0	0	0	1	0	0	0	0	0	0	0	0	0	0	0	0	0	0	0	0	0	0	0	0	0	0	1	0	0	0	0	0	0	0	0	0	0	0	0	0	0	0	12	0	0	0	0	6	1	0	0	0	0	0	0	0	0	0	3	0	0	2	0	0	0	0	0	0	0	0	0	0	0	0	0	9	0	0	0	0	0	0	0	0	0	0	1	0	0	0	1	0	0	0	0	0	0	0	1	0	0	0	0	0	0	0	2	1
Root;Bacteria;Firmicutes;Bacilli;Lactobacillales;Streptococcaceae;Streptococcus;unclassified_Streptococcus	JF214839.1.1367	0	0	0	0	1	0	0	2	1	1	0	0	0	0	0	1	7	7	0	3	0	1	0	0	0	11	1	10	4	0	0	1	0	0	0	10	4	2	1	1	1	0	0	0	0	0	0	1	0	1	0	0	0	0	8	5	0	8	2	0	0	0	4	0	0	0	0	0	0	0	0	0	1	5	0	3	0	0	6	1	0	1	1	0	4	0	14	5	0	0	0	0	0	0	0	0	0	1	0	0	0	0	0	11	0	0	2	4	0	0	10	0	0	0	0	0	0	0	0	0	0	0	0	1	3	7	0	1	3	0	3	6	1	0	0	0	0	0	0	0	0	0	7	1	7	0	0	0	0	3	8	4	10	0	0	2	7	0	0	0	11	0	0	0	0	55	0	1	0	9	0	0	2	0	0	0	0	10	1	0	1	0	1	2	0	0	0	0	2	0	0	0	0	0	0	1	2	0	0	4	0	0	1	0	0	3	4	0	1	0	0	0	7	0	1	0	0	0	1	0	1	0	1	0	0	0	0	0	1	0	1	0	0	1	0	0	0	3	0	0	3	0	1	19	0	0	0	1	0	4	0	6	0	0	0	0	0	2	1	0	5	0	2	0	2	0	0	0	0	5	0	0	0	0	1	1	4	0	0	0	1	0	2	0	5	6	1	0	0	2	0	0	0	5	0	1	0	2	0	1	2	1	1	0	6	2	0	38	0	6	0	0	0	1	2	0	0	1	0	1	0	0	22	3	0	0	0	6	0	0	1	0	0	0	0	15	4	3	2	0	0	0	0	0	3	0	1	0	0	0	0	3	1	1	7	1	0	0	5	1	0	0	1	10	0	0	2	0	0	0	4	2	1
Root;Bacteria;Firmicutes;Bacilli;Lactobacillales;Streptococcaceae;Streptococcus;unclassified_Streptococcus	JQ448834.1.1382	0	0	0	0	0	0	0	0	0	0	0	0	0	0	0	0	0	0	0	0	0	0	0	0	0	0	0	0	0	0	0	0	0	0	0	0	0	0	0	0	0	0	0	0	0	0	0	0	0	0	0	0	0	0	0	0	0	0	0	0	0	0	0	0	0	0	0	0	0	0	0	0	0	0	0	0	0	0	0	0	0	0	0	0	0	0	0	0	0	0	0	0	0	0	0	0	0	0	0	0	0	0	0	0	0	0	0	0	0	0	0	0	0	0	0	0	0	0	0	0	0	0	0	0	0	0	0	0	0	0	0	0	0	0	0	0	0	0	0	0	0	0	0	0	0	0	0	0	0	0	0	0	0	0	0	0	0	0	0	0	0	0	0	0	0	0	0	0	0	0	0	0	0	0	0	0	0	0	0	0	0	0	0	0	0	0	0	0	0	0	0	0	0	0	0	0	0	0	0	0	0	0	0	0	0	0	0	0	0	0	0	0	0	0	0	0	0	0	0	0	0	0	0	0	0	0	0	0	0	0	0	0	0	0	0	0	0	0	0	0	0	0	0	0	0	0	0	0	0	0	0	0	0	0	0	0	0	0	0	0	0	0	0	0	0	0	0	0	0	0	0	0	0	0	0	0	0	0	0	0	0	0	0	0	0	0	0	0	0	0	0	0	0	0	0	0	0	0	0	0	0	0	0	0	0	0	0	0	0	0	0	0	0	0	0	0	0	0	0	0	0	0	0	0	0	0	0	0	0	0	0	0	0	0	0	0	0	0	0	0	0	0	0	0	0	0	0	0	0	0	0	0	0	0	0	0	0	0	0	0	0	0	0	0	1	0	0	0	0	0	0	0	0
Root;Bacteria;Bacteroidota;Bacteroidia;Bacteroidales;Bacteroidaceae;Bacteroides;unclassified_Bacteroides	DQ800362.1.1401	0	0	0	0	0	0	0	0	0	0	0	0	0	0	0	0	0	0	0	0	0	0	0	0	0	0	0	0	0	0	0	0	0	0	0	0	0	0	0	0	0	0	0	0	0	0	0	0	0	0	0	0	0	0	0	0	0	0	0	0	0	0	0	0	0	0	0	0	0	0	0	0	0	0	0	0	0	0	0	0	0	0	0	0	0	0	0	0	0	0	0	0	0	0	0	0	0	0	0	0	0	0	0	0	0	0	0	0	0	0	0	0	0	0	0	0	0	0	0	0	0	0	0	0	0	0	0	0	0	0	0	0	0	0	0	0	0	0	0	0	0	0	0	0	0	0	0	0	0	0	0	0	0	0	0	0	0	0	0	0	0	0	0	0	0	0	0	0	0	0	0	0	0	0	0	0	0	2	0	0	0	0	0	0	0	0	0	0	0	0	0	0	0	0	0	0	0	0	0	0	0	0	0	0	0	0	0	0	0	0	0	0	0	0	0	0	0	0	0	0	0	0	0	0	0	0	0	0	0	0	0	0	0	0	0	0	0	0	0	0	0	0	0	0	0	0	0	0	0	0	0	0	0	0	0	0	0	0	0	0	0	0	0	0	0	0	0	0	0	0	0	0	0	0	0	0	0	0	0	0	0	0	0	0	0	0	0	0	0	0	0	0	0	0	1	0	0	0	0	0	0	0	0	0	0	0	0	0	0	0	0	0	0	0	0	0	0	0	0	0	0	0	0	0	0	0	0	0	0	0	0	0	0	0	0	0	0	0	0	0	0	0	0	0	0	0	0	0	0	0	0	0	0	0	0	0	0	0	0	0	0	0	0	0	0	0	0	0	0	0	0	0	0
Root;Bacteria;Bacteroidota;Bacteroidia;Bacteroidales;Bacteroidaceae;Bacteroides;Bacteroides_zoogleoformans	AB626629.1.1489	0	0	0	0	0	0	0	0	0	0	0	0	0	0	0	0	0	0	0	0	0	0	0	0	0	0	0	0	0	0	0	0	0	0	0	0	0	0	0	0	0	0	0	0	0	0	0	0	0	0	0	0	0	0	0	0	0	0	0	0	0	0	0	0	0	0	0	0	0	0	0	0	0	0	0	0	0	0	0	0	0	0	0	0	0	0	0	0	0	0	0	0	0	0	0	0	0	0	0	0	0	0	0	0	0	0	0	0	0	0	0	0	0	0	0	0	0	0	0	0	0	0	0	0	0	0	0	0	0	0	0	0	0	0	0	0	0	0	0	0	0	0	0	0	0	0	0	0	0	0	0	0	0	0	0	0	0	0	0	0	0	0	0	0	0	0	0	0	0	0	0	0	0	0	0	0	0	0	0	0	0	0	0	0	0	0	0	0	0	0	0	0	0	0	0	0	0	0	3	0	0	0	0	0	0	0	0	0	0	0	0	0	0	0	0	0	0	0	0	0	0	0	0	0	0	0	0	0	0	0	0	0	0	0	0	0	0	0	0	0	0	0	0	0	0	0	0	0	0	0	0	0	0	0	0	0	0	0	0	0	0	0	0	0	0	0	0	0	0	0	0	0	0	0	0	0	0	0	0	0	0	0	0	0	0	0	0	0	0	0	0	0	0	0	0	0	0	0	0	0	0	0	0	0	0	0	0	0	0	0	0	0	0	0	0	0	0	0	0	0	0	0	0	0	0	0	0	0	0	0	0	0	0	0	0	0	0	0	0	0	0	0	0	0	0	0	0	0	0	0	0	0	0	0	0	0	0	0	0	0	0	0	0	0	0	0	0	0	0	0	0	0	0
Root;Bacteria;Fusobacteriota;Fusobacteriia;Fusobacteriales;Fusobacteriaceae;Fusobacterium;unclassified_Fusobacterium	JQ455231.1.1360	2	0	0	2	0	6	1	0	0	0	3	1	2	0	2	4	0	0	2	1	0	0	4	1	1	1	6	0	0	0	0	1	1	4	0	0	2	0	0	1	0	0	0	8	0	0	1	0	4	0	0	0	7	0	2	1	0	4	0	0	0	1	10	1	4	1	1	0	0	1	2	0	0	1	16	0	1	0	0	0	0	3	1	2	1	1	0	0	1	3	0	1	0	1	0	0	1	0	0	2	0	3	4	0	0	8	0	0	0	1	9	0	8	5	0	0	4	0	1	6	0	0	0	1	4	1	0	1	1	0	0	0	0	0	0	1	2	3	1	0	0	0	0	0	0	0	0	0	0	2	0	0	0	0	0	2	0	0	0	0	0	0	7	1	0	0	1	0	0	0	0	0	0	1	0	0	0	0	1	0	0	1	0	0	0	0	0	1	2	0	1	0	0	0	0	3	0	1	1	0	0	2	0	0	0	0	0	0	2	3	3	0	0	3	0	0	0	2	1	1	0	0	0	0	0	0	2	2	3	0	0	21	18	1	8	0	2	1	2	3	1	0	2	1	8	1	2	0	12	1	0	1	0	0	0	1	0	0	1	39	0	0	1	0	0	0	1	0	0	3	2	0	0	0	0	0	0	0	2	1	2	1	0	0	0	4	5	0	3	0	1	2	0	0	4	7	0	0	19	0	0	0	8	0	1	0	1	3	0	3	1	2	1	2	2	0	0	0	0	5	0	0	3	0	3	0	1	1	0	0	2	0	0	0	3	0	0	25	1	4	0	0	0	1	2	0	0	1	3	0	6	0	0	8	0	7	2	0	1	3	6	1	26	2	4	0	2	0	0	0	0	0	1
Root;Bacteria;Firmicutes_A;Clostridia;Peptostreptococcales;Peptostreptococcaceae;Peptostreptococcus;Peptostreptococcus_stomatis	ADGQ01000048.63.1487	0	0	1	1	5	2	0	0	3	5	0	0	9	12	0	0	11	15	0	0	1	4	0	0	22	4	0	0	1	0	0	6	0	13	0	0	20	19	15	1	0	0	0	0	0	0	0	0	4	0	0	0	3	0	1	2	0	0	0	4	5	0	31	1	0	0	0	0	0	0	0	0	0	0	0	0	0	0	0	0	13	0	0	0	0	0	0	1	13	0	0	0	2	0	0	0	0	8	0	0	0	0	2	0	1	2	33	0	0	0	0	1	2	0	0	0	0	0	21	23	0	0	0	0	40	32	0	0	0	0	0	1	0	46	0	0	0	0	0	0	31	0	0	0	0	0	0	0	2	1	0	0	0	1	0	0	0	0	0	0	1	0	0	24	6	46	0	2	1	0	1	0	0	0	14	2	0	0	0	3	0	0	0	1	11	0	0	3	1	0	0	0	3	0	4	6	0	0	11	0	1	2	0	6	0	0	0	0	0	0	6	0	1	7	0	0	0	0	0	0	0	0	5	0	9	0	1	0	0	0	14	0	17	0	7	0	0	0	0	0	0	0	0	2	4	0	44	3	0	4	1	0	3	1	0	0	0	0	0	0	1	7	4	1	0	1	6	3	9	0	0	4	0	0	0	3	0	0	0	129	0	0	0	2	7	3	4	0	0	0	6	9	1	0	0	10	0	1	0	0	1	26	0	0	12	5	0	0	0	0	0	66	0	114	106	13	5	4	0	1	0	0	0	0	15	0	3	0	0	0	0	0	1	5	0	0	0	0	0	10	2	0	4	2	0	1	2	5	0	1	1	0	87	0	5	0	25	0	0	0	0	2	3	2	9	1	7	0	0	2	0	6	1
Root;Bacteria;Fusobacteriota;Fusobacteriia;Fusobacteriales;Fusobacteriaceae;Fusobacterium;unclassified_Fusobacterium	JQ475464.1.1374	0	0	0	0	1	0	0	0	0	0	0	0	0	0	0	0	0	0	1	0	0	0	0	0	1	0	1	0	0	0	0	1	0	0	0	0	0	2	0	1	2	0	0	0	1	0	0	0	0	0	0	0	0	0	2	1	0	0	0	1	0	0	1	2	0	0	4	0	0	1	2	1	0	2	2	1	0	1	0	0	0	1	1	0	0	0	0	1	0	0	0	0	0	0	0	0	0	1	0	0	0	0	0	0	0	2	0	0	0	0	1	0	0	0	0	0	0	0	4	2	0	0	0	1	0	2	0	1	2	0	1	3	1	0	0	0	0	3	0	0	0	0	0	0	0	0	0	0	0	1	0	0	2	0	1	0	0	0	1	0	0	2	1	1	1	1	0	0	0	2	0	0	0	1	0	0	0	0	3	0	0	0	0	0	0	0	0	0	1	0	0	0	0	0	0	2	0	1	0	0	1	0	0	0	0	0	0	0	0	1	0	0	0	0	0	0	1	0	0	0	0	0	0	0	0	0	0	0	1	0	0	1	0	0	0	0	0	0	0	0	0	0	1	2	1	0	2	0	0	1	0	0	0	0	0	0	0	0	0	6	0	0	0	0	0	0	0	0	0	0	0	0	0	0	0	0	0	1	1	0	1	0	1	0	0	0	0	0	0	0	0	0	0	0	0	1	0	0	1	0	0	0	1	0	0	0	0	1	0	0	0	0	0	1	2	0	0	0	0	1	0	1	8	0	1	0	1	0	0	0	0	0	0	0	0	0	0	1	0	1	0	0	0	0	0	0	0	0	0	0	0	0	0	0	0	0	1	0	0	0	0	1	1	2	0	0	0	0	0	2	0	0	0
Root;Bacteria;Firmicutes;Bacilli;Lactobacillales;Streptococcaceae;Streptococcus;unclassified_Streptococcus	JQ460698.1.1413	0	0	0	0	0	0	0	0	0	0	0	0	0	0	0	0	0	0	0	0	0	0	0	0	0	0	0	0	0	0	0	0	0	0	0	0	0	0	0	0	0	0	0	0	0	0	0	0	0	0	0	0	0	0	0	0	0	0	0	0	0	0	0	0	0	0	0	0	0	1	0	0	0	0	0	0	0	0	0	0	0	0	0	0	0	0	0	0	0	0	0	0	0	0	0	0	0	0	0	0	0	0	0	0	0	0	0	0	0	0	0	0	0	0	0	0	0	0	0	0	0	0	0	0	0	0	0	0	0	0	0	0	0	0	0	0	0	0	0	0	0	0	0	0	0	0	0	0	0	0	0	0	0	0	0	0	0	0	0	0	0	0	0	0	0	6	0	0	0	0	0	0	0	0	0	0	0	0	0	0	0	0	0	0	0	0	0	0	0	0	0	0	0	0	0	0	0	0	0	0	0	0	0	0	0	0	0	0	0	0	0	0	0	0	0	0	0	0	0	0	0	0	0	0	0	0	0	0	0	0	0	0	0	0	0	0	0	0	0	0	0	0	0	0	0	0	0	0	0	0	0	0	0	0	0	0	0	0	0	0	0	0	0	0	0	0	0	0	0	0	0	0	0	0	0	0	0	0	0	0	0	0	0	0	0	0	0	0	0	0	0	0	0	0	0	0	0	0	0	0	0	0	0	0	0	0	0	0	0	0	0	0	0	0	0	0	0	0	0	0	0	0	0	0	0	0	0	0	0	0	0	0	0	0	0	0	0	0	0	0	0	0	0	0	0	0	0	0	0	0	0	0	0	0	0	0	0	0	0	0	0	0	0	0	0	0	0	0	0	0	0	0	0
Root;Bacteria;Actinobacteriota;Actinomycetia;Actinomycetales;Actinomycetaceae;Actinomyces;unclassified_Actinomyces	JQ452714.1.1417	2	2	14	20	43	51	1	4	27	23	17	23	20	23	25	14	8	17	54	47	14	15	41	36	6	23	0	14	18	11	1	2	0	2	18	1	43	40	99	52	12	6	161	102	14	89	382	145	28	55	104	29	4	30	80	52	12	37	204	20	20	145	25	35	48	55	114	93	58	23	11	33	220	71	134	13	54	17	30	2	40	7	7	28	18	26	10	5	3	5	1	10	63	0	16	1	16	11	1	10	0	15	4	34	14	5	4	3	1	3	7	7	7	34	39	0	9	0	20	52	0	315	21	23	11	10	79	40	45	0	185	29	50	9	0	5	12	13	16	0	7	0	10	21	3	33	1	2	1	0	4	2	0	0	3	8	12	0	0	1	5	4	23	2	1	1	16	2	0	19	15	1	1	7	0	0	1	67	0	41	1	0	8	5	3	2	1	0	6	0	12	21	0	33	8	15	0	0	1	10	0	1	28	8	0	0	39	2	1	3	8	13	2	11	4	0	15	20	14	10	6	0	47	3	1	0	0	11	9	1	0	15	4	255	94	0	5	7	2	2	0	0	8	17	4	22	126	14	41	29	353	10	1	6	2	32	1	100	39	17	10	0	40	243	0	0	0	0	1	18	5	1	20	7	23	2	7	1	34	70	82	164	52	0	36	26	2	114	26	77	27	10	1	2	5	3	4	17	5	91	2	1	10	1	2	18	35	129	0	14	1	7	5	19	20	0	1	2	1	0	41	4	178	143	28	0	130	73	0	1	105	0	193	436	123	3	7	210	3	18	36	2	0	1	7	25	1	25	1	0	2	93	4	33	8	15	55	2	49	13	5	26	20	256	34	32	59	3	0	39	46	136	56
Root;Bacteria;Firmicutes;Bacilli;Lactobacillales;Lactobacillaceae;Lactobacillus;Lactobacillus_iners	AY958972.1.1537	0	0	0	0	0	0	0	0	0	0	0	0	0	0	0	0	0	0	0	0	0	0	0	0	0	0	0	0	0	0	0	0	0	0	0	0	0	0	0	0	0	0	0	3	0	0	0	0	0	0	0	0	0	0	0	0	0	0	0	0	0	0	0	0	0	0	0	0	0	0	0	0	0	0	0	0	0	0	0	0	0	0	0	0	0	0	0	0	0	0	0	0	0	0	0	0	0	0	0	0	0	0	0	0	0	0	0	0	0	0	0	0	0	0	0	0	0	0	0	0	0	0	0	0	0	0	0	0	0	0	0	0	1	0	0	0	0	0	0	0	0	0	0	0	0	0	0	0	0	0	0	0	0	0	0	0	0	0	0	0	0	0	0	0	0	0	0	0	0	0	0	0	0	0	0	0	0	0	0	0	0	0	0	0	0	0	0	0	0	0	0	0	0	0	0	0	0	0	0	0	0	0	0	0	0	0	0	0	0	0	0	0	0	0	0	0	0	0	0	0	0	0	0	0	0	0	0	0	0	0	0	0	0	0	0	0	0	2	0	0	0	0	0	0	0	0	0	0	0	0	0	0	0	0	0	0	0	11	0	0	0	0	0	0	0	0	0	0	0	0	0	0	0	0	0	0	0	0	0	0	1	0	0	0	0	0	0	1	0	0	0	0	0	0	0	0	0	0	0	2	0	0	0	0	0	0	0	0	0	0	0	0	0	0	0	0	0	0	0	0	0	0	0	0	0	0	0	0	0	0	0	0	0	0	1	0	0	0	0	0	0	0	0	0	0	0	0	0	0	0	0	0	0	0	0	0	0	0	0	0	0	0	0	0	0	0	0	0	0	0	0	0	0
Root;Bacteria;Firmicutes;Bacilli;Lactobacillales;Streptococcaceae;Streptococcus;unclassified_Streptococcus	HQ778534.1.1465	0	0	0	0	0	0	0	0	0	0	0	0	0	0	0	0	0	0	0	0	0	0	0	0	0	0	0	0	0	0	0	0	0	0	0	0	0	0	0	0	0	0	0	0	0	0	0	0	0	0	0	0	0	0	0	0	0	0	0	0	0	0	0	0	0	0	0	0	0	0	0	0	0	0	0	0	0	0	0	0	0	0	0	0	0	0	0	0	0	0	0	0	0	0	0	0	0	0	0	0	0	0	0	0	0	0	0	0	0	0	0	0	0	0	0	0	0	0	0	0	0	0	0	0	0	0	0	0	0	0	0	0	0	0	0	0	0	0	0	0	0	0	0	0	0	0	0	0	0	0	0	0	0	0	0	0	0	0	0	0	0	0	0	0	0	0	0	0	0	0	0	0	0	0	0	0	0	0	0	0	0	0	0	0	0	0	0	0	0	0	0	0	0	0	0	0	0	0	0	0	0	0	0	0	0	0	0	0	0	0	0	0	0	0	0	0	0	0	0	0	0	0	0	0	0	0	0	0	0	0	0	0	0	0	0	0	0	0	0	0	0	0	0	0	0	0	0	0	0	0	0	0	0	0	0	0	0	0	0	0	0	0	1	0	0	0	0	0	0	0	0	0	0	0	0	0	0	0	0	0	0	0	0	0	0	0	0	0	0	0	0	0	0	0	0	0	0	0	0	0	0	0	0	0	0	0	0	0	0	0	0	0	0	0	0	0	0	0	0	0	0	0	0	0	0	0	0	0	0	0	0	0	0	0	0	0	0	0	0	0	0	0	0	0	0	0	0	0	0	0	0	0	0	0	1	0	0	0	0	0	0	0	0	0	0	0	0	0	0	0	0	0	0
Root;Bacteria;Proteobacteria;Gammaproteobacteria;Enterobacterales;Pasteurellaceae;Haemophilus_D;unclassified_Haemophilus_D	EU768384.1.1367	0	0	0	0	0	0	0	0	0	0	0	0	0	0	0	0	0	0	0	0	0	0	0	0	0	0	0	0	0	0	0	0	0	0	0	0	1	0	0	0	0	0	0	0	0	0	0	0	0	1	0	0	0	0	0	0	0	0	0	0	0	0	0	0	0	0	0	0	0	0	0	0	0	0	0	0	0	0	0	0	0	0	0	0	0	0	0	0	0	0	0	0	0	0	0	0	0	0	0	0	0	0	0	0	0	0	0	0	0	0	0	0	0	0	0	0	0	0	0	0	0	0	0	0	0	0	0	0	0	0	0	0	0	0	0	0	0	0	0	0	0	0	0	0	0	0	0	0	0	0	0	0	0	0	0	0	0	0	0	0	0	0	0	0	0	10	0	0	0	0	0	0	0	0	0	0	0	0	0	0	0	0	0	0	0	0	0	0	0	0	0	0	0	0	0	0	1	0	0	0	0	0	0	0	0	0	0	0	0	0	0	0	0	0	0	0	0	0	1	1	0	0	0	0	0	0	0	0	0	0	0	0	0	0	0	0	0	0	0	0	0	0	0	1	0	0	1	0	0	1	0	0	0	0	0	0	0	0	0	0	0	0	0	0	0	0	0	0	0	0	0	0	0	0	0	0	0	0	0	0	0	0	0	0	0	0	0	0	0	0	0	0	0	0	0	0	0	0	0	0	0	0	0	0	0	0	0	0	0	0	0	0	1	0	0	0	0	0	0	0	1	0	0	0	0	0	0	0	0	0	0	0	0	0	0	0	0	0	0	0	0	0	0	0	0	0	0	0	0	0	0	0	0	0	2	0	0	0	0	0	0	0	0	0	0	0	0	0	0	0	0	0	0
Root;Bacteria;Proteobacteria;Gammaproteobacteria;Enterobacterales;Pasteurellaceae;Haemophilus_D;unclassified_Haemophilus_D	JQ455259.1.1251	0	0	0	0	0	0	0	0	0	0	0	0	0	0	0	0	1	0	0	0	0	0	1	0	0	0	0	0	0	0	0	0	0	0	0	0	0	0	0	0	0	0	0	0	0	1	0	0	0	0	0	0	0	2	0	0	0	0	0	0	0	0	0	0	0	0	0	0	0	0	0	0	0	0	0	0	0	0	1	0	0	0	0	0	0	0	0	0	0	0	0	0	0	0	0	0	1	0	0	0	0	0	0	0	0	0	0	0	0	0	0	0	0	0	0	0	0	0	0	0	0	0	0	0	0	0	0	0	0	0	0	0	0	0	0	0	0	0	0	0	0	0	0	0	0	0	0	0	0	0	0	0	0	0	0	0	0	0	0	0	0	0	0	0	0	0	0	0	0	0	0	0	0	0	0	0	0	0	0	0	0	0	0	0	0	0	0	0	0	0	0	0	0	0	0	0	0	0	0	0	0	0	0	0	0	0	0	0	0	0	0	0	0	0	0	0	0	0	0	0	0	0	0	0	0	0	0	0	0	0	0	0	0	0	0	0	0	0	0	0	0	0	0	0	0	0	0	0	0	0	0	0	0	0	0	0	0	0	0	0	0	0	0	0	0	0	0	0	0	0	0	0	0	0	0	0	0	0	0	0	0	0	0	0	0	2	0	0	0	0	0	0	0	0	1	0	0	0	0	0	0	0	0	0	0	0	0	0	0	0	0	0	1	0	0	0	0	0	0	0	0	0	0	0	0	0	0	0	0	0	0	0	0	0	0	0	0	0	0	0	0	0	0	0	0	0	0	0	0	0	0	0	0	0	0	0	0	0	0	0	0	0	0	0	0	0	0	0	0	0	0	0	0
Root;Bacteria;Bacteroidota;Bacteroidia;Bacteroidales;Barnesiellaceae;Barnesiella;Barnesiella_intestinihominis	HQ776837.1.1451	0	0	0	0	0	0	0	0	0	0	0	0	0	0	0	0	0	0	0	0	0	0	0	0	0	0	0	0	0	0	0	0	0	0	0	0	0	0	0	0	0	0	0	0	0	0	0	0	0	0	0	0	0	0	0	0	0	0	0	0	0	0	0	0	0	0	0	0	0	0	0	0	0	0	0	0	0	0	0	0	0	0	0	0	0	0	0	0	0	0	0	0	0	0	0	0	0	0	0	0	0	0	0	0	0	0	0	0	0	0	0	0	0	0	0	0	0	0	0	0	0	0	0	0	0	0	0	0	0	0	0	0	0	0	0	0	0	0	0	0	0	0	0	0	0	0	0	0	0	0	0	0	0	0	0	0	0	0	0	0	0	0	0	0	0	0	0	0	0	0	0	0	0	0	0	0	0	0	0	0	0	0	0	0	0	0	0	0	0	0	0	0	0	0	0	0	0	0	0	0	0	0	0	0	0	0	0	0	0	0	0	0	0	0	0	0	0	0	0	0	0	0	0	0	0	0	0	0	0	0	0	0	0	0	0	0	0	0	0	0	0	0	0	0	0	0	0	0	0	0	0	0	0	0	0	0	0	0	0	0	0	0	0	0	0	0	0	0	0	0	0	0	0	0	0	0	0	1	0	0	0	0	0	0	0	0	0	0	0	0	0	0	0	0	0	0	0	0	0	0	0	0	0	0	0	0	0	0	0	0	0	0	0	0	0	0	0	0	0	0	0	0	0	0	0	0	0	0	0	0	0	0	0	0	0	0	0	0	0	0	0	0	0	0	0	0	0	0	0	0	0	0	0	0	0	0	0	0	0	0	0	0	0	0	0	0	0	0	0	0	0	0	0
Root;Bacteria;Fusobacteriota;Fusobacteriia;Fusobacteriales;Leptotrichiaceae;Leptotrichia_A;Leptotrichia_A_sp001274535	JQ455215.1.1370	0	0	0	0	0	0	0	0	0	0	0	0	1	1	2	0	0	0	0	0	0	0	0	1	0	0	3	0	0	0	0	0	2	0	0	0	0	0	0	0	0	0	0	0	1	0	0	0	1	0	0	0	0	0	0	0	0	0	0	0	0	0	1	3	0	0	0	2	2	0	6	0	0	0	0	0	0	0	0	0	0	0	0	0	1	0	0	0	0	0	0	0	3	0	2	0	0	0	0	0	0	0	0	0	0	0	0	0	0	0	0	0	0	0	0	0	3	0	0	1	0	0	0	0	0	0	0	0	1	0	0	1	0	0	0	0	0	0	1	0	1	0	0	0	0	0	0	0	0	4	0	0	0	0	1	2	0	0	1	0	0	0	6	1	0	0	0	0	0	0	0	0	0	0	1	0	0	0	0	0	0	0	2	0	0	0	0	0	0	0	0	0	0	0	0	0	0	1	0	0	0	0	0	0	1	0	0	0	0	0	1	0	0	1	0	0	0	0	3	5	0	0	1	0	0	0	0	2	0	4	0	0	0	0	0	0	0	0	0	1	2	0	0	0	0	0	0	0	0	0	0	0	0	1	0	0	0	0	0	0	1	0	0	0	0	0	0	0	0	0	6	5	0	0	0	0	0	1	0	0	0	5	1	0	0	0	0	0	2	1	0	0	0	0	0	0	0	0	0	0	0	0	0	0	1	0	0	0	0	0	0	0	0	0	0	0	0	1	0	0	0	0	0	0	0	0	0	0	1	2	0	0	0	0	0	0	2	0	0	3	0	0	0	0	1	0	0	3	3	0	6	0	0	0	1	0	0	1	0	0	0	0	13	1	0	2	0	0	0	0	0	0	0
Root;Bacteria;Spirochaetota;Spirochaetia;Treponematales;Treponemataceae;Treponema_B;Treponema_B_denticola	JQ478228.1.1397	15	23	0	0	26	24	16	12	0	0	0	0	53	65	0	0	10	13	0	0	1	1	0	0	27	1	0	0	0	0	0	41	0	0	1	0	0	0	1	0	0	0	0	0	57	0	0	0	19	0	0	0	0	0	0	0	0	0	0	111	1	0	0	15	0	0	0	0	0	0	0	0	0	3	15	18	0	0	0	0	0	0	0	1	0	0	0	0	0	0	0	22	0	0	0	0	0	4	1	0	0	7	0	6	0	40	0	0	0	10	3	21	0	0	15	0	34	0	0	3	0	0	0	0	7	4	0	0	0	0	0	9	0	0	0	2	1	0	0	0	210	0	0	0	0	0	0	0	0	0	1	0	0	37	1	0	0	0	0	0	0	0	0	156	40	0	155	16	9	0	13	0	0	0	2	0	35	0	72	0	0	0	0	0	0	0	0	1	0	0	0	0	9	0	21	40	0	99	139	0	3	6	0	85	2	0	0	0	0	0	0	4	0	0	0	0	0	0	0	0	0	0	0	0	43	0	14	0	0	2	4	1	172	0	7	0	6	0	0	7	0	0	32	7	6	0	0	0	0	7	0	7	52	0	0	0	0	0	0	0	1	15	31	0	0	2	8	6	5	0	0	0	25	0	0	0	0	0	0	0	0	0	0	23	0	0	149	0	0	0	1	63	12	0	21	0	30	7	20	0	5	4	0	18	24	0	0	0	0	0	0	0	0	0	0	0	0	1	0	62	0	5	0	0	57	0	0	0	0	0	0	0	0	0	0	0	0	0	0	1	0	2	1	0	0	0	0	14	4	201	0	0	0	8	0	0	4	7	0	0	0	0	2	0	4	122	21	0	0	0	0	0	0
Root;Bacteria;Actinobacteriota;Actinomycetia;Actinomycetales;Actinomycetaceae;Actinomyces;Actinomyces_sp001278845	JQ475838.1.1418	2	3	0	0	4	1	0	0	1	0	8	8	0	1	0	3	2	2	6	5	1	1	0	0	0	1	11	0	0	1	0	1	0	2	2	0	1	4	16	13	0	0	0	3	6	0	2	0	9	9	8	0	1	0	1	0	0	2	1	0	2	0	16	7	0	0	15	3	1	1	0	0	0	0	18	1	1	3	0	0	1	1	0	2	0	0	0	2	5	0	0	1	0	1	1	0	1	4	0	6	0	0	2	0	3	2	6	0	0	0	0	0	6	0	2	0	5	0	0	3	0	6	0	0	1	1	3	0	0	0	0	1	0	11	0	8	13	4	1	0	5	0	2	0	0	0	0	1	2	0	0	0	0	2	1	0	0	7	2	0	1	0	3	0	2	0	0	0	2	19	1	0	0	1	0	2	7	0	0	0	1	0	1	0	2	3	2	4	0	0	2	2	0	0	0	2	5	0	12	0	0	0	1	0	0	0	2	1	2	2	0	2	3	1	1	0	0	0	6	4	0	0	3	0	6	0	0	10	5	0	3	1	7	0	1	0	3	0	2	0	0	0	0	1	3	2	0	1	0	4	1	0	0	0	4	1	0	1	0	4	1	4	5	1	0	0	0	0	2	1	0	2	0	0	0	0	6	2	1	52	11	0	0	3	10	1	7	0	0	0	0	2	0	0	2	3	1	6	1	17	0	0	1	2	0	12	3	0	0	1	0	5	0	12	22	1	2	0	0	6	0	1	6	2	10	0	1	1	0	0	10	0	0	0	1	0	0	0	0	5	0	1	0	0	0	4	0	0	0	6	3	0	12	5	0	9	6	0	0	0	0	7	0	6	5	1	2	0	0	3	0	0	1
Root;Bacteria;Fusobacteriota;Fusobacteriia;Fusobacteriales;Leptotrichiaceae;Streptobacillus;Streptobacillus_hongkongensis	JQ087390.1.1231	0	0	0	0	0	0	0	0	0	0	0	0	0	0	0	0	0	0	0	0	0	0	0	0	0	0	0	0	0	0	0	0	0	0	0	0	0	0	0	0	0	0	0	0	0	0	0	0	0	0	0	0	0	0	0	0	0	0	0	0	0	0	0	0	0	0	0	0	0	0	0	0	0	0	0	0	0	0	0	0	0	0	0	0	0	0	0	0	0	0	0	0	0	0	0	0	0	0	0	0	0	0	0	0	0	0	0	0	0	0	0	0	0	0	0	0	0	0	0	0	0	0	0	0	0	0	0	0	0	0	0	0	0	0	0	0	0	0	0	0	0	0	0	0	0	0	0	0	0	0	0	0	0	0	0	0	0	0	0	0	0	0	0	0	0	0	0	0	0	0	0	0	0	0	0	0	0	0	0	0	0	0	0	0	0	0	0	0	0	0	0	0	0	0	0	0	0	0	0	0	0	0	0	0	0	0	0	0	0	0	0	0	0	0	0	0	0	0	0	0	0	0	0	0	0	0	0	0	0	0	0	0	0	0	0	0	0	0	0	0	0	0	0	0	0	0	0	0	0	0	0	0	0	0	0	0	0	0	0	0	0	4	0	0	0	0	0	0	0	0	0	0	0	0	0	0	0	0	0	0	0	0	0	0	0	0	0	0	0	0	0	0	0	0	0	0	0	0	0	0	0	0	0	0	0	0	0	0	0	0	0	0	0	0	0	0	0	0	0	0	0	0	0	0	0	0	0	0	0	0	0	0	0	0	0	0	0	0	0	0	0	0	0	0	0	0	0	0	0	0	0	0	0	0	0	0	0	0	0	0	0	0	0	0	0	0	0	0	0	0	0	0	0
Root;Bacteria;Firmicutes;Bacilli;Lactobacillales;Streptococcaceae;Streptococcus;unclassified_Streptococcus	EU779014.1.1408	0	0	0	0	0	0	0	0	0	0	0	0	0	0	0	0	0	0	0	0	0	0	0	0	0	0	0	0	0	0	0	0	0	0	0	0	0	0	0	0	0	0	0	0	0	0	0	0	0	0	0	0	0	0	0	0	0	0	0	0	0	0	0	0	0	0	0	0	0	0	0	0	0	0	0	0	0	0	0	0	0	0	0	0	0	0	0	0	0	0	0	0	0	0	0	0	0	0	0	0	0	0	0	0	0	0	0	0	0	0	0	0	0	0	0	0	0	0	0	0	0	0	0	0	0	0	0	2	0	0	0	0	0	0	0	0	0	0	0	0	0	0	0	0	0	0	0	0	0	0	0	0	0	0	0	0	0	0	0	0	0	0	0	0	0	0	0	0	0	0	0	0	0	0	0	0	0	0	0	0	0	0	0	0	0	0	0	0	0	0	0	0	0	0	0	0	0	0	0	0	0	0	0	0	0	0	0	0	0	0	0	0	0	0	0	0	0	0	0	0	0	0	0	0	0	0	0	0	0	0	0	0	0	0	0	0	0	0	0	0	0	0	0	0	0	0	0	0	0	0	0	0	0	0	0	0	0	1	0	0	0	0	0	0	0	0	0	0	0	0	0	0	0	0	0	0	0	0	0	0	0	0	0	0	0	0	0	0	0	0	0	0	0	0	0	0	0	0	0	0	0	0	0	0	0	0	0	0	0	0	0	0	0	0	0	0	0	0	0	0	0	0	0	0	0	0	0	0	0	0	0	0	0	0	0	0	0	0	0	0	0	0	0	0	0	0	0	0	0	0	0	0	0	0	0	0	0	0	0	0	0	0	0	0	0	0	0	0	0	0	0	0	0
Root;Bacteria;Firmicutes_C;Negativicutes;Veillonellales;Veillonellaceae;Veillonella;unclassified_Veillonella	EU764527.1.1303	0	1	0	0	0	0	0	0	0	0	0	0	0	0	0	0	0	0	0	0	0	0	0	0	0	0	0	0	0	0	0	0	0	0	0	0	0	0	1	0	0	0	0	0	0	0	0	0	0	0	0	0	0	0	0	0	0	0	0	0	0	0	0	0	0	0	0	0	0	0	0	0	0	0	0	0	0	0	0	0	0	1	0	0	0	0	0	0	0	0	0	0	0	0	0	0	0	0	0	0	0	0	0	0	0	0	0	0	0	0	0	0	0	0	0	0	0	0	0	0	0	0	0	0	0	0	0	0	0	0	0	0	0	0	0	0	0	0	0	0	0	0	0	0	0	2	0	0	0	0	0	0	0	0	0	0	0	0	0	0	0	0	0	0	0	1	0	0	0	0	0	0	0	0	0	0	0	0	0	0	0	0	0	0	0	0	0	0	0	0	0	0	0	0	0	0	0	0	0	0	0	0	0	0	0	0	0	0	1	0	0	0	0	0	0	0	0	0	0	0	0	0	1	0	0	0	0	0	0	0	0	0	0	0	0	0	0	0	0	0	0	0	0	0	0	0	0	0	0	0	0	0	0	0	0	0	0	1	0	0	0	0	0	0	0	0	0	0	0	0	0	0	0	0	0	0	0	0	0	0	0	0	0	0	0	0	0	0	0	0	0	0	0	0	0	0	0	0	0	0	0	0	0	0	0	3	0	0	0	0	0	0	0	0	0	0	0	0	0	0	0	0	0	0	0	0	0	0	0	0	0	0	0	0	0	0	0	0	0	0	0	0	0	1	0	0	0	0	0	0	0	0	0	0	4	0	0	0	0	0	0	0	0	0	0	0	0	0	0	0	0	0	0
Root;Bacteria;Bacteroidota;Bacteroidia;Flavobacteriales;Flavobacteriaceae;Capnocytophaga;Capnocytophaga_haemolytica	JQ452631.1.1298	0	0	0	0	0	0	0	0	0	0	0	0	0	0	0	0	0	0	0	0	0	0	0	0	0	0	0	0	0	0	0	0	0	0	0	0	0	0	0	0	0	0	0	0	0	0	0	0	0	0	0	0	0	0	0	0	0	0	0	0	0	0	0	0	0	0	0	0	0	0	0	0	0	0	0	0	0	0	0	0	0	0	0	0	0	0	0	0	0	0	0	0	0	0	0	0	0	0	0	0	0	0	0	0	0	0	1	0	0	0	0	0	0	0	0	0	0	0	0	0	0	0	0	0	0	0	0	0	0	0	0	0	0	0	0	0	0	0	0	0	0	0	0	0	0	0	0	0	0	0	0	0	0	0	0	0	0	0	0	0	0	0	0	0	0	0	0	0	0	0	0	0	0	0	0	0	0	0	0	0	0	0	0	0	0	0	0	0	0	0	0	0	0	0	0	0	0	0	0	0	0	0	0	0	0	0	0	0	0	0	0	0	0	0	0	0	0	0	0	0	0	0	0	0	0	0	0	0	0	0	0	0	0	0	0	0	0	0	0	0	0	0	0	0	0	0	0	0	0	0	0	0	0	0	0	0	0	0	0	0	0	0	0	0	0	0	0	0	0	0	0	0	0	0	0	0	0	0	0	0	0	0	0	0	0	0	0	0	0	0	0	0	0	0	0	0	0	0	0	0	0	0	0	0	0	0	0	0	0	0	0	0	0	0	0	0	0	0	0	0	0	0	0	0	0	0	0	0	0	0	0	0	0	0	0	0	0	0	0	0	0	0	0	0	0	0	0	0	0	0	0	0	0	0	0	0	0	0	0	0	0	0	0	0	0	0	0	0	0	0	0	0	0
Root;Bacteria;Bacteroidota;Bacteroidia;Bacteroidales;Bacteroidaceae;Prevotella;Prevotella_salivae	AEQO01000237.30.1459	0	0	0	0	0	0	0	1	0	0	0	0	0	0	0	0	0	0	0	0	0	0	0	0	0	0	0	0	0	0	0	0	0	1	0	4	3	3	0	0	0	0	0	1	0	0	0	0	2	0	0	36	0	0	0	0	0	0	0	0	0	0	0	0	0	0	0	0	0	0	0	0	0	0	0	33	0	2	0	0	0	0	0	0	0	0	0	0	1	0	0	0	0	8	0	0	0	0	0	0	0	0	2	0	0	0	0	0	0	0	0	6	0	0	0	0	0	0	0	0	0	0	0	0	0	0	0	0	0	0	0	0	0	6	0	0	0	0	0	0	0	0	0	0	0	1	0	0	0	0	0	0	0	0	0	0	0	0	0	0	0	0	0	0	0	9	1	0	0	0	0	0	0	0	0	0	0	0	0	0	0	0	0	0	0	0	0	0	0	0	5	8	0	1	0	0	0	0	0	0	0	0	0	0	0	0	0	0	0	0	0	0	0	0	0	0	5	2	0	0	2	0	0	0	0	0	0	0	1	0	0	0	0	0	0	0	0	12	0	0	0	0	0	0	0	0	0	0	0	0	0	0	0	0	1	0	0	0	0	0	0	0	0	0	33	0	0	0	0	0	0	3	0	0	0	0	3	0	0	7	0	0	1	0	0	0	23	1	6	0	0	18	0	0	1	0	0	2	0	0	0	0	0	0	0	6	0	0	0	3	0	0	0	3	2	1	2	0	0	0	0	0	0	0	0	0	2	0	0	0	0	0	0	0	0	0	2	0	1	0	0	0	0	0	0	2	0	0	0	0	0	0	0	0	37	0	0	0	14	2	0	0	0	3	0	1	0	0	0	6	0	0	0
Root;Bacteria;Fusobacteriota;Fusobacteriia;Fusobacteriales;Fusobacteriaceae;Fusobacterium;unclassified_Fusobacterium	JQ465867.1.1296	1	0	0	0	0	0	0	0	0	0	0	0	0	0	0	0	0	0	0	0	0	1	0	0	0	0	0	0	0	0	0	0	0	1	0	0	1	1	0	0	0	0	0	0	0	0	0	0	0	0	0	0	0	0	0	0	0	0	0	0	0	0	0	0	0	0	0	0	0	0	0	0	0	0	0	0	0	0	0	0	0	0	0	0	0	0	0	0	0	0	0	0	0	0	0	0	0	1	0	0	0	0	0	0	0	0	0	0	0	0	0	0	0	0	0	0	0	0	0	0	0	0	0	0	0	0	0	0	0	0	0	0	0	0	0	0	0	0	0	0	0	0	0	0	0	0	0	0	0	0	0	0	0	0	0	0	0	0	0	1	0	0	0	0	1	0	0	0	0	0	0	0	0	0	0	0	0	0	0	0	0	0	0	0	0	0	0	0	0	0	0	0	2	0	0	0	0	1	0	0	0	0	1	0	0	0	0	0	0	0	0	0	0	0	0	0	0	0	0	0	0	0	0	0	2	0	0	0	0	0	1	0	0	0	0	0	0	0	0	1	0	0	0	0	0	0	2	0	0	0	0	0	0	0	0	0	0	0	0	0	0	0	0	0	0	3	0	4	0	0	2	9	0	0	0	0	0	0	0	3	0	0	0	1	0	0	1	0	0	0	0	0	0	0	0	0	16	0	0	0	0	0	0	0	3	0	0	0	0	0	0	1	0	4	1	0	0	0	0	0	0	0	1	0	0	0	0	0	0	0	1	0	0	0	0	0	0	0	0	0	0	0	0	0	0	0	0	0	2	1	0	0	0	0	0	0	0	0	0	0	0	0	0	0	0	1	0	0	0	0	0	0	0
Root;Bacteria;Firmicutes_C;Negativicutes;Veillonellales;Veillonellaceae;Veillonella;unclassified_Veillonella	JQ467193.1.1406	0	0	0	0	0	0	0	0	0	0	0	0	0	0	0	0	0	0	0	0	0	0	0	0	0	0	0	0	0	0	0	0	0	0	0	0	0	0	0	0	0	0	0	0	0	0	0	0	0	0	0	0	0	0	0	0	0	0	0	0	0	0	0	0	0	0	0	0	0	0	0	0	0	0	0	0	0	0	0	0	0	0	0	0	0	0	0	0	0	0	0	0	0	0	0	0	0	0	0	0	0	0	0	0	0	0	0	0	0	0	0	0	0	0	0	0	0	0	0	0	0	0	0	0	0	0	0	0	0	0	0	0	0	0	0	0	0	0	0	0	0	0	0	0	0	0	0	0	0	0	0	0	0	0	0	0	0	0	0	0	0	0	0	0	0	0	0	0	0	0	0	0	0	0	0	0	0	0	0	0	0	0	0	0	0	0	0	0	0	0	0	0	0	0	0	0	0	0	0	0	0	0	0	0	0	0	0	0	0	0	1	0	0	0	0	0	0	0	0	0	0	0	0	0	0	0	0	0	0	0	0	0	0	0	0	0	0	0	0	0	0	0	0	0	0	0	0	0	0	0	0	0	0	0	0	0	0	0	0	0	0	0	0	0	0	0	0	0	0	0	0	0	0	0	0	0	0	0	0	0	0	0	0	0	0	0	0	0	0	0	0	0	0	0	0	0	0	0	0	0	0	0	0	0	1	0	0	0	0	0	0	0	0	0	1	0	0	0	0	0	0	0	0	0	0	0	0	0	0	0	0	0	0	0	0	0	0	1	0	0	2	0	0	0	0	0	0	0	0	1	0	0	0	0	0	0	0	0	0	0	0	0	0	0	0	0	0	0	0	0	0	0	0
Root;Bacteria;Fusobacteriota;Fusobacteriia;Fusobacteriales;Fusobacteriaceae;Fusobacterium;unclassified_Fusobacterium	HQ777058.1.1403	0	0	0	0	0	0	0	0	0	0	0	0	0	0	0	2	0	0	0	0	0	0	0	0	1	0	0	0	0	0	0	1	0	0	0	0	0	0	0	0	0	0	0	1	0	0	0	0	0	0	0	0	0	0	0	0	0	0	0	0	0	0	1	0	0	0	0	0	0	0	0	0	0	0	0	1	0	0	0	0	1	0	1	0	0	0	0	0	0	0	0	0	0	0	0	0	0	0	0	1	0	0	0	0	0	0	0	0	0	1	0	0	0	0	0	0	0	0	0	1	0	0	0	0	0	0	0	0	0	0	0	0	0	0	0	0	0	0	0	0	0	0	0	0	0	1	0	1	0	0	0	0	0	0	0	0	0	0	0	0	0	0	0	0	0	0	0	0	0	3	0	0	0	0	0	0	0	0	0	0	0	0	0	0	0	0	0	0	0	0	0	0	0	0	0	0	0	0	0	0	0	0	0	1	0	0	0	0	1	0	0	0	0	0	0	0	0	0	0	0	1	0	0	0	0	0	0	0	0	0	0	0	0	0	0	0	0	0	0	0	0	0	0	1	0	0	1	0	0	0	0	0	0	0	0	0	0	0	0	3	0	0	0	0	0	0	0	0	0	0	0	0	0	0	0	0	0	0	0	0	0	0	0	0	0	0	0	0	0	0	0	1	0	0	0	0	0	0	0	0	0	0	0	0	1	0	0	0	0	0	0	0	0	2	0	0	0	0	0	0	0	2	0	0	0	0	0	1	0	0	0	0	0	0	0	0	0	0	0	0	0	0	0	0	0	0	1	0	0	0	1	0	1	0	0	0	0	0	0	0	0	0	0	0	0	0	1	0	0	0	0	0	0
Root;Bacteria;Fusobacteriota;Fusobacteriia;Fusobacteriales;Fusobacteriaceae;Fusobacterium;unclassified_Fusobacterium	JQ466557.1.1399	44	49	10	10	15	21	40	52	0	1	10	15	21	22	17	22	9	4	8	11	30	18	2	5	9	14	19	0	0	2	1	37	72	21	49	0	8	5	8	2	3	0	0	10	42	1	9	0	10	18	7	2	28	0	4	2	0	14	0	19	42	4	68	19	2	1	35	3	0	33	0	1	65	66	6	4	4	36	2	0	7	13	0	7	10	7	4	32	0	24	0	7	3	3	11	1	1	12	1	15	2	3	81	37	2	105	42	0	0	53	2	9	10	1	21	0	60	0	56	5	0	40	0	0	138	77	18	12	10	2	55	57	4	0	0	37	46	46	10	0	10	0	1	8	0	5	0	26	4	2	27	0	1	366	51	18	1	103	84	0	2	16	9	36	4	0	7	14	3	3	1	0	15	1	0	21	8	0	22	0	4	4	2	5	0	10	8	7	11	0	28	21	35	7	5	4	1	5	13	0	25	16	42	2	1	4	0	0	1	6	0	6	11	14	5	0	5	2	1	3	7	0	1	0	55	2	113	65	0	39	1	11	2	0	9	0	26	11	2	104	0	0	3	14	4	1	258	16	1	12	1	3	36	16	7	6	1	1	21	265	1	3	63	11	0	4	16	0	7	35	7	6	97	0	29	1	1	46	57	0	12	5	5	0	2	6	49	0	1	14	11	7	2	0	21	24	17	13	320	1	0	2	33	2	29	3	36	14	0	52	9	134	0	11	15	67	38	4	2	266	26	20	45	3	37	0	9	7	9	41	40	0	7	2	48	4	1	28	7	10	18	6	0	7	1	3	0	9	0	9	87	2	32	15	1	9	27	7	4	1	65	16	46	4	5	10	7	0	0	24	64	1	126
Root;Bacteria;Firmicutes_C;Negativicutes;Veillonellales;Veillonellaceae;Veillonella;unclassified_Veillonella	HQ807487.1.1390	0	0	0	0	0	0	0	1	0	1	0	0	0	0	1	0	0	0	0	0	1	1	0	0	0	0	0	0	0	0	0	0	1	1	0	0	0	0	0	0	0	0	0	1	0	0	0	0	0	0	0	1	0	0	0	0	0	0	0	0	0	0	1	2	2	0	0	1	0	1	0	1	0	0	0	2	0	0	0	0	0	0	0	0	0	0	0	0	0	0	0	0	0	0	0	0	1	0	0	0	0	0	0	0	0	0	0	0	0	0	0	1	0	0	0	0	0	0	0	0	0	4	2	1	0	0	2	1	0	0	0	0	0	0	0	0	0	0	0	0	0	0	0	1	0	0	0	0	0	0	0	0	0	0	0	0	0	0	0	0	0	0	0	0	0	0	0	0	1	0	0	0	0	0	0	0	0	0	0	1	0	1	1	0	0	1	0	0	0	0	0	0	1	1	0	0	0	0	0	1	0	0	0	0	0	0	0	0	0	0	2	0	1	0	0	0	0	0	0	0	0	0	0	0	0	0	1	0	0	1	0	1	0	0	1	0	0	0	0	0	0	0	0	0	0	0	5	0	0	2	0	0	0	0	0	0	0	0	0	0	0	0	0	0	0	0	1	0	0	0	0	0	0	0	0	0	3	0	0	1	1	0	0	0	0	0	3	0	0	0	0	1	0	0	2	0	0	0	0	1	0	0	0	0	0	0	0	1	0	0	0	0	0	6	6	0	0	0	0	0	0	0	1	1	1	0	0	0	0	1	0	0	0	0	0	2	0	0	0	0	3	0	0	1	0	0	0	1	0	0	0	0	0	0	0	0	1	0	0	0	0	0	0	1	0	1	0	0	0	0	2	0	1
Root;Bacteria;Bacteroidota;Bacteroidia;Bacteroidales;Bacteroidaceae;Prevotella;Prevotella_salivae	FM996618.1.1476	0	0	0	0	0	0	0	0	0	0	0	0	0	0	0	0	0	0	0	0	0	0	0	0	0	0	0	0	0	0	0	0	0	0	0	0	1	0	0	0	0	0	0	0	0	0	0	0	0	0	0	0	0	0	0	0	0	0	0	0	0	0	0	0	0	0	0	0	0	0	0	0	0	0	0	1	0	0	0	0	0	0	0	0	0	0	0	0	0	0	0	0	0	2	0	0	0	0	0	0	0	0	1	0	0	0	0	0	0	0	0	0	0	0	0	0	0	0	0	0	0	0	0	0	0	0	0	0	0	0	0	0	0	1	0	0	0	0	0	0	0	0	0	0	0	0	0	0	0	0	0	0	0	0	0	0	0	0	0	0	0	0	0	0	0	2	0	0	0	0	0	0	0	0	0	0	0	0	0	0	0	0	0	1	0	1	0	0	0	0	2	0	0	0	0	0	0	0	0	0	0	0	0	0	0	0	0	1	0	0	0	1	0	0	3	0	2	1	0	0	0	0	0	0	0	0	0	0	0	0	0	0	0	0	0	0	0	0	0	0	0	0	0	1	0	0	0	0	0	0	0	0	0	0	1	0	0	0	0	0	0	0	0	0	5	0	0	0	0	0	0	0	0	0	0	0	0	0	0	2	0	0	1	0	0	0	0	0	0	0	0	0	0	0	0	0	0	0	0	0	0	0	0	0	0	0	0	1	0	1	1	0	0	0	0	7	3	0	0	0	0	0	0	0	0	0	0	0	0	0	0	0	0	0	0	0	0	0	0	0	0	0	0	0	0	0	0	0	0	0	0	0	0	0	0	0	0	0	0	0	0	0	0	0	0	1	0	0	0	0	0	0	0
Root;Bacteria;Bacteroidota;Bacteroidia;Bacteroidales;Bacteroidaceae;Bacteroides;Bacteroides_stercoris	HQ783869.1.1408	0	0	0	0	0	0	0	0	0	0	0	0	0	0	0	0	0	0	0	0	0	0	0	0	0	0	0	0	0	0	0	0	0	0	0	0	0	0	0	0	0	0	0	0	0	0	0	0	0	2	0	0	0	1	0	0	0	0	0	0	0	0	0	0	0	0	0	0	0	0	0	0	0	0	0	0	0	0	0	0	0	0	0	0	0	0	0	0	0	0	0	0	0	0	0	0	0	0	0	0	0	0	0	0	0	0	0	0	0	0	0	0	0	0	0	0	0	0	0	0	0	0	0	0	0	0	0	0	0	0	0	0	0	0	0	0	0	0	0	0	0	0	0	0	0	0	0	0	0	1	0	0	0	9	0	0	0	0	0	0	0	0	0	0	0	0	0	0	0	0	0	0	0	0	0	0	0	57	0	0	0	0	0	0	0	0	0	0	0	0	0	0	0	0	0	0	1	0	0	0	0	0	0	0	0	0	0	0	0	0	0	0	0	0	0	0	0	0	0	0	0	0	0	0	0	0	0	0	0	0	0	0	0	0	0	0	0	0	0	0	0	0	0	0	0	0	0	0	0	0	0	0	0	0	0	0	0	0	0	0	0	0	0	0	0	0	0	0	0	0	1	0	0	5	0	0	0	0	0	0	0	0	0	0	2	0	0	0	0	0	0	0	0	0	0	0	0	0	0	0	0	0	0	0	0	0	0	0	0	0	0	0	0	0	0	0	0	0	0	0	0	0	0	0	0	0	0	0	0	0	0	0	0	0	0	0	0	0	0	0	0	0	0	0	0	0	0	0	0	0	0	0	0	0	0	0	0	0	0	0	0	0	0	0	0	0	0	0	0	0	0	0	0
Root;Bacteria;Firmicutes;Bacilli;Lactobacillales;Streptococcaceae;Streptococcus;unclassified_Streptococcus	JQ448826.1.1385	0	0	0	1	0	1	0	0	0	0	0	0	0	0	0	0	0	0	0	0	0	0	0	0	0	0	0	0	0	0	0	0	0	0	0	0	0	0	0	0	0	1	0	0	0	0	0	0	1	0	0	0	0	1	1	0	2	0	0	0	0	0	0	1	0	0	0	0	0	0	0	0	0	0	0	0	0	0	0	0	0	0	0	0	0	0	0	0	0	0	0	0	0	0	0	0	0	0	0	0	0	0	0	0	1	0	0	0	0	0	0	0	0	0	0	0	0	0	0	0	0	0	1	0	0	0	0	0	0	0	0	0	0	0	0	0	0	0	0	0	0	0	0	0	0	0	0	0	0	0	0	0	0	0	0	0	0	0	0	0	0	0	0	0	0	0	0	0	0	0	0	0	0	0	0	0	0	0	0	0	0	0	0	0	0	0	0	0	0	0	0	0	0	0	0	0	0	0	0	0	0	0	0	0	0	0	0	0	0	0	0	0	0	0	0	0	0	0	0	0	0	0	0	0	0	0	0	0	1	0	0	0	0	0	0	0	0	0	0	0	0	0	0	0	0	0	2	0	0	0	0	0	0	0	0	0	0	1	0	0	0	0	0	0	0	0	0	0	0	0	0	0	1	0	0	0	2	0	0	0	0	0	0	0	0	0	0	0	0	0	0	0	0	1	1	0	0	0	0	0	0	0	0	0	0	0	0	1	0	0	0	0	0	0	0	0	0	0	0	0	0	0	1	0	0	0	0	0	0	0	0	0	0	0	0	0	0	0	0	0	0	0	0	0	0	0	0	0	0	0	0	0	0	1	0	0	0	0	0	0	0	0	0	1	0	0	0	0	0	0	0	0	0
Root;Bacteria;Firmicutes_C;Negativicutes;Veillonellales;Veillonellaceae;Veillonella;unclassified_Veillonella	JQ448065.1.1401	0	0	0	0	0	0	1	0	0	0	0	0	0	0	0	0	0	0	0	0	0	0	0	0	0	0	0	0	0	0	0	0	0	0	0	1	0	0	1	0	0	0	0	0	0	0	0	0	0	0	0	0	0	0	0	0	0	0	0	0	0	0	0	0	0	0	0	0	0	0	0	0	0	0	0	0	0	0	0	0	0	0	0	0	0	0	0	0	0	0	0	0	0	0	0	0	0	0	0	0	0	0	0	0	0	0	0	0	0	0	0	0	0	0	0	0	0	0	0	0	0	0	0	0	0	0	0	0	0	0	0	0	0	0	0	0	0	0	0	0	0	0	1	0	0	0	0	0	0	0	0	0	0	0	0	0	0	0	0	0	0	0	0	0	0	2	0	0	0	0	0	0	0	0	0	0	0	0	0	0	0	0	2	1	0	0	0	0	0	0	0	0	0	0	0	0	0	0	0	0	0	0	0	0	0	0	0	0	0	0	0	0	0	0	0	0	0	0	0	0	0	0	0	0	0	0	0	0	0	0	0	0	0	0	0	0	0	0	0	0	0	0	0	0	0	0	0	0	0	0	0	0	0	0	0	0	0	0	0	0	0	0	0	0	2	0	0	0	0	1	0	0	0	0	0	0	0	0	0	0	0	0	0	0	0	0	0	0	0	0	0	0	0	0	0	0	0	0	0	0	0	0	0	0	0	0	0	0	0	0	0	0	0	0	0	0	0	0	0	0	0	0	0	0	0	0	0	0	0	0	0	0	0	0	0	0	0	2	0	0	0	0	0	16	0	0	0	0	0	0	0	0	0	0	11	0	0	0	0	0	0	0	0	0	0	0	0	0	0	0	0	0	0
Root;Bacteria;Firmicutes;Bacilli;Lactobacillales;Lactobacillaceae;Lactobacillus;Lactobacillus_mulieris	GQ009230.1.1385	0	0	0	0	0	0	0	0	0	0	0	0	0	0	0	0	0	0	0	0	0	0	0	0	0	0	0	0	0	0	0	0	0	0	0	0	0	0	0	0	0	0	0	0	0	0	0	0	0	0	0	0	0	0	0	0	0	0	0	0	0	0	0	0	0	0	0	0	0	0	0	0	0	0	0	0	0	0	0	0	0	0	0	0	0	0	0	0	0	0	0	0	0	0	0	0	0	0	0	0	0	0	0	0	0	0	0	0	0	0	0	0	0	0	0	0	0	0	0	0	0	0	0	0	0	0	0	0	0	0	0	0	0	0	0	0	0	0	0	0	0	0	0	0	0	0	0	0	0	0	0	0	0	0	0	0	0	0	0	0	0	0	0	0	0	0	0	0	0	0	0	0	0	0	0	0	0	0	0	0	0	0	0	0	0	0	0	0	0	0	0	0	0	0	0	0	0	0	0	0	0	0	0	0	0	0	0	0	0	0	0	0	0	0	0	0	0	0	0	0	0	0	0	0	0	0	0	0	0	0	0	0	0	0	0	0	0	0	0	0	0	0	0	0	0	0	0	0	0	0	0	0	0	0	0	0	0	0	0	0	0	0	0	0	0	0	0	0	0	0	0	0	0	0	0	0	0	0	0	0	0	0	1	0	0	0	0	0	0	0	0	0	0	0	0	0	0	0	0	3	0	0	0	0	0	0	0	0	0	0	0	0	0	0	0	0	0	0	0	0	0	0	0	0	0	0	0	0	0	0	0	0	0	0	1	0	0	0	0	0	0	0	0	0	0	0	0	0	0	0	0	0	0	0	0	0	0	0	0	0	0	0	0	0	0	0	0	0	0	0	0	0	0
Root;Bacteria;Fusobacteriota;Fusobacteriia;Fusobacteriales;Fusobacteriaceae;Fusobacterium;unclassified_Fusobacterium	JQ477944.1.1380	4	3	0	0	2	0	0	0	0	0	0	0	0	0	2	1	0	0	17	6	31	28	0	0	2	25	1	0	0	0	0	1	0	0	0	0	0	0	0	0	0	0	0	1	3	0	7	0	0	33	12	1	0	0	0	0	0	0	0	43	0	0	1	5	0	0	0	0	0	0	0	0	0	0	50	0	0	20	0	0	0	0	0	1	0	0	0	5	40	86	0	47	0	0	0	0	0	0	0	6	1	0	0	1	0	0	0	0	0	20	0	0	0	0	0	0	5	0	0	0	0	1	0	0	0	0	6	0	0	0	0	0	0	0	1	1	0	0	0	0	1	0	0	0	0	0	0	0	1	0	0	0	0	46	0	0	0	1	5	1	0	0	100	0	284	0	14	0	1	3	0	0	0	0	0	0	0	0	42	0	20	22	1	0	62	20	5	0	48	0	6	1	0	0	1	2	0	19	0	1	1	0	0	0	0	0	0	0	0	0	1	8	0	0	0	0	0	0	0	1	50	1	0	0	0	0	0	0	0	0	1	40	1	0	0	0	110	0	0	0	0	0	1	3	0	0	0	30	0	1	0	0	0	0	0	0	0	0	154	0	0	0	0	0	0	0	0	0	1	0	24	6	9	0	0	0	0	0	0	0	0	0	0	0	0	0	0	0	0	0	0	65	10	0	0	0	0	0	0	0	0	0	1	0	0	2	0	0	0	50	23	0	0	2	1	0	0	0	0	2	0	4	15	0	0	0	1	0	0	0	43	0	0	0	0	0	0	3	0	18	0	0	0	0	0	0	0	0	0	7	0	0	0	5	0	75	0	0	0	0	0	0	3	1	28	0	0	0	0	26	0	0	0
Root;Bacteria;Firmicutes_C;Negativicutes;Veillonellales;Veillonellaceae;Veillonella;unclassified_Veillonella	FJ470463.1.1526	2	0	0	0	0	0	1	0	0	1	0	0	0	0	0	0	0	0	0	0	0	0	0	0	0	0	0	0	0	0	0	0	1	1	1	0	0	0	0	0	0	0	0	1	0	0	0	0	2	0	1	5	0	0	0	0	0	1	0	0	0	0	0	3	0	1	0	1	0	0	0	0	0	0	0	3	0	1	0	0	0	3	0	0	0	1	0	0	0	1	0	0	0	1	0	0	0	0	0	1	0	0	1	0	0	0	0	0	0	0	0	4	0	0	1	0	0	0	0	0	0	1	0	1	0	0	1	0	0	0	0	0	0	0	0	0	0	0	2	0	0	0	0	0	0	2	0	0	0	0	0	0	0	0	0	0	0	0	0	0	0	0	0	0	0	0	0	0	0	6	0	0	0	1	0	0	0	0	0	0	2	1	0	0	0	1	0	0	0	0	4	1	0	0	0	0	0	0	0	0	2	1	0	0	0	0	0	1	1	4	6	0	0	1	0	0	1	2	0	2	1	0	0	0	0	0	3	0	7	0	0	0	0	0	1	0	1	0	0	0	0	0	3	1	0	0	1	0	0	0	0	0	0	0	0	1	0	0	0	0	0	0	0	0	0	0	0	0	1	0	0	0	0	0	0	0	4	0	0	0	21	0	0	0	0	0	1	0	0	0	0	1	0	0	0	0	0	0	0	0	0	0	0	2	7	12	2	0	0	6	1	0	0	0	0	0	0	4	1	0	0	0	0	0	0	0	0	0	0	0	0	0	0	0	0	0	0	0	0	0	1	0	1	0	0	5	0	0	0	0	0	0	0	0	0	0	0	0	0	0	0	0	0	0	0	4	1	0	0	4	14	0	5
Root;Bacteria;Bacteroidota;Bacteroidia;Bacteroidales;Bacteroidaceae;Bacteroides;unclassified_Bacteroides	EU762199.1.1370	0	0	0	0	0	0	0	0	0	0	0	0	0	0	0	0	0	0	0	0	0	0	0	0	0	0	0	0	0	0	0	0	0	0	0	0	0	0	0	0	0	0	0	0	0	0	0	0	0	0	0	0	0	0	0	0	0	0	0	0	0	0	0	0	0	0	0	0	0	0	0	0	0	0	0	0	0	0	0	0	0	0	0	0	0	0	0	0	0	0	0	0	0	0	0	0	0	0	0	0	0	0	0	0	0	0	0	0	0	0	0	0	0	0	0	0	0	0	0	0	0	0	0	0	0	0	0	0	0	0	0	0	0	0	0	0	0	0	0	0	0	0	0	0	0	0	0	0	0	0	0	0	0	0	0	0	0	0	0	0	0	0	0	0	0	0	0	0	0	0	0	0	0	0	0	0	0	1	0	0	0	0	0	0	0	0	0	0	0	0	0	0	0	0	0	0	0	0	0	0	0	0	0	0	0	0	0	0	0	0	0	0	0	0	0	0	0	0	0	0	0	0	0	0	0	0	0	0	0	0	0	0	0	0	0	0	0	0	0	0	0	0	0	0	0	0	0	0	0	0	0	0	0	0	0	0	0	0	0	0	0	0	0	0	0	0	0	0	0	0	0	0	0	0	0	0	0	0	0	0	0	0	0	0	0	0	0	0	0	0	0	0	0	0	0	0	0	0	0	0	0	0	0	0	0	0	0	0	0	0	0	0	0	0	0	0	0	0	0	0	0	0	0	0	0	0	0	0	0	0	0	0	0	0	0	0	0	0	0	0	0	0	0	0	0	0	0	0	0	0	0	0	0	0	0	0	0	0	0	0	0	0	0	0	0	0	0	0	0	0	0	0	0
Root;Bacteria;Actinobacteriota;Actinomycetia;Actinomycetales;Actinomycetaceae;Actinomyces;unclassified_Actinomyces	JQ477996.1.1420	2	2	2	0	0	1	0	0	0	0	2	1	0	0	0	0	0	0	0	0	0	0	0	0	0	0	0	0	0	2	0	0	0	0	0	0	21	14	0	2	0	0	0	0	1	0	0	0	1	0	0	0	3	0	5	3	0	0	8	3	0	0	10	1	0	0	0	0	0	1	0	0	0	0	21	0	2	0	3	0	3	0	0	5	0	0	4	0	0	3	0	1	0	0	0	0	0	3	0	0	0	4	1	0	1	1	2	0	0	0	0	1	4	0	0	0	3	0	1	0	0	1	0	0	1	0	11	0	0	0	0	0	0	0	0	1	0	1	0	0	0	0	0	0	0	0	0	0	1	0	1	0	20	0	0	0	0	0	1	0	0	0	0	0	2	0	0	1	0	0	0	0	0	0	0	0	0	0	0	0	0	0	0	0	4	0	0	2	0	0	0	0	1	0	1	3	0	0	1	0	0	0	4	0	0	0	0	0	0	0	0	0	0	0	0	0	0	0	0	0	0	0	0	0	0	0	1	3	0	7	0	0	0	4	0	0	3	0	0	0	0	0	1	0	4	0	0	1	0	3	0	0	0	0	1	4	0	0	0	2	0	0	1	0	0	0	0	0	0	0	0	0	0	0	0	0	0	0	0	0	1	0	0	0	13	0	0	0	0	0	0	1	0	0	1	4	2	1	0	0	0	0	0	0	30	0	0	1	0	2	0	0	0	23	18	3	1	0	0	0	0	0	2	0	18	0	1	0	0	0	6	0	0	0	0	0	0	0	0	5	0	0	0	0	0	1	0	5	0	2	0	0	0	0	0	9	0	4	0	0	0	0	0	0	3	0	0	0	0	0	0	0	1
Root;Bacteria;Fusobacteriota;Fusobacteriia;Fusobacteriales;Fusobacteriaceae;Fusobacterium;unclassified_Fusobacterium	JQ467354.1.1339	3	3	3	1	3	0	1	0	3	1	4	2	0	4	4	4	0	0	2	0	2	0	6	3	4	3	8	0	0	0	0	1	4	3	0	0	4	4	0	4	0	0	0	8	2	1	0	0	2	0	0	0	6	0	3	2	0	6	1	5	1	1	8	0	0	1	0	0	0	1	1	1	0	0	22	1	2	2	1	0	1	7	3	8	1	0	2	4	0	1	0	2	1	0	0	0	1	0	0	0	0	4	11	0	0	2	0	0	0	7	16	7	8	3	1	0	6	0	0	8	0	0	0	0	4	2	1	0	1	0	0	2	1	0	0	2	1	2	0	0	0	0	0	1	0	2	0	0	0	33	13	6	2	3	1	2	0	3	1	1	3	4	8	4	9	0	1	0	1	8	0	0	0	1	0	0	0	2	5	0	22	2	0	3	2	12	1	2	23	0	2	3	1	2	4	1	3	9	0	0	0	0	1	1	0	0	1	12	0	8	0	0	1	4	0	0	0	0	1	0	1	0	0	0	0	0	0	2	6	20	12	21	14	1	6	0	5	59	1	2	1	0	4	4	9	0	1	5	8	1	0	0	1	5	0	0	0	2	1	17	1	15	1	0	0	2	3	0	3	5	2	0	1	0	1	0	0	5	2	1	1	3	0	0	0	1	3	0	2	0	0	2	0	0	11	3	0	0	16	0	1	4	6	0	110	0	3	3	0	6	3	4	0	2	4	6	0	3	3	0	0	5	1	1	1	0	1	0	0	1	1	0	0	0	0	1	0	14	0	4	1	1	0	0	0	0	1	31	6	0	0	0	3	4	0	9	0	1	1	1	10	2	23	2	7	2	12	0	0	0	0	2	1
Root;Bacteria;Bacteroidota;Bacteroidia;Flavobacteriales;Flavobacteriaceae;Capnocytophaga;unclassified_Capnocytophaga	U42009.1.1450	0	0	0	0	0	0	0	0	0	0	0	0	0	0	0	0	0	0	0	0	0	0	0	0	0	0	0	0	0	0	0	0	0	0	0	0	0	0	0	0	0	0	0	0	0	0	0	0	0	0	0	0	0	0	0	0	0	0	0	0	0	0	0	0	0	0	0	0	0	0	0	0	0	0	0	0	1	0	0	0	0	0	0	0	0	0	1	0	0	1	0	0	0	0	0	0	0	0	0	0	0	0	0	0	0	0	0	0	0	0	0	0	0	0	0	0	0	0	0	0	0	0	0	0	0	0	0	0	0	0	0	0	0	0	0	0	0	0	0	0	0	0	0	0	0	0	0	0	0	0	0	0	0	0	0	0	0	0	0	0	0	0	0	0	0	0	0	0	0	0	0	0	0	0	0	0	0	0	0	0	0	1	0	0	0	0	0	0	0	0	0	0	0	0	0	0	0	0	0	0	0	1	0	0	0	0	1	0	0	0	0	0	0	0	0	0	0	0	0	0	0	0	0	0	0	0	0	0	0	0	0	0	0	0	1	0	0	0	1	0	0	0	0	0	0	0	0	0	0	0	0	0	0	0	0	0	0	0	0	0	0	0	0	0	0	0	0	0	0	0	0	0	0	0	0	0	0	0	0	0	0	0	0	0	0	0	0	0	0	0	0	0	0	0	0	0	0	0	0	0	0	0	0	0	0	0	0	0	0	0	0	0	0	0	0	0	0	1	0	0	0	0	0	0	0	0	0	0	0	0	0	0	0	0	0	0	0	0	0	0	0	0	0	0	0	0	0	0	0	0	0	0	0	0	0	0	0	0	0	0	0	0	0	0	0	0	0	0	0	0	0	0	0
Root;Bacteria;Actinobacteriota;Actinomycetia;Actinomycetales;Actinomycetaceae;Actinomyces;unclassified_Actinomyces	JQ450650.1.1403	0	0	0	0	0	0	0	0	0	0	0	0	0	0	0	0	0	0	0	0	0	0	0	0	0	0	0	0	0	0	0	0	0	0	0	0	0	0	0	0	0	0	0	0	0	0	2	0	0	0	1	0	0	0	0	0	0	0	0	0	0	0	0	0	0	0	0	0	0	0	0	0	1	0	0	0	2	0	0	0	1	0	0	0	0	0	0	0	0	0	0	0	0	0	0	0	0	0	0	0	0	0	0	1	0	0	0	0	0	0	0	0	0	0	0	0	0	0	1	0	0	8	0	0	0	0	0	0	0	0	1	0	0	0	0	0	0	0	0	0	0	0	1	0	0	0	0	0	0	0	0	0	0	0	0	0	0	0	0	0	0	0	0	0	0	0	0	0	0	0	0	0	0	0	0	0	0	0	0	0	0	0	0	0	0	0	0	0	0	0	0	0	0	0	0	0	0	0	0	0	0	0	0	0	0	0	0	0	0	0	0	0	0	0	0	0	0	0	0	0	0	0	0	0	0	0	0	0	1	0	0	0	0	0	0	0	0	0	0	0	0	0	1	0	0	0	0	0	0	0	0	0	0	0	0	0	0	0	0	0	0	0	0	0	0	0	0	0	0	0	0	0	0	0	0	0	0	0	0	1	0	0	0	0	0	0	0	0	0	0	0	0	0	0	0	0	0	0	0	0	0	0	0	0	0	0	0	0	0	0	0	0	0	0	0	0	0	0	0	0	0	0	0	0	0	0	1	0	0	0	0	0	0	0	0	0	0	0	0	0	0	0	0	0	0	0	0	0	0	0	0	0	0	0	0	0	0	0	0	0	0	0	0	3	0	0	0	0	0	0	0	1	1
Root;Bacteria;Fusobacteriota;Fusobacteriia;Fusobacteriales;Leptotrichiaceae;Leptotrichia;unclassified_Leptotrichia	AY349385.1.1504	0	1	0	0	0	0	0	2	0	0	0	0	0	0	0	0	0	0	0	0	0	0	2	0	15	0	0	0	0	0	0	0	0	0	0	3	0	0	0	0	0	0	0	14	0	0	0	0	1	0	0	2	0	0	0	0	0	7	0	0	0	0	0	2	0	0	1	0	0	0	0	0	0	0	0	4	0	0	0	0	0	0	0	0	1	2	0	0	0	0	0	0	0	0	0	0	0	0	0	2	1	1	1	1	0	0	0	0	0	0	0	0	0	0	0	0	2	0	0	2	0	0	0	0	0	0	0	0	0	0	0	0	0	0	0	0	0	0	0	0	0	0	0	0	0	0	0	0	2	0	0	0	0	0	0	0	0	0	0	0	0	0	0	0	0	1	0	0	0	0	0	0	0	0	0	0	0	0	0	0	0	0	0	0	0	1	0	0	0	0	4	5	0	0	0	0	0	0	1	0	0	0	0	0	0	0	0	0	0	1	0	0	0	8	0	0	6	5	0	0	1	2	0	0	0	0	0	0	0	0	0	0	0	0	0	0	0	1	0	0	0	0	0	0	0	1	0	0	0	0	0	0	0	0	0	0	0	0	0	0	0	0	0	0	0	0	0	2	5	0	0	3	0	0	0	0	0	0	0	0	5	0	0	1	0	0	7	0	0	0	0	0	0	0	0	0	0	0	0	0	0	0	0	0	9	7	1	0	0	1	0	2	0	0	0	92	76	0	0	0	0	0	0	0	0	0	0	0	0	0	0	0	1	0	0	0	0	0	0	0	0	0	0	0	0	1	0	0	0	0	1	0	0	1	0	1	0	0	0	0	0	0	0	0	0	0	0	1	0	3	2	0	1
Root;Bacteria;Firmicutes_A;Clostridia;Oscillospirales;Ruminococcaceae;Ruminococcus_D;Ruminococcus_D_bicirculans	DQ807011.1.1390	0	0	0	0	0	0	0	0	0	0	0	0	0	0	0	0	0	0	0	0	0	0	0	0	0	0	0	0	0	0	0	0	0	0	0	0	0	0	0	0	0	0	0	0	0	0	0	0	0	0	0	0	0	0	0	0	0	0	0	1	0	0	0	0	0	0	0	0	0	0	0	0	0	0	0	0	0	0	0	0	0	0	0	0	0	0	0	0	0	0	0	0	0	0	0	0	0	0	0	0	0	0	0	0	0	0	0	0	0	0	0	0	0	0	0	0	0	0	0	0	0	0	0	0	0	0	0	0	0	0	0	0	0	0	0	0	0	0	0	0	0	0	0	0	0	0	0	0	0	0	0	0	0	0	0	0	0	0	0	0	0	0	0	0	0	0	0	0	0	0	0	0	0	0	0	0	0	1	0	0	0	0	0	0	0	0	0	0	0	0	0	0	0	0	0	0	0	0	0	0	0	0	0	0	0	0	0	0	0	0	0	0	0	0	0	0	0	0	0	0	0	0	0	0	0	0	0	0	0	0	0	0	0	0	0	0	0	0	0	0	0	0	0	0	0	0	0	0	0	0	0	0	0	0	0	0	0	0	0	0	0	0	0	0	0	0	0	0	0	0	0	0	0	0	0	0	0	0	0	0	0	0	0	0	0	0	0	0	0	0	0	0	0	0	0	0	0	0	0	0	0	0	0	0	0	0	0	0	0	0	0	0	0	0	0	0	0	0	0	0	0	0	0	0	0	0	0	0	0	0	0	0	0	0	0	0	0	0	0	0	0	0	0	0	1	0	0	0	0	0	0	0	0	0	0	0	0	0	0	0	0	0	0	0	0	0	0	0	0	0	0	0	0
Root;Bacteria;Firmicutes;Bacilli;Lactobacillales;Lactobacillaceae;Lactobacillus;unclassified_Lactobacillus	EF653406.1.1489	0	0	0	0	0	0	0	0	0	0	0	0	0	0	0	0	0	0	0	0	0	0	0	0	0	0	0	0	0	0	0	0	0	0	0	0	0	0	0	0	0	0	0	0	0	0	0	0	0	0	0	0	0	0	0	0	0	0	0	0	0	0	0	0	0	0	0	0	0	0	0	0	0	0	0	0	0	0	0	0	0	0	0	0	0	0	0	0	0	0	0	0	0	0	0	0	0	0	0	0	0	0	0	0	0	0	0	0	0	0	0	0	0	0	0	0	0	0	0	0	0	0	0	0	0	0	0	1	0	0	0	0	0	0	0	0	0	0	0	0	0	0	0	0	0	0	0	0	0	0	0	0	0	0	0	0	0	0	0	0	0	0	0	0	0	0	0	0	0	0	0	0	0	0	0	0	0	0	0	0	0	0	0	0	0	0	0	0	0	0	0	0	0	0	0	0	0	0	0	0	0	0	0	0	0	0	0	0	0	0	0	0	0	0	0	0	0	0	0	0	0	0	0	0	0	0	0	0	0	0	0	0	0	0	0	0	0	0	0	0	0	0	0	0	0	0	0	0	0	0	0	0	0	0	0	0	0	0	0	0	0	0	0	0	0	0	0	0	0	0	0	0	0	0	0	0	0	0	0	0	0	0	0	0	0	0	0	0	0	0	0	0	0	0	0	0	0	0	0	0	0	0	0	0	0	0	0	0	0	0	0	0	0	0	0	0	0	0	0	0	0	0	0	0	0	0	0	0	0	0	0	0	0	0	0	0	0	0	0	0	0	0	0	0	0	0	0	0	0	0	0	0	0	0	0	0	0	0	0	0	0	0	0	0	0	0	0	0	0	0	0	0	0
Root;Bacteria;Proteobacteria;Gammaproteobacteria;Enterobacterales;Pasteurellaceae;Haemophilus_D;Haemophilus_D_parainfluenzae_N	FM995704.1.1414	1	2	95	120	1	3	4	5	18	15	2	0	28	14	56	74	688	854	2	5	63	69	11	14	57	1	2	20	13	54	0	4	41	13	1	25	15	18	122	17	77	85	68	13	182	407	53	37	5	49	7	3	54	513	307	235	92	2	209	1	28	8	499	419	61	52	7	24	21	4	393	185	131	81	2	0	0	1	22	0	6	25	139	36	1	0	4	181	0	4	0	3	32	13	61	0	238	71	0	29	0	8	15	25	3	24	6	382	0	11	40	57	109	22	99	0	6	0	1	1	0	83	26	28	19	10	3	73	96	0	977	30	5	22	0	26	23	8	1	0	0	0	21	3	1	2	0	3	4	18	44	3	24	3	1	0	3	5	0	0	6	153	81	33	81	73	14	0	0	158	28	0	6	144	1	7	0	14	20	3	127	39	145	161	4	0	0	3	3	0	0	0	31	14	70	74	14	16	0	3	1	1	3	0	0	3	63	0	4	7	30	7	58	0	18	0	0	2	8	11	15	0	40	0	18	0	0	17	7	7	2	12	20	272	46	0	2	24	0	7	12	0	25	4	28	2	6	15	10	132	205	233	27	3	0	0	0	66	80	83	140	14	34	273	0	0	0	0	0	53	3	0	72	277	23	1	17	13	23	0	11	86	66	0	18	666	21	108	0	147	333	2	0	25	107	9	14	9	8	32	0	3	21	0	19	127	1	25	0	8	0	3	208	0	0	0	0	18	1	76	57	22	55	63	294	0	26	72	79	227	11	0	79	114	12	5	0	6	41	131	2	0	2	16	41	2	1	3	0	0	27	60	23	6	224	11	22	1	1160	189	3	8	18	154	8	0	46	0	0	2	10	54	0
Root;Bacteria;Firmicutes;Bacilli;Lactobacillales;Aerococcaceae;Abiotrophia;unclassified_Abiotrophia	JQ455398.1.1416	0	0	0	0	0	1	0	0	0	0	0	0	0	0	1	1	0	0	0	0	0	0	0	0	3	2	0	0	0	0	0	0	1	0	0	1	3	2	2	8	6	2	2	7	2	30	2	14	3	1	2	0	0	46	4	4	3	0	0	0	1	2	0	0	0	3	1	0	0	14	7	0	0	0	0	0	0	1	0	0	0	0	14	0	0	0	0	0	0	0	0	1	4	0	3	1	0	2	0	0	0	0	0	0	0	0	0	0	0	0	0	0	0	1	2	0	0	0	1	1	0	0	0	1	5	7	0	9	5	0	1	0	2	0	0	0	0	0	2	0	0	0	0	1	1	0	0	0	0	0	7	0	1	0	0	0	17	0	0	0	0	0	4	2	4	0	0	0	0	0	0	0	1	4	0	0	0	0	3	0	0	0	2	2	0	0	0	0	2	0	0	0	0	0	1	0	0	0	0	10	0	0	0	0	0	0	0	1	0	0	15	0	0	0	0	0	0	0	0	1	2	0	8	0	0	0	0	0	0	0	0	1	1	0	0	0	0	0	0	0	0	0	1	0	0	0	2	2	0	3	3	0	0	0	0	0	0	24	4	0	0	0	0	0	0	0	0	0	0	0	0	0	2	0	0	0	0	1	0	0	2	18	3	0	0	0	0	43	0	5	4	0	0	0	0	0	0	0	1	12	0	0	1	0	0	0	1	0	0	3	0	0	0	1	2	0	0	0	0	0	8	0	0	1	0	0	0	5	0	0	1	0	16	34	3	1	0	2	0	4	0	0	0	0	0	0	0	0	0	0	1	0	0	3	2	0	0	0	0	0	0	0	1	17	0	0	8	1	0	0	2	42	0
Root;Bacteria;Bacteroidota;Bacteroidia;Bacteroidales;Bacteroidaceae;Prevotella;Prevotella_baroniae	FJ940882.1.1455	5	5	0	0	0	0	0	0	0	0	0	0	5	9	0	0	0	0	0	0	0	0	0	0	1	0	0	0	0	0	0	0	0	0	0	0	0	0	0	0	0	0	0	0	0	0	0	0	1	0	0	0	0	0	0	0	0	0	0	0	0	0	0	0	0	0	0	0	0	0	0	0	0	0	0	0	0	0	0	0	0	0	0	2	0	0	0	0	0	0	0	0	0	0	0	0	0	2	0	0	0	0	0	0	0	1	0	0	0	0	0	0	0	0	0	0	0	0	0	0	0	0	0	0	0	0	0	0	0	0	0	0	0	0	0	0	0	0	0	0	0	0	0	0	0	0	0	0	0	0	0	0	0	0	0	0	0	0	0	0	1	0	0	0	0	0	0	0	0	0	0	0	0	0	0	0	0	0	0	0	0	0	0	0	0	0	0	0	0	0	0	0	0	0	0	0	0	0	9	0	0	0	0	7	0	0	0	0	0	0	0	0	0	0	0	0	0	0	0	0	0	0	0	0	0	0	0	0	0	0	0	0	0	0	0	0	0	0	0	0	0	0	0	0	0	0	0	0	0	0	0	0	27	0	0	0	0	0	0	0	0	0	0	0	0	0	0	0	0	0	0	0	0	0	0	0	0	0	0	0	0	0	0	2	0	0	0	0	0	0	0	5	1	0	0	0	8	1	0	0	0	0	0	1	1	0	0	0	0	0	0	0	0	0	0	0	0	0	0	0	0	0	0	0	0	0	0	0	0	0	0	0	0	0	0	0	0	0	0	0	0	0	0	0	0	0	0	0	0	0	0	0	1	7	0	0	0	8	0	0	0	0	0	0	0	6	0	0	0	0	0	0	0
Root;Bacteria;Bacteroidota;Bacteroidia;Bacteroidales;Rikenellaceae;Alistipes;Alistipes_sp902363575	AY916286.1.1353	0	0	0	0	0	0	0	0	0	0	0	0	0	0	0	0	0	0	0	0	0	0	0	0	0	0	0	0	0	0	0	0	0	0	0	0	0	0	0	0	0	0	0	0	0	0	0	0	0	0	0	0	0	0	0	0	0	0	0	0	0	0	0	0	0	0	0	0	0	0	0	0	0	0	0	0	0	0	0	0	0	0	0	0	0	0	0	0	0	0	0	0	0	0	0	0	0	0	0	0	0	0	0	0	0	0	0	0	0	0	0	0	0	0	0	0	0	0	0	0	0	0	0	0	0	0	0	0	0	0	0	0	0	0	0	0	0	0	0	0	0	0	0	0	0	0	0	0	0	0	0	0	0	0	0	0	0	0	0	0	0	0	0	0	0	0	0	0	0	0	0	0	0	0	0	0	0	0	0	0	0	0	0	0	0	0	0	0	0	0	0	0	0	0	0	0	0	0	0	0	0	0	0	0	0	0	0	0	0	0	0	0	0	0	0	0	0	0	0	0	0	0	0	0	0	0	0	0	0	0	0	0	0	0	0	0	0	0	0	0	0	0	0	0	0	0	0	0	0	0	0	0	0	0	0	0	0	0	0	0	0	0	0	0	0	0	0	0	0	0	0	0	0	1	0	0	0	0	0	0	0	0	0	0	0	0	0	0	0	0	0	0	0	0	0	0	0	0	0	0	0	0	0	0	0	0	0	0	0	0	0	0	0	0	0	0	0	0	0	0	0	0	0	0	0	0	0	0	0	0	0	0	0	0	0	0	0	0	0	0	0	0	0	0	0	0	0	0	0	0	0	0	0	0	0	0	0	0	0	0	0	0	0	0	0	0	0	0	0	0	0	0	0
Root;Bacteria;Bacteroidota;Bacteroidia;Bacteroidales;Porphyromonadaceae;Porphyromonas;unclassified_Porphyromonas	JQ451079.1.1389	0	0	0	0	1	0	0	0	0	0	0	0	0	0	0	2	0	0	0	0	0	0	0	3	0	0	0	0	0	0	0	0	0	1	0	0	0	0	0	0	0	0	0	1	0	0	0	0	0	0	0	0	0	0	0	0	0	0	0	0	0	0	1	0	0	0	0	0	0	0	0	0	0	0	0	0	0	0	0	0	0	0	0	0	0	0	0	0	0	0	0	0	0	0	0	0	0	0	0	0	0	0	2	0	0	0	0	0	0	0	0	0	0	0	0	0	2	0	0	1	0	0	1	0	1	3	1	0	0	0	0	0	0	0	0	0	0	0	0	0	0	0	0	3	0	0	0	0	0	0	0	3	0	0	0	0	0	0	0	0	0	0	0	0	0	1	0	0	0	0	0	0	0	0	0	0	0	0	0	0	1	0	1	2	0	0	0	0	0	0	0	0	0	0	0	0	0	1	0	0	0	0	0	0	0	1	0	1	0	0	0	0	0	0	0	1	1	0	0	0	1	1	0	1	0	0	0	0	0	0	0	1	0	0	0	0	0	0	0	0	1	0	0	0	0	0	0	0	0	0	0	0	0	0	0	0	0	1	0	0	0	0	0	0	0	0	0	0	0	2	0	0	0	0	0	0	0	0	0	0	0	0	0	0	0	0	0	0	0	0	0	0	0	0	0	0	0	0	0	0	0	0	0	0	2	0	0	0	0	1	0	0	0	0	0	0	0	0	0	0	0	0	0	1	0	0	0	0	1	1	0	0	0	0	0	0	0	0	0	0	0	0	0	0	0	0	0	0	0	1	0	1	0	0	0	0	0	0	0	0	0	1	1	1	0	1	1	0	0	3	0	0	0
Root;Bacteria;Fusobacteriota;Fusobacteriia;Fusobacteriales;Fusobacteriaceae;Fusobacterium;unclassified_Fusobacterium	JQ468017.1.1370	0	0	0	0	0	0	0	0	0	0	0	0	0	0	0	0	0	0	0	0	0	0	0	0	0	0	0	0	0	0	0	0	0	0	0	0	0	0	0	0	0	0	0	0	0	0	0	0	0	0	0	0	0	0	0	0	0	0	0	0	0	0	0	0	0	0	0	0	0	0	0	0	0	0	0	0	0	0	0	0	0	0	0	0	0	0	0	0	0	0	0	0	0	0	0	0	0	0	0	0	0	0	0	0	0	0	0	0	0	0	0	0	0	0	0	0	0	0	0	0	0	0	0	0	0	0	0	0	0	0	0	0	0	0	0	0	0	0	0	0	0	0	0	0	0	0	0	1	0	0	0	0	0	0	0	0	0	0	0	0	0	0	0	0	0	0	0	0	0	0	0	0	0	0	0	0	0	0	0	0	0	0	0	0	0	0	0	0	0	0	0	0	0	0	0	0	0	0	0	0	0	0	0	0	0	0	0	0	0	0	0	0	0	0	0	0	0	0	0	0	0	0	0	0	0	0	0	1	0	0	0	0	0	0	0	0	0	0	0	0	0	0	0	0	0	0	0	0	0	0	0	0	0	0	0	0	0	0	0	0	0	0	0	0	0	0	0	0	0	0	0	0	0	0	0	0	0	0	0	0	0	0	0	0	0	0	0	0	0	0	0	0	0	0	0	0	0	0	0	0	0	0	0	0	0	0	0	0	0	0	0	0	0	0	0	0	0	0	0	0	0	0	0	0	0	0	0	0	0	0	0	0	0	0	0	0	0	0	0	0	0	0	0	0	0	0	0	0	0	0	0	0	0	0	0	0	0	0	0	0	0	0	0	0	0	0	0	0	0	0	0	0	0
Root;Bacteria;Bacteroidota;Bacteroidia;Flavobacteriales;Flavobacteriaceae;Capnocytophaga;Capnocytophaga_sputigena	JF143288.1.1346	2	2	53	55	0	0	0	0	1	3	3	3	12	11	3	6	1	0	3	1	7	8	2	1	2	13	18	0	0	31	0	2	8	1	1	0	1	1	1	6	22	15	0	16	0	37	27	12	45	3	1	1	10	11	1	2	0	23	4	2	0	5	144	1	31	41	8	12	4	2	16	18	3	42	21	3	8	10	0	0	2	7	7	5	9	2	32	1	5	10	0	17	17	1	8	0	1	10	0	2	0	1	2	3	21	11	0	13	0	48	2	0	4	62	21	0	10	0	14	8	0	2	4	6	0	2	6	35	29	0	29	5	6	3	0	1	15	5	4	0	0	0	1	15	8	37	1	13	4	63	30	15	5	12	17	7	0	3	1	1	0	13	32	7	6	2	4	2	20	167	0	0	10	0	0	14	6	4	11	0	6	10	3	2	0	0	0	1	0	0	1	2	0	1	2	3	86	29	2	14	1	0	8	11	0	30	0	10	7	18	2	0	0	0	1	0	9	10	4	10	31	0	27	1	1	0	0	11	10	4	0	48	4	29	14	0	5	3	3	0	4	0	24	1	0	0	19	27	8	14	9	12	2	51	0	47	0	25	0	1	9	32	1	21	0	8	30	0	0	2	18	0	9	2	0	149	0	2	9	5	5	20	106	4	3	4	0	11	5	128	13	30	3	92	0	18	2	0	7	1	21	22	27	0	3	0	0	10	0	99	16	0	3	21	14	0	0	120	11	8	9	15	0	10	15	0	7	1	8	24	32	0	2	3	24	11	1	121	3	16	44	0	0	24	11	7	23	104	12	0	7	2	20	14	1	12	2	12	48	2	2	10	13	28	35	3	6	0	0	3	2	4	0
Root;Bacteria;Firmicutes_A;Clostridia;Lachnospirales;Lachnospiraceae;Lachnospira;Lachnospira_rogosae_A	HQ769829.1.1443	0	0	0	0	0	0	0	0	0	0	0	0	0	0	0	0	0	0	0	0	0	0	0	0	0	0	0	0	0	0	0	0	0	0	0	0	0	0	0	0	0	0	0	0	0	0	0	0	0	0	0	0	0	0	0	0	0	0	0	0	0	0	0	0	0	0	0	0	0	0	0	0	0	0	0	0	0	0	0	0	0	0	0	0	0	0	0	0	0	0	0	0	0	0	0	0	0	0	0	0	0	0	0	0	0	0	0	0	0	0	0	0	0	0	0	0	0	0	0	0	0	0	0	0	0	0	0	0	0	0	0	0	0	0	0	0	0	1	0	0	0	0	0	0	0	0	0	0	0	0	0	0	0	0	0	0	0	0	0	0	0	0	0	0	0	0	0	0	0	0	0	0	0	0	0	0	0	0	0	0	0	0	0	0	0	0	0	0	0	0	0	0	0	1	0	0	0	0	0	0	0	0	0	0	0	0	0	0	0	0	0	0	0	0	0	0	0	0	0	0	0	0	0	0	0	0	0	0	0	0	0	0	0	0	0	0	0	0	0	0	0	0	0	0	0	0	0	0	0	0	0	0	0	0	0	0	0	0	0	0	0	0	0	0	0	0	0	0	0	0	0	0	0	1	0	0	0	0	0	0	0	0	0	0	0	0	0	0	0	0	0	0	0	0	0	0	0	0	0	0	0	0	0	0	0	0	0	0	0	0	0	0	0	0	0	0	0	0	0	0	0	0	0	0	0	0	0	0	0	0	0	0	0	0	0	0	0	0	0	0	0	0	0	0	0	0	0	0	0	0	0	0	0	0	0	0	0	0	0	0	0	0	0	0	0	0	0	0	0	0	0	0	0
Root;Bacteria;Firmicutes;Bacilli;Staphylococcales;Gemellaceae;Gemella;unclassified_Gemella	JQ452498.1.1373	1	2	8	21	1	2	0	0	3	6	3	0	1	3	2	2	1	1	7	6	0	0	2	4	0	1	5	2	1	2	0	1	3	3	2	0	40	52	15	2	31	16	1	42	4	43	4	0	6	0	0	0	11	1	9	11	0	9	0	12	5	6	38	7	11	10	12	2	2	2	15	0	3	0	3	2	7	7	4	0	5	6	11	4	13	17	3	4	3	0	0	2	4	0	6	0	11	17	0	2	0	14	0	4	2	18	0	4	0	6	1	8	3	1	9	0	9	0	9	28	0	18	3	1	15	12	1	7	10	0	2	3	1	2	0	5	9	19	1	0	0	0	2	1	3	3	0	5	3	9	11	6	2	1	0	3	5	0	0	1	0	2	5	3	2	4	2	0	1	13	3	0	5	7	0	0	1	0	3	14	2	0	45	32	2	1	0	0	11	0	7	9	0	0	1	2	3	3	4	10	0	1	19	2	0	0	0	16	1	0	3	2	0	9	0	0	8	7	0	5	0	0	6	0	0	0	2	5	0	2	5	14	4	5	6	0	0	2	10	1	2	0	7	5	8	5	5	33	14	14	22	1	3	5	0	8	0	28	8	14	0	2	6	0	0	0	0	0	0	1	1	0	7	1	0	2	1	11	21	5	3	0	0	2	5	4	17	18	1	8	18	12	0	1	3	8	0	3	12	0	1	8	14	0	74	2	12	0	0	45	5	11	0	61	56	1	0	9	1	2	1	2	2	4	34	0	13	4	1	3	4	0	4	3	17	3	1	28	6	39	8	0	0	0	2	0	0	4	0	2	4	3	10	4	3	11	4	0	4	0	20	2	14	16	4	6	5	0	0	0	3	9	0
Root;Bacteria;Bacteroidota;Bacteroidia;Flavobacteriales;Flavobacteriaceae;Capnocytophaga;unclassified_Capnocytophaga	FJ773364.1.1385	0	0	0	0	0	0	0	0	0	0	0	0	6	6	0	0	0	0	0	0	5	11	0	0	4	0	5	0	0	0	0	22	0	0	0	4	0	0	141	0	30	24	66	0	0	3	0	0	0	110	0	0	0	0	0	0	0	0	7	18	9	0	27	0	54	53	0	51	40	0	86	0	10	6	4	0	0	5	0	0	1	0	4	2	0	0	0	0	0	0	0	7	41	0	1	1	3	1	0	0	0	0	1	0	0	1	0	0	0	0	3	29	0	0	3	0	1	0	123	128	0	0	0	1	8	12	20	2	10	0	0	10	0	0	0	0	0	0	0	0	0	0	0	0	5	0	0	0	7	34	201	0	0	0	0	0	0	0	0	0	0	0	0	73	2	4	2	0	5	0	0	0	0	0	0	0	0	0	0	0	0	0	2	2	0	5	2	0	0	0	0	0	0	0	30	40	0	0	0	0	0	1	0	1	0	2	0	1	0	0	0	0	0	1	0	0	0	0	0	0	2	0	0	0	0	0	0	6	3	2	0	13	7	260	0	0	19	0	3	1	0	0	2	0	20	0	14	33	0	38	0	0	0	0	0	0	0	0	0	21	6	0	13	0	0	5	13	0	0	0	18	4	52	0	0	5	1	0	0	0	1	2	0	1	0	85	2	16	0	0	0	0	0	0	0	0	0	0	48	5	0	0	19	0	0	0	0	0	0	6	0	0	0	0	0	0	0	0	0	0	3	16	0	2	0	0	9	25	0	0	222	0	0	0	3	0	0	0	0	0	0	0	0	0	3	0	9	19	1	0	6	0	8	16	5	0	2	0	0	0	0	60	1	1	102	0	71	0	0	0	3	0	0
Root;Bacteria;Firmicutes;Bacilli;Lactobacillales;Streptococcaceae;Streptococcus;unclassified_Streptococcus	JF154482.1.1370	0	0	0	0	0	0	0	0	0	0	0	0	0	0	0	0	0	0	0	0	0	0	0	0	0	0	0	0	0	0	0	0	0	0	0	0	0	0	2	1	0	0	0	0	0	1	0	0	0	0	0	0	0	0	0	0	0	0	0	0	0	0	0	0	0	0	0	0	0	0	0	0	0	0	0	0	0	0	1	0	0	0	0	0	0	0	0	0	0	0	0	0	0	0	0	0	0	0	0	0	0	0	0	0	0	0	0	0	0	0	0	0	0	0	0	0	0	0	0	0	0	0	0	0	0	0	0	0	0	0	0	0	0	0	0	0	0	0	0	0	0	0	0	0	0	0	0	0	0	0	0	0	0	0	0	0	0	0	0	0	0	0	0	0	0	0	0	0	0	0	0	0	0	0	0	0	0	10	0	0	0	0	0	0	0	0	0	0	0	0	0	0	0	0	0	0	0	0	0	0	0	0	0	0	0	0	0	0	0	0	0	0	0	0	0	0	0	0	0	0	0	0	0	0	0	0	0	0	0	0	0	0	0	0	0	0	0	0	0	0	0	0	0	0	0	0	0	0	0	0	0	0	0	0	0	0	0	0	0	0	0	2	0	0	0	0	0	0	0	0	0	0	0	0	0	0	0	0	0	0	0	0	0	0	0	0	0	0	0	0	0	0	0	0	0	0	0	0	0	0	0	0	0	0	0	0	0	1	0	0	0	0	0	0	0	0	0	0	0	0	0	0	2	0	0	0	0	0	0	0	0	0	0	0	0	0	0	0	0	0	0	0	0	0	0	0	0	0	0	0	0	0	0	0	4	0	0	0	0	0	0	0	0	2	0	0	0	0	0	0	0	0	0
Root;Bacteria;Firmicutes;Bacilli;Staphylococcales;Gemellaceae;Gemella;unclassified_Gemella	JF020329.1.1378	0	0	0	0	0	0	0	0	0	0	0	0	0	0	0	0	0	0	0	0	0	0	0	0	0	0	0	0	0	0	0	0	0	0	0	0	0	0	0	0	0	0	0	0	0	0	0	0	0	0	0	0	0	0	0	0	0	0	0	0	0	0	0	0	0	0	0	0	0	0	0	0	0	0	0	0	0	0	0	0	0	0	0	0	0	0	0	0	0	0	0	0	0	0	0	0	0	0	0	0	0	0	0	0	0	0	0	0	0	0	0	0	0	0	0	0	0	0	0	0	0	0	0	0	0	0	0	0	0	0	0	0	0	0	0	0	0	0	0	0	0	0	0	0	0	0	0	0	0	0	0	0	0	0	0	0	0	0	0	0	0	0	0	0	0	0	0	0	0	0	0	0	0	0	0	0	0	0	0	0	0	0	0	0	0	0	0	0	0	0	0	0	0	0	0	0	0	0	0	0	0	0	0	0	0	0	0	0	0	0	0	0	0	0	0	0	0	0	0	0	0	0	0	0	0	0	0	0	0	0	0	0	0	0	0	0	0	0	0	0	0	0	0	0	0	0	0	0	0	0	0	0	0	0	0	0	0	0	0	0	0	0	0	0	0	0	0	0	0	0	0	0	0	0	0	0	1	0	0	0	0	0	0	0	0	0	0	0	0	0	0	0	0	0	0	0	0	0	0	0	0	0	0	0	0	0	0	1	0	0	0	0	0	0	0	0	0	0	0	0	0	0	0	0	0	0	0	0	0	0	0	0	0	0	0	0	0	0	0	0	0	0	0	0	0	0	0	0	0	0	0	0	0	0	0	0	0	0	0	0	0	0	0	0	0	0	0	0	0	0	0	0	0
Root;Bacteria;Actinobacteriota;Actinomycetia;Actinomycetales;Actinomycetaceae;Actinomyces;unclassified_Actinomyces	AJ575186.1.1517	7	20	0	0	0	0	0	0	1	1	2	5	2	2	0	0	0	0	16	15	0	0	5	6	4	2	3	0	0	0	0	0	0	0	1	0	4	7	0	34	0	0	0	1	10	3	1	0	5	0	6	2	0	0	0	0	0	0	2	0	0	0	1	29	0	0	0	1	0	0	0	0	0	0	0	1	0	0	0	0	10	1	0	0	11	5	0	0	18	7	0	0	3	0	0	0	0	2	0	2	0	6	1	0	0	0	6	0	0	0	0	0	0	0	0	0	0	0	0	0	0	4	0	0	0	0	0	0	0	0	0	2	0	1	0	0	0	0	1	0	0	0	3	0	0	0	0	2	2	0	0	0	4	1	0	1	0	0	2	23	0	1	4	1	0	0	0	0	4	0	2	0	0	0	0	0	0	0	0	1	0	0	0	0	0	0	0	0	1	0	2	0	0	0	0	0	0	0	1	0	1	0	0	2	0	0	0	1	3	2	0	0	0	5	0	0	2	1	0	0	0	0	0	0	0	0	0	5	2	1	0	0	2	0	0	0	2	0	0	0	2	0	0	0	4	0	8	2	0	1	0	0	0	0	9	0	0	0	6	0	0	1	0	0	0	0	2	3	9	0	0	0	0	0	0	1	33	0	0	1	0	0	0	0	16	0	1	0	6	1	0	2	0	0	3	1	0	14	0	0	1	3	0	2	25	3	1	1	0	14	0	0	0	4	0	0	0	8	2	0	0	0	0	0	3	0	0	0	0	3	3	0	0	0	0	0	1	0	4	0	0	2	0	0	0	9	8	1	1	0	0	0	0	1	0	27	0	0	0	0	3	5	0	0	6	1	0	0	0	0	0	0	1
Root;Bacteria;Fusobacteriota;Fusobacteriia;Fusobacteriales;Leptotrichiaceae;Leptotrichia;unclassified_Leptotrichia	AY134896.1.1487	0	0	0	0	0	0	0	0	0	0	0	0	0	0	0	0	0	0	0	0	0	0	0	0	5	0	0	0	0	0	0	1	0	0	0	0	0	0	0	0	0	0	0	0	0	0	0	0	0	0	0	0	0	0	0	0	0	0	0	0	0	0	0	0	0	0	0	0	0	0	0	0	0	0	0	0	0	0	0	0	0	0	0	0	0	0	0	0	0	0	0	0	0	0	0	0	0	0	0	0	0	0	0	0	0	0	0	0	0	0	0	0	0	0	0	0	0	0	0	0	0	0	0	0	0	0	0	0	0	0	0	0	0	0	0	0	0	0	0	0	0	0	0	0	0	0	0	0	0	0	0	0	0	0	0	0	0	0	0	0	0	0	0	0	0	0	0	0	0	0	0	0	0	0	0	0	0	0	0	0	0	0	0	0	0	0	0	0	0	0	0	0	0	0	0	0	0	0	0	0	0	0	0	0	0	0	0	0	0	0	0	0	0	0	0	0	0	0	0	0	0	0	0	0	4	1	0	0	0	0	1	0	0	0	0	0	0	0	0	0	0	0	0	0	0	0	0	0	0	0	0	0	0	0	0	0	0	0	0	0	0	0	0	0	0	0	0	0	0	0	0	0	0	0	0	0	0	0	0	0	0	0	0	0	0	0	0	0	0	0	0	0	0	0	0	0	0	0	0	0	0	0	0	0	0	0	0	0	0	0	0	0	0	0	0	0	0	0	0	0	0	0	0	0	0	0	0	0	0	0	0	0	0	0	0	0	0	0	0	0	0	0	0	0	0	0	0	0	0	0	0	0	0	0	0	0	0	0	0	0	0	0	0	0	0	0	0	0	0	0	0	0	0
Root;Bacteria;Bacteroidota;Bacteroidia;Bacteroidales;Bacteroidaceae;Bacteroides;Bacteroides_stercoris	HQ788416.1.1422	0	0	0	0	0	0	0	0	0	0	0	0	0	0	0	0	0	0	0	0	0	0	0	0	0	0	0	0	0	0	0	0	0	0	0	0	0	0	0	0	0	0	0	0	0	0	0	0	0	0	0	0	0	0	0	0	0	0	0	0	0	0	0	0	0	0	0	0	0	0	0	0	0	0	0	0	0	0	0	0	0	0	0	0	0	0	0	0	0	0	0	0	0	0	0	0	0	0	0	0	0	0	0	0	0	0	0	0	0	0	0	0	0	0	0	0	0	0	0	0	0	0	0	0	0	0	0	0	0	0	0	0	0	0	0	0	0	0	0	0	0	0	0	0	0	0	0	0	0	0	0	0	0	0	0	0	0	0	0	0	0	0	0	0	0	0	0	0	0	0	0	0	0	0	0	0	0	1	0	0	0	0	0	0	0	0	0	0	0	0	0	0	0	0	0	0	0	0	0	0	0	0	0	0	0	0	0	0	0	0	0	0	0	0	0	0	0	0	0	0	0	0	0	0	0	0	0	0	0	0	0	0	0	0	0	0	0	0	0	0	0	0	0	0	0	0	0	0	0	0	0	0	0	0	0	0	0	0	0	0	0	0	0	0	0	0	0	0	0	0	0	0	0	0	0	0	0	0	0	0	0	0	0	0	0	0	0	0	0	0	0	0	0	0	0	0	0	0	0	0	0	0	0	0	0	0	0	0	0	0	0	0	0	0	0	0	0	0	0	0	0	0	0	0	0	0	0	0	0	0	0	0	0	0	0	0	0	0	0	0	0	0	0	0	0	0	0	0	0	0	0	0	0	0	0	0	0	0	0	0	0	0	0	0	0	0	0	0	0	0	0	0	0
Root;Bacteria;Firmicutes;Bacilli;Staphylococcales;Gemellaceae;Gemella;unclassified_Gemella	JQ451916.1.1404	0	0	0	0	0	0	1	0	0	0	0	0	0	1	0	0	0	0	0	0	0	0	0	0	0	0	0	0	0	0	0	0	0	0	0	0	1	1	0	0	0	0	0	8	0	0	2	3	0	0	0	0	0	0	133	102	0	0	0	0	0	1	0	1	0	0	12	0	0	0	0	0	1	0	0	0	0	0	0	0	0	0	5	0	0	0	0	2	0	0	0	0	0	0	0	0	0	5	0	0	0	0	0	0	0	0	0	6	0	0	1	0	0	0	4	0	0	0	0	0	0	0	0	0	8	2	0	5	1	0	0	0	0	0	0	0	0	0	0	0	0	0	7	0	1	0	0	0	0	1	0	0	0	0	0	0	0	0	0	0	0	0	0	0	0	0	1	0	0	1	0	0	0	0	0	0	0	0	0	0	0	0	0	1	0	0	0	0	0	0	0	0	0	0	0	0	0	0	0	0	0	0	0	0	0	0	0	1	0	0	0	0	0	0	0	0	0	0	0	0	0	0	0	0	0	0	0	0	0	0	0	0	0	6	0	0	0	0	0	0	1	0	0	0	0	0	1	0	0	0	0	0	0	0	0	0	0	2	0	0	0	0	0	5	0	0	0	0	0	3	0	0	0	0	0	0	3	0	0	0	0	0	1	0	0	0	0	0	0	0	0	0	0	0	0	0	0	0	0	6	0	0	2	0	0	0	0	0	0	1	0	0	0	0	0	0	0	1	0	0	0	0	0	1	0	0	0	0	0	0	1	0	0	0	1	3	0	0	0	0	0	0	0	0	0	0	0	0	0	0	0	15	0	0	4	0	0	0	0	0	0	0	0	1	0	0	0	0	0	0	1	0	0
Root;Bacteria;Bacteroidota;Bacteroidia;Bacteroidales;Bacteroidaceae;Prevotella;Prevotella_marshii	AF481227.1.1485	6	6	0	0	0	0	0	0	0	0	0	1	0	0	0	0	0	0	3	5	0	0	0	0	0	3	0	0	0	0	0	0	0	0	0	0	0	0	0	0	0	0	0	0	0	0	0	0	0	0	0	0	0	0	0	0	0	0	0	0	0	0	0	0	0	0	0	0	0	0	0	0	0	0	3	0	0	1	0	0	0	0	0	0	0	0	0	0	0	0	0	4	0	0	0	0	0	0	0	0	0	0	5	0	0	0	0	0	0	0	0	0	0	0	0	0	0	0	0	0	0	0	0	0	2	0	0	0	0	0	0	0	0	0	0	0	0	0	0	0	0	0	0	0	0	0	0	3	0	0	0	0	0	0	0	0	0	0	0	0	0	0	0	0	0	0	4	0	0	0	0	0	0	0	0	0	0	0	0	0	0	0	0	0	0	0	0	0	0	0	0	0	0	0	0	0	0	0	0	0	0	0	0	0	0	0	0	0	0	0	0	1	0	0	0	0	0	0	0	0	0	0	0	0	0	0	0	0	0	0	14	1	0	0	0	0	3	0	0	0	0	0	0	0	0	0	0	0	0	0	0	0	2	0	4	0	0	0	0	0	0	0	0	0	0	0	0	0	1	0	0	0	0	0	0	0	0	0	0	0	0	0	0	0	0	0	0	0	0	0	0	0	0	0	0	0	0	3	0	0	0	0	0	0	1	0	0	0	0	0	0	0	0	0	0	0	0	3	0	0	0	0	0	0	0	0	0	0	0	0	0	0	0	0	0	0	0	1	0	0	0	0	0	0	0	0	0	0	0	0	0	0	0	0	0	0	0	0	0	0	0	0	5	0	0	0	12	0	0	0	0	0	0
Root;Bacteria;Bacteroidota;Bacteroidia;Flavobacteriales;Flavobacteriaceae;Capnocytophaga;Capnocytophaga_granulosa	JQ452463.1.1372	0	0	0	0	0	0	0	0	1	0	0	1	0	1	0	0	0	0	0	0	0	0	1	0	0	0	0	0	0	0	0	0	0	0	0	0	0	0	0	0	0	0	0	0	0	0	0	0	3	0	0	0	0	0	0	0	0	0	0	0	1	0	0	0	0	0	0	6	0	0	0	1	0	0	2	1	0	0	0	0	0	0	0	0	0	2	0	0	0	0	0	0	0	0	0	0	0	0	0	0	0	0	0	0	0	0	0	0	0	0	0	0	0	0	1	0	1	0	0	1	0	0	0	0	0	0	0	0	0	0	0	0	0	0	0	0	0	0	0	1	0	0	0	0	0	0	0	0	0	0	0	0	0	0	3	0	0	0	0	0	0	0	0	0	0	0	0	0	0	0	0	1	0	0	0	0	0	0	0	0	0	0	0	1	0	0	0	2	0	0	5	5	0	0	1	0	0	0	0	1	0	0	0	0	0	1	0	0	0	0	0	0	0	0	0	0	0	1	0	0	2	0	0	0	0	0	2	0	1	0	0	0	0	0	0	0	2	0	1	1	0	0	0	1	0	2	1	0	3	0	0	0	0	0	0	0	0	1	0	0	0	0	0	0	0	0	0	0	0	0	0	0	0	0	0	0	0	0	0	0	1	0	0	0	0	0	0	1	0	0	0	0	0	0	0	0	0	1	0	0	0	0	1	0	0	0	4	0	0	1	0	0	0	0	0	0	0	3	0	0	0	0	0	0	2	0	0	0	0	0	0	0	0	0	0	2	0	1	0	0	0	0	0	0	0	5	0	0	0	0	0	0	0	0	0	2	0	0	0	0	0	4	0	0	0	7	0	0	0	0	0	0	0
Root;Bacteria;Bacteroidota;Bacteroidia;Bacteroidales;Bacteroidaceae;Bacteroides;Bacteroides_caccae	DQ799650.1.1397	0	0	0	0	0	0	0	0	0	0	0	0	0	0	0	0	0	0	0	0	0	0	0	0	0	0	0	0	0	0	0	0	0	0	0	0	0	0	0	0	0	0	0	0	0	0	0	0	0	0	0	0	0	0	0	0	0	0	0	0	0	0	0	0	0	0	0	0	0	0	0	0	0	0	0	0	0	0	0	0	0	0	0	0	0	0	0	0	0	0	0	0	0	0	0	0	0	0	0	0	0	0	0	0	0	0	0	0	0	0	0	0	0	0	0	0	0	0	0	0	0	0	0	0	0	0	0	0	0	0	0	0	0	0	0	0	0	0	0	0	0	0	0	0	0	0	0	1	0	0	0	0	0	0	0	0	0	0	0	0	0	0	0	0	0	0	0	0	0	0	0	0	0	0	0	0	0	0	0	0	0	0	0	0	0	0	0	0	0	0	0	0	0	0	0	0	0	0	0	0	0	0	0	0	0	0	0	0	0	0	0	0	0	0	0	0	0	0	0	0	0	0	0	0	0	0	0	0	0	0	0	0	0	0	0	0	0	0	0	0	0	0	0	0	0	0	0	0	0	0	0	0	0	0	0	0	0	0	0	0	0	0	0	0	0	0	0	0	0	0	0	0	0	0	0	0	0	0	0	0	0	0	0	0	0	0	0	0	0	0	0	0	0	0	0	0	0	0	0	0	0	0	0	0	0	0	0	0	0	0	0	0	0	0	0	0	0	0	0	0	0	0	0	0	0	0	0	0	0	0	0	0	0	0	0	0	0	0	0	0	0	0	0	0	0	0	0	0	0	0	0	0	0	0	0	0	0	0	0	0	0	0	0	0	1	0	0	0	0	0	0	0	0
Root;Bacteria;Bacteroidota;Bacteroidia;Flavobacteriales;Flavobacteriaceae;Capnocytophaga;unclassified_Capnocytophaga	JQ466217.1.1365	0	0	0	0	0	0	0	0	0	0	0	0	0	0	0	0	0	0	0	0	0	0	0	0	0	0	0	0	0	0	0	0	0	0	0	0	0	0	0	0	0	0	0	0	0	0	0	0	0	0	0	0	0	0	0	0	0	0	0	0	0	0	1	0	0	0	0	0	0	0	0	0	0	0	0	0	0	0	0	0	0	0	0	0	0	0	0	0	0	0	0	0	0	0	0	0	0	0	0	0	0	0	0	0	0	0	0	0	0	0	0	0	0	0	0	0	0	0	0	0	0	0	0	0	0	0	0	0	0	0	0	0	0	0	0	0	0	0	0	0	0	0	0	0	0	0	0	0	0	0	0	0	0	0	0	0	0	0	0	0	0	0	0	0	0	0	0	0	0	0	0	0	0	0	0	0	0	0	0	0	0	0	0	0	0	0	0	0	0	0	0	0	0	0	0	0	0	0	0	0	0	0	0	0	0	0	0	0	0	0	0	0	0	0	0	0	0	0	0	0	0	0	0	0	0	0	0	0	0	0	0	0	0	0	0	0	0	0	0	0	0	0	0	0	0	0	0	0	0	0	0	0	0	0	0	0	0	0	0	0	0	0	0	0	0	0	0	0	0	0	0	0	0	0	0	0	0	0	0	0	0	0	0	0	0	0	0	0	0	0	0	0	0	0	0	0	0	0	0	0	0	0	0	0	0	0	0	0	0	0	0	0	0	0	0	0	0	0	0	0	0	0	0	0	0	0	0	0	0	0	0	0	0	0	0	0	0	0	0	0	0	0	0	0	0	0	0	0	0	0	0	0	0	0	0	0	0	0	0	0	0	0	0	0	0	0	0	0	0	0	0	0	0
Root;Bacteria;Bacteroidota;Bacteroidia;Bacteroidales;Tannerellaceae;Tannerella;Tannerella_sp002890585	JQ467859.1.1398	0	0	0	0	0	0	0	0	0	0	0	0	0	0	0	0	0	0	0	0	0	0	0	0	0	0	0	0	0	0	0	0	0	0	0	0	0	0	0	2	0	0	0	0	0	0	0	0	0	0	0	0	0	0	0	0	0	0	0	0	0	0	0	0	0	0	0	0	0	0	0	0	0	0	0	0	0	0	0	0	0	0	0	0	0	0	0	0	0	0	0	0	0	0	0	0	0	0	0	0	0	0	0	0	0	0	0	0	0	0	0	0	0	0	0	0	0	0	0	0	0	0	0	0	0	0	0	0	0	0	0	0	0	0	0	0	0	0	0	0	0	0	0	0	0	0	0	0	0	0	0	0	0	1	0	0	0	0	0	0	0	0	0	0	0	0	0	0	0	0	0	0	0	0	0	0	0	0	0	0	0	0	0	0	0	0	0	0	0	0	0	0	0	0	0	0	0	0	0	0	0	0	0	0	0	0	0	0	0	0	0	0	0	0	0	0	0	0	0	0	0	0	0	0	0	0	0	0	0	0	0	0	0	0	0	0	0	0	0	0	0	0	0	0	0	0	0	0	0	0	0	0	0	0	0	0	0	0	0	0	0	0	0	0	0	0	0	0	0	0	0	0	0	0	0	0	0	0	0	0	0	0	0	0	0	0	1	0	0	0	0	1	0	0	0	0	0	0	0	0	0	0	0	0	0	0	0	0	0	0	0	0	0	0	0	0	0	0	0	0	0	0	0	0	0	0	0	0	0	0	0	0	0	0	0	0	0	0	0	0	0	0	0	0	0	0	0	0	0	0	0	0	0	0	0	0	0	0	0	0	0	0	0	0	0	0	0	0	0	0	0	0	0
Root;Bacteria;Fusobacteriota;Fusobacteriia;Fusobacteriales;Fusobacteriaceae;Fusobacterium;unclassified_Fusobacterium	JQ462799.1.1389	0	0	0	0	0	0	0	0	0	0	0	0	0	0	0	0	0	0	0	0	0	0	0	0	0	0	0	0	0	0	0	0	0	0	0	0	0	0	0	0	0	0	0	0	0	0	0	0	0	0	0	0	0	0	0	0	0	0	0	0	0	0	0	0	0	0	0	0	0	0	0	0	0	0	0	0	0	0	0	0	0	0	0	0	0	0	0	0	0	0	0	0	0	0	0	0	0	0	0	0	0	0	0	0	0	0	0	0	0	0	0	0	0	0	0	0	0	0	0	0	0	0	0	0	0	0	0	0	0	0	0	0	0	0	0	0	0	0	0	0	0	0	0	0	0	0	0	0	0	0	0	0	0	0	0	0	0	0	0	0	0	0	0	0	0	0	0	0	0	0	0	0	0	0	0	0	0	0	0	0	0	0	0	0	0	0	0	0	0	0	0	0	0	0	0	0	0	0	0	0	0	0	0	0	0	0	0	0	0	0	0	0	0	0	0	0	0	0	0	0	0	0	0	0	0	0	0	0	0	0	0	0	0	0	0	0	0	0	0	0	0	0	0	0	0	0	0	0	0	0	0	0	0	0	0	0	0	0	0	0	0	0	0	0	0	0	0	0	0	0	0	0	0	0	0	0	0	0	0	0	0	0	0	0	0	0	0	0	0	0	0	0	0	0	0	0	1	0	0	0	0	0	0	0	0	0	0	0	0	0	0	0	0	0	0	0	0	0	0	0	0	0	0	0	0	0	0	0	0	0	0	0	0	0	0	0	0	0	0	0	0	0	0	0	0	0	0	0	0	0	0	0	0	0	0	0	0	0	0	0	0	0	0	0	0	0	0	0	0	0	0	0	0
Root;Bacteria;Firmicutes;Bacilli;Lactobacillales;Lactobacillaceae;Lactobacillus;unclassified_Lactobacillus	EU450909.1.1432	0	0	0	0	0	0	0	0	0	0	0	0	0	0	0	0	0	0	0	0	0	0	0	0	0	0	0	0	0	0	0	0	0	0	0	0	0	0	0	0	0	0	0	0	0	0	0	0	0	0	0	0	0	0	0	0	0	0	0	0	0	0	0	0	0	0	0	0	0	0	0	0	0	0	0	0	0	0	0	0	0	0	0	0	0	0	0	0	0	0	0	0	0	0	0	0	0	0	0	0	0	0	0	0	0	0	0	0	0	0	0	0	0	0	0	0	0	0	0	0	0	0	0	0	0	0	0	0	0	0	0	0	0	0	0	0	0	0	0	0	0	0	0	0	0	0	0	0	0	0	0	0	0	0	0	0	0	0	0	0	0	0	0	0	0	0	0	0	0	0	0	0	0	0	0	0	0	0	0	0	0	0	0	0	0	0	0	0	0	0	0	0	0	0	0	0	0	0	0	0	0	0	0	0	0	0	0	0	0	0	0	0	0	0	0	0	0	0	0	0	0	0	0	0	0	0	0	0	0	0	0	0	0	0	0	0	0	0	0	0	0	0	0	0	0	0	0	0	0	0	0	0	0	0	0	0	0	0	0	0	0	0	0	0	0	0	0	0	0	0	0	0	0	0	0	0	0	0	0	0	0	0	0	0	0	0	0	0	0	0	0	0	0	0	0	0	0	0	0	1	0	0	0	0	0	0	0	0	0	0	0	0	0	0	0	0	0	0	0	0	0	0	0	0	0	0	0	0	0	0	0	0	0	0	0	0	0	0	0	0	0	0	0	0	0	0	0	0	0	0	0	0	0	0	0	0	0	0	0	0	0	0	0	0	0	0	0	0	0	0	0	0	0
Root;Bacteria;Firmicutes;Bacilli;Lactobacillales;Streptococcaceae;Streptococcus;unclassified_Streptococcus	JQ448601.1.1390	0	0	0	0	0	0	0	0	0	0	0	0	0	0	0	0	0	0	0	0	0	0	0	0	0	0	0	0	0	0	0	0	0	0	0	0	0	0	0	0	0	0	0	0	0	0	0	0	0	0	0	0	0	0	0	0	0	0	0	0	0	0	0	0	0	0	0	0	0	0	0	0	0	0	0	0	0	0	0	0	0	0	0	0	0	0	0	0	0	0	0	0	0	0	0	0	0	0	0	0	0	0	0	0	0	0	0	0	0	0	0	0	0	0	0	0	0	0	0	0	0	0	0	0	0	0	0	0	2	0	0	0	0	0	0	0	0	0	0	0	0	0	0	0	0	0	0	0	0	0	0	0	0	0	0	0	0	0	0	0	0	0	0	0	0	0	0	0	0	0	0	0	0	0	0	0	0	0	0	0	0	0	0	0	0	0	0	0	0	0	0	0	0	0	0	0	0	0	0	0	0	0	0	0	0	0	0	0	0	0	0	0	0	0	0	0	0	0	0	0	0	0	1	0	0	0	0	0	0	0	0	0	0	0	0	0	0	0	0	0	0	0	0	0	0	0	0	0	0	0	0	0	0	0	0	0	0	0	0	0	0	0	0	0	0	0	0	0	0	0	0	0	0	0	0	0	0	0	0	0	0	0	0	0	0	0	0	0	0	0	1	0	0	0	0	0	0	0	0	0	0	0	0	0	0	0	0	0	0	0	0	0	0	0	0	0	0	0	0	0	0	0	0	0	0	0	0	0	0	0	0	0	0	0	0	0	0	0	0	0	0	0	0	0	0	0	0	0	0	0	0	0	0	0	0	0	0	0	0	0	0	0	0	0	0	0	0	0	0	0	0	0	0
Root;Bacteria;Bacteroidota;Bacteroidia;Flavobacteriales;Flavobacteriaceae;Capnocytophaga;Capnocytophaga_endodontalis	DQ012328.1.1486	0	0	0	0	0	0	0	0	0	0	0	0	0	0	0	0	0	0	40	41	1	0	0	0	7	0	0	0	0	2	0	0	0	1	3	0	2	7	1	2	0	0	0	0	0	0	0	0	15	106	0	39	1	0	0	0	0	1	0	0	293	0	0	0	0	0	0	0	0	0	0	6	10	0	2	1	0	0	0	0	11	0	0	0	14	20	0	27	19	0	0	0	1	0	0	0	0	0	0	0	0	66	0	0	0	1	0	0	0	2	0	0	1	0	0	0	1	0	0	8	0	0	0	1	0	0	10	0	0	0	0	3	10	0	0	0	0	5	0	0	6	0	0	0	0	0	0	0	0	11	0	0	0	1	1	0	0	0	0	7	0	0	0	7	0	0	0	0	0	0	2	0	0	0	0	0	0	0	0	12	44	22	0	1	0	0	0	0	0	0	0	0	1	1	0	1	0	0	0	0	1	1	0	0	0	0	1	3	24	35	0	0	1	0	14	0	15	11	150	204	0	0	0	0	0	0	1	1	2	0	0	2	0	0	0	0	20	0	0	0	0	0	1	4	18	0	33	1	2	3	1	0	1	0	0	0	0	20	0	6	0	0	0	15	0	0	0	0	0	32	10	0	0	0	0	0	0	9	14	0	13	0	0	0	0	0	1	0	2	0	0	0	0	0	56	12	0	0	0	0	0	0	0	0	259	238	3	0	0	0	0	0	0	0	0	0	0	0	0	0	1	2	0	0	0	0	1	0	0	0	1	0	0	0	0	0	0	0	0	0	0	34	0	0	0	3	0	1	0	0	0	0	0	1	0	8	12	0	0	0	0	2	4	0	1	15	2	30	0	0	25	0	2
Root;Bacteria;Fusobacteriota;Fusobacteriia;Fusobacteriales;Fusobacteriaceae;Fusobacterium;Fusobacterium_massiliense	JF216619.1.1327	0	0	0	0	0	0	0	0	0	0	0	0	0	0	0	0	0	0	0	0	0	0	0	0	0	0	0	0	0	0	0	0	0	0	0	0	0	0	0	0	0	0	0	0	0	7	0	0	0	0	0	0	0	0	0	0	0	0	0	0	0	10	0	0	0	0	0	0	0	0	0	0	0	0	0	0	0	0	0	0	0	0	0	0	0	0	0	0	0	0	0	4	0	0	0	0	2	0	0	0	0	0	0	5	0	0	0	0	0	0	0	0	0	0	0	0	0	0	0	0	0	0	0	0	0	0	0	0	0	0	0	0	0	0	0	0	0	0	0	0	0	0	0	0	0	0	0	0	0	0	0	0	0	0	0	0	0	0	0	0	0	0	0	0	0	0	0	2	0	0	0	0	0	0	0	0	0	0	0	0	0	0	0	0	0	0	0	0	0	0	0	0	0	0	0	0	0	0	0	0	0	0	0	0	0	0	0	0	0	0	0	0	0	0	1	0	0	0	0	0	0	0	0	0	0	0	0	0	0	0	0	2	0	0	0	0	0	0	0	0	0	0	0	0	0	0	0	0	0	0	0	0	0	0	0	0	0	0	0	0	0	13	0	0	0	0	0	0	0	1	0	1	2	0	6	0	0	0	0	0	0	0	0	2	0	0	0	0	0	0	0	0	0	0	0	0	1	0	0	0	0	0	0	0	0	0	1	0	0	0	0	0	0	0	0	0	0	0	0	0	0	0	0	0	0	0	0	0	0	0	0	0	0	0	0	0	1	0	0	0	0	0	0	0	0	0	0	0	0	0	0	0	0	0	0	0	0	0	0	0	0	0	0	0	0	1	0	0	0	0	0	0	0
Root;Bacteria;Actinobacteriota;Actinomycetia;Actinomycetales;Micrococcaceae;Rothia;unclassified_Rothia	JQ474837.1.1402	0	0	0	0	0	0	0	0	0	1	0	0	0	0	0	0	0	0	0	0	0	0	0	0	0	0	0	1	0	0	0	0	0	0	0	0	0	0	0	0	0	0	0	0	0	0	0	0	0	0	0	0	0	0	0	0	1	0	0	0	0	0	2	0	0	0	2	0	0	0	0	0	0	0	0	0	0	0	0	0	0	0	0	0	0	0	0	0	0	0	0	0	0	0	0	0	0	0	0	1	0	0	0	0	0	0	0	0	0	0	0	0	0	0	0	0	0	0	0	0	0	0	0	0	0	0	0	0	0	0	0	0	1	0	0	0	0	0	0	0	0	0	0	0	0	0	0	0	0	0	0	0	0	0	0	0	0	0	0	0	0	0	0	0	0	0	0	0	0	0	0	0	0	0	0	0	0	0	0	0	0	0	0	0	0	0	0	0	0	0	0	0	0	0	0	0	0	0	0	0	0	0	0	0	0	0	0	0	0	0	0	0	0	0	0	0	0	0	0	0	0	0	0	0	0	0	0	0	0	0	0	0	0	0	0	0	0	0	0	0	0	0	0	0	0	0	0	0	0	0	0	0	0	0	0	0	0	0	0	0	0	0	0	0	0	0	0	0	0	0	0	0	0	0	0	0	0	0	0	0	0	1	0	0	0	0	0	0	0	0	0	0	0	0	0	0	0	0	0	0	0	0	0	0	0	0	0	1	0	0	0	0	0	0	0	0	0	0	0	0	0	0	0	1	0	0	0	0	0	0	0	0	0	0	0	0	0	0	0	0	0	0	0	0	0	0	0	0	0	0	0	0	0	0	0	0	0	0	0	0	0	0	0	0	0	0	0	0	0	0	0	0	0
Root;Bacteria;Bacteroidota;Bacteroidia;Flavobacteriales;Flavobacteriaceae;Capnocytophaga;Capnocytophaga_leadbetteri	FM997726.1.1414	0	0	0	0	0	0	0	0	0	0	0	0	1	1	2	0	0	0	0	0	0	0	0	0	0	0	0	0	0	0	0	1	0	0	0	0	0	0	0	0	1	2	0	21	5	0	3	0	2	0	0	0	7	1	0	0	0	17	0	0	2	0	9	13	25	29	0	1	0	2	9	5	0	2	12	2	0	1	0	0	0	15	0	0	4	1	1	0	2	1	0	1	0	0	3	0	0	0	0	0	0	0	0	0	0	0	0	0	0	4	0	3	0	0	1	0	0	0	1	2	0	0	3	2	0	0	0	0	0	0	3	1	0	0	0	0	0	0	2	0	0	0	0	0	0	0	0	0	0	2	0	0	0	0	0	0	0	0	0	0	0	0	0	0	3	0	0	0	0	1	0	0	0	0	0	1	0	0	1	0	0	0	1	0	0	1	0	0	0	0	1	1	0	0	0	0	0	0	0	3	0	0	1	1	0	0	0	0	1	3	0	0	0	3	0	0	1	0	0	1	5	0	0	0	0	0	0	1	3	0	0	4	0	0	5	0	4	0	1	0	0	0	0	11	0	0	7	2	0	3	0	0	0	2	2	0	0	0	0	9	2	0	0	1	0	0	0	0	0	0	3	0	0	0	0	2	0	0	2	0	1	0	0	0	0	0	0	0	0	4	31	0	0	0	0	9	0	0	1	0	0	0	1	0	0	0	0	1	0	2	0	0	0	2	2	0	0	5	3	0	0	7	0	0	2	0	1	0	0	0	1	0	0	0	2	9	0	2	0	0	0	0	0	0	0	0	0	2	0	0	4	0	0	1	0	5	0	0	2	0	0	7	1	0	1	0	1	1	0	9	0	0	0
Root;Bacteria;Proteobacteria;Gammaproteobacteria;Enterobacterales;Pasteurellaceae;Haemophilus;unclassified_Haemophilus	JF236401.1.1363	0	0	0	0	0	0	0	0	0	0	0	0	0	0	0	0	0	0	0	0	0	0	0	0	0	0	0	0	0	0	0	0	0	0	0	6	0	0	0	0	0	0	0	0	0	0	1	0	0	0	0	0	0	0	5	1	0	0	0	0	0	0	0	0	0	0	0	0	0	0	0	0	0	0	0	0	0	0	0	0	0	0	0	0	0	0	0	0	0	0	0	0	0	0	0	0	0	0	0	0	0	0	0	0	0	0	0	0	0	0	0	0	0	0	0	0	0	0	0	1	0	0	0	0	0	0	0	0	0	0	0	0	0	0	0	0	0	1	1	0	0	0	0	0	0	0	0	0	0	0	0	0	0	0	0	0	0	0	0	0	0	0	0	0	0	0	0	0	0	0	0	0	0	0	0	0	0	0	0	1	0	0	0	0	0	0	0	0	0	0	0	0	0	0	0	0	0	0	0	0	0	0	0	0	0	0	0	0	0	0	0	0	0	0	0	0	0	0	0	0	0	0	0	0	0	0	0	0	0	0	0	0	0	0	1	0	0	0	0	0	0	0	0	0	0	0	0	0	0	0	0	0	0	0	0	0	0	0	0	0	0	0	0	0	0	0	0	0	0	0	0	0	0	0	0	0	0	0	0	0	0	0	0	0	0	0	0	0	0	0	0	0	0	0	0	0	0	0	0	0	0	0	0	0	0	0	1	0	0	0	0	0	0	0	0	0	0	0	0	0	0	0	0	0	0	0	0	0	0	0	0	0	0	0	0	0	0	0	0	0	0	0	0	0	0	0	0	1	0	0	0	0	0	0	0	0	0	0	0	0	0	0	0	0	0	0	0	0	0	0	0	0	0
Root;Bacteria;Firmicutes_A;Clostridia;Oscillospirales;Ruminococcaceae;Faecalibacterium;unclassified_Faecalibacterium	DQ809018.1.1280	0	0	0	0	0	0	0	0	0	0	0	0	0	0	0	0	0	0	0	0	0	0	0	0	0	0	0	1	0	0	0	0	0	0	0	0	0	0	0	0	0	0	0	0	0	0	0	0	0	0	0	0	0	0	0	0	0	0	0	0	0	0	0	0	0	0	0	0	0	0	0	0	0	0	0	0	0	0	0	0	0	0	0	0	0	0	0	0	0	0	0	0	0	0	0	0	0	0	0	0	0	0	0	0	0	0	0	0	0	0	0	0	0	0	0	0	0	0	0	0	0	0	0	0	0	0	0	0	0	0	0	0	0	0	0	0	0	0	0	0	0	0	0	1	0	0	0	0	0	0	0	0	0	0	0	0	0	0	0	0	0	0	0	0	0	0	0	0	0	0	0	0	0	0	0	1	0	1	0	0	0	0	0	0	0	0	0	0	0	0	0	0	0	0	0	0	0	0	0	0	0	0	0	0	0	0	0	0	0	0	0	0	0	0	0	0	0	0	0	0	0	0	0	0	0	0	0	0	0	0	0	0	0	0	0	0	0	0	0	0	0	0	0	0	0	0	0	0	0	0	0	0	0	0	0	0	0	0	0	0	0	0	0	0	0	0	0	0	0	0	0	0	0	0	0	0	0	0	0	0	0	0	0	0	0	0	0	0	0	0	0	0	0	0	0	0	0	0	0	0	0	0	0	0	0	0	0	0	0	0	0	0	0	0	0	0	0	0	0	0	0	0	0	0	0	0	0	0	0	0	0	0	7	0	0	0	0	0	0	0	0	0	0	0	0	0	0	0	0	0	0	0	0	0	2	0	0	0	0	0	0	0	0	0	0	0	0	0	0	0	0	0	0
Root;Bacteria;Bacteroidota;Bacteroidia;Flavobacteriales;Flavobacteriaceae;Capnocytophaga;Capnocytophaga_granulosa	JQ451985.1.1383	1	0	0	0	0	0	0	0	0	0	0	0	0	0	0	0	0	0	0	0	0	0	0	0	0	0	0	0	0	0	0	0	0	0	0	0	0	0	0	0	0	0	0	0	0	0	0	0	1	0	0	0	0	0	0	0	0	0	0	0	0	0	0	0	0	0	0	0	0	0	0	0	0	0	0	1	0	0	0	0	0	0	0	0	0	1	0	0	0	0	0	0	0	0	0	0	0	0	0	0	0	0	0	0	0	0	0	0	0	0	0	0	0	0	0	0	0	0	0	0	0	0	0	0	0	0	0	0	0	0	0	0	0	0	0	0	0	0	0	0	0	0	0	0	0	0	0	0	0	0	0	0	0	0	0	0	0	0	0	0	0	0	0	0	0	0	1	0	0	0	0	0	0	0	0	0	0	0	0	0	0	0	0	0	0	0	0	0	0	0	0	0	0	0	0	1	0	0	0	0	0	0	0	0	0	0	0	0	0	0	0	0	0	0	0	0	1	1	0	0	0	0	0	0	0	0	0	1	0	0	0	1	0	0	0	0	0	0	0	0	0	0	0	0	0	1	0	0	0	0	0	0	0	0	0	0	0	0	0	0	0	0	0	0	0	0	0	0	0	0	0	0	0	0	0	0	0	0	0	0	0	0	0	0	0	0	0	0	1	0	0	0	0	0	0	0	0	0	0	0	0	0	0	0	0	1	0	0	0	0	0	0	0	0	0	0	0	0	0	0	0	0	0	0	0	0	0	0	0	0	0	0	0	0	0	0	0	0	0	0	0	0	0	0	0	1	0	0	0	0	0	0	0	0	0	0	0	0	0	0	0	1	0	0	0	1	0	0	0	0	0	0	0
Root;Bacteria;Proteobacteria;Gammaproteobacteria;Cardiobacteriales;Cardiobacteriaceae;Cardiobacterium;Cardiobacterium_hominis	JQ455591.1.1393	1	3	17	20	4	4	3	2	3	1	0	0	11	15	82	70	0	2	6	6	10	15	4	5	4	1	2	8	9	12	0	5	0	2	7	1	0	0	2	24	3	5	6	13	12	36	2	4	5	107	2	1	37	1	0	0	0	22	16	3	5	11	121	32	181	170	8	8	11	2	15	21	7	16	33	0	8	10	0	0	19	14	31	3	34	34	28	0	18	1	0	8	9	0	22	3	1	3	0	0	0	3	0	8	15	3	0	2	0	15	1	1	10	4	17	0	0	0	0	15	0	0	11	11	15	13	12	21	15	0	2	10	146	0	0	5	24	44	8	1	5	0	0	5	0	8	0	0	0	1	0	0	5	0	0	0	0	0	0	1	0	0	2	1	1	0	2	0	0	35	1	0	0	0	0	0	0	0	41	3	0	0	6	10	0	0	1	0	0	0	21	14	0	0	4	5	0	0	0	11	3	14	17	2	0	0	0	0	11	14	0	0	3	22	5	0	22	25	0	0	5	0	8	0	0	0	1	7	7	0	0	22	3	179	3	0	14	0	0	0	0	0	0	39	19	0	27	21	0	3	15	3	1	0	0	3	0	14	3	6	0	0	10	21	0	0	0	0	1	2	1	0	8	3	0	0	0	1	7	0	16	14	2	0	5	2	1	11	4	48	0	0	0	0	0	3	0	1	5	1	0	0	11	0	0	6	97	2	0	0	0	0	0	2	5	0	0	0	0	9	16	5	0	29	11	0	11	4	0	0	8	0	1	4	16	5	0	71	2	3	0	0	0	0	7	2	0	0	0	0	0	10	0	5	1	58	1	0	0	0	3	196	5	13	23	4	2	0	0	1	5	6	0
Root;Bacteria;Bacteroidota;Bacteroidia;Flavobacteriales;Flavobacteriaceae;Capnocytophaga;Capnocytophaga_haemolytica	JQ455291.1.1388	0	0	0	0	0	1	0	0	0	0	0	0	0	0	0	0	0	0	0	0	0	0	0	0	0	0	0	0	0	0	0	0	0	0	0	0	0	0	0	0	0	0	0	0	0	0	0	0	0	0	0	4	0	0	0	0	0	0	0	0	0	0	0	0	0	0	0	0	0	0	0	0	0	0	0	0	0	0	0	0	0	0	0	0	0	0	0	0	5	0	0	0	0	0	0	0	0	0	0	0	0	0	0	0	0	0	0	0	0	0	0	0	0	0	0	0	0	0	0	0	0	0	0	0	0	0	0	0	0	0	0	0	0	0	0	0	0	0	0	0	0	0	0	0	0	0	0	0	0	0	0	0	0	0	0	0	0	0	0	0	0	0	0	0	0	0	0	0	0	0	0	0	0	0	0	0	0	0	0	0	0	0	0	0	0	0	0	0	0	0	0	0	0	0	0	0	0	0	0	0	0	0	0	0	0	0	0	0	0	0	0	0	0	0	0	0	0	0	0	0	0	0	0	0	0	0	0	0	0	0	0	0	0	0	0	0	0	0	0	0	0	0	0	0	0	18	0	0	0	0	0	0	0	0	0	0	0	0	0	0	0	0	0	0	0	0	0	0	0	0	0	0	0	0	0	0	0	0	0	0	0	0	0	0	0	0	0	0	0	0	0	0	0	0	0	0	0	0	0	0	0	0	0	0	0	0	0	0	0	0	0	0	0	0	0	0	0	0	0	0	0	0	0	0	0	0	0	0	0	0	0	0	0	0	0	0	0	0	0	0	0	0	0	0	0	0	0	0	0	0	0	0	0	0	0	0	0	0	0	0	0	7	0	0	0	0	0	0	0	0	0	0	0
Root;Bacteria;Proteobacteria;Gammaproteobacteria;Enterobacterales;Enterobacteriaceae;Providencia;unclassified_Providencia	ACCI02000101.1.1416	0	0	0	0	0	0	0	0	0	0	0	0	0	0	0	0	0	0	0	0	0	0	0	0	0	0	0	0	1	0	0	0	0	0	0	0	0	0	0	0	0	0	0	0	0	0	0	0	0	0	0	0	0	0	0	0	0	0	0	0	0	0	0	0	0	0	0	0	0	0	0	0	0	0	0	0	0	0	0	0	0	0	0	0	0	0	0	0	0	0	0	0	0	0	0	0	0	0	0	0	0	0	0	0	0	0	0	0	0	0	0	0	0	0	0	0	0	0	0	0	0	0	0	0	0	0	0	0	0	0	0	0	0	0	0	0	0	0	0	0	0	0	0	0	0	0	0	0	0	0	0	0	0	0	0	0	0	0	0	0	0	0	0	0	0	0	0	0	0	0	0	0	0	0	0	0	0	0	0	0	0	0	0	0	0	0	0	0	0	0	0	0	0	0	0	0	0	0	0	0	0	0	0	0	0	0	0	0	0	0	0	0	0	0	0	0	0	0	0	0	0	0	0	0	0	0	0	0	0	0	0	0	0	0	0	0	0	0	0	0	0	0	0	0	0	0	0	0	0	0	0	0	0	0	0	0	0	0	0	0	0	0	0	0	0	0	0	0	0	0	0	0	0	0	0	0	0	0	0	0	0	0	0	0	0	0	0	0	0	0	0	0	0	0	0	0	0	0	0	0	0	0	0	0	0	0	0	0	0	0	0	0	0	0	0	0	0	0	0	0	0	0	0	0	0	0	0	0	0	0	0	0	0	0	0	0	0	0	0	0	0	0	0	0	0	0	0	0	0	0	0	0	0	0	0	0	0	0	0	0	0	0	0	0	0	0	0	0	0	0	0	0	0
Root;Bacteria;Firmicutes_A;Clostridia;Lachnospirales;Lachnospiraceae;Oribacterium;Oribacterium_sp000160135	AF287771.1.1463	2	0	0	0	1	0	0	0	0	0	0	0	3	0	0	0	0	0	1	0	0	0	1	2	0	0	1	0	0	3	0	0	0	0	1	0	0	0	0	0	0	0	0	0	0	0	0	0	1	0	0	0	0	0	0	0	0	0	0	0	0	0	0	0	0	0	1	0	0	0	0	0	0	0	0	1	0	0	2	0	2	0	0	0	0	0	1	0	0	0	0	3	0	0	0	0	0	0	0	1	0	0	0	0	0	0	0	0	0	0	0	0	0	0	0	0	0	0	0	0	0	0	0	0	0	0	0	0	0	0	0	0	0	1	0	0	0	0	0	0	0	0	0	0	0	1	0	0	1	0	0	0	0	0	0	0	0	1	0	0	0	0	0	0	0	0	0	0	1	0	0	0	0	0	0	0	0	0	0	0	0	0	0	0	0	0	0	0	0	0	1	0	1	0	0	0	0	0	0	0	0	0	0	0	0	0	0	1	0	0	0	1	0	0	1	0	0	0	0	0	0	0	1	0	0	0	0	0	2	0	0	2	1	0	0	0	2	0	0	0	0	0	0	0	0	0	6	0	0	0	0	0	0	0	0	1	0	0	0	0	0	0	0	0	0	0	0	0	0	0	0	1	0	9	0	0	0	0	0	8	0	0	0	0	0	0	0	0	0	0	0	1	0	0	1	0	0	0	0	10	0	0	0	0	0	3	0	0	0	1	0	2	0	0	0	1	1	0	0	0	0	0	4	0	1	0	0	0	0	0	0	0	0	0	0	0	0	0	0	0	0	0	0	0	0	0	0	0	0	2	0	0	0	0	0	0	1	0	0	0	0	0	0	2	0	0	0	0	0	0	0	0	1
Root;Bacteria;Fusobacteriota;Fusobacteriia;Fusobacteriales;Leptotrichiaceae;Leptotrichia;Leptotrichia_hofstadii	JQ452601.1.1231	2	0	0	0	28	43	0	0	0	0	13	10	7	8	34	27	0	0	26	10	0	2	20	18	5	2	0	0	0	3	2	15	1	3	16	0	0	0	4	12	0	0	0	0	0	0	0	0	15	0	0	3	49	0	1	1	0	61	0	6	6	0	1	0	0	0	0	0	0	0	0	0	1	1	25	11	4	2	0	0	8	1	0	2	97	105	4	4	0	5	15	2	0	0	2	11	0	3	7	0	0	24	5	4	3	11	0	0	0	1	0	0	0	2	1	0	9	0	0	0	0	0	0	0	0	0	1	0	0	0	0	0	10	0	0	0	0	0	15	6	9	1	0	0	0	0	0	9	4	6	0	24	0	32	25	3	0	0	0	0	1	0	0	0	0	1	0	0	0	0	2	0	4	48	1	0	1	0	0	13	19	13	4	3	24	2	0	0	23	0	1	3	1	0	5	6	2	0	59	0	0	0	0	13	4	1	1	4	0	0	0	0	0	2	33	16	80	98	0	0	5	4	0	0	0	0	12	0	0	0	6	41	0	0	8	0	2	8	0	1	10	0	5	35	0	2	1	39	12	2	0	0	1	1	0	22	12	13	2	17	1	5	3	0	0	0	4	0	0	78	1	5	0	0	0	0	2	2	0	0	117	1	0	4	0	22	12	0	0	0	0	1	0	0	3	12	0	7	5	0	1	4	6	0	12	1	35	1	0	14	2	1	0	0	0	1	0	50	13	0	20	21	0	4	0	0	1	0	0	0	1	0	0	0	0	0	0	18	13	0	19	0	0	0	0	24	7	5	0	0	1	0	0	6	0	50	1	0	0	0	0	4	13	0	2	3	57	5	0	35	2	0	1
Root;Bacteria;Proteobacteria;Gammaproteobacteria;Enterobacterales;Pasteurellaceae;Haemophilus_D;unclassified_Haemophilus_D	EU767330.1.1363	0	0	17	20	0	0	0	0	0	0	0	0	2	2	0	0	109	103	1	1	1	1	0	0	6	0	1	2	2	1	0	0	4	0	0	1	0	0	11	0	0	4	4	0	6	19	5	1	0	1	0	0	0	9	13	4	1	0	4	0	0	2	1	14	1	2	0	2	0	0	9	1	4	3	0	0	1	0	0	0	1	2	20	3	0	0	0	7	0	0	0	0	3	2	0	0	9	1	0	0	0	0	0	15	0	2	1	10	0	0	14	4	3	1	3	0	0	0	0	0	0	1	1	1	3	1	0	1	12	0	3	0	0	0	0	1	5	2	0	0	0	0	1	1	1	0	0	1	2	0	0	0	1	0	0	0	0	0	0	0	0	0	5	1	16	18	3	0	1	35	1	0	0	2	0	0	0	1	3	0	0	0	9	1	0	0	0	0	0	0	0	0	2	1	3	12	0	0	0	0	0	0	0	0	0	1	5	0	1	1	7	0	10	0	0	0	0	0	0	0	0	0	3	0	1	0	0	2	0	0	0	1	0	2	0	0	0	1	0	0	0	0	2	0	2	3	0	2	0	11	5	10	2	0	0	0	0	6	0	4	1	1	0	2	0	0	0	0	0	4	0	0	6	19	2	0	13	4	5	0	0	20	10	0	2	21	0	5	0	12	6	1	1	4	5	0	0	0	1	1	0	0	1	0	0	0	0	2	0	1	0	0	3	0	0	0	0	1	0	4	4	0	0	1	1	0	2	2	2	7	0	0	0	0	0	0	0	0	4	12	0	0	1	0	8	1	0	0	0	0	1	1	1	1	2	1	0	0	7	0	0	1	0	3	0	0	3	0	0	0	1	4	0
Root;Bacteria;Firmicutes;Bacilli;Staphylococcales;Gemellaceae;Gemella;unclassified_Gemella	JF238475.1.1371	0	0	0	0	0	0	0	0	0	0	0	0	0	0	0	0	0	0	0	0	0	0	0	0	0	0	0	0	0	0	0	0	0	0	0	0	0	0	0	0	0	0	0	0	0	0	0	0	0	0	0	0	0	0	1	0	0	0	0	0	0	0	0	0	0	0	0	0	0	0	0	0	0	0	0	0	0	0	0	0	0	0	0	0	0	0	0	0	0	0	0	0	0	0	0	0	0	0	0	0	0	0	0	0	0	0	0	0	0	0	0	0	0	0	0	0	0	0	0	0	0	0	0	0	0	0	0	0	0	0	0	0	0	0	0	0	0	0	0	0	0	0	0	0	0	0	0	0	0	0	0	0	0	0	0	0	0	0	0	0	0	0	0	0	0	0	0	0	0	0	0	0	0	0	0	0	0	0	0	0	0	0	0	0	0	0	0	0	0	0	0	0	0	0	0	0	0	0	0	0	0	0	0	0	0	0	0	0	0	0	0	0	0	0	0	0	0	0	0	0	0	0	0	0	0	0	0	0	0	0	0	0	0	0	0	0	0	0	0	0	0	0	0	0	0	0	0	0	0	0	0	0	0	0	0	0	0	0	0	0	0	0	0	0	0	0	0	0	0	0	0	0	0	0	0	0	0	0	0	0	0	0	0	0	0	0	0	0	0	0	0	0	0	0	0	0	0	0	0	0	0	0	0	0	0	0	0	0	0	0	0	0	0	0	0	0	0	0	0	0	0	0	0	0	0	0	0	0	0	0	0	0	0	0	0	0	0	0	0	0	0	0	0	0	0	0	0	0	0	0	0	0	0	0	0	0	0	0	0	0	0	0	0	0	0	0	0	0	0	0	0	0	0
Root;Bacteria;Firmicutes_A;Clostridia;Lachnospirales;Lachnospiraceae;Catonella;unclassified_Catonella	JQ460832.1.1391	0	0	0	0	0	0	0	0	0	0	0	0	0	0	0	0	0	0	0	0	0	0	0	0	0	0	0	0	0	0	0	0	0	0	0	0	0	0	0	0	0	0	0	0	0	0	0	0	0	0	0	0	0	0	0	0	0	0	0	0	0	0	0	0	0	0	0	0	0	0	0	0	0	0	0	0	0	0	0	0	0	0	0	0	0	0	0	0	0	0	0	0	0	0	0	0	0	0	0	0	0	0	0	0	0	0	0	0	0	0	0	0	0	0	0	0	0	0	0	0	0	0	0	0	0	0	0	0	0	0	0	0	0	0	0	0	0	0	0	0	0	0	0	0	0	0	0	0	0	0	0	0	0	0	0	0	0	0	0	0	0	0	0	0	0	0	0	0	0	0	0	0	0	0	0	0	0	0	0	0	0	0	0	0	0	0	0	0	0	0	0	0	0	0	0	0	0	0	0	0	0	0	0	0	0	0	0	0	0	0	0	0	0	0	0	0	0	0	0	0	0	0	0	0	0	1	0	0	0	0	0	0	0	0	0	0	0	0	0	0	0	0	0	0	0	0	0	0	0	0	0	0	0	0	0	0	0	0	0	0	0	0	0	0	0	0	0	0	0	0	0	0	0	0	0	0	0	0	0	0	0	0	0	0	0	0	0	0	0	0	0	0	0	0	0	0	0	0	0	0	0	0	0	0	0	0	0	0	0	0	0	0	0	0	0	0	0	0	0	0	0	0	0	0	0	0	0	0	0	0	0	0	0	0	0	0	0	0	0	0	0	0	0	0	0	0	0	0	0	0	0	0	0	0	0	0	0	0	0	0	0	0	0	0	0	0	0	0	0	0	0	0	0
Root;Bacteria;Bacteroidota;Bacteroidia;Bacteroidales;Porphyromonadaceae;Porphyromonas;unclassified_Porphyromonas	JF220137.1.1362	0	0	1	0	0	0	0	0	0	0	0	0	0	0	0	0	0	0	0	0	0	0	0	0	0	0	0	0	0	0	0	0	0	0	0	0	0	0	0	0	0	0	0	0	0	0	0	0	0	0	0	0	1	0	0	0	0	0	0	0	0	0	0	0	0	0	0	0	0	0	0	0	0	0	0	0	0	0	0	0	0	0	0	0	0	0	0	0	0	0	0	0	0	0	0	0	0	0	0	0	0	0	0	0	0	0	0	0	0	0	0	0	0	0	0	0	0	0	0	0	0	0	0	0	0	0	0	0	0	0	0	0	0	0	0	0	0	0	0	0	0	0	0	0	0	0	0	0	0	1	1	0	0	0	0	0	0	0	0	0	0	0	0	0	0	0	0	0	0	0	0	0	0	0	0	0	0	0	0	0	0	0	0	0	0	0	0	0	0	0	0	0	0	0	0	0	0	0	0	0	0	0	0	0	0	0	0	0	0	0	0	0	0	0	0	0	0	0	0	0	0	0	0	0	0	0	0	0	0	0	0	0	0	0	0	0	0	0	0	0	0	0	0	0	0	0	0	0	0	0	0	0	0	0	0	0	0	0	0	0	0	0	0	0	0	0	0	0	0	0	0	0	0	0	0	0	0	0	0	0	0	0	0	0	0	0	0	0	0	0	0	0	0	0	0	0	0	0	0	0	0	0	0	0	0	0	0	0	0	1	0	0	0	0	0	0	0	0	0	0	0	0	0	0	0	0	0	0	0	0	0	0	0	0	3	0	0	0	0	0	0	0	0	0	0	0	0	0	0	0	0	0	0	0	0	0	0	0	1	0	0	0	0	0	0	0	0	0	0	0	0	0	0
Root;Bacteria;Bacteroidota;Bacteroidia;Bacteroidales;Bacteroidaceae;Bacteroides;Bacteroides_eggerthii	DQ793916.1.1399	0	0	0	0	0	0	0	0	0	0	0	0	0	0	0	0	0	0	0	0	0	0	0	0	0	0	0	0	0	0	0	0	0	0	0	0	0	0	0	0	0	0	0	0	0	0	0	0	0	0	0	0	0	0	0	0	0	0	0	0	0	0	0	0	0	0	0	0	0	0	0	0	0	0	0	0	0	0	0	0	0	0	0	0	0	0	0	0	0	0	0	0	0	0	0	0	0	0	0	0	0	0	0	0	0	0	0	0	0	0	0	0	0	0	0	0	0	0	0	0	0	0	0	0	0	0	0	0	0	0	0	0	0	0	0	0	0	1	0	0	0	0	0	0	0	0	0	0	0	0	0	0	0	0	0	0	0	0	0	0	0	0	0	0	0	0	0	0	0	0	0	0	0	0	0	0	0	0	0	0	0	0	0	0	0	0	0	0	0	0	0	0	0	0	0	0	0	0	0	0	0	0	0	0	0	0	0	0	0	0	0	0	0	0	0	0	0	0	0	0	0	0	0	0	0	0	0	0	0	0	0	0	0	0	0	0	0	0	0	0	0	0	0	0	0	0	0	0	0	0	0	0	0	0	0	0	0	0	0	0	0	0	0	0	0	0	0	0	0	0	0	0	0	0	0	0	0	0	0	0	0	0	0	0	0	0	0	0	0	0	0	0	0	0	0	0	0	0	0	0	0	0	0	0	0	0	0	0	0	0	0	0	0	0	0	0	0	0	0	0	0	0	0	0	0	0	0	0	0	0	0	0	0	0	0	0	0	0	0	0	0	0	0	0	0	0	0	0	0	0	0	0	0	0	0	0	0	0	0	0	0	0	0	0	0	0	0	0	0	0	0	0	0
Root;Bacteria;Proteobacteria;Gammaproteobacteria;Burkholderiales;Burkholderiaceae;Lautropia;Lautropia_mirabilis	JQ450640.1.1353	0	0	1	0	6	6	0	0	0	0	0	0	42	48	49	49	0	0	0	0	0	0	0	0	4	0	0	0	0	27	4	0	0	0	9	7	17	11	0	8	129	102	168	77	1264	0	1	0	16	0	0	0	0	0	35	36	0	0	0	11	0	0	0	448	0	0	0	0	0	0	0	25	0	3	0	0	0	25	0	0	0	0	0	0	0	0	2	0	0	18	0	34	0	0	78	28	0	3	0	0	0	0	0	0	0	0	0	309	82	5	37	0	0	0	0	0	26	0	0	0	0	0	0	0	7	6	9	33	21	0	0	61	0	0	0	0	0	0	0	0	0	0	0	0	0	0	0	0	1	0	0	0	0	0	0	24	0	0	0	0	0	0	6	44	0	0	0	1	0	0	0	0	0	0	0	5	0	0	0	0	0	0	0	0	8	0	0	0	0	0	0	0	0	0	42	33	0	23	0	0	0	0	0	3	3	26	0	0	450	516	0	0	0	0	22	4	0	0	0	0	10	0	0	0	1	0	0	0	0	0	4	0	0	49	0	0	21	0	0	0	0	0	0	57	0	0	0	0	0	0	3	2	0	6	10	0	0	0	0	0	4	0	8	0	0	0	0	0	0	0	0	1	4	0	0	0	0	0	0	0	84	0	1	0	0	2	4	0	2	448	0	0	0	0	0	0	0	0	0	0	6	7	109	0	0	0	0	3	0	0	0	0	0	26	34	0	0	1	0	109	0	7	0	0	0	0	0	18	0	0	0	0	0	0	0	0	0	0	0	0	0	0	0	0	3	9	1	0	0	0	0	1	0	12	0	65	0	0	0	0	0	0	0	0	40	3	0	0	0	0	21	0	1
Root;Bacteria;Firmicutes_A;Clostridia;Lachnospirales;Lachnospiraceae;Shuttleworthia;Shuttleworthia_satelles	HQ757349.1.1443	0	0	0	0	0	0	18	21	1	1	0	0	0	0	0	0	0	0	0	0	0	0	0	0	0	0	0	0	0	0	0	1	2	0	0	0	0	0	0	3	0	0	0	0	0	0	0	0	0	0	0	0	0	0	0	0	14	0	0	0	0	0	1	0	0	0	0	0	0	0	0	0	0	0	0	2	0	0	1	0	3	0	0	0	0	0	0	0	0	0	0	0	0	2	0	0	0	0	0	0	0	1	0	0	0	0	0	0	0	0	0	0	0	0	0	0	0	0	0	0	0	0	0	0	0	0	0	0	0	0	0	0	0	1	0	0	0	0	0	0	1	0	0	0	0	1	0	0	0	0	0	0	1	0	0	0	0	0	1	0	0	0	0	0	0	0	0	0	0	0	0	0	0	0	0	0	6	0	0	0	0	0	0	0	3	0	0	0	0	0	0	0	0	0	0	0	0	0	0	1	0	0	0	0	0	0	0	0	0	0	0	1	0	0	0	0	0	0	0	0	0	0	0	0	0	0	0	0	0	0	0	1	0	0	0	0	0	0	0	0	0	0	0	0	0	0	0	0	0	0	0	0	0	0	0	0	0	0	0	0	0	0	0	0	0	0	0	1	2	0	0	0	0	1	0	0	0	0	0	4	0	0	0	0	0	0	0	0	0	0	0	0	0	0	2	0	0	10	0	8	0	0	0	0	0	0	0	0	0	0	0	0	0	0	0	1	0	2	0	0	0	0	0	0	1	0	0	0	0	0	0	0	0	0	0	1	0	0	0	0	0	0	0	0	0	0	0	0	0	0	0	0	0	0	0	0	0	0	0	0	0	0	0	0	0	0	0	0	0	0	0	0	0
Root;Bacteria;Bacteroidota;Bacteroidia;Flavobacteriales;Flavobacteriaceae;Capnocytophaga;Capnocytophaga_sputigena	JQ453506.1.1278	5	1	42	32	0	0	0	0	0	2	2	7	9	12	3	4	0	1	0	2	0	6	4	3	3	9	12	3	2	42	1	24	9	2	2	0	1	3	8	14	28	38	5	20	0	46	116	190	24	130	3	5	29	34	5	3	0	96	14	14	10	78	402	0	97	76	23	17	9	6	115	21	5	111	28	0	9	1	0	0	33	43	22	21	11	12	24	4	10	16	0	12	2	6	18	0	0	12	0	5	0	9	0	21	23	26	0	19	0	81	2	3	5	32	20	0	1	0	51	14	0	1	19	18	2	4	15	55	77	0	128	21	14	5	0	43	64	7	2	0	0	0	2	27	12	26	0	7	2	82	31	1	24	9	10	12	24	11	0	1	2	21	49	13	43	2	6	1	2	378	2	0	6	6	0	38	9	1	35	0	8	2	9	9	0	0	0	3	4	0	57	45	0	2	27	24	10	18	0	35	4	4	3	20	0	21	0	5	46	64	3	0	1	0	1	0	8	11	32	31	27	0	44	1	3	0	0	9	8	0	0	269	2	89	41	0	4	8	1	0	3	0	5	10	0	0	73	30	5	14	46	12	10	77	0	48	0	53	3	84	11	7	3	155	0	4	6	0	0	1	13	1	15	18	0	41	0	11	25	19	12	32	405	2	0	7	0	21	5	111	116	8	1	143	1	5	1	1	11	5	2	0	32	0	1	0	0	40	0	83	10	0	15	38	46	0	0	415	44	8	20	35	0	42	52	0	7	2	2	6	143	0	4	5	70	65	4	227	11	47	5	0	0	32	20	5	13	71	8	0	8	2	4	26	9	21	0	2	55	8	2	20	27	21	18	5	50	2	0	10	30	0	0
Root;Bacteria;Proteobacteria;Gammaproteobacteria;Enterobacterales;Pasteurellaceae;Haemophilus_D;unclassified_Haemophilus_D	HQ807565.1.1438	0	0	0	0	0	0	0	0	0	0	0	0	0	0	0	0	0	0	0	0	0	0	0	0	0	0	0	0	0	0	0	0	0	0	0	0	0	0	0	0	0	0	0	0	0	0	0	0	0	0	0	0	0	0	0	0	0	0	0	0	0	0	0	1	0	0	0	0	0	0	0	0	0	0	0	0	0	0	0	0	0	0	0	0	0	0	0	0	0	0	0	0	0	0	0	0	0	0	0	0	0	0	0	0	0	0	0	0	0	0	0	0	0	0	0	0	0	0	0	0	0	0	0	0	0	0	0	0	0	0	0	0	0	0	0	0	0	0	0	0	0	0	0	0	0	0	0	0	0	0	0	0	0	0	0	0	0	0	0	0	0	0	0	0	0	0	0	0	0	0	0	0	0	0	0	0	0	0	0	0	0	0	0	0	0	0	0	0	0	0	0	0	0	0	0	0	0	0	0	0	0	0	0	0	0	0	0	0	0	0	0	0	0	0	0	0	0	0	0	0	0	0	0	0	0	0	0	0	0	0	0	0	0	0	0	0	0	0	0	0	0	0	0	0	0	0	0	0	0	0	0	0	0	0	0	0	0	1	0	0	0	0	0	0	0	0	0	0	0	0	0	0	0	0	0	0	0	0	0	0	0	0	0	0	0	0	0	0	0	0	0	0	0	0	0	0	0	0	0	0	0	0	0	0	0	0	0	0	0	0	0	0	0	0	0	0	0	0	0	0	0	0	0	0	0	0	0	0	0	0	0	0	0	0	0	0	0	0	0	0	0	0	0	0	0	0	0	0	0	0	0	0	0	0	0	0	0	0	0	0	0	0	0	0	0	0	0	0	0	0	0	0	0
Root;Bacteria;Actinobacteriota;Actinomycetia;Actinomycetales;Actinomycetaceae;Actinomyces;unclassified_Actinomyces	JQ451739.1.1406	1	0	3	4	19	39	0	1	12	13	14	17	6	18	9	8	13	9	27	25	7	6	16	27	4	19	0	7	7	6	6	2	0	1	6	0	10	15	36	17	5	3	40	36	3	21	126	60	15	20	44	25	3	8	37	20	5	25	37	2	2	64	4	8	18	24	34	33	10	3	6	13	76	25	55	15	9	8	5	0	25	0	2	8	10	21	10	1	0	5	3	6	35	0	14	24	6	5	3	5	8	6	3	14	9	0	5	5	4	2	0	1	4	32	17	4	7	0	4	19	0	71	12	4	5	3	24	17	14	0	24	13	26	4	2	2	6	7	6	7	3	1	5	30	69	12	5	8	11	7	6	26	5	3	21	72	110	5	71	46	21	77	9	3	0	2	14	3	5	17	2	2	51	2	0	8	7	221	0	29	8	4	2	6	5	17	15	20	33	0	36	20	2	108	3	6	42	19	47	2	0	1	14	3	5	19	37	42	0	1	6	2	2	4	2	2	4	10	5	15	5	0	21	18	2	0	3	10	4	46	4	17	2	90	33	0	3	87	30	11	16	0	0	25	2	4	30	11	21	16	95	6	0	32	23	14	10	26	6	3	19	9	5	35	0	0	2	4	26	5	7	6	9	6	23	18	2	3	21	29	39	72	25	0	9	18	3	29	7	29	4	250	32	9	1	3	3	2	4	45	14	17	1	4	74	4	12	57	0	103	25	3	9	10	6	12	2	23	5	0	11	3	24	49	8	0	38	26	20	38	28	0	131	173	30	7	26	107	7	3	31	8	5	3	11	19	22	83	14	14	0	36	39	22	0	12	23	21	53	8	1	17	9	99	25	15	24	9	0	15	26	73	16
Root;Bacteria;Bacteroidota;Bacteroidia;Bacteroidales;Bacteroidaceae;Bacteroides;Bacteroides_fragilis	AGXK01000021.270909.272209	0	0	0	0	0	0	0	0	0	0	0	0	0	0	0	0	0	0	0	0	0	0	0	0	0	0	0	0	0	0	0	0	0	0	0	0	0	0	0	0	0	0	0	0	0	0	0	0	0	0	0	0	0	0	0	0	0	0	0	0	0	0	0	0	0	0	0	0	0	0	0	0	0	0	0	0	0	0	0	0	0	0	0	0	0	0	0	0	0	0	0	0	0	0	0	0	0	0	0	0	0	0	0	0	0	0	0	0	0	0	0	0	0	0	0	0	0	0	0	0	0	0	0	0	0	0	0	0	0	0	0	0	0	0	0	0	0	0	0	0	0	0	0	0	0	0	0	0	0	0	0	0	0	0	0	0	0	0	0	0	0	0	0	0	0	0	0	0	0	0	0	0	0	0	0	0	0	0	0	0	0	0	0	0	0	0	0	0	0	0	0	0	0	0	0	0	0	0	0	0	0	0	0	0	0	0	0	0	0	0	0	0	0	0	0	0	0	0	0	0	0	0	0	0	0	0	0	0	0	0	0	0	0	0	0	0	0	0	0	0	0	0	0	0	0	0	0	0	0	0	0	0	0	0	0	0	0	0	0	0	0	0	0	0	0	0	0	0	0	0	0	0	0	0	0	0	0	0	0	0	0	0	0	0	0	0	0	0	0	0	0	0	0	0	0	0	0	0	0	0	0	0	0	0	0	0	0	0	0	0	0	0	0	0	0	0	0	0	0	0	0	0	0	0	0	0	0	0	0	0	0	0	0	0	0	0	0	0	0	0	0	0	0	0	0	0	0	0	0	0	0	0	0	0	1	0	0	0	0	0	0	0	0	0	0	0	0	0	0	0	0	0	0
Root;Bacteria;Bacteroidota;Bacteroidia;Flavobacteriales;Flavobacteriaceae;Capnocytophaga;Capnocytophaga_endodontalis	JQ467821.1.1363	0	0	0	0	0	0	4	7	0	0	0	0	9	18	0	0	0	0	12	18	2	3	0	0	11	14	7	0	0	3	0	3	0	24	86	0	132	102	1	106	2	0	0	0	0	8	0	0	22	0	0	37	1	0	0	3	0	3	15	3	7	19	0	0	0	0	0	10	9	6	0	3	15	1	11	10	0	15	0	0	14	1	0	3	207	269	0	0	45	12	0	0	0	0	18	1	0	0	0	0	0	7	0	0	37	29	0	0	0	12	0	1	8	0	0	0	57	0	2	10	0	0	5	7	0	1	11	4	0	0	0	1	25	2	0	0	0	2	12	1	0	0	2	0	0	12	0	19	0	0	0	0	0	21	7	0	0	0	0	219	0	0	0	2	0	0	38	0	5	1	31	0	0	0	1	0	0	0	23	167	0	1	24	31	0	0	0	0	0	0	7	3	0	0	7	10	20	0	0	0	17	7	0	4	0	12	67	10	19	30	33	4	25	4	8	2	188	218	178	247	35	0	3	0	1	0	76	35	16	3	0	5	1	20	0	0	1	47	0	14	0	0	8	102	19	0	67	15	1	25	58	1	16	0	27	0	0	2	0	4	0	15	0	4	0	0	0	1	4	0	7	5	0	0	0	0	0	6	25	0	284	5	0	1	0	2	47	0	245	0	6	4	1	0	32	5	0	0	0	3	31	70	0	2	209	58	58	0	0	0	0	0	0	0	0	0	0	0	0	0	31	14	0	1	0	0	7	0	0	0	65	0	0	0	3	0	55	0	0	0	0	19	0	0	1	108	18	32	1	0	0	1	0	2	0	116	10	0	0	0	0	37	106	0	10	13	7	0	0	0	47	0	42
Root;Bacteria;Fusobacteriota;Fusobacteriia;Fusobacteriales;Leptotrichiaceae;Leptotrichia;Leptotrichia_massiliensis	JF146160.1.1334	1	4	0	0	0	0	0	0	0	0	1	0	0	0	1	2	0	0	0	1	0	3	5	6	10	0	15	0	0	0	0	1	0	4	7	0	50	35	0	4	0	0	0	21	0	1	0	0	34	0	0	0	1	0	1	1	0	18	0	0	0	5	7	0	0	0	0	0	0	6	0	0	0	0	2	1	4	23	0	0	7	0	2	1	1	0	5	0	1	0	0	4	1	0	4	0	0	0	0	12	1	1	0	5	0	1	0	0	0	41	0	0	0	0	0	0	1	0	5	12	0	0	0	0	3	0	0	9	6	0	0	0	0	0	0	0	0	0	0	0	0	0	0	1	0	0	0	3	4	18	0	1	0	10	24	12	0	0	0	0	1	0	3	0	11	0	0	2	0	45	0	0	0	35	0	0	0	0	0	1	0	0	0	0	0	24	19	0	19	0	80	51	0	0	0	0	0	10	1	78	5	8	0	0	0	1	0	1	0	0	0	0	0	6	0	0	0	0	0	1	0	0	0	0	0	0	1	0	0	0	0	1	2	0	0	0	10	16	20	3	0	0	0	1	1	0	8	4	0	0	0	0	2	18	0	7	1	0	1	0	3	38	0	0	0	0	0	0	0	0	2	2	0	0	0	0	0	0	0	0	0	4	0	2	0	0	0	0	0	0	0	8	1	0	0	2	0	0	0	0	0	0	5	0	290	1	1	0	0	21	2	0	0	1	2	0	0	16	2	0	0	51	0	0	0	0	0	0	0	0	0	0	0	0	10	0	0	0	3	0	0	0	0	0	4	0	0	6	2	1	2	0	0	14	0	25	0	0	0	0	4	90	1	0	2	0	21	0	0	0	0	0	0
Root;Bacteria;Bacteroidota;Bacteroidia;Bacteroidales;Porphyromonadaceae;Porphyromonas;unclassified_Porphyromonas	FM997429.1.1393	0	0	0	0	43	48	0	0	0	0	0	0	1	0	115	125	0	0	38	50	3	4	0	0	1	2	0	3	3	0	0	6	178	105	0	10	16	15	0	2	77	44	0	247	20	79	60	4	14	9	1	0	33	0	77	66	0	0	0	0	26	155	170	241	1	1	0	4	7	1	27	0	3	0	2	0	4	94	0	0	61	3	0	1	0	0	1	0	0	96	3	26	1	0	5	0	1	5	0	1	1	16	101	135	5	1	0	0	0	3	7	1	0	113	19	0	49	0	0	200	0	0	2	1	213	170	0	70	54	0	18	0	18	0	0	0	0	0	0	0	4	0	1	73	0	0	0	0	6	1	1	54	29	1	28	8	0	1	0	0	1	1	1	0	2	27	9	0	0	0	3	0	0	438	0	0	0	2	1	7	5	11	11	9	19	1	0	2	0	0	1	0	0	1	15	6	5	4	0	66	0	0	0	0	0	2	1	12	0	0	137	0	0	1	7	2	48	60	10	11	97	2	5	0	15	0	16	0	0	0	4	63	12	8	2	0	4	0	45	0	1	0	7	0	2	35	0	508	0	16	4	0	0	16	0	1	3	261	24	9	0	4	22	1	0	1	0	0	0	14	0	2	7	3	0	0	2	3	15	0	163	5	0	1	1	0	41	95	0	1	12	133	18	0	1	23	0	9	0	21	0	1	4	0	490	1	0	1	0	1	0	6	1	61	70	0	1	1	0	0	58	2	0	0	55	0	134	0	25	55	8	0	1	0	3	36	4	60	85	25	0	0	2	0	9	0	0	4	2	1	0	15	0	19	79	11	16	0	11	3	123	7	2	129	18	36	29	2	0	112	8	1	0
Root;Bacteria;Fusobacteriota;Fusobacteriia;Fusobacteriales;Leptotrichiaceae;Leptotrichia;unclassified_Leptotrichia	JQ452661.1.1216	0	0	0	0	0	0	0	0	0	0	0	0	0	0	0	0	0	0	0	0	0	0	0	0	0	0	0	0	0	0	0	0	0	0	0	0	0	0	0	0	0	0	0	0	0	0	0	0	0	0	0	0	0	0	0	0	0	0	0	0	0	0	0	0	0	0	0	0	0	0	0	0	0	0	0	0	0	0	0	0	0	0	0	0	0	0	0	0	0	0	0	0	0	0	0	0	0	0	0	0	0	0	0	0	0	0	0	0	0	0	0	0	0	0	0	0	0	0	0	0	0	0	0	0	0	0	0	0	0	0	0	0	0	0	0	0	0	0	0	0	0	0	0	0	0	0	0	0	0	0	0	0	0	0	0	0	0	0	0	0	0	0	0	0	0	0	0	0	0	0	0	0	0	0	0	0	0	0	0	0	0	0	0	0	0	0	0	0	0	0	0	0	0	0	0	0	0	0	0	0	0	0	0	0	0	0	0	0	0	0	0	0	0	0	0	0	0	0	0	0	0	0	0	0	0	0	0	0	0	0	0	0	0	0	0	0	0	0	0	0	0	0	0	0	0	0	0	0	0	0	0	0	0	0	0	0	0	0	0	0	0	0	0	0	0	0	0	0	0	0	0	0	0	0	0	0	0	0	0	0	0	0	0	0	0	0	0	0	0	0	0	0	0	0	0	0	0	0	0	0	0	0	0	0	0	0	1	0	0	0	0	0	0	0	0	0	0	0	0	0	0	0	0	0	0	0	0	0	0	0	0	0	0	0	0	0	0	0	0	0	0	0	0	0	0	0	0	0	0	0	0	0	0	0	0	0	0	0	0	0	0	0	0	0	0	0	0	0	0	0	0	0	0
Root;Bacteria;Fusobacteriota;Fusobacteriia;Fusobacteriales;Fusobacteriaceae;Fusobacterium;unclassified_Fusobacterium	JQ465609.1.1318	0	1	23	18	17	18	265	340	0	0	0	0	2	0	0	4	0	1	46	34	0	0	0	0	0	0	1	2	3	31	1	5	35	6	32	0	0	0	21	0	0	0	0	0	48	2	15	0	45	0	1	0	22	0	0	0	0	8	1	34	121	5	56	26	0	0	166	0	0	0	0	6	63	1	0	1	22	0	0	0	1	9	0	0	5	8	0	4	0	42	0	3	15	0	0	0	0	1	0	41	0	3	18	55	0	43	95	0	0	61	0	2	0	0	21	0	0	1	9	0	0	22	0	0	108	79	0	14	11	0	0	0	0	0	0	21	69	2	0	0	34	0	2	0	0	13	0	0	0	19	0	0	7	14	80	52	0	127	80	0	29	0	0	3	0	1	68	27	0	0	1	0	0	1	44	0	13	0	0	0	0	0	0	0	0	0	0	14	0	0	22	16	7	0	35	33	2	20	109	0	77	182	48	0	0	0	0	0	0	0	8	0	3	95	74	3	6	9	0	0	12	0	0	0	24	0	79	18	0	0	0	0	0	0	0	0	24	2	0	122	0	0	2	0	0	0	62	0	12	0	15	1	0	0	10	254	7	0	68	19	0	121	0	0	0	0	0	8	31	0	69	0	2	0	31	0	0	193	450	0	0	0	0	13	0	6	150	0	0	70	5	63	10	0	52	17	69	0	99	0	0	0	0	9	0	51	0	62	0	0	0	106	0	0	0	52	67	0	0	0	23	12	0	0	19	0	0	1	0	0	140	0	16	48	3	0	41	37	0	0	4	0	0	0	0	3	0	0	0	6	579	20	0	1	1	0	164	40	0	0	85	86	9	0	2	28	0	0	0	24	1	13	98
Root;Bacteria;Proteobacteria;Gammaproteobacteria;Enterobacterales;Enterobacteriaceae;Citrobacter;unclassified_Citrobacter	KC001977.1.1372	0	0	0	0	0	0	0	0	0	0	0	0	0	0	0	0	0	0	0	0	0	0	0	0	0	0	0	1	1	0	0	0	0	0	0	0	0	0	0	0	0	0	0	0	0	0	0	0	0	0	0	0	0	0	0	0	0	0	0	0	0	0	0	0	0	0	0	0	0	0	0	0	0	0	0	0	0	0	0	0	0	0	0	0	0	0	0	0	0	0	0	0	0	0	0	0	0	0	0	0	0	0	0	0	0	0	0	0	0	0	0	0	0	0	0	0	0	0	0	0	0	0	0	0	0	0	0	0	0	0	0	0	0	0	0	0	0	0	0	0	0	0	0	0	0	0	0	0	0	0	0	0	0	0	0	0	0	0	0	0	0	0	0	0	0	0	0	0	0	0	0	0	0	0	0	0	0	0	0	0	0	0	0	0	0	0	0	0	0	0	0	0	0	0	0	0	0	0	0	0	0	0	0	0	0	0	0	0	0	0	0	0	0	0	0	0	0	0	0	0	0	0	0	0	0	0	0	0	0	0	0	0	0	0	0	0	0	0	0	0	0	0	0	0	0	0	0	0	0	0	0	0	0	0	0	0	0	0	0	0	0	0	0	0	0	0	0	0	0	0	0	0	0	0	0	0	0	0	0	0	0	0	0	0	0	0	0	0	0	0	0	0	0	0	0	0	0	0	0	0	0	0	0	0	0	0	0	0	0	0	0	0	0	0	0	0	0	0	0	0	0	0	0	0	0	0	0	0	0	0	0	0	0	0	0	0	0	0	0	0	0	0	0	0	0	0	0	0	0	0	0	0	0	0	0	0	0	0	0	0	0	0	0	0	0	0	0	0	0	0	0	0	0
Root;Bacteria;Firmicutes_A;Clostridia;Peptostreptococcales;Peptostreptococcaceae;unclassified_Peptostreptococcaceae	EU774709.1.1390	0	0	0	0	0	0	0	0	0	0	0	0	0	0	0	0	0	0	0	0	0	0	0	0	0	0	0	0	1	0	0	0	0	0	0	0	0	0	0	0	0	0	0	0	0	0	0	0	0	0	0	0	0	0	0	0	0	0	0	0	0	0	0	0	0	0	0	0	0	0	0	0	0	0	0	0	0	0	0	0	0	0	0	0	0	0	0	0	0	0	0	0	0	0	0	0	0	0	0	0	0	0	0	0	0	0	0	0	0	0	0	0	0	0	0	0	0	0	0	0	0	0	0	0	0	0	0	0	0	0	0	0	0	0	0	0	0	0	0	0	0	0	0	0	0	0	0	0	0	0	0	0	0	0	0	0	0	0	0	0	0	0	0	0	0	0	0	0	0	0	0	0	0	0	0	0	0	0	0	0	0	0	0	0	0	0	0	0	0	0	0	0	0	0	0	0	0	0	0	0	0	0	0	0	0	0	0	0	0	0	0	0	0	0	0	0	0	0	0	0	0	0	0	0	0	0	0	0	0	0	0	0	0	0	0	0	0	0	0	0	0	0	0	0	0	0	0	0	0	0	0	0	0	0	0	0	0	0	0	0	0	0	0	0	0	0	0	0	0	0	0	0	0	0	0	0	0	0	0	0	0	0	0	0	0	0	0	0	0	0	0	0	0	0	0	0	0	0	0	0	0	0	0	0	0	0	0	0	0	0	0	0	0	0	0	0	0	0	0	0	0	0	0	0	0	0	0	0	0	0	0	0	0	0	0	0	0	0	0	0	0	0	0	0	0	0	0	0	0	0	0	0	0	0	0	0	0	0	0	0	0	0	0	0	0	0	0	0	0	0	0	0	0
Root;Bacteria;Fusobacteriota;Fusobacteriia;Fusobacteriales;Leptotrichiaceae;Leptotrichia;unclassified_Leptotrichia	AF366272.1.1505	1	0	0	0	0	0	1	0	0	0	0	0	0	0	0	0	0	0	0	0	0	0	0	0	1	0	0	0	0	0	0	0	0	0	0	0	0	0	0	0	0	0	0	2	0	0	0	0	0	0	0	0	0	0	0	0	0	0	0	0	0	0	0	0	0	0	0	0	0	0	0	0	0	0	0	0	0	0	0	0	0	0	0	0	0	0	0	0	0	0	0	0	0	0	0	0	0	0	0	0	0	0	0	0	0	0	0	0	0	0	0	0	0	0	0	0	0	0	0	0	0	0	0	0	0	0	0	0	0	0	0	0	0	0	0	0	0	0	1	0	0	0	0	0	0	0	0	0	0	0	0	0	0	0	0	0	0	0	0	0	0	0	0	0	0	0	0	0	0	0	0	0	0	0	0	0	0	0	0	0	0	0	0	0	0	0	0	0	0	0	0	0	3	0	0	0	0	0	0	0	0	0	0	0	0	0	0	1	0	0	0	0	0	1	0	0	0	0	0	0	0	0	0	0	0	0	1	0	0	0	0	0	0	0	0	0	0	0	0	0	0	0	0	0	0	0	0	0	0	0	0	0	0	0	0	0	0	0	0	0	0	0	0	0	0	0	0	0	0	0	0	0	0	0	0	0	0	0	0	0	1	0	0	0	0	0	0	0	0	0	0	0	0	0	0	0	0	0	0	0	0	0	0	0	0	0	0	0	0	0	0	0	0	0	0	0	0	0	0	0	0	0	0	0	0	0	0	0	0	0	0	0	0	0	0	0	0	0	0	0	0	0	0	0	0	0	1	0	0	0	1	0	0	0	0	0	0	0	0	0	0	0	0	0	0	0	0	0	0	0	0	0	0
Root;Bacteria;Firmicutes_A;Clostridia;Lachnospirales;Lachnospiraceae;Catonella;unclassified_Catonella	JQ470231.1.1395	0	0	0	0	0	0	0	0	0	0	0	0	0	0	0	0	0	0	0	0	0	0	0	0	0	0	0	0	0	0	0	0	0	0	0	0	0	0	0	0	0	0	0	0	0	0	0	0	0	0	0	0	0	0	0	0	0	0	0	0	0	0	0	0	0	0	0	0	0	0	0	0	0	0	0	0	0	0	0	0	0	0	0	0	0	0	0	0	0	0	0	0	0	0	0	0	0	0	0	0	0	0	1	0	0	0	0	0	0	0	0	0	0	0	0	0	0	0	0	0	0	0	0	0	0	0	0	0	0	0	0	0	0	0	0	0	0	0	0	0	0	0	0	0	0	0	0	0	0	0	0	0	0	0	0	0	0	0	0	0	0	0	0	0	0	0	0	0	0	0	0	0	0	0	0	0	0	0	0	0	0	0	0	0	0	0	0	0	0	0	0	0	0	0	0	0	0	0	0	0	0	0	0	0	0	0	0	0	0	0	0	0	0	0	0	0	0	0	0	0	0	0	0	0	0	0	0	0	0	0	0	0	0	0	0	0	0	0	0	0	0	0	0	0	0	0	0	0	0	0	0	0	0	0	0	0	0	0	0	0	0	0	0	0	0	0	0	0	0	0	0	1	0	0	0	0	0	0	0	0	0	0	0	0	0	0	0	0	0	0	0	0	0	0	0	0	0	0	0	0	0	0	0	0	0	0	0	0	0	0	0	0	0	3	0	0	0	0	0	0	0	0	0	0	0	0	0	0	0	0	0	0	0	0	0	0	0	0	0	0	0	0	0	0	0	0	0	0	0	0	0	0	1	0	0	0	0	0	0	0	0	0	0	0	0	0	0	0	0	0	0	0	0
Root;Bacteria;Firmicutes;Bacilli;Lactobacillales;Streptococcaceae;Streptococcus;unclassified_Streptococcus	FJ773368.1.1413	0	0	0	0	0	0	0	0	0	0	0	0	0	0	0	0	0	0	0	0	0	0	0	0	0	0	0	0	0	0	0	0	0	0	0	0	0	0	0	0	0	0	0	0	0	0	0	0	0	0	0	0	0	0	0	0	0	0	0	0	0	0	0	0	0	0	0	0	0	0	0	0	0	0	0	0	0	0	0	0	0	0	0	0	0	0	0	0	0	0	0	0	0	0	0	0	0	0	0	0	0	0	0	0	0	0	0	0	0	0	0	0	0	0	0	0	0	0	0	0	0	1	0	0	0	0	0	0	0	0	0	0	0	0	0	0	0	0	0	0	0	0	0	0	0	0	0	0	0	0	0	0	0	0	0	0	0	0	0	0	0	0	0	0	0	0	0	0	0	0	0	0	0	0	0	0	0	0	0	0	0	0	0	0	0	0	0	0	0	0	0	0	0	0	0	0	0	0	0	0	0	0	0	0	0	0	0	0	0	0	0	0	0	0	0	0	0	0	0	0	0	0	0	0	0	0	0	1	0	0	0	0	0	0	0	0	0	0	0	0	0	0	0	0	0	0	0	0	0	0	0	0	0	0	0	0	0	0	0	1	0	0	0	0	0	0	0	0	0	0	0	0	0	0	0	0	0	0	0	0	0	1	0	0	0	0	0	0	0	0	0	0	0	0	0	0	0	0	0	0	0	0	0	0	0	0	0	0	0	0	0	0	0	0	0	0	0	0	0	0	0	0	0	0	0	0	0	0	0	0	0	0	0	0	0	0	0	0	0	0	0	0	0	2	0	0	0	0	0	0	0	0	0	0	0	0	0	0	0	0	0	0	0	0	0	0	0	0	0	0	0	0	0
Root;Bacteria;Bacteroidota;Bacteroidia;Bacteroidales;Rikenellaceae;Alistipes;Alistipes_finegoldii	AY976008.1.1354	0	0	0	0	0	0	0	0	0	0	0	0	0	0	0	0	0	0	0	0	0	0	0	0	0	0	0	0	0	0	0	0	0	0	0	0	0	0	0	0	0	0	0	0	0	0	0	0	0	0	0	0	0	0	0	0	0	0	0	0	0	0	0	0	0	0	0	0	0	0	0	0	0	0	0	0	0	0	0	0	0	0	0	0	0	0	0	0	0	0	0	0	0	0	0	0	0	0	0	0	0	0	0	0	0	0	0	0	0	0	0	0	0	0	0	0	0	0	0	0	0	0	0	0	0	0	0	0	0	0	0	0	0	0	0	0	0	0	0	0	0	0	0	0	0	0	0	0	0	0	0	0	0	0	0	0	0	0	0	0	0	0	0	0	0	0	0	0	0	0	0	0	0	1	0	0	0	4	0	0	0	0	0	0	0	0	0	0	0	0	0	0	0	1	0	0	0	0	0	0	0	0	0	0	0	0	0	0	0	0	0	0	0	0	0	0	0	0	0	0	0	0	0	0	0	0	0	0	0	0	0	0	0	0	0	0	0	0	0	0	0	0	0	0	0	0	0	0	0	0	0	0	0	0	0	0	0	0	0	0	0	0	0	0	0	0	0	0	0	0	0	0	0	0	0	0	0	0	0	0	0	0	0	0	0	0	0	0	0	0	0	0	0	0	0	0	0	0	0	0	0	0	0	0	0	0	0	0	0	0	0	0	0	0	0	0	0	0	0	0	0	0	0	0	0	0	0	0	0	0	0	0	0	0	0	0	0	0	0	0	0	0	0	0	1	0	0	0	0	0	0	0	1	0	0	0	0	0	0	0	0	0	0	0	0	0	0	0	0	0	0	0	0
Root;Bacteria;Actinobacteriota;Actinomycetia;Actinomycetales;Actinomycetaceae;Actinomyces;Actinomyces_massiliensis	GQ000517.1.1387	1	0	56	79	36	52	1	2	4	1	13	9	2	3	51	51	0	0	18	19	1	1	55	37	5	9	12	24	27	9	1	0	2	5	8	0	42	44	33	93	19	19	5	50	23	15	23	72	8	51	72	34	11	58	129	94	0	30	172	21	8	70	1	45	149	172	31	12	5	14	6	103	26	5	131	6	40	35	0	0	50	7	22	60	39	41	6	8	17	8	0	5	63	1	27	0	10	8	2	17	0	12	0	11	39	17	5	23	3	8	5	2	2	4	2	0	15	0	37	18	0	77	67	52	18	4	62	21	11	0	1	4	4	1	0	0	0	7	1	0	4	0	19	4	2	13	0	0	7	23	0	50	27	2	6	14	3	23	31	83	2	18	25	1	1	0	16	1	3	72	19	1	8	13	1	2	1	25	18	6	12	5	12	21	2	2	0	2	3	1	12	10	0	43	11	10	28	15	3	1	5	17	84	6	0	39	20	18	2	3	0	0	14	3	2	0	23	19	24	20	6	1	5	0	0	0	0	11	9	59	0	19	3	119	138	0	1	59	5	5	8	0	0	5	8	10	95	22	40	4	7	86	10	6	71	123	8	124	62	10	11	3	7	314	0	0	2	4	15	11	7	3	0	17	4	1	4	4	11	3	211	2	0	0	32	49	2	65	23	75	0	37	5	78	5	19	0	2	0	98	5	29	24	0	20	3	1	609	0	37	1	2	2	83	76	0	5	44	9	2	2	0	0	167	99	0	34	2	4	31	7	0	1	2	102	6	10	94	7	0	77	0	0	0	29	36	5	85	8	3	2	7	29	37	0	29	41	0	45	12	32	49	5	362	15	8	7	11	0	31	53	68	10
Root;Bacteria;Firmicutes_A;Clostridia;Lachnospirales;Lachnospiraceae;Dorea;Dorea_formicigenerans	JF220949.1.1352	0	0	0	0	0	0	0	0	0	0	0	0	0	0	0	0	0	0	0	0	0	0	0	0	0	0	0	0	0	0	0	0	0	0	0	0	0	0	0	0	0	0	0	0	0	0	0	0	0	0	0	0	0	0	0	0	0	0	0	0	0	0	0	0	0	0	0	0	0	0	0	0	0	0	0	0	0	0	0	0	0	0	0	0	0	0	0	0	0	0	0	0	0	0	0	0	0	0	0	0	0	0	0	0	0	0	0	0	0	0	0	0	0	0	0	0	0	0	0	0	0	0	0	0	0	0	0	0	0	0	0	0	0	0	0	0	0	0	0	0	0	0	0	0	0	0	0	0	0	0	0	0	0	0	0	0	0	0	0	0	0	0	0	0	0	0	0	0	0	0	0	0	0	0	0	0	0	4	0	0	0	0	0	0	0	0	0	0	0	0	0	0	0	0	0	0	0	0	0	0	0	0	0	0	0	0	0	0	0	0	0	0	0	0	0	0	0	0	0	0	0	0	0	0	0	0	0	0	0	0	0	0	0	0	0	0	0	0	0	0	0	0	0	0	0	0	0	0	0	0	0	0	0	0	0	0	0	0	0	0	0	0	0	0	0	0	0	0	0	0	0	0	0	0	0	0	0	0	0	0	0	0	0	0	0	0	0	0	0	0	0	0	0	0	0	0	0	0	0	0	0	0	0	0	0	0	0	0	0	0	0	0	0	0	0	0	0	0	0	0	0	0	0	0	0	0	0	0	0	0	0	0	0	0	0	0	0	0	0	0	0	0	0	0	0	0	0	0	0	0	0	0	0	0	0	0	0	0	0	0	0	0	0	0	0	0	0	0	0	0	0	0	0
Root;Bacteria;Firmicutes;Bacilli;Lactobacillales;Streptococcaceae;Streptococcus;unclassified_Streptococcus	JF141334.1.1371	0	0	0	0	0	0	0	1	0	4	0	0	0	0	0	0	3	16	1	0	0	0	0	0	1	0	1	0	0	0	0	0	0	0	0	3	0	0	0	0	0	0	1	0	1	0	0	0	0	0	0	1	0	0	0	0	0	0	0	0	0	0	0	0	0	0	0	1	0	0	1	1	0	0	0	0	0	0	3	0	0	0	0	0	0	0	0	0	1	0	0	0	0	0	0	0	0	0	0	2	0	0	0	1	0	0	0	0	0	0	0	0	0	0	0	0	0	0	0	0	0	0	0	0	0	0	1	0	1	0	0	0	1	0	0	0	0	0	0	0	0	0	9	0	0	0	0	0	0	1	0	0	1	0	0	0	0	0	0	0	0	0	0	0	0	3	0	0	0	2	0	0	0	0	0	0	0	0	0	0	0	0	0	0	0	0	0	0	0	0	0	0	0	0	0	0	0	0	0	0	1	0	0	0	0	1	0	1	1	0	0	0	0	0	0	0	0	0	3	4	0	0	0	0	0	0	0	0	0	0	0	0	0	1	3	0	0	0	0	0	0	0	0	1	0	1	0	0	0	0	1	1	0	0	0	0	0	0	1	0	0	0	0	0	7	0	0	0	0	0	0	0	0	0	0	0	12	0	0	1	0	0	0	0	0	0	0	0	0	0	0	0	0	0	1	0	0	1	0	2	0	0	0	0	0	1	0	1	0	0	0	0	8	0	0	0	0	0	0	0	0	0	0	4	0	0	0	0	0	0	1	0	1	0	0	2	0	0	0	1	2	0	0	1	0	11	0	0	0	0	0	3	0	0	38	0	0	0	0	0	2	0	0	1	0	0	0	0	0	0	0	0	0
Root;Bacteria;Firmicutes_A;Clostridia;Oscillospirales;Ruminococcaceae;Faecalibacterium;unclassified_Faecalibacterium	EU767009.1.1335	0	0	0	0	0	0	0	0	0	0	0	0	0	0	0	0	0	0	0	0	0	0	0	0	0	0	0	0	0	0	0	0	0	0	0	0	0	0	0	0	0	0	0	0	0	0	0	0	0	0	0	0	0	0	0	0	1	0	0	0	0	0	0	0	0	0	0	0	0	0	0	0	0	0	0	0	0	0	0	0	0	0	0	0	0	0	0	0	0	0	0	0	0	0	0	0	0	0	0	0	0	0	0	0	0	0	0	0	0	0	0	0	0	0	0	0	0	0	0	0	0	0	0	0	0	0	0	0	0	0	0	0	0	0	0	0	0	0	0	0	0	0	0	0	0	0	0	0	0	0	0	0	0	0	0	0	0	0	0	0	0	0	0	0	0	0	0	0	0	0	0	0	0	0	0	0	0	0	0	0	0	0	0	0	0	0	0	0	0	0	0	0	0	0	0	0	0	0	0	0	0	0	0	0	0	0	0	0	0	0	0	0	0	0	0	0	0	0	0	0	0	0	0	0	0	0	0	0	0	0	0	0	0	0	0	0	0	0	0	0	0	0	0	0	0	0	0	0	0	0	0	0	0	0	0	0	0	0	0	0	0	0	0	0	0	0	0	0	0	0	0	0	0	0	0	0	0	0	0	0	0	0	0	0	0	0	0	0	0	0	0	0	0	0	0	0	0	0	0	0	0	0	0	0	0	0	0	0	0	0	0	0	0	0	0	0	0	0	0	0	0	0	0	0	0	0	0	0	0	0	0	0	0	0	0	0	0	0	0	0	0	0	0	0	0	0	0	0	0	0	0	0	0	0	0	0	0	0	0	0	0	0	0	0	0	0	0	0	0	0	0	0	0
Root;Bacteria;Bacteroidota;Bacteroidia;Bacteroidales;Bacteroidaceae;Bacteroides;unclassified_Bacteroides	AY976633.1.1359	0	0	0	0	0	0	0	0	0	0	0	0	0	0	0	0	0	0	0	0	0	0	0	0	0	0	0	0	0	0	0	0	0	0	0	0	0	0	0	0	0	0	0	0	0	0	0	0	0	0	0	0	0	0	0	0	0	0	0	0	0	0	0	0	0	0	0	0	0	0	0	0	0	0	0	0	0	0	0	0	0	0	0	0	0	0	0	0	0	0	0	0	0	0	0	0	0	0	0	0	0	0	0	0	0	0	0	0	0	0	0	0	0	0	0	0	0	0	0	0	0	0	0	0	0	0	0	0	0	0	0	0	0	0	0	0	0	0	0	0	0	0	0	0	0	0	0	0	0	0	0	0	0	0	0	0	0	0	0	0	0	0	0	0	0	0	0	0	0	0	0	0	0	0	0	0	0	0	0	0	0	0	0	0	0	0	0	0	0	0	0	0	0	0	0	0	0	0	0	0	0	0	0	0	0	0	0	0	0	0	0	1	0	0	0	0	0	0	0	0	0	0	0	0	0	0	0	0	0	0	0	0	0	0	0	0	0	0	0	0	0	0	0	0	0	0	0	0	0	0	0	0	0	0	0	0	0	0	0	0	0	0	0	0	0	0	0	0	0	0	0	0	1	0	0	0	0	0	0	0	0	0	0	0	0	0	0	0	0	0	0	0	0	0	0	0	0	0	0	3	0	0	0	0	0	0	0	0	0	0	0	0	0	0	0	0	0	0	0	0	0	0	0	0	0	0	0	0	0	0	0	0	0	0	0	0	0	0	0	0	0	0	0	0	1	0	0	0	0	0	0	0	0	0	0	0	0	0	0	0	0	0	0	0	0	0	0	0	0	0	0	0	0
Root;Bacteria;Fusobacteriota;Fusobacteriia;Fusobacteriales;Leptotrichiaceae;Leptotrichia;unclassified_Leptotrichia	JF114703.1.1333	0	0	0	0	0	3	0	0	0	0	0	0	0	0	1	0	0	0	1	0	0	1	34	40	4	0	1	0	0	0	0	5	1	1	0	0	0	0	3	0	0	0	0	7	0	0	5	0	7	0	0	1	75	0	0	0	0	7	0	0	1	0	8	0	0	0	0	0	0	0	0	0	0	0	32	78	0	1	0	0	0	7	2	0	71	60	18	0	0	0	1	0	0	0	1	2	0	80	5	0	0	0	2	0	1	2	0	0	0	0	0	0	0	1	3	0	1	0	2	0	0	0	1	1	0	0	0	0	0	0	0	0	2	0	0	0	0	0	3	0	0	0	0	0	0	0	0	11	28	11	0	0	10	20	74	6	0	0	0	0	1	0	0	0	0	0	0	0	0	0	0	0	0	7	0	0	0	0	0	15	0	0	0	2	1	2	0	0	8	0	3	0	0	0	2	1	15	0	2	0	0	0	0	9	0	0	0	3	0	0	18	0	0	1	0	0	22	38	0	0	3	0	0	0	0	0	2	0	1	0	0	80	0	0	0	0	1	1	0	4	0	0	24	2	0	0	13	0	0	0	0	0	0	0	0	2	0	0	18	0	0	13	10	0	0	1	3	0	0	0	6	21	0	0	0	0	0	0	0	0	0	11	0	1	0	0	5	0	0	0	0	0	0	0	0	13	0	2	14	0	0	4	40	0	2	0	7	0	0	11	0	7	0	0	0	1	0	3	1	0	0	1	0	0	0	0	0	0	0	0	0	0	0	0	0	0	0	18	18	0	0	0	0	0	0	2	7	2	0	0	2	3	2	5	0	7	0	0	0	0	0	4	11	1	1	2	6	0	0	0	0	7	0
Root;Bacteria;Actinobacteriota;Actinomycetia;Actinomycetales;Micrococcaceae;Rothia;Rothia_dentocariosa	JQ474796.1.1382	0	0	0	0	0	0	0	0	0	0	0	0	0	0	0	0	0	0	0	0	0	0	0	0	0	0	0	0	0	0	0	0	0	0	0	0	0	0	0	0	0	0	0	0	0	0	0	1	0	0	0	0	0	0	1	0	0	0	0	0	0	0	0	0	0	0	0	0	0	0	0	0	0	0	0	0	0	0	0	0	0	0	0	0	0	0	0	0	0	0	0	0	0	0	0	0	0	0	0	0	0	0	0	0	0	0	0	0	0	0	0	0	0	0	0	0	0	0	0	0	0	0	0	0	0	0	0	0	0	0	0	0	3	0	0	0	0	0	0	0	0	0	0	0	0	0	0	0	0	0	0	0	0	0	0	0	0	0	0	0	0	0	0	0	0	0	0	0	0	0	0	0	0	0	0	0	0	0	0	0	0	0	0	0	0	0	0	0	0	0	0	0	0	0	0	0	0	0	0	0	0	0	0	0	0	0	0	0	0	0	0	0	0	0	0	0	0	0	0	0	0	0	0	0	0	0	0	0	0	0	0	0	0	0	0	0	0	0	0	0	0	0	0	0	0	0	0	0	0	0	0	0	0	0	0	0	0	0	0	0	0	0	0	0	0	0	0	0	0	0	0	0	0	0	0	0	0	0	0	0	0	0	0	0	1	0	0	0	0	0	0	0	0	0	0	0	0	0	0	0	0	0	0	0	0	0	0	0	0	0	0	0	0	0	0	0	0	0	0	0	0	0	0	1	0	0	0	0	0	0	0	0	0	0	0	0	0	0	0	0	0	0	0	0	0	0	0	0	0	0	0	0	0	0	0	0	0	0	0	0	0	0	0	0	0	0	0	0	0	0	0	0	0
Root;Bacteria;Actinobacteriota;Actinomycetia;Actinomycetales;Actinomycetaceae;Actinomyces;Actinomyces_gerencseriae	JQ451673.1.1437	44	22	0	1	18	24	21	22	4	0	0	1	0	1	3	5	1	0	2	3	1	5	1	5	0	4	0	0	1	1	0	0	0	1	1	0	15	14	14	24	0	0	0	2	6	3	16	0	3	21	2	33	0	0	1	1	7	100	54	1	26	1	35	0	0	0	165	113	42	2	0	14	1	0	18	2	5	1	7	0	0	3	0	2	25	28	9	0	1	23	1	9	59	0	0	0	0	0	0	9	0	1	1	0	0	0	27	0	0	0	0	2	0	0	1	0	3	0	0	6	0	16	0	0	0	0	35	2	5	0	14	2	1	0	0	4	16	3	4	0	0	0	30	58	0	10	0	0	1	0	0	0	6	4	0	5	0	41	0	1	13	0	0	0	0	0	0	0	4	11	6	0	0	0	2	8	1	43	1	0	2	3	3	2	37	1	0	6	0	0	5	6	3	2	1	0	16	2	4	2	0	30	5	0	0	6	1	3	2	16	0	19	3	10	2	0	16	11	34	55	0	0	8	1	0	0	0	11	5	7	1	0	0	24	260	0	9	7	0	0	0	0	8	2	0	5	3	1	0	1	15	0	0	0	160	33	2	2	22	0	0	0	1	0	0	2	2	2	1	1	0	0	0	0	0	0	9	0	0	0	12	0	0	0	9	4	8	86	0	1	9	13	5	1	1	0	2	4	0	33	0	6	0	2	5	6	2	1	0	0	0	0	22	0	1	0	0	0	0	0	27	1	44	53	7	0	12	4	0	0	3	0	0	0	16	0	3	5	3	0	100	1	0	14	0	5	1	0	0	3	5	2	11	1	0	13	36	0	124	27	1	13	1	4	14	2	10	14	0	1	15	100	3
Root;Bacteria;Actinobacteriota;Actinomycetia;Actinomycetales;Actinomycetaceae;Actinomyces;Actinomyces_gerencseriae	JQ465929.1.1444	5	1	0	0	4	1	0	0	0	0	0	0	0	0	0	0	0	0	0	0	1	0	0	1	0	0	0	0	0	0	0	0	0	0	0	0	0	0	0	1	0	0	0	0	0	0	0	0	0	0	0	0	0	0	0	0	0	0	0	0	0	0	0	0	0	0	0	1	0	0	0	0	0	0	0	0	0	0	0	0	0	0	0	0	0	0	0	0	0	0	0	0	0	0	0	0	0	0	0	0	0	0	0	0	0	0	0	0	0	0	0	0	0	0	0	0	0	0	0	0	0	0	0	0	0	0	0	0	0	0	0	0	0	0	0	0	0	0	0	0	0	0	0	1	0	0	0	0	0	0	0	0	0	0	0	0	0	0	0	0	1	0	0	0	0	0	0	0	0	0	0	0	0	0	0	0	0	1	0	0	0	0	0	0	0	0	0	0	0	0	0	0	0	0	0	0	0	0	0	0	0	0	0	0	0	0	0	0	0	0	0	0	0	0	0	0	0	0	0	1	0	0	0	0	0	0	0	0	0	0	0	0	0	0	1	0	0	0	0	0	0	0	0	0	0	0	0	0	0	0	0	0	0	0	2	0	0	0	0	0	0	0	0	0	0	0	0	0	0	0	0	0	0	0	0	0	0	0	0	0	0	0	0	0	0	0	0	0	0	0	0	0	0	0	0	0	0	0	0	0	0	0	0	0	0	0	0	0	0	0	0	0	0	0	0	0	0	0	0	0	0	0	0	1	0	0	0	0	0	0	0	0	0	0	0	0	0	0	0	0	0	0	0	0	0	0	0	0	0	0	0	0	0	0	0	0	1	0	1	0	0	0	0	0	0	0	1	0	0	0	0	1	0
Root;Bacteria;Fusobacteriota;Fusobacteriia;Fusobacteriales;Fusobacteriaceae;Fusobacterium;unclassified_Fusobacterium	HM347083.1.1331	0	0	0	0	0	1	0	0	0	0	0	0	1	0	0	0	0	0	1	0	0	0	0	0	4	0	1	0	0	0	0	2	1	2	0	0	0	0	0	0	0	0	0	0	0	0	0	0	0	0	0	0	1	0	0	0	0	0	0	0	3	0	5	1	0	0	0	0	0	6	0	0	0	0	2	0	0	0	0	0	0	0	0	1	0	0	0	0	0	0	0	2	0	0	0	0	0	0	0	0	0	0	2	1	0	1	0	0	0	0	0	0	0	0	1	0	0	0	0	0	0	0	0	0	12	1	0	0	1	0	0	0	0	0	0	0	0	0	0	0	0	0	0	0	0	0	0	0	0	0	0	0	0	0	0	0	0	0	0	0	0	0	0	3	13	0	0	0	0	1	0	0	0	0	1	0	0	0	0	1	0	0	0	3	0	0	0	0	0	0	0	0	0	0	2	0	0	1	0	0	0	0	0	0	0	0	0	0	0	0	0	0	0	0	0	0	0	0	0	0	0	0	0	0	1	0	0	2	0	0	1	0	0	0	0	0	5	0	0	3	0	0	0	0	0	0	0	0	0	0	0	0	0	0	0	0	0	0	0	1	0	1	0	0	0	0	1	0	0	0	0	0	0	0	0	0	0	0	2	0	0	0	0	2	0	0	0	0	0	0	0	8	1	0	1	5	0	1	10	0	0	0	0	0	0	0	0	0	0	1	2	0	0	0	0	0	0	0	0	0	0	1	0	0	0	0	0	0	0	3	0	0	0	0	0	0	0	0	0	0	0	0	0	0	0	0	0	0	0	0	1	0	0	1	0	0	7	0	0	1	0	1	0	2	0	1	1	0	0	0	0	0	0
Root;Bacteria;Bacteroidota;Bacteroidia;Flavobacteriales;Flavobacteriaceae;Capnocytophaga;Capnocytophaga_ochracea	GU561330.1.1345	0	1	0	0	8	5	2	3	21	33	17	19	4	10	43	56	0	0	34	28	0	0	0	1	17	0	1	0	0	20	1	0	0	86	0	0	7	4	0	0	0	1	0	101	0	0	11	0	13	0	0	52	2	0	0	0	0	5	2	0	26	0	40	0	0	0	4	1	3	0	0	0	0	0	28	0	0	13	0	0	38	11	0	0	67	68	0	0	0	5	0	0	0	0	12	0	0	16	0	0	0	19	0	9	9	25	0	0	0	11	1	9	9	0	3	0	5	0	0	5	0	1	0	0	0	0	0	3	4	0	7	0	1	0	0	4	2	0	0	0	0	0	1	0	0	0	0	1	0	0	0	0	0	5	1	0	0	0	0	0	194	0	0	3	0	0	3	1	0	0	3	1	3	1	0	2	0	0	0	101	1	0	2	1	10	0	0	2	0	0	6	13	1	0	20	12	0	3	2	0	26	35	5	5	0	0	0	3	0	0	69	0	0	1	44	1	90	96	23	18	2	0	0	0	0	0	0	11	0	95	49	0	18	0	0	0	1	0	0	1	4	0	19	72	34	0	10	0	0	3	4	0	0	0	0	0	0	0	21	51	0	1	6	0	0	2	13	0	0	0	0	0	0	0	0	0	0	0	0	0	47	1	0	0	0	0	26	0	0	10	7	1	1	0	0	1	0	12	0	6	4	12	10	2	13	22	42	0	0	37	3	0	0	24	23	0	0	1	0	0	15	34	0	14	0	0	4	0	0	0	34	0	0	0	33	4	6	0	0	0	0	2	0	0	0	0	0	115	24	0	1	0	0	3	2	1	0	0	0	0	0	28	0	1	2	11	94	0	0	1	51	0	21
Root;Bacteria;Actinobacteriota;Actinomycetia;Actinomycetales;Micrococcaceae;Rothia;unclassified_Rothia	JF217529.1.1349	0	0	0	0	0	0	0	0	0	0	0	0	0	0	0	0	0	0	0	0	0	0	0	0	0	0	0	0	0	0	0	0	0	0	0	1	0	0	0	1	1	0	0	0	0	0	0	2	0	0	0	0	0	0	0	0	0	0	0	0	0	0	0	0	0	1	0	0	0	0	0	0	0	0	0	0	0	0	0	1	0	0	0	0	0	0	0	0	0	0	0	0	0	0	0	0	0	0	0	0	0	0	0	0	0	0	0	0	0	0	0	0	0	0	0	0	0	0	0	0	0	0	0	0	0	0	0	0	0	0	13	0	0	0	0	0	0	0	0	0	0	0	0	0	0	0	0	0	0	0	0	0	0	0	0	0	0	0	0	0	0	0	0	1	0	0	0	0	0	0	0	0	0	0	0	0	0	0	0	0	0	0	0	0	0	0	0	0	0	0	0	0	0	0	0	0	0	0	0	0	0	0	0	0	0	0	0	0	0	0	0	0	0	0	0	0	0	0	0	0	0	0	0	0	0	0	0	1	0	0	0	0	0	0	0	0	0	0	0	0	0	0	0	0	0	0	0	0	0	0	0	1	0	0	0	0	0	1	0	0	0	0	0	0	0	0	0	0	0	0	0	0	0	0	0	0	3	0	0	0	0	0	0	0	0	0	0	0	0	0	0	0	0	0	0	1	0	0	0	0	0	0	1	0	0	8	0	0	0	0	0	0	0	0	0	0	0	0	0	0	0	0	2	2	0	0	0	0	0	0	0	0	0	0	0	0	0	0	0	0	0	0	0	0	0	0	0	0	0	0	0	3	0	0	2	0	0	0	0	0	0	0	0	4	0	0	0	0	0	0	0	0	0
Root;Bacteria;Actinobacteriota;Actinomycetia;Actinomycetales;Actinomycetaceae;Actinomyces;Actinomyces_sp001278845	FJ976446.1.1392	3	17	0	0	0	0	0	0	0	0	0	0	0	0	0	0	0	0	0	0	0	0	0	0	2	1	0	0	0	0	0	0	3	0	0	0	0	0	0	0	0	0	0	0	0	0	0	0	0	0	0	0	0	0	0	0	0	0	0	0	0	0	0	0	0	0	0	0	0	0	0	0	0	0	0	0	0	0	0	0	0	0	0	0	0	0	0	0	0	0	0	0	0	0	3	0	0	0	0	0	0	0	1	0	0	0	0	0	0	7	0	2	0	0	0	0	0	0	0	0	0	0	0	0	0	0	0	0	0	0	0	0	0	0	0	0	0	0	0	0	0	0	0	0	0	0	0	0	0	0	0	0	0	0	0	0	0	0	0	0	0	0	0	0	0	0	0	0	0	0	0	0	0	0	0	2	0	0	0	0	0	0	0	0	0	0	0	2	0	0	0	0	0	0	0	0	0	0	0	0	0	0	0	0	0	0	0	0	0	0	0	0	0	0	0	0	0	0	0	0	0	0	0	0	0	0	0	0	0	0	14	0	0	0	6	0	0	6	0	0	0	0	0	2	0	0	0	0	0	0	0	0	0	0	0	0	0	0	19	0	0	3	1	0	0	0	0	0	0	0	0	0	0	0	0	0	0	0	0	0	0	0	0	5	0	0	0	0	0	0	0	1	1	0	0	0	0	0	0	0	0	0	0	0	15	0	0	0	0	0	0	4	0	0	0	0	0	0	0	0	0	0	0	0	0	0	0	0	1	4	0	0	0	0	0	0	0	0	0	0	0	0	2	0	0	0	0	0	0	0	0	0	0	0	0	0	0	0	0	0	0	0	0	0	0	0	0	0	0	0	0	0	0
Root;Bacteria;Bacteroidota;Bacteroidia;Flavobacteriales;Flavobacteriaceae;Capnocytophaga;Capnocytophaga_granulosa	JQ452603.1.1366	0	0	0	0	0	2	0	0	0	5	0	0	1	4	0	0	0	0	0	0	0	0	0	0	0	0	0	0	0	0	0	0	4	1	1	0	0	0	0	0	0	0	0	2	0	0	5	0	2	0	0	0	10	0	0	0	0	0	0	0	1	0	3	0	0	1	0	40	10	0	0	1	0	1	5	4	0	0	0	0	0	0	0	0	2	4	0	0	0	0	0	3	0	0	1	0	0	0	0	0	0	4	0	0	0	0	0	0	0	1	0	2	0	0	0	0	0	0	4	8	0	0	0	0	0	0	0	0	0	0	0	0	6	0	0	0	0	0	0	0	0	0	0	0	0	3	0	0	4	2	0	0	0	0	9	0	0	0	0	0	0	0	0	0	0	0	0	0	0	1	0	0	0	0	0	0	0	0	1	0	0	0	1	1	0	2	0	0	0	0	24	35	0	0	5	3	0	0	0	1	0	0	0	0	0	30	0	1	0	0	0	0	0	1	3	0	4	4	0	0	1	0	0	0	0	0	3	0	4	0	0	8	0	0	0	0	2	0	3	1	0	0	5	7	0	1	12	0	1	0	0	0	0	0	2	0	0	25	0	1	0	0	0	0	0	0	0	0	0	0	0	1	1	0	0	0	0	0	0	0	8	2	0	0	0	0	0	0	1	0	0	0	0	0	0	0	0	1	1	0	0	0	17	0	0	1	2	0	0	0	0	0	0	0	0	0	0	17	3	0	3	1	0	0	1	0	1	0	0	0	0	0	0	0	0	48	0	13	0	1	0	2	0	0	0	21	0	0	0	0	1	0	0	3	0	8	0	0	0	0	0	12	1	0	13	3	5	1	0	0	0	0	0
Root;Bacteria;Actinobacteriota;Actinomycetia;Actinomycetales;Actinomycetaceae;Actinomyces;unclassified_Actinomyces	JQ452137.1.1333	2	6	1	0	0	0	0	0	1	1	2	3	0	1	0	0	1	0	0	0	0	0	2	1	6	0	1	0	0	0	0	0	0	4	0	0	9	7	4	0	1	0	1	20	0	4	12	0	0	0	3	8	0	0	3	0	0	0	0	2	2	1	0	0	0	1	0	2	2	0	0	0	0	0	4	0	0	0	0	0	1	0	0	0	0	0	1	0	3	0	0	0	34	0	0	0	1	5	0	0	0	1	0	1	2	0	0	0	0	0	0	0	0	30	0	0	0	0	0	0	0	0	0	0	0	0	0	1	0	0	1	0	0	0	0	0	0	1	0	0	0	0	0	2	0	4	0	3	0	0	0	0	0	0	0	0	3	0	0	0	0	0	0	0	0	0	2	0	0	0	0	0	22	0	0	0	0	5	0	0	0	0	0	0	0	1	2	0	0	0	5	1	0	0	0	0	0	1	2	0	0	0	0	1	0	3	0	3	0	1	2	0	0	5	0	0	0	0	0	0	0	0	3	0	0	0	0	6	2	0	1	2	0	0	0	0	0	11	1	0	4	0	0	0	0	1	0	0	0	0	0	0	0	1	7	0	0	0	0	0	0	1	3	1	0	0	0	0	0	0	0	0	0	0	0	0	0	0	0	0	0	0	0	0	1	0	0	0	0	0	0	27	2	0	0	0	1	3	0	0	0	0	2	0	2	0	0	4	0	0	0	0	0	2	5	0	0	0	0	0	2	0	0	0	0	0	1	0	0	0	10	0	0	0	0	0	0	5	4	0	14	1	3	0	0	1	5	0	0	2	0	0	1	2	0	1	0	0	4	1	0	0	0	0	7	0	1	0	0	0	0	2	1
Root;Bacteria;Bacteroidota;Bacteroidia;Bacteroidales;Bacteroidaceae;Bacteroides;unclassified_Bacteroides	DQ793228.1.1388	0	0	0	0	0	0	0	0	0	0	0	0	0	0	0	0	0	0	0	0	0	0	0	0	0	0	0	0	0	0	0	0	0	0	0	0	0	0	0	0	0	0	0	0	0	0	0	0	0	0	0	0	0	0	0	0	0	0	0	0	0	0	0	0	0	0	0	0	0	0	0	0	0	0	0	0	0	0	0	0	0	0	0	0	0	0	0	0	0	0	0	0	0	0	0	0	0	0	0	0	0	0	0	0	0	0	0	0	0	0	0	0	0	0	0	0	0	0	0	0	0	0	0	0	0	0	0	0	0	0	0	0	0	0	0	0	0	0	0	0	0	0	0	0	0	0	0	0	0	0	0	0	0	0	0	0	0	0	0	0	0	0	0	0	0	0	0	0	0	0	0	0	0	0	0	0	0	6	0	0	0	0	0	0	0	0	0	0	0	0	0	0	0	0	0	0	0	0	0	0	0	0	0	0	0	0	0	0	0	0	0	0	0	0	0	0	0	0	0	0	0	0	0	0	0	0	0	0	0	0	0	0	0	0	0	0	0	0	0	0	0	0	0	0	0	0	0	0	0	0	0	0	0	0	0	0	0	0	0	0	0	0	0	0	0	0	0	0	0	0	0	0	0	0	0	0	0	0	0	0	0	0	0	0	0	0	0	0	0	0	0	0	0	0	0	0	0	0	0	0	0	0	0	0	0	0	0	0	0	0	0	0	0	0	0	0	0	0	0	0	0	0	0	0	0	0	0	0	0	0	0	0	0	0	0	0	0	0	0	0	0	0	0	0	0	0	0	0	0	0	0	0	0	0	0	0	0	0	0	0	0	0	0	0	0	0	0	0	0	0	0	0	0
Root;Bacteria;Fusobacteriota;Fusobacteriia;Fusobacteriales;Leptotrichiaceae;Leptotrichia;Leptotrichia_wadei	JQ467790.1.1348	0	0	0	0	4	3	7	7	0	0	20	19	5	4	1	2	0	0	0	0	0	0	1	4	5	0	14	0	0	8	1	0	0	10	1	3	0	0	0	4	0	0	0	84	20	0	0	0	2	0	1	486	0	0	0	0	0	5	0	0	1	0	0	118	0	0	0	0	0	0	0	0	0	0	0	4	0	0	7	0	4	0	0	0	94	103	2	0	15	4	0	0	1	17	0	0	0	0	0	3	0	50	72	0	6	0	0	0	0	0	0	0	0	0	0	0	0	0	0	10	0	0	0	1	0	0	0	0	0	0	0	0	0	1	0	0	0	0	0	0	2	0	6	0	0	0	0	0	0	0	0	2	0	2	1	0	0	0	0	0	0	0	0	0	0	0	0	0	0	6	0	0	0	1	0	0	0	0	3	0	11	2	1	0	0	0	0	0	0	0	64	43	30	1	0	0	0	0	0	0	24	11	0	10	0	2	0	7	0	0	5	0	0	0	40	0	252	347	0	0	33	0	1	0	0	0	0	12	251	0	0	0	0	1	3	0	0	1	0	0	0	0	0	3	0	0	2	6	0	2	0	0	0	0	1	0	0	8	0	0	0	0	0	0	0	1	0	0	4	0	0	2	0	1	0	0	1	0	0	18	26	0	0	0	14	0	184	0	1	0	0	0	0	0	6	0	0	109	0	16	0	1	0	1	11	183	0	0	0	0	0	2	0	0	0	0	1	0	0	0	0	0	0	0	1	0	0	1	0	0	0	0	0	0	0	0	2	0	0	0	0	26	0	0	0	140	62	0	0	0	0	0	0	2	0	21	1	0	0	0	0	0	0	0	6	4	1	1	0	62	116	0	589
Root;Bacteria;Actinobacteriota;Actinomycetia;Actinomycetales;Micrococcaceae;Rothia;unclassified_Rothia	JQ453220.1.1388	0	0	5	17	4	3	1	2	9	17	0	0	1	0	1	1	3	6	0	0	1	0	0	0	0	1	0	14	8	1	0	0	0	0	0	0	0	0	12	6	2	1	7	5	1	0	11	0	1	2	0	5	2	24	13	19	2	1	2	3	0	0	62	2	1	1	25	1	0	0	6	3	11	2	1	0	7	0	1	0	0	0	0	3	0	0	6	0	0	0	0	0	0	1	0	0	0	1	0	2	1	0	0	0	4	0	0	0	0	0	0	0	0	0	0	1	0	0	0	1	0	32	0	0	1	1	9	0	0	0	7	0	13	0	0	0	0	0	0	0	0	0	1	0	0	0	0	0	0	0	0	0	8	0	0	0	0	0	0	0	0	0	0	1	0	0	0	0	0	2	1	1	0	0	0	0	0	0	2	1	0	0	4	2	0	0	0	0	0	0	0	0	0	0	1	0	0	0	0	0	1	0	5	0	0	0	3	0	0	0	0	0	4	0	1	0	0	1	0	0	0	0	2	1	0	0	0	4	1	0	0	0	0	1	0	0	0	0	0	0	0	0	1	0	3	2	4	0	2	0	6	3	0	0	0	0	0	2	1	0	0	0	0	5	0	0	0	0	0	0	0	0	6	10	1	1	0	0	2	1	0	0	3	0	1	1	0	0	0	1	0	0	0	0	2	0	0	1	0	3	0	0	8	0	0	9	0	19	0	0	0	0	15	0	0	0	0	0	0	0	2	0	4	7	0	0	0	4	0	0	0	0	0	0	1	2	0	0	0	0	10	0	0	29	0	1	0	0	0	0	0	4	0	0	1	0	0	0	0	0	4	2	6	19	1	1	0	0	0	0	1	1	7
Root;Bacteria;Proteobacteria;Gammaproteobacteria;Enterobacterales;Enterobacteriaceae;Providencia;unclassified_Providencia	HM127020.1.1462	0	0	0	0	0	0	0	0	0	0	0	0	0	0	0	0	0	0	0	0	0	0	0	0	0	0	0	2	1	0	0	0	0	0	0	0	0	0	0	0	0	0	0	0	0	0	0	0	0	0	0	0	0	0	0	0	0	0	0	0	0	0	0	0	0	0	0	0	0	0	0	0	0	0	0	0	0	0	0	0	0	0	0	0	0	0	0	0	0	0	0	0	0	0	0	0	0	0	0	0	0	0	0	0	0	0	0	0	0	0	0	0	0	0	0	0	0	0	0	0	0	0	0	0	0	0	0	0	0	0	0	0	0	0	0	0	0	0	0	0	0	0	0	0	0	0	0	0	0	0	0	0	0	0	0	0	0	0	0	0	0	0	0	0	0	0	0	0	0	0	0	0	0	0	0	0	0	0	0	0	0	0	0	0	0	0	0	0	0	0	0	0	0	0	0	0	0	0	0	0	0	0	0	0	0	0	0	0	0	0	0	0	0	0	0	0	0	0	0	0	0	0	0	0	0	0	0	0	0	0	0	0	0	0	0	0	0	0	0	0	0	0	0	0	0	0	0	0	0	0	0	0	0	0	0	0	0	0	0	0	0	0	0	0	0	0	0	0	0	0	0	0	0	0	0	0	0	0	0	0	0	0	0	0	0	0	0	0	0	0	0	0	0	0	0	0	0	0	0	0	0	0	0	0	0	0	0	0	0	0	0	0	0	0	0	0	0	0	0	0	0	0	0	0	0	0	0	0	0	0	0	0	0	0	0	0	0	0	0	0	0	0	0	0	0	0	0	0	0	0	0	0	0	0	0	0	0	0	0	0	0	0	0	0	0	0	0	0	0	0	0	0	0
Root;Bacteria;Fusobacteriota;Fusobacteriia;Fusobacteriales;Fusobacteriaceae;Fusobacterium;unclassified_Fusobacterium	JQ451880.1.1378	10	15	11	3	15	10	1	4	8	3	6	8	7	12	28	21	0	0	16	12	7	3	14	12	38	13	75	0	0	1	0	21	57	48	8	0	53	27	9	22	17	5	0	80	10	15	10	2	28	1	17	0	68	0	17	16	2	38	4	31	25	8	81	20	14	9	1	6	1	25	14	5	4	3	193	6	6	32	6	0	32	129	10	38	20	6	8	7	9	43	0	20	15	9	2	0	21	4	1	6	2	66	97	8	12	130	0	0	0	29	120	43	63	37	23	0	39	0	7	105	0	1	7	4	34	17	5	23	13	0	9	18	40	1	0	25	17	50	6	1	4	0	11	9	0	11	0	3	6	76	18	41	52	11	9	20	9	2	3	4	4	21	280	45	41	0	6	4	7	66	1	0	1	30	1	2	2	4	71	0	66	26	19	14	5	36	11	13	85	0	42	34	3	1	27	16	28	83	7	5	15	11	21	9	0	5	0	31	38	35	53	2	0	76	1	1	6	2	18	17	10	0	5	0	3	0	41	17	47	38	14	236	163	4	63	0	25	96	13	4	4	0	40	35	51	41	14	136	36	15	0	9	12	10	1	4	0	11	23	482	3	92	16	5	0	6	30	0	7	31	6	3	6	2	5	3	11	34	30	0	10	12	8	1	1	8	112	15	11	8	5	31	10	0	79	37	2	15	176	2	13	57	70	2	380	4	55	20	0	18	11	23	0	29	26	9	7	27	13	48	2	26	16	4	6	0	16	8	0	14	29	0	3	3	9	20	6	530	6	110	13	7	2	1	9	1	10	86	16	0	30	2	4	121	2	209	23	3	12	4	39	44	145	34	67	10	135	10	0	5	6	9	3
Root;Bacteria;Bacteroidota;Bacteroidia;Bacteroidales;Bacteroidaceae;Bacteroides;unclassified_Bacteroides	AY916170.1.1355	0	0	0	0	0	0	0	0	0	0	0	0	0	0	0	0	0	0	0	0	0	0	0	0	0	0	0	0	0	0	0	0	0	0	0	0	0	0	0	0	0	0	0	0	0	0	0	0	0	0	0	0	0	0	0	0	0	0	0	0	0	0	0	0	0	0	0	0	0	0	0	0	0	0	0	0	0	0	0	0	0	0	0	0	0	0	0	0	0	0	0	0	0	0	0	0	0	0	0	0	0	0	0	0	0	0	0	0	0	0	0	0	0	0	0	0	0	0	0	0	0	0	0	0	0	0	0	0	0	0	0	0	0	0	0	0	0	0	0	0	0	0	0	0	0	0	0	0	0	0	0	0	0	0	0	0	0	0	0	0	0	0	0	0	0	0	0	0	0	0	0	0	0	0	0	0	0	0	0	0	0	0	0	0	0	0	0	0	0	1	0	0	0	0	0	0	0	0	0	0	0	0	0	0	0	0	0	0	0	0	0	0	0	0	0	0	0	0	0	0	0	0	0	0	0	0	0	0	0	0	0	0	0	0	0	0	0	0	0	0	0	0	0	0	0	0	0	0	0	0	0	0	0	0	0	0	0	0	0	0	0	0	0	0	0	0	0	0	0	0	0	0	0	1	0	0	0	0	0	0	0	0	0	0	0	0	0	0	0	0	0	0	0	0	0	0	0	0	0	0	0	0	0	0	0	0	0	0	0	0	0	0	0	0	0	0	0	0	0	0	0	0	0	0	0	0	0	0	0	0	0	0	0	0	0	0	0	0	0	0	0	0	0	0	0	0	0	0	0	0	0	0	0	0	0	0	0	0	0	0	0	0	0	0	3	0	0	0	0	0	0	0	0
Root;Bacteria;Firmicutes;Bacilli;Lactobacillales;Streptococcaceae;Streptococcus;unclassified_Streptococcus	JQ461544.1.1400	0	0	0	0	0	0	0	0	0	0	0	0	0	0	0	0	0	0	0	0	0	0	0	1	0	0	0	0	0	0	0	0	0	1	0	0	0	0	0	0	0	0	0	0	0	0	0	0	0	0	0	0	0	0	0	0	0	0	1	0	0	0	0	0	0	0	0	0	0	0	0	0	0	0	0	0	0	0	0	0	0	0	0	0	0	0	0	0	0	0	0	0	0	0	0	0	0	0	0	0	0	0	0	0	0	0	0	0	0	0	0	0	0	1	1	0	0	0	0	1	0	0	0	0	0	0	0	0	0	0	0	0	0	0	0	0	0	0	0	0	0	0	0	0	0	0	0	0	0	0	0	0	0	0	0	0	0	0	0	0	0	0	0	0	0	0	0	0	0	0	0	0	0	0	0	0	0	0	0	0	0	0	1	0	0	0	0	0	0	0	0	0	0	0	0	0	0	0	0	0	0	0	0	0	0	0	0	0	0	0	1	0	0	0	0	0	0	0	0	0	0	0	0	0	0	0	0	0	0	0	0	0	0	0	0	0	0	0	0	0	0	0	0	0	0	0	0	0	0	0	0	0	0	0	0	0	0	0	0	0	0	0	0	0	0	0	1	0	0	1	0	0	0	0	0	0	0	0	0	0	0	0	0	0	0	0	0	0	0	0	0	0	0	0	0	0	0	0	0	0	0	0	0	0	0	0	0	0	0	0	0	0	0	0	0	0	0	0	0	0	0	0	0	0	0	0	0	0	0	0	0	0	0	0	0	0	0	0	0	0	0	0	0	0	0	1	0	0	0	0	0	0	0	0	0	0	0	0	0	0	0	0	1	0	0	0	0	0	0	0	0	0	0
Root;Bacteria;Fusobacteriota;Fusobacteriia;Fusobacteriales;Fusobacteriaceae;Fusobacterium;unclassified_Fusobacterium	JQ466969.1.1400	5	7	0	2	37	42	3	3	0	0	54	76	25	17	0	3	1	2	2	1	2	5	15	9	1	1	2	0	0	2	0	10	20	83	32	0	1	1	1	0	0	0	0	2	14	0	1	0	4	176	18	0	4	0	0	0	0	5	0	8	31	1	33	7	0	0	218	0	0	1	0	0	57	0	0	0	0	11	0	0	1	1	0	15	30	29	10	53	0	11	0	0	2	4	1	0	0	6	2	4	0	18	15	7	0	43	6	0	0	66	0	20	0	0	4	0	70	0	13	1	3	585	0	0	23	16	29	0	1	1	80	0	0	0	0	4	5	6	0	0	2	0	1	27	0	2	0	3	43	7	2	0	26	10	40	2	6	7	2	0	0	37	0	4	1	0	1	5	10	0	1	1	211	0	0	2	25	0	87	0	2	3	0	0	0	1	0	0	0	0	13	10	2	0	3	0	0	20	0	0	7	4	3	13	2	0	0	0	1	0	0	0	6	3	6	0	22	30	0	0	2	0	93	8	5	0	34	10	0	0	0	0	0	1	265	1	1	0	0	79	6	0	0	0	1	0	133	1	1	4	0	0	161	1	1	6	0	0	54	28	0	1	28	2	0	10	79	0	0	40	45	60	201	0	7	0	2	6	7	0	12	1	0	0	1	2	5	0	1	4	0	0	0	0	42	3	0	25	86	0	2	4	4	8	96	17	6	0	0	0	0	37	1	1	1	27	36	0	0	422	12	16	0	1	6	0	3	4	9	71	101	0	0	0	8	0	0	3	15	30	3	0	0	0	0	0	0	0	0	0	10	23	358	0	3	0	75	2	0	0	4	2	188	0	1	12	12	0	0	10	8	0	106
Root;Bacteria;Firmicutes;Bacilli;Lactobacillales;Streptococcaceae;Streptococcus;unclassified_Streptococcus	FN908168.1.1419	0	0	0	0	0	0	0	0	0	0	0	0	0	0	0	0	0	0	0	0	0	0	0	0	0	0	0	0	0	0	0	0	0	0	0	0	0	0	0	0	0	0	0	0	0	0	0	0	0	0	0	0	0	0	0	0	0	0	0	0	0	0	0	0	0	0	0	0	0	0	0	0	0	0	0	0	0	0	0	0	0	0	0	0	0	0	0	0	0	0	0	0	0	0	0	0	0	0	0	0	0	0	0	0	0	0	0	0	0	0	0	0	0	0	0	0	0	0	0	0	0	0	0	0	0	0	0	0	0	0	0	0	0	0	0	0	0	0	0	0	0	0	0	0	0	0	0	0	0	0	0	0	0	0	0	0	0	0	0	0	0	0	0	0	0	0	0	0	0	0	0	0	0	0	0	0	0	0	0	0	0	0	0	0	0	0	0	0	0	0	0	0	0	0	0	0	0	0	0	0	0	0	0	0	0	0	0	0	0	0	0	0	0	0	0	0	0	0	0	0	0	0	0	0	0	0	0	0	0	0	0	0	0	0	0	0	0	0	0	0	0	0	0	0	0	0	0	0	0	0	0	0	0	0	0	0	0	0	0	0	0	0	0	0	0	0	0	0	0	0	0	0	0	0	0	0	0	0	0	0	0	0	0	0	0	0	0	0	0	0	0	0	0	0	0	0	0	0	0	0	0	0	0	0	0	0	0	0	0	0	0	0	0	0	0	0	0	0	0	0	0	0	0	0	0	0	0	0	0	0	0	0	0	0	0	0	0	0	0	0	0	0	0	0	0	1	0	0	0	0	0	0	0	0	0	0	0	0	0	0	0	0	0	0	0	0	0	0	0	0	0	0	0
Root;Bacteria;Firmicutes;Bacilli;Erysipelotrichales;Coprobacillaceae;Eggerthia;Eggerthia_catenaformis	AGEJ01000008.84769.86302	0	0	0	0	0	0	0	0	0	0	0	0	1	3	0	0	0	0	0	0	0	0	0	0	1	0	0	0	0	0	0	0	0	0	0	0	0	0	0	0	0	0	0	0	0	0	0	0	0	0	0	0	0	0	0	0	0	0	0	0	0	0	0	1	0	0	0	0	0	0	0	0	0	0	0	0	0	0	0	0	0	0	0	0	0	0	0	0	0	0	0	0	0	0	0	0	0	0	0	0	0	0	9	0	0	0	0	0	0	0	0	0	0	0	0	0	0	0	0	0	0	0	0	0	0	0	0	0	0	0	0	0	0	0	0	0	0	0	0	0	0	0	0	0	0	0	0	0	0	0	0	0	0	0	0	0	0	0	0	0	0	0	0	0	0	0	0	0	0	0	0	0	0	0	0	0	0	0	0	0	0	0	0	0	0	0	0	0	0	0	0	0	0	0	0	0	0	0	0	0	0	0	0	0	1	0	0	0	0	0	0	0	0	0	0	0	0	0	0	0	0	0	0	0	0	0	0	0	0	0	0	0	0	0	0	0	0	0	0	0	0	0	0	0	0	0	0	0	0	0	0	0	0	0	0	0	0	0	0	0	0	0	0	0	0	0	0	0	0	0	0	0	0	0	0	0	0	0	0	0	0	0	0	0	0	0	0	0	0	0	0	0	0	0	0	0	0	0	0	0	1	6	0	1	0	0	0	0	0	0	0	0	0	0	0	0	0	0	0	0	0	0	0	0	0	0	0	0	0	0	0	0	0	0	0	0	0	0	0	0	0	0	0	0	0	0	0	0	0	0	0	0	0	0	0	0	0	0	0	0	0	0	0	0	0	0	0	0	0	0	0	0	0
Root;Bacteria;Firmicutes;Bacilli;Staphylococcales;Gemellaceae;Gemella;unclassified_Gemella	JF140866.1.1361	0	0	7	5	2	1	2	0	3	3	1	1	1	2	2	1	12	22	3	4	1	0	3	2	0	1	1	4	2	0	0	1	0	0	0	21	11	5	9	0	1	2	1	1	0	4	1	0	0	1	1	0	2	4	39	43	0	1	1	2	0	2	7	0	1	1	1	1	0	3	4	0	2	2	1	0	2	0	1	0	0	0	10	3	1	0	2	3	0	0	0	2	3	0	0	0	1	3	0	1	0	0	0	1	0	1	0	3	0	0	2	0	0	2	3	0	2	0	0	2	0	1	0	0	6	6	0	0	1	0	2	1	0	0	0	0	0	0	0	0	0	0	2	1	1	1	0	0	0	0	2	0	1	0	1	2	0	0	0	1	1	0	0	0	2	8	0	0	0	6	0	0	2	0	0	0	1	2	1	3	0	1	1	1	0	0	0	0	1	0	0	1	0	0	0	0	0	0	1	0	0	0	3	0	0	0	0	0	1	0	0	0	2	3	0	0	1	2	0	0	0	0	1	0	0	0	0	0	0	0	0	1	0	5	0	0	0	0	0	0	0	0	3	2	0	0	0	1	3	2	0	0	1	2	0	1	0	4	0	4	1	0	1	0	1	0	0	0	0	1	0	0	2	0	0	1	13	4	11	2	1	0	0	1	0	2	1	4	0	0	0	0	0	0	0	1	0	0	0	6	0	0	2	0	29	1	1	19	0	2	1	0	0	6	4	0	0	3	0	0	1	1	4	3	0	0	0	6	0	1	0	0	0	1	3	2	0	6	0	18	1	0	0	0	0	0	0	0	0	0	0	6	3	2	13	1	2	0	0	0	5	0	1	14	1	0	0	0	0	1	0	1	0
Root;Bacteria;Bacteroidota;Bacteroidia;Bacteroidales;Bacteroidaceae;Prevotella;Prevotella_intermedia	CP003502.202115.203572	0	0	0	1	0	0	0	0	0	0	0	0	0	0	0	0	0	0	0	0	0	0	0	0	9	0	0	0	0	0	0	1	107	15	0	0	0	0	0	0	0	0	0	0	0	0	0	0	134	47	0	0	0	0	2	6	0	0	0	300	66	0	335	0	0	0	0	0	0	0	0	0	0	11	0	0	0	0	0	0	0	0	0	129	0	0	0	0	0	0	0	0	0	0	3	0	0	30	0	0	0	20	0	0	0	253	9	0	0	66	34	96	62	0	30	0	0	0	0	58	0	0	0	0	504	454	0	0	0	0	0	148	0	0	0	55	82	1	104	0	0	0	0	0	0	12	0	0	15	6	3	0	0	0	0	0	0	0	0	0	3	0	0	103	126	4	0	18	40	7	69	0	0	0	442	0	0	0	0	0	0	0	0	0	0	0	0	0	0	0	0	0	6	0	0	0	8	0	159	0	0	0	0	111	0	0	2	0	0	0	1	0	0	0	0	0	0	0	0	0	0	0	0	0	156	0	0	0	0	0	146	0	174	0	0	0	0	0	0	325	0	0	2	1	4	0	0	0	0	42	0	49	503	0	0	0	0	0	0	0	0	43	90	10	0	0	0	0	0	0	0	69	0	0	0	0	0	0	1	0	0	8	0	156	2	0	310	0	0	0	0	75	5	0	30	0	34	0	350	0	34	49	0	3	0	0	351	0	0	0	0	274	0	0	0	0	0	1	0	0	0	28	0	29	0	0	16	0	0	0	1	0	0	0	0	0	0	0	0	0	0	0	0	0	0	1	0	0	0	0	0	0	0	0	1	0	0	146	0	0	0	25	87	0	0	81	0	0	0	0	1	0	0
Root;Bacteria;Firmicutes;Bacilli;Lactobacillales;Streptococcaceae;Streptococcus;unclassified_Streptococcus	GQ000752.1.1377	0	0	0	0	0	0	0	0	0	0	0	0	0	0	0	0	0	0	0	0	0	0	0	0	0	0	0	0	0	0	0	0	0	0	0	0	2	0	0	0	1	0	0	0	0	0	0	0	0	0	0	0	0	0	1	0	0	0	0	0	0	0	0	0	0	0	0	0	0	0	0	0	0	0	0	0	0	0	0	0	0	0	0	0	0	0	0	0	0	0	0	0	0	0	0	0	0	0	0	0	0	0	0	0	0	0	0	0	0	0	0	0	0	0	0	0	0	0	0	0	0	0	0	0	0	0	0	1	0	0	0	0	0	0	0	0	0	0	0	0	0	0	0	0	0	0	0	0	0	0	0	0	0	0	0	0	0	0	0	0	0	0	0	0	0	0	0	0	0	1	0	0	0	0	0	0	0	0	0	0	0	0	0	0	0	0	0	0	0	0	0	0	0	0	0	0	0	0	0	0	0	0	0	0	0	0	0	0	0	0	0	0	0	0	0	0	0	0	0	0	0	0	0	0	0	0	0	0	0	0	0	0	0	0	0	0	0	0	0	0	0	0	0	0	0	0	0	0	0	0	0	0	0	0	0	0	0	0	0	0	0	0	0	0	0	0	0	0	0	0	0	0	0	0	0	0	0	0	0	0	0	1	0	0	0	0	0	0	0	0	0	0	0	0	0	0	0	0	0	0	0	0	0	0	0	0	0	0	0	0	0	0	0	0	0	0	0	0	0	0	0	0	0	0	0	0	0	0	0	0	0	0	0	0	0	0	0	0	0	0	1	0	0	0	0	0	0	0	0	0	0	0	0	0	0	0	0	0	0	0	0	0	0	0	0	0	0	0	0	0	0	0	0
Root;Bacteria;Fusobacteriota;Fusobacteriia;Fusobacteriales;Leptotrichiaceae;Leptotrichia;unclassified_Leptotrichia	FJ470409.1.1474	11	10	0	0	1	0	0	0	0	0	6	2	2	1	0	4	0	0	23	28	2	1	4	1	9	28	3	0	0	0	0	1	10	5	12	0	0	0	0	7	0	0	0	214	1	0	0	0	73	0	0	21	2	0	0	0	0	18	4	0	0	0	0	6	0	0	0	0	0	4	2	0	0	0	3	31	0	13	0	0	1	0	1	0	2	3	3	0	6	1	0	2	74	0	11	2	0	0	0	0	0	37	10	1	0	0	0	0	0	24	0	0	6	0	1	0	16	0	0	51	0	0	7	9	0	2	0	0	0	0	0	5	2	0	0	0	0	0	8	2	0	0	3	0	0	3	0	4	1	3	0	0	9	1	25	0	0	0	0	0	0	0	0	1	0	1	0	0	0	0	0	0	0	2	1	6	1	0	0	0	10	2	5	16	0	11	3	9	21	0	22	27	0	0	30	32	1	0	0	0	1	0	0	3	0	0	0	27	0	0	0	1	0	61	1	1	2	0	0	0	7	0	0	0	0	0	62	0	3	0	0	11	0	0	3	0	0	0	7	2	0	0	6	97	13	18	1	28	0	3	0	0	0	1	3	0	0	0	4	0	0	0	0	0	0	5	14	0	0	0	4	3	0	0	0	0	0	0	0	1	0	1	0	4	0	0	21	4	7	1	0	1	0	0	1	9	0	5	6	2	4	11	63	1	12	25	114	0	0	43	9	32	0	0	0	2	2	6	1	0	0	7	0	0	1	0	0	0	0	0	1	0	1	0	0	0	0	3	0	18	0	0	0	0	0	18	3	1	0	0	1	0	0	1	0	48	1	0	0	0	4	25	10	0	6	81	39	9	0	0	0	0	0
Root;Bacteria;Fusobacteriota;Fusobacteriia;Fusobacteriales;Leptotrichiaceae;Leptotrichia_A;Leptotrichia_A_sp000469505	JQ451131.1.1383	0	0	6	2	1	2	0	0	1	0	10	6	2	4	5	11	0	0	0	0	0	1	2	2	1	5	8	0	0	0	0	0	3	0	0	2	76	74	0	12	22	23	2	0	0	4	5	0	0	0	2	0	0	0	5	5	0	1	0	0	2	0	17	1	0	1	0	3	3	3	0	0	0	0	0	6	0	1	2	0	1	16	0	9	0	0	10	3	1	0	0	0	0	3	3	0	1	3	0	4	0	0	6	3	0	0	0	3	1	1	5	0	1	1	2	0	0	0	0	54	0	0	12	15	2	1	0	69	99	0	3	0	1	0	0	0	0	1	0	0	5	0	0	0	0	3	0	0	1	0	1	27	0	0	0	2	0	1	0	23	1	0	0	3	27	9	0	0	1	11	0	0	5	0	0	0	0	1	0	56	5	4	0	0	0	3	0	0	6	0	1	2	0	0	0	0	2	0	0	0	1	2	10	1	0	0	0	25	1	1	0	1	0	0	0	0	0	0	0	1	0	0	1	0	0	0	0	8	2	0	5	0	0	5	0	0	1	21	0	0	8	0	1	10	0	0	0	7	0	5	1	0	0	4	0	0	0	21	2	1	2	1	2	0	16	0	0	0	0	1	0	1	0	0	0	0	4	0	0	1	1	2	0	40	0	16	33	0	0	2	2	48	7	0	0	55	0	4	1	0	0	1	0	0	38	43	0	0	0	4	1	1	0	0	0	3	0	1	0	0	5	4	2	2	2	0	3	6	3	3	1	0	6	0	0	23	0	61	9	2	1	0	0	0	0	2	0	0	0	0	0	1	0	3	5	15	2	1	22	2	2	3	4	12	3	0	7	1	0	2	1	0	0
Root;Bacteria;Firmicutes_A;Clostridia;Oscillospirales;Ruminococcaceae;Faecalibacterium;Faecalibacterium_prausnitzii_D	DQ797889.1.1280	0	0	0	0	0	0	0	0	0	0	0	0	0	0	0	0	0	0	0	0	0	0	0	0	0	0	0	0	0	0	0	0	0	0	0	0	0	0	0	0	0	0	0	0	0	0	0	0	0	0	0	0	0	0	0	0	0	0	0	0	0	0	0	0	0	0	0	0	0	0	0	0	0	0	0	0	0	0	0	0	0	0	0	0	0	0	0	0	0	0	0	0	0	0	0	0	0	0	0	0	0	0	0	0	0	0	0	0	0	0	0	0	0	0	0	0	0	0	0	0	0	0	0	0	0	0	0	0	0	0	0	0	0	0	0	0	0	0	0	0	0	0	0	0	0	0	0	0	0	0	0	0	0	0	0	0	0	0	0	0	0	0	0	0	0	0	0	0	0	0	0	0	0	0	0	0	0	1	0	0	0	0	0	0	0	0	0	0	0	0	0	0	0	0	0	0	0	0	0	0	0	0	0	0	0	0	0	0	0	0	0	0	0	0	0	0	0	0	0	0	0	0	0	0	0	0	0	0	0	0	0	0	0	0	0	0	0	0	0	0	0	0	0	0	0	0	0	0	0	0	0	0	0	0	0	0	0	0	0	0	0	0	0	0	0	0	0	0	0	0	0	0	0	0	0	0	0	0	0	0	0	0	0	0	0	0	0	0	0	0	0	0	0	0	0	0	0	0	0	0	0	0	0	0	0	0	0	0	0	0	0	0	0	0	0	0	0	0	0	0	0	0	0	0	0	0	0	0	0	0	0	0	0	0	0	0	0	0	0	0	0	0	0	0	0	0	0	0	0	0	0	0	0	0	0	0	0	0	0	0	0	0	0	0	0	0	0	0	0	0	0	0	0
Root;Bacteria;Proteobacteria;Gammaproteobacteria;Enterobacterales;Enterobacteriaceae;Citrobacter;unclassified_Citrobacter	JX527036.1.1446	0	0	0	0	0	0	0	0	0	0	0	0	0	0	0	0	0	0	0	0	0	0	0	0	0	0	0	0	2	0	0	0	0	0	0	0	0	0	0	0	0	0	0	0	0	0	0	0	0	0	0	0	0	0	0	0	0	0	0	0	0	0	0	0	0	0	0	0	0	0	0	0	0	0	0	0	0	0	0	0	0	0	0	0	0	0	0	0	0	0	0	0	0	0	0	0	0	0	0	0	0	0	0	0	0	0	0	0	0	0	0	0	0	0	0	0	0	0	0	0	0	0	0	0	0	0	0	0	0	0	0	0	0	0	0	0	0	0	0	0	0	0	0	0	0	0	0	0	0	0	0	0	0	0	0	0	0	0	0	0	0	0	0	0	0	0	0	0	0	0	0	0	0	0	0	0	0	0	0	0	0	0	0	0	0	0	0	0	0	0	0	0	0	0	0	0	0	0	0	0	0	0	0	0	0	0	0	0	0	0	0	0	0	0	0	0	0	0	0	0	0	0	0	0	0	0	0	0	0	0	0	0	0	0	0	0	0	0	0	0	0	0	0	0	0	0	0	0	0	0	0	0	0	0	0	0	0	0	0	0	0	0	0	0	0	0	0	0	0	0	0	0	0	0	0	0	0	0	0	0	0	0	0	0	0	0	0	0	0	0	0	0	0	0	0	0	0	0	0	0	0	0	0	0	0	0	0	0	0	0	0	0	0	0	0	0	0	0	0	0	0	0	0	0	0	0	0	0	0	0	0	0	0	0	0	0	0	0	0	0	0	0	0	0	0	0	0	0	0	0	0	0	0	0	0	0	0	0	0	0	0	0	0	0	0	0	0	0	0	0	0	0	0
Root;Bacteria;Fusobacteriota;Fusobacteriia;Fusobacteriales;Fusobacteriaceae;Fusobacterium;unclassified_Fusobacterium	JQ210927.1.1340	0	0	0	0	0	0	0	0	0	0	0	0	0	0	0	0	0	0	0	0	0	0	0	0	0	0	0	0	0	0	0	0	0	0	0	0	0	0	0	0	0	0	0	0	0	0	0	0	0	0	0	0	0	0	0	0	0	0	0	0	0	0	0	0	0	0	0	0	0	0	0	0	0	0	0	0	0	0	0	0	0	0	0	0	0	0	0	0	0	0	0	0	0	0	0	0	0	0	0	0	0	0	0	0	0	0	0	0	0	0	0	0	0	0	0	0	0	0	0	0	0	0	0	0	0	0	0	0	0	0	0	0	0	0	0	0	0	0	0	0	0	0	0	0	0	0	0	0	0	0	0	0	0	0	0	0	0	0	0	0	0	0	0	0	0	0	0	0	0	1	0	0	0	0	0	0	0	0	0	0	0	0	0	0	0	0	0	0	0	0	0	0	1	0	0	0	0	0	1	0	0	0	0	0	0	0	0	0	0	0	0	0	0	0	0	0	0	0	0	0	0	0	0	0	0	0	0	0	0	0	0	0	0	0	0	0	0	0	0	0	0	0	0	0	0	0	0	0	0	0	0	0	0	0	0	0	0	0	0	0	0	0	0	0	0	0	0	0	0	0	0	0	0	0	0	0	0	0	0	0	0	0	0	0	0	0	1	0	0	0	0	0	0	0	0	0	0	0	1	0	0	0	0	0	0	0	0	0	0	0	0	0	0	0	0	0	0	0	0	0	0	0	0	0	0	0	0	0	0	0	0	0	0	0	0	0	0	0	0	0	0	0	0	0	0	0	0	0	0	0	1	0	0	0	0	0	0	0	0	0	0	0	0	0	0	0	0	0	0	0	0	0	0
Root;Bacteria;Bacteroidota;Bacteroidia;Bacteroidales;Tannerellaceae;Parabacteroides;Parabacteroides_distasonis	FJ505332.1.1379	0	0	0	0	0	0	0	0	0	0	0	0	0	0	0	0	0	0	0	0	0	0	0	0	0	0	0	0	0	0	0	0	0	0	0	0	0	0	0	0	0	0	0	0	0	0	0	0	0	0	0	0	0	0	0	0	0	0	0	0	0	0	0	0	0	0	0	0	0	0	0	0	0	0	0	0	0	0	0	0	0	0	0	0	0	0	0	0	0	0	0	0	0	0	0	0	0	0	0	0	0	0	0	0	0	0	0	0	0	0	0	0	0	0	0	0	0	0	0	0	0	0	0	0	0	0	0	0	0	0	0	0	0	0	0	0	0	0	0	0	0	0	0	0	0	0	0	0	0	0	0	0	0	0	0	0	0	0	0	0	0	0	0	0	0	0	0	0	0	0	0	0	0	0	0	0	0	0	0	0	0	0	0	0	0	0	0	0	0	0	0	0	0	0	0	0	0	0	0	0	0	0	0	0	0	0	0	0	0	0	0	2	0	0	0	0	0	0	0	0	0	0	0	0	0	0	0	0	0	0	0	0	0	0	0	0	0	0	0	0	0	0	0	0	0	0	0	0	0	0	0	0	0	0	0	0	0	0	0	0	0	0	0	0	0	0	0	0	0	0	0	0	0	0	0	0	0	0	0	0	0	0	0	0	0	0	0	0	0	0	0	0	0	0	0	0	0	0	0	0	0	0	0	0	0	0	0	0	0	0	0	0	0	0	0	0	0	0	0	0	0	0	0	0	0	0	0	0	0	0	0	0	0	0	0	0	0	0	0	0	0	0	0	0	0	0	0	0	0	0	0	0	0	0	0	0	0	0	0	0	0	0	0	0	0	0	0	0	0	0	0	0	0
Root;Bacteria;Bacteroidota;Bacteroidia;Bacteroidales;Porphyromonadaceae;Porphyromonas;unclassified_Porphyromonas	JF105411.1.1360	0	0	0	0	17	15	0	0	0	0	0	0	0	0	17	28	0	0	9	18	0	1	0	0	1	2	0	0	1	0	0	0	78	36	1	5	17	3	0	2	32	8	0	68	6	21	23	3	8	1	0	0	10	0	28	14	0	0	0	0	8	71	50	85	0	0	0	5	2	3	12	0	3	0	0	0	3	42	0	0	16	0	1	1	0	0	0	0	0	19	0	1	0	0	1	1	0	1	1	0	0	10	39	55	2	0	0	0	0	2	2	0	0	51	10	2	12	0	0	67	0	0	3	1	72	76	0	40	20	0	8	0	10	0	0	0	0	0	0	0	1	0	1	38	0	0	0	1	3	8	0	33	7	1	26	14	0	2	0	0	0	0	0	0	1	56	16	0	0	0	2	1	1	211	0	0	0	0	0	21	25	11	1	2	26	9	4	0	1	0	0	0	0	0	3	9	6	7	0	29	0	0	0	0	0	4	1	36	0	0	37	0	0	0	2	2	26	19	1	1	20	0	1	0	4	2	3	0	0	0	6	11	1	3	0	0	2	1	73	0	3	0	3	0	0	22	2	68	0	7	1	0	0	39	0	0	1	103	10	1	1	1	5	0	0	0	1	0	0	3	0	0	3	2	0	0	0	1	8	0	72	1	0	0	0	1	10	42	0	0	4	98	12	2	0	6	0	1	0	6	0	0	0	0	555	0	0	0	0	0	0	0	0	30	27	5	2	0	0	0	17	0	0	0	26	0	45	0	19	71	0	0	0	1	0	32	5	30	27	6	0	0	1	0	1	1	0	13	4	5	0	4	0	7	27	2	12	0	31	4	40	1	2	33	8	9	9	3	0	27	2	1	0
Root;Bacteria;Fusobacteriota;Fusobacteriia;Fusobacteriales;Leptotrichiaceae;Leptotrichia;Leptotrichia_sp013394795	JQ473982.1.1239	0	0	0	0	8	9	0	0	0	0	0	0	7	9	5	10	1	0	0	0	1	0	0	0	0	6	0	0	0	0	0	0	3	5	0	0	0	0	0	1	0	0	0	2	1	0	0	0	10	0	0	1	0	0	0	0	0	0	3	0	0	0	0	4	0	0	0	0	1	0	0	0	0	0	0	0	0	12	0	0	11	0	0	0	0	0	1	0	0	0	0	14	0	4	0	0	0	2	0	4	3	1	2	0	0	0	0	0	0	0	0	0	3	0	6	0	15	0	0	0	0	0	0	0	0	0	4	0	0	0	0	1	0	6	0	0	0	0	0	0	0	0	0	0	0	1	0	2	0	0	0	2	0	0	0	4	0	0	0	0	0	0	0	0	0	0	0	0	1	0	4	0	0	1	0	6	0	0	0	0	0	0	0	3	0	4	1	3	2	0	0	0	0	0	5	9	4	0	0	0	0	0	0	3	0	0	6	0	0	0	0	1	3	8	0	0	0	0	0	0	0	0	0	0	0	0	0	0	0	0	1	0	1	1	0	0	24	1	0	0	0	0	0	14	2	8	0	0	14	0	0	0	1	1	5	0	0	0	239	0	0	1	0	0	0	0	4	0	0	0	0	1	0	0	0	1	0	0	0	0	31	0	0	0	0	0	33	0	0	0	0	15	3	0	0	0	0	0	12	0	2	8	13	0	0	0	0	1	0	80	13	1	0	0	0	2	5	0	0	0	6	3	0	0	0	0	2	0	0	0	1	0	0	0	0	0	0	2	7	0	0	0	0	0	0	0	0	14	3	2	4	2	0	1	0	1	1	0	1	0	0	31	0	0	9	7	2	0	0	16	41	0	26
Root;Bacteria;Firmicutes_A;Clostridia;Lachnospirales;Lachnospiraceae;Coprococcus;unclassified_Coprococcus	DQ325849.1.1340	0	0	0	0	0	0	0	0	0	0	0	0	0	0	0	0	0	0	0	0	0	0	0	0	0	0	0	0	0	0	0	0	0	0	0	0	0	0	0	0	0	0	0	0	0	0	0	0	0	0	0	0	0	0	0	0	0	0	0	0	0	0	0	0	0	0	0	0	0	0	0	0	0	0	0	0	0	0	0	0	0	0	0	0	0	0	0	0	0	0	0	0	0	0	0	0	0	0	0	0	0	0	0	0	0	0	0	0	0	0	0	0	0	0	0	0	0	0	0	0	0	0	0	0	0	0	0	0	0	0	0	0	0	0	0	0	0	0	0	0	0	0	0	0	0	0	0	0	0	0	0	0	0	0	0	0	0	0	0	0	0	0	0	0	0	0	0	0	0	0	0	0	0	0	0	0	0	0	0	0	0	0	0	0	0	0	0	0	0	0	0	0	0	0	0	0	0	0	0	0	0	0	0	0	0	0	0	0	0	0	0	0	0	0	0	0	0	0	0	0	0	0	0	0	0	0	0	0	0	0	0	0	0	0	0	0	0	0	0	0	0	0	0	0	0	0	0	0	0	0	0	0	0	0	0	0	0	0	0	0	0	0	0	0	0	0	0	0	0	0	0	0	0	0	0	0	0	0	1	0	0	0	0	0	0	0	0	0	0	0	0	0	0	0	0	0	0	0	0	0	0	0	0	0	0	0	0	0	0	0	0	0	0	0	0	0	0	0	0	0	0	0	0	0	0	0	0	0	0	0	0	0	0	0	0	0	0	0	0	0	0	0	0	0	0	0	0	0	0	0	0	0	0	0	0	0	0	0	0	0	0	0	0	0	0	0	0	0	0	0	0	0	0
Root;Bacteria;Fusobacteriota;Fusobacteriia;Fusobacteriales;Leptotrichiaceae;Leptotrichia;unclassified_Leptotrichia	JQ466903.1.1308	0	0	0	0	1	4	0	0	0	1	1	0	2	1	6	9	0	1	0	0	0	0	0	1	1	0	0	0	0	0	0	0	0	1	1	0	0	0	2	3	0	0	0	6	0	0	0	3	0	0	0	0	0	0	0	0	0	2	0	0	1	0	0	4	0	0	0	4	0	0	0	0	1	1	2	1	0	0	0	0	0	0	0	0	2	0	0	0	3	0	0	0	1	0	1	0	0	1	0	0	0	0	1	0	0	0	0	0	0	0	0	0	0	0	1	0	2	0	0	0	0	0	0	0	0	0	0	0	0	0	0	0	0	0	0	0	0	1	0	0	1	0	0	1	0	0	0	0	0	18	0	0	0	0	1	0	1	0	6	1	2	13	0	0	0	0	0	0	0	5	0	0	0	0	0	0	0	0	0	0	8	1	1	2	0	0	0	0	2	0	0	0	0	0	1	4	108	1	0	0	0	0	0	0	0	8	0	26	0	0	0	0	2	0	0	0	0	0	0	0	0	0	0	0	0	0	0	2	0	0	0	2	1	0	0	0	0	8	0	0	0	0	0	6	0	1	9	0	0	1	1	0	0	0	0	0	0	4	0	5	0	0	1	0	0	0	0	0	0	4	0	0	0	0	0	0	0	0	0	0	0	0	4	0	0	0	0	0	1	1	0	0	0	0	1	1	0	2	0	0	0	0	1	0	10	5	0	0	0	1	1	1	0	0	0	6	1	1	0	0	0	0	0	0	0	0	1	0	1	5	0	0	0	0	0	0	2	0	0	0	0	1	0	0	0	14	0	0	0	0	0	0	0	0	0	6	0	0	0	0	1	0	10	13	0	0	0	1	0	15	1	0	8
Root;Bacteria;Bacteroidota;Bacteroidia;Flavobacteriales;Flavobacteriaceae;Capnocytophaga;unclassified_Capnocytophaga	JF193118.1.1352	0	0	0	0	0	0	0	0	0	0	0	0	0	0	0	0	0	0	0	0	0	0	0	0	1	0	0	1	0	0	0	0	0	0	0	0	0	0	0	0	0	0	0	0	0	0	0	0	0	0	0	0	0	0	0	0	0	0	0	1	0	0	1	1	0	0	0	0	1	0	1	0	0	0	0	1	0	0	0	0	0	0	0	0	0	0	0	0	0	0	0	0	0	0	0	0	0	0	0	0	0	0	0	0	0	0	0	0	0	0	0	0	0	0	0	0	0	0	0	0	0	0	0	0	0	0	0	1	0	0	0	0	2	0	0	0	0	1	0	0	0	0	0	0	0	0	0	0	0	0	0	0	0	0	0	0	0	0	0	0	0	0	0	0	0	0	0	0	0	5	0	0	0	0	0	0	0	0	0	0	0	0	0	0	0	0	0	0	0	0	0	0	0	0	0	0	0	0	0	1	1	0	0	0	0	0	0	0	0	0	0	0	0	0	0	0	0	0	0	0	0	0	0	0	0	0	0	0	0	0	0	1	0	0	0	0	0	0	0	0	0	0	0	3	0	0	1	0	0	1	0	0	0	0	0	0	0	0	0	1	0	0	0	0	0	0	0	0	0	0	0	0	0	0	0	0	0	0	0	0	0	0	0	0	0	0	0	0	0	0	0	0	0	0	0	0	0	0	0	0	0	0	0	0	0	1	0	0	0	0	0	0	0	0	0	0	0	0	0	0	0	0	0	0	1	0	0	1	0	0	2	0	0	0	0	1	0	0	0	0	0	0	0	0	0	0	0	0	0	0	0	0	0	0	0	1	0	0	1	0	0	0	0	1	0	0	0	0	0	0	0	0	0
Root;Bacteria;Proteobacteria;Gammaproteobacteria;Enterobacterales;Pasteurellaceae;Haemophilus;unclassified_Haemophilus	JQ449961.1.1384	0	0	0	0	0	0	0	0	0	0	0	0	0	0	0	6	2	3	1	0	0	0	1	3	0	0	0	7	8	0	0	0	0	0	0	121	1	0	0	0	0	0	0	0	0	0	0	1	0	3	1	0	0	2	0	3	0	0	0	0	0	7	0	0	0	0	4	0	0	3	0	0	0	1	2	0	0	0	0	0	0	0	0	0	1	0	0	0	0	2	0	1	2	32	0	0	33	0	0	0	0	0	0	5	0	0	12	0	0	0	0	0	0	0	1	0	0	0	0	0	0	0	0	0	0	0	0	0	0	0	2	0	0	0	0	0	0	0	0	0	0	0	1	0	8	0	0	0	0	0	0	2	37	0	0	1	0	0	0	0	0	1	0	0	0	21	0	0	0	0	0	0	0	0	0	0	0	0	0	0	0	0	0	3	0	0	0	0	0	0	0	0	0	1	0	0	0	0	1	0	0	0	0	0	0	0	0	0	0	0	0	0	0	0	0	0	0	0	0	0	0	0	0	0	0	0	0	0	0	0	0	1	0	0	0	0	0	0	0	0	0	0	0	4	0	0	0	0	0	0	0	0	0	0	0	0	0	0	0	0	4	5	0	1	0	0	0	0	0	12	0	0	0	0	0	0	0	1	2	0	1	0	0	0	0	0	0	0	0	0	0	0	0	4	0	0	0	0	0	0	0	3	0	2	0	0	0	0	0	0	0	0	0	0	0	0	0	0	0	0	0	1	0	0	0	0	0	1	0	0	0	0	0	0	1	0	10	0	0	0	0	0	0	0	5	0	0	0	1	0	0	14	0	0	7	0	0	0	0	0	0	0	0	0	2	0	0	0	0	0	0	0	0
Root;Bacteria;Firmicutes_A;Clostridia;Lachnospirales;Lachnospiraceae;Oribacterium;Oribacterium_sp013394775	GU592683.1.1422	0	0	0	0	0	0	0	0	0	0	0	0	0	0	0	0	0	0	0	0	0	0	0	0	2	0	0	0	0	0	0	0	0	0	0	0	0	0	0	0	0	0	0	0	0	0	0	0	0	0	0	0	0	0	0	0	0	0	0	0	0	0	0	0	0	0	0	0	0	0	0	0	0	0	0	0	0	0	0	0	0	0	0	0	0	0	0	0	0	0	0	0	0	0	0	0	0	0	0	0	0	0	0	0	0	0	0	0	0	0	0	0	0	0	0	0	0	0	0	0	0	0	0	0	0	0	0	0	0	0	0	0	0	0	0	0	0	0	0	0	0	0	0	0	0	0	0	0	0	0	0	0	0	0	0	0	0	0	0	0	0	0	0	0	0	0	0	0	0	0	0	0	0	0	2	0	0	0	0	0	0	0	0	0	0	0	0	0	0	0	0	0	0	0	0	0	0	0	0	0	0	0	0	0	0	0	0	0	0	0	0	0	0	0	0	0	0	0	0	0	0	0	0	0	0	0	0	0	0	0	0	0	0	0	0	0	0	0	0	0	0	0	0	0	0	0	0	0	0	0	0	0	0	0	0	0	0	0	0	0	0	0	0	0	0	0	0	0	0	0	0	0	0	0	0	0	0	0	0	0	0	0	0	0	0	0	0	0	0	0	0	0	0	0	0	0	0	0	0	0	0	1	0	0	0	0	0	0	0	0	0	0	0	0	0	0	0	0	0	0	0	0	0	0	0	0	0	0	0	0	0	0	0	0	0	0	0	0	0	0	0	0	0	0	0	0	0	0	0	0	0	0	0	0	0	0	0	0	0	0	0	0	0	0	0	0	0	0	0	0	0	0	0
Root;Bacteria;Bacteroidota;Bacteroidia;Bacteroidales;Rikenellaceae;Alistipes;unclassified_Alistipes	DQ809030.1.1400	0	0	0	0	0	0	0	0	0	0	0	0	0	0	0	0	0	0	0	0	0	0	0	0	0	0	0	0	0	0	0	0	0	0	0	0	0	0	0	0	0	0	0	0	0	0	0	0	0	0	0	0	0	0	0	0	0	0	0	0	0	0	0	0	0	0	0	0	0	0	0	0	0	0	0	0	0	0	0	0	0	0	0	0	0	0	0	0	0	0	0	0	0	0	0	0	0	0	0	0	0	0	0	0	0	0	0	0	0	0	0	0	0	0	0	0	0	0	0	0	0	0	0	0	0	0	0	0	0	0	0	0	0	0	0	0	0	0	0	0	0	0	0	0	0	0	0	0	0	0	0	0	0	1	0	0	0	0	0	0	0	0	0	0	0	0	0	0	0	0	0	0	0	0	0	0	0	27	0	0	0	0	0	0	0	0	0	0	0	0	0	0	0	0	0	0	0	0	0	0	0	0	0	0	0	0	0	0	0	0	0	0	0	0	0	0	0	0	0	0	0	0	0	0	0	0	0	0	0	0	0	0	0	0	0	0	0	0	0	0	0	0	0	0	0	0	0	0	0	0	0	0	0	0	0	0	0	0	0	0	0	0	0	0	0	0	0	0	0	0	0	0	0	0	0	0	0	0	0	0	0	0	0	0	0	0	0	0	0	0	0	0	0	0	0	0	0	0	0	0	0	0	0	0	1	0	0	0	0	0	0	0	0	0	0	0	0	0	0	0	0	0	0	0	0	0	0	0	0	0	0	0	0	0	0	0	0	0	0	0	0	0	0	0	0	0	0	0	0	0	0	0	0	0	0	0	0	0	0	0	0	0	0	0	0	0	0	0	0	0	0	0	0
Root;Bacteria;Fusobacteriota;Fusobacteriia;Fusobacteriales;Fusobacteriaceae;Fusobacterium;unclassified_Fusobacterium	HQ799523.1.1418	0	0	0	1	0	0	0	0	0	0	0	2	1	0	1	0	0	0	2	0	1	2	0	1	12	0	0	0	0	0	0	1	3	2	0	1	0	0	0	0	0	0	0	2	0	2	0	1	0	0	0	0	0	0	8	7	0	0	1	0	2	0	6	0	0	0	0	1	0	0	0	0	0	1	0	0	0	0	0	0	0	1	0	20	0	0	0	0	0	0	0	21	0	0	0	0	2	0	0	0	0	0	3	1	0	0	0	0	0	0	0	1	0	0	2	0	2	0	0	1	0	0	1	4	5	3	0	0	0	0	0	0	0	0	0	0	0	2	0	0	0	0	0	0	0	0	0	1	0	0	0	0	0	0	0	0	0	0	0	1	0	2	0	15	9	29	0	0	0	0	0	0	0	3	0	0	0	1	0	2	1	0	1	0	0	0	0	2	2	0	0	0	0	0	0	0	11	4	0	0	0	0	0	0	0	1	0	0	0	0	2	0	1	0	0	0	0	0	0	0	0	0	1	0	5	0	0	2	0	0	3	1	3	0	0	0	6	6	0	1	0	0	0	1	4	0	0	2	0	0	0	0	0	0	0	0	0	0	0	1	0	6	1	3	3	0	0	0	0	0	0	1	0	1	0	0	0	0	1	0	0	0	0	0	0	0	0	0	0	0	0	3	0	0	0	3	0	2	35	2	0	1	1	0	0	0	1	0	0	2	0	0	0	0	0	0	0	1	0	1	0	2	0	0	2	0	0	0	0	3	0	0	0	0	0	0	0	2	0	1	0	0	0	1	3	0	0	0	0	0	0	3	1	0	1	1	4	0	3	0	1	0	3	5	1	0	2	0	0	0	0	0	0
Root;Bacteria;Fusobacteriota;Fusobacteriia;Fusobacteriales;Fusobacteriaceae;Fusobacterium;unclassified_Fusobacterium	HQ757432.1.1415	0	0	0	0	4	3	2	0	0	0	7	6	0	0	7	6	0	0	0	0	0	0	0	0	6	0	10	0	0	3	1	2	8	6	0	0	0	0	0	1	0	0	0	0	1	0	0	0	3	0	0	5	1	0	0	0	0	1	0	0	0	0	0	0	0	0	0	0	1	2	0	0	0	0	0	5	0	0	0	0	1	1	0	0	0	0	0	1	52	0	0	0	0	0	1	0	0	0	0	0	0	0	0	0	0	0	0	0	0	0	0	0	0	0	0	0	1	0	0	0	0	0	0	0	0	0	0	0	0	0	0	0	0	30	5	0	0	0	2	0	0	0	0	0	0	10	0	1	0	0	0	0	0	0	0	0	0	0	0	0	0	0	0	0	0	0	0	0	0	0	1	0	0	0	0	0	1	0	21	0	2	0	0	0	1	0	0	0	0	0	0	0	6	0	0	2	0	0	0	0	47	160	0	8	0	0	3	0	0	1	0	1	0	0	0	0	0	0	0	0	0	0	1	0	2	0	0	8	16	0	0	0	4	0	4	0	2	0	0	0	0	0	0	2	0	0	0	0	0	0	0	0	0	0	0	0	0	0	2	5	0	0	0	0	0	0	0	0	0	6	0	0	1	0	0	0	3	0	0	48	0	0	0	2	40	1	0	0	0	0	0	0	0	0	1	0	1	8	2	0	0	2	0	0	2	0	0	0	0	0	0	14	0	2	7	1	1	4	2	0	0	1	0	0	0	0	0	2	0	0	0	0	0	0	0	1	0	0	0	0	0	0	0	0	0	1	0	0	0	7	1	1	0	0	0	1	6	0	0	0	2	4	29	121	1	6	0	2	0	0	0	0	0
Root;Bacteria;Firmicutes;Bacilli;Staphylococcales;Gemellaceae;Gemella;Gemella_massiliensis	AY005050.1.1491	0	0	0	0	0	0	0	0	0	0	0	0	0	0	0	0	0	0	0	0	0	0	0	0	0	0	0	0	0	0	0	0	0	0	0	0	0	0	0	0	0	0	0	0	0	0	0	0	0	0	0	0	0	0	0	0	0	0	0	0	0	0	0	0	0	0	0	0	0	0	0	0	0	0	0	0	0	0	0	0	0	0	0	0	0	0	0	0	0	0	0	0	0	0	0	0	0	0	0	0	0	0	0	0	0	0	0	0	0	0	0	0	0	0	0	0	0	0	0	0	0	0	0	0	0	0	0	0	0	0	0	0	0	0	0	0	0	0	0	0	0	0	0	0	0	0	0	0	0	0	0	0	0	0	0	0	0	0	0	0	0	0	0	0	0	0	0	0	0	16	0	0	0	0	0	0	0	0	0	0	0	0	0	0	0	0	0	0	0	0	0	0	0	0	0	0	0	0	0	0	0	0	0	0	0	0	0	0	0	0	0	0	0	0	0	0	0	0	0	0	0	0	0	0	0	0	0	0	0	0	0	0	0	0	0	0	0	0	0	0	0	0	0	0	0	0	0	0	0	0	0	0	0	0	0	0	0	0	0	0	0	0	0	0	0	0	0	0	0	0	0	0	0	0	0	0	0	0	0	0	0	0	0	0	0	0	0	0	0	0	0	0	0	0	0	0	0	0	0	0	0	0	0	0	0	0	0	0	0	0	0	0	0	0	0	0	0	0	0	0	0	0	0	0	0	0	0	0	0	0	0	0	2	8	0	0	0	0	0	1	0	0	0	0	0	0	0	0	0	0	0	0	12	0	0	0	0	0	0	0	0	0	0	0	0	0	0	0	0	0	0	0	0
Root;Bacteria;Firmicutes_C;Negativicutes;Veillonellales;Veillonellaceae;Veillonella;unclassified_Veillonella	JQ453432.1.1439	1	0	0	0	0	1	0	0	5	2	0	0	0	0	1	2	1	1	1	0	0	0	0	0	0	0	0	0	0	0	0	0	0	0	0	0	0	0	0	0	2	0	0	0	0	0	0	0	1	0	0	0	0	0	0	0	0	0	0	0	0	0	0	0	0	0	0	0	0	0	0	0	0	0	0	0	0	0	0	0	0	0	0	0	0	0	0	0	0	0	0	0	0	0	0	0	0	0	0	0	0	0	0	0	0	0	1	0	0	0	0	0	0	1	0	0	0	0	0	0	0	0	0	0	0	0	0	2	0	0	1	0	0	0	0	0	0	0	0	0	0	0	0	0	0	1	0	0	0	0	0	1	0	0	0	0	0	0	0	0	0	0	0	0	0	0	0	0	0	0	0	0	1	0	0	0	0	0	0	0	0	0	0	1	0	0	0	0	0	0	1	0	0	0	0	0	0	0	0	0	0	0	0	0	0	0	1	0	0	0	0	0	0	0	0	0	0	0	0	0	0	0	0	0	0	0	0	0	0	0	0	0	0	0	0	0	0	0	0	0	0	0	0	0	0	0	0	0	0	0	0	0	0	0	0	0	0	0	0	0	0	0	0	1	0	0	0	0	0	0	0	1	0	0	0	0	1	0	0	0	0	0	0	1	0	0	0	0	0	0	0	0	0	0	0	0	0	0	0	0	0	0	0	0	2	0	0	0	0	1	0	0	0	4	2	0	0	0	0	0	0	0	0	0	0	0	0	0	0	3	0	0	0	2	0	0	0	0	0	0	1	0	0	2	0	0	0	0	0	0	1	0	0	0	0	0	0	0	0	0	1	0	0	1	0	0	0	0	0	0	0	1	0
Root;Bacteria;Firmicutes;Bacilli;Lactobacillales;Streptococcaceae;Streptococcus;unclassified_Streptococcus	JF221690.1.1374	0	0	0	0	0	0	0	0	0	0	0	0	0	0	0	0	0	0	0	0	0	0	0	0	0	0	0	0	0	0	0	0	0	0	0	0	0	0	0	0	0	0	0	0	0	0	0	0	0	0	0	0	0	0	0	0	0	0	0	0	0	0	0	0	0	0	0	0	0	0	0	0	0	0	0	0	0	0	0	0	0	0	0	0	0	0	0	0	0	0	0	0	0	0	0	0	0	0	0	0	0	0	0	0	0	0	0	0	0	0	0	0	0	0	0	0	0	0	0	0	0	0	0	0	0	0	0	0	0	0	0	0	0	0	0	0	0	0	0	0	0	0	0	0	0	0	0	0	0	0	0	0	0	0	0	0	0	0	0	0	0	0	0	0	0	0	0	0	0	0	0	0	0	0	0	0	0	0	0	0	0	0	0	0	0	0	0	0	0	0	0	0	0	0	0	0	0	0	0	0	0	0	0	0	0	0	0	0	0	0	0	0	0	0	0	0	0	0	0	0	0	0	0	0	0	0	0	0	0	0	0	0	0	0	0	0	0	0	0	0	0	0	0	0	0	0	0	0	0	0	0	0	0	0	0	0	0	0	0	0	0	0	0	0	0	0	0	0	0	0	0	0	0	0	0	0	0	0	0	0	0	0	0	0	0	0	0	0	0	0	0	0	0	0	0	0	0	0	0	0	0	0	0	0	0	0	0	0	0	0	0	0	0	0	0	0	0	0	0	0	0	0	0	0	0	0	0	0	0	0	0	0	0	0	0	0	0	0	0	0	0	0	0	1	0	0	0	0	0	0	0	0	0	0	0	0	0	0	0	0	0	0	0	0	0	0	0	0	0	0	0	0	0
Root;Bacteria;Fusobacteriota;Fusobacteriia;Fusobacteriales;Leptotrichiaceae;Leptotrichia;Leptotrichia_sp001553645	FJ577250.1.1485	0	0	0	0	0	0	0	0	0	0	0	0	0	0	0	0	0	0	0	0	0	0	0	0	0	0	0	0	0	0	0	0	0	0	0	0	0	0	0	0	0	0	0	0	0	0	0	0	0	0	0	0	0	0	0	0	0	0	0	0	0	0	0	0	0	0	0	0	0	0	0	0	0	0	0	0	0	0	0	0	0	0	0	0	0	0	0	0	0	0	0	0	0	0	0	0	0	0	0	0	0	0	0	0	0	0	0	0	0	0	0	0	0	0	0	0	0	0	0	0	0	0	0	0	0	0	0	0	0	0	0	0	0	0	0	0	0	0	0	0	0	0	0	0	0	0	0	0	0	0	0	0	0	0	0	0	0	0	0	0	0	0	0	0	0	0	0	0	0	0	0	0	0	0	0	0	0	0	0	0	0	0	0	0	0	0	0	0	0	0	0	0	0	0	0	0	0	0	0	0	0	0	0	0	0	0	0	0	0	0	0	0	0	0	0	0	0	0	0	0	0	0	0	0	0	0	0	0	0	0	8	0	0	0	0	0	0	0	0	0	0	0	0	0	0	0	0	0	0	0	0	0	0	0	0	0	0	0	0	0	0	0	0	0	0	0	0	0	0	0	0	0	0	0	0	0	0	0	0	0	0	0	0	0	0	0	0	0	0	0	0	0	0	0	0	0	0	0	0	0	0	0	0	0	0	0	0	0	0	0	0	0	0	0	0	0	0	0	0	0	0	0	0	0	0	0	0	0	0	0	0	0	0	0	0	0	0	0	0	0	0	0	0	0	0	0	0	0	0	1	0	0	0	0	0	0	0	0	0	0	0	0	0	0	0	0	0	0	0	0	0	0	0
Root;Bacteria;Firmicutes;Bacilli;Staphylococcales;Gemellaceae;Gemella;unclassified_Gemella	GQ011472.1.1377	0	0	0	0	0	0	0	0	1	0	0	0	0	0	0	0	0	0	0	0	0	0	0	0	0	0	0	0	0	0	0	0	0	0	0	3	0	1	0	0	0	0	0	0	0	0	0	0	0	0	0	0	0	0	2	1	0	0	0	0	0	0	0	0	0	0	0	1	0	0	0	0	1	0	0	0	0	0	0	0	0	0	0	0	0	0	0	0	0	0	0	0	0	0	0	0	0	0	0	0	0	0	0	0	0	0	0	0	0	0	0	0	0	0	0	0	0	0	0	0	0	0	0	0	0	0	0	0	0	0	0	0	0	0	0	0	0	0	0	0	0	0	2	0	0	0	0	0	0	0	0	0	0	0	0	0	0	0	0	0	0	0	0	0	0	1	0	0	0	0	0	0	0	0	0	0	0	0	0	0	0	0	0	0	0	0	0	0	0	0	0	0	0	0	0	0	0	0	0	0	0	0	0	0	0	0	0	0	0	0	0	0	0	0	0	0	0	0	0	0	0	0	0	0	0	0	0	0	0	0	0	0	0	0	0	0	0	0	0	0	0	0	0	0	0	0	0	0	0	0	0	0	1	0	0	0	0	0	0	0	0	0	0	1	0	0	0	0	0	0	0	0	0	0	0	0	0	1	0	0	0	0	0	0	0	0	0	0	0	0	0	0	0	0	0	0	0	0	0	0	0	0	1	0	0	0	0	3	0	0	0	0	0	0	0	0	0	0	0	0	1	0	0	0	0	0	0	0	0	0	0	0	0	0	0	0	0	0	0	1	0	0	0	0	1	0	0	0	0	0	0	0	0	0	1	0	0	0	0	0	0	0	0	0	0	0	0	0	0	0	0	0	0
Root;Bacteria;Bacteroidota;Bacteroidia;Bacteroidales;Bacteroidaceae;Bacteroides;Bacteroides_uniformis	DQ809139.1.1302	0	0	0	0	0	0	0	0	0	0	0	0	0	0	0	0	0	0	0	0	0	0	0	0	0	0	0	0	0	0	0	0	0	0	0	0	0	0	0	0	0	0	0	0	0	0	0	0	0	0	0	0	0	0	0	0	0	0	0	0	0	0	0	0	0	0	0	0	0	0	0	0	0	0	0	0	0	0	0	0	0	0	0	0	0	0	0	0	0	0	0	0	0	0	0	0	0	0	0	0	0	0	0	0	0	0	0	0	0	0	0	0	0	0	0	0	0	0	0	0	0	0	0	0	0	0	0	0	0	0	0	0	0	0	0	0	0	0	0	0	0	0	0	1	0	0	0	0	0	0	0	0	0	0	0	0	0	0	0	0	0	0	0	0	0	0	0	0	0	0	0	0	0	0	0	0	0	0	0	0	0	0	0	0	0	0	0	0	0	0	0	0	0	0	0	0	0	0	0	0	0	0	0	0	0	0	0	0	0	0	0	0	0	0	0	0	0	0	0	0	0	0	0	0	0	0	0	0	0	0	0	0	0	0	0	0	0	0	0	0	0	0	0	0	0	0	0	0	0	0	0	0	0	0	0	0	0	0	0	0	0	0	0	0	0	0	0	0	0	0	0	0	0	0	0	0	0	0	0	0	0	0	0	0	0	0	0	0	0	0	0	0	0	0	0	0	0	0	0	0	0	0	0	0	0	0	0	0	0	0	0	0	0	0	0	0	0	0	0	0	0	0	0	0	0	0	0	0	0	0	0	0	0	0	0	0	0	0	0	0	0	0	0	0	0	0	0	0	0	0	0	0	0	0	0	0	0	0	0	0	0	0	0	0	0	0	0	0	0	0	0	0	0
Root;Bacteria;Proteobacteria;Gammaproteobacteria;Enterobacterales;Pasteurellaceae;Haemophilus;unclassified_Haemophilus	JQ448844.1.1391	0	0	0	0	0	0	0	0	0	0	0	0	0	0	0	0	0	0	0	0	0	0	0	0	0	0	0	0	0	0	0	0	0	0	0	0	0	0	0	0	0	0	0	0	0	0	0	0	0	0	0	0	0	0	0	0	0	0	0	0	0	0	0	0	0	0	0	0	0	0	0	0	0	0	0	0	0	0	0	0	0	0	0	0	0	0	0	0	0	0	0	0	0	0	0	0	0	0	0	0	0	0	0	0	0	0	4	0	0	0	0	0	0	0	0	0	0	0	0	0	0	0	0	0	0	0	0	0	0	0	0	0	0	0	0	0	0	0	0	0	0	0	0	0	0	0	0	0	0	0	0	0	0	0	0	0	0	0	0	0	0	0	0	0	0	0	0	0	0	0	0	0	0	0	0	0	0	0	0	0	0	0	0	0	0	0	0	0	0	0	0	0	0	0	0	0	0	0	0	0	0	0	0	0	0	0	0	0	0	0	0	0	0	0	0	0	0	0	0	0	0	0	0	0	0	0	0	0	0	0	0	0	0	0	0	0	0	0	0	0	0	0	0	0	0	0	0	0	0	0	0	0	0	0	0	0	0	0	0	0	0	0	0	0	0	0	0	0	0	0	0	0	0	0	0	0	0	0	0	0	0	0	0	0	0	0	0	0	0	0	0	0	0	0	0	0	0	0	0	0	0	0	0	0	0	0	0	0	0	0	0	0	0	0	0	0	0	0	0	0	0	0	0	0	0	0	0	0	0	0	0	0	0	0	0	0	0	0	0	0	0	0	0	0	0	0	0	0	0	0	0	0	0	0	0	0	0	0	0	0	0	0	0	0	0	0	0	0	0	0	0	0	0
Root;Bacteria;Fusobacteriota;Fusobacteriia;Fusobacteriales;Leptotrichiaceae;Leptotrichia_A;Leptotrichia_A_sp001274535	JQ467377.1.1339	7	8	8	5	5	9	0	1	0	0	5	10	2	0	13	10	0	2	2	8	1	4	1	3	0	15	0	0	0	0	0	8	10	40	2	0	0	0	1	3	0	0	0	6	0	10	15	1	4	1	1	0	5	0	0	0	0	0	0	0	19	0	24	0	31	24	0	0	0	8	0	17	0	1	34	0	7	78	0	0	3	10	21	2	1	1	0	3	1	2	0	1	1	0	16	0	1	0	0	5	0	8	43	2	7	0	0	0	0	4	1	3	9	10	35	0	3	0	0	0	0	0	3	5	3	6	0	1	1	0	0	2	5	5	0	13	25	42	23	2	0	0	0	0	0	0	0	0	2	0	0	12	0	11	2	2	2	0	4	0	4	2	1	0	13	0	4	1	0	57	0	0	5	1	0	3	0	0	2	0	6	4	13	11	1	1	0	5	5	0	6	9	0	1	12	4	0	0	1	87	2	0	11	8	1	0	0	0	0	0	16	1	12	2	0	0	8	7	0	0	2	0	18	0	0	0	0	0	4	2	3	0	2	0	8	0	0	12	0	7	14	0	11	3	18	0	0	9	26	4	0	0	0	3	0	25	1	16	6	14	6	1	18	3	0	0	0	0	0	12	0	1	0	0	11	12	0	0	0	23	1	1	4	6	0	8	4	2	8	29	2	3	3	0	0	0	0	3	45	10	9	8	5	0	71	2	8	13	0	56	3	3	0	0	0	0	1	1	0	2	0	0	1	2	19	0	6	0	10	1	5	0	0	0	11	8	2	75	3	10	9	0	0	0	0	1	5	41	11	2	0	2	3	28	0	4	0	0	0	0	0	10	19	23	3	2	0	2	0	57	2	18	0
Root;Bacteria;Fusobacteriota;Fusobacteriia;Fusobacteriales;Leptotrichiaceae;Leptotrichia_A;unclassified_Leptotrichia_A	FJ470413.1.1479	1	0	0	0	0	0	0	0	0	0	0	0	0	0	0	0	0	0	0	0	0	0	0	0	0	0	0	0	0	0	0	0	0	1	0	0	0	0	0	0	0	0	0	0	0	0	0	0	0	0	0	0	1	0	0	0	0	0	0	0	0	0	0	0	0	1	0	0	0	0	0	0	0	0	0	0	0	2	0	0	0	1	0	0	0	0	0	0	0	0	0	0	0	0	0	0	0	0	0	0	0	0	0	0	0	0	0	0	0	0	0	0	0	0	0	0	0	0	0	0	0	0	0	0	0	0	0	0	0	0	0	0	0	0	0	0	0	0	0	0	0	0	0	1	0	1	0	0	0	0	0	0	0	0	0	0	0	0	0	0	0	0	0	0	0	0	0	0	0	1	0	0	0	0	0	0	0	0	0	0	0	0	0	0	0	0	0	0	0	0	0	0	0	0	0	0	0	0	0	1	0	0	0	0	0	0	0	0	0	0	0	0	0	1	0	0	0	0	0	0	0	0	0	0	0	0	0	0	0	0	0	0	0	0	0	0	0	1	0	0	0	0	0	0	0	0	0	0	0	0	0	0	0	0	0	0	0	0	0	0	0	0	0	0	0	0	0	0	0	0	0	0	0	0	0	0	0	0	0	0	0	1	0	0	0	0	0	0	0	0	0	0	0	0	0	0	0	0	0	0	0	0	0	0	0	0	0	0	0	0	0	0	0	0	0	0	0	1	0	0	0	0	0	0	0	0	0	0	0	0	0	0	0	0	0	0	0	0	0	0	1	0	0	0	0	0	0	0	0	0	0	0	0	0	0	0	0	0	0	0	0	0	0	0	0	0	0	0	0	0	0	0	0
Root;Bacteria;Proteobacteria;Gammaproteobacteria;Enterobacterales;Pasteurellaceae;Haemophilus_D;unclassified_Haemophilus_D	JQ453347.1.1261	0	0	0	0	0	0	0	0	0	0	0	0	0	0	0	0	0	2	0	0	0	0	0	0	0	0	0	0	0	0	0	0	0	0	0	0	0	0	0	0	0	0	0	0	0	0	0	0	0	0	0	0	0	1	0	0	0	0	0	0	0	0	0	0	0	0	0	0	0	0	0	0	0	0	0	0	0	0	0	0	0	0	0	0	0	0	0	0	0	0	0	0	0	0	0	0	0	0	0	0	0	0	0	0	0	0	0	1	0	0	0	0	0	0	0	0	0	0	0	0	0	0	0	0	0	0	0	0	0	0	0	0	0	0	0	0	0	0	0	0	0	0	0	0	0	0	0	0	0	0	0	0	0	0	0	0	0	0	0	0	0	0	0	0	0	0	0	0	0	0	0	0	0	0	0	0	0	0	0	0	0	0	0	0	0	0	0	0	0	0	0	0	0	0	0	0	0	0	0	0	0	0	0	0	0	0	0	0	0	0	0	0	0	0	0	0	0	0	0	0	0	0	0	0	0	0	0	0	0	0	0	0	0	0	0	0	0	0	0	0	0	0	0	0	0	0	0	0	0	1	0	1	0	0	0	0	0	0	0	0	0	0	0	0	0	0	0	0	0	0	0	0	0	0	0	0	0	0	0	0	0	0	0	0	0	0	0	0	0	0	0	0	0	0	0	0	0	0	0	0	0	0	0	0	0	0	0	0	0	0	0	0	0	0	0	0	0	0	0	0	0	0	0	0	0	0	0	0	0	0	0	0	0	0	0	0	0	0	0	0	0	0	0	0	0	0	0	0	0	0	0	0	0	0	0	0	0	0	0	0	0	0	0	0	0	0	0	0	0	0	0	0	0
Root;Bacteria;Bacteroidota;Bacteroidia;Flavobacteriales;Flavobacteriaceae;Capnocytophaga;unclassified_Capnocytophaga	GQ008221.1.1342	0	0	0	0	0	0	0	0	0	0	0	0	1	0	0	0	0	0	0	0	0	0	0	0	0	0	0	0	0	0	0	0	0	0	0	0	0	0	0	0	0	0	0	0	0	0	0	0	0	170	0	0	0	0	0	0	0	0	0	0	0	0	1	0	445	431	0	0	0	0	1	0	0	47	0	0	0	53	0	0	0	0	1	0	0	0	0	0	0	0	0	1	0	0	0	0	0	1	0	0	0	0	0	0	1	0	0	0	0	0	0	1	0	0	2	0	0	0	2	3	0	0	0	2	0	0	0	0	0	0	0	0	0	0	0	0	0	0	0	0	0	0	0	0	0	0	0	0	0	0	4	0	0	0	0	0	0	0	0	0	0	0	0	3	8	0	0	0	0	0	0	0	0	0	0	0	0	0	0	0	0	0	0	0	0	0	0	0	0	0	0	0	0	0	0	0	0	0	0	0	0	0	0	2	0	1	0	0	0	0	0	0	0	0	0	0	0	0	0	0	0	0	0	0	0	0	0	0	0	1	0	0	0	3	0	0	0	0	0	0	0	0	0	0	0	0	0	1	0	0	0	0	0	0	0	0	0	0	0	1	0	0	18	0	0	0	0	0	0	0	0	0	0	0	0	8	0	0	0	0	1	0	0	0	0	1	0	0	0	0	0	0	0	0	0	0	0	0	53	0	0	0	1	0	0	0	0	0	0	0	0	0	0	0	0	0	0	0	0	0	0	0	0	0	0	0	2	1	0	0	1	0	0	0	0	0	0	0	0	27	0	0	0	0	0	0	0	23	6	0	0	0	1	0	0	0	0	0	0	0	0	1	0	0	1	0	1	0	0	0	0	0	0
Root;Bacteria;Bacteroidota;Bacteroidia;Bacteroidales;Bacteroidaceae;Prevotella;Prevotella_nigrescens	JQ477229.1.1399	0	0	0	0	6	6	1	2	10	11	15	19	5	13	0	0	25	28	31	28	4	5	0	0	64	0	50	1	0	3	0	1	6	2	1	1	5	3	8	6	0	0	0	2	0	0	4	0	0	1	7	39	25	0	0	0	0	0	0	0	0	0	0	0	0	0	0	0	0	25	0	0	0	0	2	153	8	0	2	0	42	0	0	0	0	0	10	1	28	4	0	27	0	5	0	0	0	7	0	14	0	1	0	0	0	0	114	0	0	1	0	10	1	0	12	0	47	0	17	0	0	0	0	0	6	5	2	0	0	0	0	0	0	59	1	0	0	20	1	0	7	0	4	3	0	199	0	0	17	3	0	0	9	100	0	38	0	26	6	21	30	3	0	1	0	0	0	96	6	0	0	0	151	1	74	0	23	0	0	0	0	0	9	22	42	35	11	0	0	0	1	2	0	2	7	20	0	2	0	0	2	1	1	22	0	1	0	23	1	2	1	0	12	47	6	0	0	0	1	0	7	0	0	0	26	0	9	35	0	46	154	0	48	0	43	0	15	1	8	1	8	0	0	0	0	0	51	9	26	0	0	0	0	0	17	18	0	0	0	7	0	0	0	0	0	22	34	7	15	3	0	28	19	70	0	2	5	0	0	117	0	1	0	0	0	0	76	0	5	1	3	165	14	0	19	42	13	17	16	0	10	7	29	21	139	9	0	0	0	0	0	4	0	36	34	278	167	44	8	0	17	3	3	0	0	0	0	0	13	15	2	0	0	0	0	4	20	26	13	0	0	6	0	31	0	0	15	392	26	5	7	0	34	0	3	0	42	5	80	11	67	18	2	12	5	5	0	0	0	1	0	3	9
Root;Bacteria;Firmicutes;Bacilli;Lactobacillales;Streptococcaceae;Streptococcus;unclassified_Streptococcus	JQ680282.1.1350	0	0	0	0	0	0	0	0	0	0	1	0	0	0	0	0	10	8	0	0	0	0	0	0	0	0	1	0	0	1	0	0	0	0	0	1	0	0	0	0	0	0	1	0	0	0	0	0	0	0	0	0	0	0	0	0	0	0	0	0	0	0	0	0	0	0	0	0	0	0	0	1	1	0	0	0	0	0	1	0	0	0	0	0	0	0	0	0	0	0	0	0	0	0	0	0	0	0	0	0	0	0	0	0	0	0	0	0	0	0	0	0	0	0	0	0	0	0	0	0	0	0	0	0	0	0	0	0	0	0	0	0	0	0	0	1	0	0	0	0	0	0	3	1	0	0	0	0	0	0	0	0	1	0	0	0	0	0	0	0	0	0	0	0	0	10	0	0	0	1	0	0	0	0	0	0	0	0	0	0	0	0	0	0	0	0	0	0	0	0	0	0	0	1	0	0	0	0	0	0	0	0	0	0	0	1	0	3	0	0	0	0	0	0	0	0	0	0	1	0	0	0	0	0	0	0	0	0	0	0	0	0	0	1	0	0	0	0	0	0	0	0	0	0	0	0	0	0	0	1	0	1	0	0	0	0	0	0	0	1	0	0	0	0	5	0	0	0	0	0	0	0	0	0	0	0	8	0	0	0	0	0	0	0	0	0	0	0	0	0	0	0	0	1	0	0	0	0	0	0	0	0	0	0	0	0	0	3	0	0	0	0	1	0	0	0	0	0	0	0	0	0	0	3	0	0	0	0	0	0	0	0	0	0	0	2	0	0	0	0	0	0	0	0	0	3	0	0	0	0	0	0	0	0	11	0	0	0	0	0	0	0	0	0	0	0	0	0	0	0	0	0	0
Root;Bacteria;Bacteroidota;Bacteroidia;Bacteroidales;Bacteroidaceae;Bacteroides;unclassified_Bacteroides	HQ760186.1.1442	0	0	0	0	0	0	0	0	0	0	0	0	0	0	0	0	0	0	0	0	0	0	0	0	0	0	0	0	0	0	0	0	0	0	0	0	0	0	0	0	0	0	0	0	0	0	0	0	0	0	0	0	0	0	0	0	0	0	0	0	0	0	0	0	0	0	0	0	0	0	0	0	0	0	0	0	0	0	0	0	0	0	0	0	0	0	0	0	0	0	0	0	0	0	0	0	0	0	0	0	0	0	0	0	0	0	0	0	0	0	0	0	0	0	0	0	0	0	0	0	0	0	0	0	0	0	0	0	0	0	0	0	0	0	0	0	0	0	0	0	0	0	0	0	0	0	0	0	0	0	0	0	0	0	0	0	0	0	0	0	0	0	0	0	0	0	0	0	0	0	0	0	0	0	0	0	0	1	0	0	0	0	0	0	0	0	0	0	0	0	0	0	0	0	0	0	0	0	0	0	0	0	0	0	0	0	0	0	0	0	0	0	0	0	0	0	0	0	0	0	0	0	0	0	0	0	0	0	0	0	0	0	0	0	0	0	0	0	0	0	0	0	0	0	0	0	0	0	0	0	0	0	0	0	0	0	0	0	0	0	0	0	0	0	0	0	0	0	0	0	0	0	0	0	0	0	0	0	0	0	0	0	0	0	0	0	0	0	0	0	0	0	0	0	0	0	0	0	0	0	0	0	0	0	0	0	0	0	0	0	0	0	0	0	0	0	0	0	0	0	0	0	0	0	0	0	0	0	0	0	0	0	0	0	0	0	0	0	0	0	0	0	0	0	0	0	0	0	0	0	0	0	0	0	0	0	0	0	0	0	0	0	0	0	0	0	0	0	0	0	0	0	0
Root;Bacteria;Bacteroidota;Bacteroidia;Bacteroidales;Bacteroidaceae;Prevotella;Prevotella_pallens	JQ460215.1.1385	0	0	0	0	0	0	0	0	0	0	0	0	0	0	0	0	0	0	0	0	0	0	0	0	0	0	0	0	0	0	0	0	0	0	0	0	0	0	0	0	0	0	0	0	0	0	0	0	0	0	0	0	0	0	0	0	0	0	0	0	0	0	0	0	0	0	0	0	0	6	0	0	0	0	0	0	0	0	0	0	0	0	0	0	0	0	0	0	0	0	0	0	0	0	0	0	0	0	0	0	0	0	0	0	0	0	0	0	0	0	0	0	0	0	0	0	0	0	0	0	0	0	0	0	0	0	0	0	0	0	0	16	0	0	0	0	0	0	0	0	0	0	0	0	0	0	0	0	0	0	0	0	0	0	0	0	0	0	0	0	0	0	0	0	0	0	0	0	0	0	0	0	0	0	0	0	0	0	0	0	0	0	1	0	0	0	0	0	1	0	0	0	0	0	0	0	0	0	0	0	0	0	0	0	0	0	0	0	0	0	0	0	0	0	0	0	0	0	0	0	0	0	0	0	0	0	0	0	0	0	0	0	0	0	0	0	0	0	0	0	0	0	0	0	0	0	0	0	0	0	0	0	0	0	0	0	0	0	0	0	0	0	0	0	0	0	0	0	0	0	0	0	0	0	0	0	0	0	0	2	0	0	0	0	0	0	0	0	0	0	0	21	1	0	0	0	0	0	0	0	0	0	0	0	1	0	0	0	0	1	0	0	0	0	0	0	0	0	0	0	0	0	0	0	0	0	2	0	0	0	0	0	0	0	0	0	0	0	0	0	0	0	0	0	0	0	0	0	0	0	0	0	0	0	0	16	0	0	0	0	0	0	0	0	0	3	0	0	0	0	0	0	0
Root;Bacteria;Firmicutes;Bacilli;Lactobacillales;Lactobacillaceae;Lactobacillus;unclassified_Lactobacillus	EU510705.1.1434	0	0	0	0	0	0	0	0	0	0	0	0	0	0	0	0	0	0	0	0	0	0	0	0	0	0	0	0	0	0	0	0	0	0	0	0	0	0	0	0	0	0	0	0	0	0	0	0	0	0	0	0	0	0	0	0	0	0	0	0	0	0	0	0	0	0	0	0	0	0	0	0	0	0	0	0	0	0	0	0	0	0	0	0	0	0	0	0	0	0	0	0	0	0	0	0	0	0	0	0	0	0	0	0	0	0	0	0	0	0	0	0	0	0	0	0	0	0	0	0	0	0	0	0	0	0	0	0	0	0	0	0	0	0	0	0	0	0	0	0	0	0	0	1	0	0	0	0	0	0	0	0	0	0	0	0	0	0	0	0	0	0	0	0	0	0	0	0	0	0	0	0	0	0	0	0	0	0	0	0	0	0	0	0	0	0	0	0	0	0	0	0	0	0	0	0	0	0	0	0	0	0	0	0	0	0	0	0	0	0	0	0	0	0	0	0	0	0	0	0	0	0	0	0	0	0	0	0	0	0	0	0	0	0	0	0	0	0	0	0	0	0	0	0	0	0	0	0	0	0	0	0	0	0	0	0	0	0	0	0	0	0	0	0	0	0	0	0	0	0	0	0	0	0	0	0	0	0	0	0	0	0	0	0	0	0	0	0	0	0	0	0	0	0	0	0	0	0	0	0	0	0	0	0	0	0	0	0	0	0	0	0	0	0	0	0	0	0	0	0	0	0	0	0	0	0	0	0	0	0	0	0	0	0	0	0	0	0	0	0	0	0	0	0	0	0	0	0	0	0	0	0	0	0	0	0	0	0	0	0	0	0	0	0	0	0	0	0	0	0	0	0	0
Root;Bacteria;Fusobacteriota;Fusobacteriia;Fusobacteriales;Fusobacteriaceae;Fusobacterium;unclassified_Fusobacterium	JQ475392.1.1373	0	0	0	0	0	0	0	0	0	0	0	0	0	0	0	0	0	0	1	0	0	0	0	0	0	0	0	0	0	0	0	0	0	0	0	0	0	0	0	1	0	0	0	0	0	0	0	0	0	0	0	0	0	0	0	0	0	0	0	0	0	0	0	0	0	0	0	0	0	0	0	0	1	0	0	0	0	0	0	0	0	0	0	0	0	0	0	0	0	0	0	0	0	0	0	0	0	0	0	0	0	0	0	0	0	0	0	0	0	0	0	0	0	0	0	0	0	0	0	0	0	0	0	0	0	0	0	0	0	0	0	0	0	0	0	0	0	0	0	0	0	0	0	0	0	0	0	0	0	0	0	0	0	0	0	0	0	0	0	0	0	0	0	0	0	0	0	0	0	0	0	0	0	0	0	0	0	0	0	0	0	0	0	0	0	0	0	0	0	0	1	0	0	0	0	0	0	0	0	0	0	0	0	0	0	0	0	0	0	0	0	0	0	0	0	0	0	0	0	0	0	0	0	0	0	0	0	0	0	0	0	0	0	0	0	0	0	0	0	0	0	0	0	0	0	0	1	0	0	0	0	0	0	0	0	0	0	0	0	0	0	0	0	0	0	0	0	1	1	0	0	0	0	2	0	0	0	0	0	0	0	0	0	0	0	0	0	0	0	0	1	1	0	0	0	0	0	0	0	0	0	0	0	0	0	0	0	0	0	0	0	0	0	0	0	0	0	0	0	0	0	0	0	0	0	0	0	0	0	0	0	0	0	0	0	0	0	0	0	0	0	0	1	0	0	0	0	0	0	0	0	0	0	0	0	0	0	0	0	0	0	0	0	0	0	0	0	0	0	0	0	0	0
Root;Bacteria;Bacteroidota;Bacteroidia;Bacteroidales;Bacteroidaceae;Prevotella;Prevotella_oulorum	FM996847.1.1458	1	1	0	0	0	0	0	0	0	0	6	4	0	0	15	13	0	0	2	3	0	0	0	0	6	1	0	0	0	0	0	0	0	0	0	1	0	2	0	0	0	0	0	0	0	0	0	0	0	0	0	26	0	0	0	0	0	0	1	0	0	0	0	0	0	0	0	0	0	0	0	0	0	0	0	0	1	0	0	0	11	0	0	0	2	1	0	0	2	3	0	0	0	3	0	0	0	0	0	59	0	0	4	0	0	2	0	0	0	0	0	2	0	54	4	0	0	0	0	0	0	0	0	0	1	0	1	0	0	0	3	0	0	0	0	3	8	0	2	0	0	0	0	0	0	32	0	2	0	1	0	0	0	5	0	0	0	0	0	0	0	0	2	0	0	0	6	1	0	0	1	0	1	0	0	0	0	0	0	0	1	0	8	4	0	2	0	0	0	0	0	1	0	4	0	0	3	0	0	0	0	0	0	0	0	0	0	6	0	0	0	18	0	0	0	0	14	14	0	0	11	0	0	0	2	0	0	0	11	0	0	2	0	0	1	0	0	1	0	0	0	0	0	9	3	0	0	2	0	6	0	2	0	0	0	14	1	0	17	0	0	0	0	0	0	1	0	0	0	0	0	0	0	0	0	0	0	0	0	69	0	2	0	0	5	0	0	0	5	0	1	53	5	0	0	0	1	13	0	0	0	1	4	0	16	11	0	0	0	0	0	0	0	1	1	5	3	0	0	1	5	0	0	0	2	0	3	0	0	0	0	0	0	0	0	0	1	1	0	0	0	0	0	0	0	13	2	0	0	7	0	0	0	0	0	0	0	1	0	0	0	0	0	29	2	0	0	0	0	1	0	0	0
Root;Bacteria;Fusobacteriota;Fusobacteriia;Fusobacteriales;Leptotrichiaceae;Leptotrichia;unclassified_Leptotrichia	JQ467315.1.1202	0	0	0	0	0	0	0	0	0	0	0	0	0	0	0	0	0	0	0	0	0	0	0	0	0	0	0	0	0	0	0	0	0	0	0	0	0	0	0	0	0	0	0	0	0	0	0	0	0	0	0	0	0	0	0	0	0	0	0	0	0	0	0	0	0	0	0	0	0	0	0	0	0	0	0	0	0	0	0	0	0	0	0	0	0	1	0	0	0	0	0	0	0	0	0	0	0	0	0	0	0	0	0	0	0	0	0	0	0	0	0	0	0	0	0	0	0	0	0	0	0	0	0	0	0	0	0	0	0	0	0	0	0	0	0	0	0	0	0	0	0	0	0	0	0	0	0	0	0	0	0	0	0	0	0	0	0	0	0	0	0	0	0	0	0	0	0	0	0	0	0	0	0	0	0	0	0	0	0	0	0	0	0	0	0	0	0	0	0	0	0	0	0	0	0	0	0	0	0	0	0	0	0	0	0	0	0	0	0	0	0	0	0	0	0	0	0	0	0	0	0	0	0	0	0	0	0	0	0	0	0	0	0	0	0	0	0	0	0	0	0	0	0	0	0	0	0	0	0	0	0	0	0	0	0	0	0	0	0	0	0	0	0	0	0	0	0	0	0	0	0	0	0	0	0	0	0	0	0	0	0	0	0	0	0	0	0	0	0	0	0	0	0	0	0	0	0	0	0	0	0	0	0	0	0	0	0	0	0	0	0	0	0	0	0	0	0	0	0	0	0	0	0	0	0	0	0	0	0	0	1	0	0	0	0	0	0	0	0	0	0	0	0	0	0	0	0	0	0	0	0	0	0	0	0	0	0	0	0	0	0	0	0	0	0	0	0	0	0	0	0	0	0
Root;Bacteria;Proteobacteria;Gammaproteobacteria;Enterobacterales;Pasteurellaceae;Haemophilus_D;Haemophilus_D_pittmaniae	AJ290754.1.1466	0	0	0	0	0	0	0	0	0	0	0	0	0	0	0	0	0	0	0	0	0	0	0	0	0	0	0	0	0	0	0	0	0	0	0	0	0	0	0	0	0	0	0	0	0	0	0	0	0	0	0	0	0	0	0	0	0	0	0	0	0	0	0	0	0	0	0	0	0	0	0	0	0	0	0	0	0	0	0	0	0	0	0	0	0	0	0	0	0	0	0	0	0	0	1	0	0	0	0	0	0	0	0	1	0	0	0	0	0	0	0	0	0	0	0	0	0	0	0	0	0	0	0	0	0	0	0	0	0	0	0	0	0	0	0	0	0	0	0	0	0	0	0	0	0	0	0	1	0	0	0	0	0	0	0	0	0	0	0	0	0	0	0	0	0	7	0	0	0	0	0	0	0	0	0	0	0	0	0	0	0	0	0	0	0	0	0	0	0	0	0	0	0	0	0	0	0	0	0	0	0	0	0	0	0	0	0	0	0	0	1	0	0	0	0	0	0	0	0	0	0	0	0	0	1	0	0	0	0	0	1	0	0	0	0	0	0	0	0	0	0	0	0	0	0	0	0	0	0	0	0	0	0	0	0	0	0	0	0	0	0	0	0	0	0	0	0	0	0	0	0	0	0	0	0	0	0	0	0	0	0	0	0	0	0	0	0	0	0	0	0	0	0	0	0	0	0	0	0	0	0	0	0	0	0	0	0	0	0	0	0	0	1	0	0	0	0	0	0	0	0	0	0	0	0	0	0	0	0	0	0	0	0	0	0	0	0	0	0	0	0	0	0	0	0	0	0	0	0	0	0	0	0	0	0	0	0	0	0	0	0	0	0	0	5	0	1	0	0	0	0	0	0
Root;Bacteria;Fusobacteriota;Fusobacteriia;Fusobacteriales;Leptotrichiaceae;Leptotrichia;unclassified_Leptotrichia	JQ467393.1.1314	0	0	0	0	22	25	2	3	5	5	8	8	14	13	28	24	0	0	0	3	0	0	4	5	4	0	5	0	0	1	2	1	0	29	16	0	0	0	0	2	0	0	0	18	0	0	1	12	4	0	1	3	0	0	0	0	0	1	1	0	4	1	0	7	0	0	0	7	2	2	0	0	1	5	12	7	0	1	0	0	2	0	0	0	15	23	0	0	17	0	0	0	4	0	1	2	1	0	1	0	0	3	15	2	2	0	0	8	1	1	2	0	0	15	1	0	4	0	0	0	0	0	0	0	0	0	1	0	0	0	0	1	1	0	0	0	1	20	4	1	5	3	0	50	0	0	0	12	0	26	0	0	1	0	3	2	7	2	3	3	10	10	0	0	0	0	4	0	0	128	13	6	8	2	0	0	1	0	0	0	17	11	23	25	14	0	0	0	1	0	24	9	17	5	16	17	45	2	0	0	1	2	0	0	0	43	3	13	3	10	4	0	14	0	0	1	7	11	0	0	2	1	0	0	0	0	0	6	0	0	2	21	2	0	0	0	2	27	0	0	0	0	0	60	0	0	39	1	8	2	1	2	1	0	14	0	0	13	0	35	3	0	0	0	0	0	1	0	0	17	0	0	0	0	0	0	0	0	0	0	18	1	22	0	0	1	1	3	20	8	0	15	0	0	7	1	0	3	3	0	0	0	16	0	83	58	1	0	0	4	2	1	0	0	0	4	4	0	0	7	0	0	0	2	0	0	6	0	0	5	0	0	1	3	1	5	24	0	0	0	0	17	0	0	0	103	2	0	0	0	0	0	2	3	1	20	2	0	1	0	7	10	34	73	0	4	0	4	0	124	0	0	35
Root;Bacteria;Fusobacteriota;Fusobacteriia;Fusobacteriales;Leptotrichiaceae;Leptotrichia_A;Leptotrichia_A_sp001274535	JQ455419.1.1384	0	0	0	0	0	0	0	0	1	0	0	0	6	4	1	1	0	0	0	0	0	0	20	20	0	0	13	0	0	0	0	3	9	2	11	0	0	0	3	4	1	11	0	1	5	7	10	0	14	0	6	0	0	3	0	0	0	2	0	1	0	0	3	40	2	6	1	8	4	6	40	0	0	0	4	1	0	0	0	0	0	15	0	1	2	14	0	0	0	0	0	1	28	0	14	1	0	2	0	0	0	0	0	0	0	0	0	0	0	4	0	2	0	3	1	0	2	0	0	27	0	0	0	0	0	0	0	9	18	0	0	3	0	0	0	0	0	11	1	0	0	0	0	2	0	2	0	0	1	9	0	0	0	0	0	1	0	0	0	0	0	2	19	0	0	0	2	0	0	0	0	0	0	0	0	0	0	0	0	0	0	0	4	3	0	0	0	1	0	0	6	5	0	0	0	0	0	0	0	0	0	0	0	5	0	0	0	0	0	0	0	0	0	13	0	0	0	2	10	30	0	0	7	1	0	0	0	4	0	0	0	0	0	2	0	0	0	0	0	0	0	0	0	4	0	0	0	77	0	0	0	0	0	0	0	0	0	5	0	0	0	0	0	0	0	0	0	0	0	0	2	1	0	0	0	0	0	4	7	0	0	26	0	0	0	0	0	0	10	5	0	0	0	0	0	0	0	0	1	3	0	1	1	0	1	0	6	3	0	0	0	4	0	0	0	0	0	3	0	7	0	15	0	0	0	0	0	0	1	4	3	0	0	0	2	5	2	34	0	15	0	0	0	0	1	1	0	7	1	0	145	0	0	0	0	0	1	0	0	0	0	2	61	14	3	11	21	0	0	1	0	0	2
Root;Bacteria;Firmicutes_A;Clostridia;Lachnospirales;Lachnospiraceae;Catonella;Catonella_massiliensis	FM996555.1.1478	0	0	0	0	0	0	0	0	1	0	0	0	0	0	0	0	0	0	0	0	0	0	1	0	0	0	0	0	0	0	0	0	0	1	0	0	0	0	0	0	0	0	0	0	0	0	0	0	0	0	0	0	0	0	0	0	0	0	0	0	0	0	0	0	0	0	0	0	0	0	0	0	0	0	0	0	0	0	0	0	0	1	0	0	0	0	0	0	0	0	0	0	0	0	0	0	0	0	0	0	0	0	1	0	0	0	0	0	0	1	0	0	0	0	0	0	0	0	0	0	0	0	0	0	0	0	0	0	0	0	0	0	0	0	0	0	0	0	0	0	1	0	0	1	0	0	0	0	0	0	0	0	0	0	0	0	0	0	0	0	0	0	0	0	0	11	0	0	0	1	0	0	0	0	4	0	0	0	0	0	0	0	0	0	0	0	0	0	0	0	0	0	0	0	0	0	0	0	0	0	0	0	0	1	0	1	0	0	0	0	0	0	0	0	0	0	0	0	0	0	0	0	0	0	6	2	0	0	0	0	2	0	0	0	0	0	0	0	0	0	0	0	0	0	0	0	0	0	0	0	0	0	0	0	0	0	0	0	1	0	0	1	0	0	0	0	0	0	0	0	0	0	1	0	0	0	0	0	0	4	0	0	0	0	0	0	0	0	0	0	0	9	2	0	0	0	0	0	0	0	6	3	0	0	2	0	1	0	0	0	0	0	0	0	0	0	0	1	0	1	0	0	0	0	0	0	0	0	0	0	0	0	0	0	0	0	0	0	3	0	0	0	0	0	0	0	0	0	0	0	0	3	0	0	3	0	0	0	0	0	0	0	0	0	0	0	0	0	0	1	0	0	0
Root;Bacteria;Firmicutes;Bacilli;Lactobacillales;Streptococcaceae;Streptococcus;unclassified_Streptococcus	JQ448766.1.1407	1	1	7	12	0	3	9	8	6	8	0	2	0	1	7	9	60	48	10	8	0	1	6	15	0	17	5	12	6	0	1	0	1	0	0	21	3	2	7	1	3	0	1	3	0	1	0	6	2	1	0	1	1	1	39	55	1	0	4	0	0	1	32	1	0	1	0	0	1	0	0	0	2	6	0	1	4	1	7	30	0	0	2	17	3	4	11	0	0	2	2	0	1	3	1	3	4	2	3	0	0	1	0	4	1	0	4	5	12	0	30	2	0	0	0	1	1	0	0	0	0	0	0	0	14	14	0	1	1	0	1	2	1	0	3	0	0	0	1	0	0	2	6	2	23	2	1	0	0	3	9	0	7	0	2	2	6	0	3	0	13	0	0	0	1	105	1	2	0	4	0	3	4	0	0	1	0	25	0	1	2	0	3	5	0	0	0	0	0	0	0	0	0	2	2	1	0	0	0	1	0	0	1	1	0	2	11	0	1	0	2	1	2	1	1	4	0	0	2	1	0	1	0	0	0	0	0	0	1	0	2	1	0	1	1	0	0	2	0	0	3	0	2	3	0	1	3	0	0	7	1	9	0	1	0	0	1	6	2	0	3	0	1	1	2	0	0	0	1	4	0	0	1	1	0	0	21	0	0	0	3	1	1	0	0	4	1	1	1	0	4	0	0	4	0	0	0	1	0	4	0	6	18	0	28	4	0	57	0	2	1	0	0	0	0	0	0	0	0	2	1	0	21	26	0	0	0	5	1	6	2	0	1	1	0	1	7	4	4	2	2	0	0	7	19	0	1	0	0	0	3	16	4	7	22	0	0	0	2	0	1	2	11	32	0	0	2	1	0	1	7	13	2
Root;Bacteria;Bacteroidota;Bacteroidia;Flavobacteriales;Flavobacteriaceae;Capnocytophaga;Capnocytophaga_gingivalis	JQ461528.1.1380	7	10	20	44	36	43	1	2	99	139	12	15	21	23	12	28	0	0	3	9	7	12	33	25	3	4	64	50	66	104	7	23	9	7	28	0	142	137	226	82	78	88	19	82	77	169	37	24	46	6	1	0	18	8	16	10	75	20	1	17	42	168	288	230	34	20	99	275	136	25	0	16	379	28	98	26	91	58	157	2	77	122	38	27	176	198	83	17	6	12	0	20	7	22	75	0	44	10	0	14	0	10	28	13	243	76	0	53	0	97	9	78	9	36	181	1	22	0	33	14	0	76	64	54	21	7	31	77	92	0	336	2	138	19	0	343	438	81	7	0	1	0	6	89	7	94	0	14	33	55	34	124	33	0	12	14	12	115	0	6	12	11	147	7	67	3	24	5	6	1697	13	0	60	5	0	6	2	5	34	30	17	10	199	224	60	6	1	154	3	1	121	104	2	1	50	52	2	10	0	0	102	103	209	13	0	35	41	44	114	221	6	3	13	3	26	2	119	141	34	56	27	0	17	0	1	0	17	63	7	12	14	167	49	19	13	0	5	41	2	4	103	0	19	529	54	94	48	60	3	193	25	172	8	15	12	203	2	156	9	424	41	6	23	226	0	0	2	3	5	17	16	6	10	44	0	1	2	23	57	111	88	30	117	17	3	55	22	84	372	657	287	35	11	164	50	11	2	14	57	10	19	23	89	2	318	71	7	73	0	46	4	6	18	124	149	1	2	396	37	6	72	45	49	4	438	0	43	135	14	23	40	0	8	35	42	178	24	106	19	7	448	9	130	253	6	16	8	313	40	19	30	306	11	67	9	65	1	5	1203	141	6	22	119	186	42	5	6	21	0	57	78	42	12
Root;Bacteria;Firmicutes;Bacilli;Lactobacillales;Streptococcaceae;Streptococcus;unclassified_Streptococcus	JF146381.1.1370	0	0	0	0	0	0	0	0	0	0	1	0	0	0	0	0	0	0	0	0	0	1	0	0	0	0	0	0	0	1	0	0	0	0	0	0	0	0	2	0	0	0	3	0	2	0	0	0	1	3	1	0	0	3	0	0	1	1	0	0	0	1	0	0	0	0	0	0	0	0	0	0	0	0	0	0	0	0	0	0	0	0	0	0	0	0	0	0	0	0	0	0	0	0	0	0	0	0	0	0	0	0	0	0	0	0	0	1	0	0	0	0	0	0	0	0	0	0	0	0	0	0	0	0	0	0	0	1	0	0	0	0	0	0	0	0	1	0	0	0	0	0	0	0	0	0	0	0	0	0	0	0	0	0	0	0	0	0	0	0	0	0	0	0	0	0	0	0	0	0	0	0	0	0	0	0	0	0	0	0	0	0	0	0	0	0	0	0	0	0	0	0	0	0	0	0	0	0	0	1	0	0	0	0	0	0	0	0	0	0	0	0	0	0	0	0	0	0	0	0	0	0	1	0	0	0	0	0	0	0	0	0	0	0	0	0	0	0	0	0	0	0	0	0	0	1	0	0	0	7	3	4	0	0	0	0	0	0	0	0	0	0	0	0	0	0	0	0	0	0	0	0	0	0	0	0	0	0	0	0	1	32	12	0	3	10	0	0	0	5	0	0	0	0	0	1	0	0	0	1	0	0	0	0	0	0	0	0	0	0	0	0	0	0	0	0	0	0	0	0	0	0	0	0	0	0	0	21	0	1	0	0	0	0	0	2	0	0	0	0	0	0	0	0	0	0	0	0	0	0	0	0	0	0	0	0	0	0	0	0	0	0	0	1	0	0	0	0	0	0	0	2	0
Root;Bacteria;Actinobacteriota;Actinomycetia;Actinomycetales;Actinomycetaceae;Actinomyces;unclassified_Actinomyces	JQ453072.1.1419	0	0	0	0	0	0	0	0	0	0	0	0	0	0	1	0	0	0	0	1	0	0	0	0	0	0	0	0	0	0	0	0	0	0	0	0	0	0	0	0	0	0	0	0	0	0	0	0	0	0	0	0	0	1	0	0	0	0	0	0	0	0	0	0	0	0	0	0	0	1	0	0	0	0	0	0	0	0	0	0	0	0	0	0	0	0	0	0	0	0	0	0	0	0	0	0	0	0	0	0	0	0	0	0	0	0	0	0	0	0	0	0	0	0	0	0	0	0	0	0	0	0	1	0	0	0	0	0	0	0	0	0	0	0	0	0	0	0	0	0	0	0	0	0	1	0	0	0	0	0	0	8	0	0	1	0	0	0	0	0	0	0	0	0	0	0	0	0	0	0	0	0	0	0	0	0	0	0	0	0	0	0	0	0	0	0	0	0	0	0	0	0	0	0	0	0	1	0	0	0	0	1	0	0	0	3	0	0	0	0	0	0	0	0	0	0	0	0	0	0	0	0	0	0	0	0	0	0	0	1	0	0	0	0	0	0	0	0	0	2	0	0	0	0	1	0	0	0	0	0	0	0	0	0	73	0	0	0	0	0	0	0	0	0	0	0	0	1	0	0	0	0	0	0	0	1	0	0	0	0	0	1	0	0	0	0	0	0	0	0	1	0	2	60	0	0	0	0	0	0	0	0	0	0	0	0	0	0	0	0	0	0	0	0	0	0	0	0	0	0	0	0	0	0	0	0	0	0	0	0	0	0	0	0	0	0	1	0	0	0	0	0	0	0	0	0	0	3	6	0	0	0	0	0	0	0	0	0	0	0	0	0	0	1	1	0	0	0	0	1	0	0	0
Root;Bacteria;Firmicutes_C;Negativicutes;Veillonellales;Veillonellaceae;Veillonella;unclassified_Veillonella	JQ458048.1.1399	0	0	0	0	0	0	0	0	0	0	0	0	0	0	0	0	0	0	0	0	0	0	0	0	0	0	0	0	0	0	0	0	0	0	0	0	0	0	0	0	0	0	0	0	0	0	0	0	0	0	0	0	0	0	0	0	0	0	0	0	0	0	0	0	1	0	0	0	0	0	0	0	0	0	0	0	0	0	0	0	0	0	0	0	0	0	0	0	0	0	0	0	0	0	0	0	0	0	0	0	0	0	0	0	0	0	0	0	0	0	0	0	0	0	0	0	0	0	0	0	0	0	0	0	0	0	0	0	0	0	0	0	0	0	0	0	0	0	0	0	0	0	0	0	0	0	0	0	0	0	0	0	0	0	0	0	0	0	0	0	0	0	0	0	0	0	0	0	0	0	0	0	0	0	0	0	0	0	0	0	0	0	0	1	0	0	0	0	0	0	0	0	0	0	0	0	0	0	0	0	0	0	0	0	0	0	0	0	0	0	0	0	0	0	0	0	0	0	0	0	0	0	0	0	0	0	0	0	0	0	0	0	0	0	0	0	0	0	0	0	0	0	0	0	0	0	0	0	0	0	0	0	0	0	0	0	0	0	0	0	0	0	0	0	0	0	0	0	0	0	0	0	0	0	0	0	0	0	0	0	1	2	0	0	0	0	0	0	0	0	0	0	0	0	0	0	0	0	0	0	0	0	0	0	0	0	0	0	0	0	0	0	0	0	0	0	0	0	0	0	0	0	0	0	0	0	0	0	0	0	0	0	0	0	0	0	0	0	0	1	0	0	0	0	0	0	0	0	0	0	0	0	0	0	0	0	0	0	0	0	0	0	0	9	0	0	0	0	0	0	0	0	0
Root;Bacteria;Actinobacteriota;Actinomycetia;Actinomycetales;Bifidobacteriaceae;Bifidobacterium;unclassified_Bifidobacterium	EU767274.1.1360	0	0	0	0	0	0	0	0	0	0	0	0	0	0	0	0	0	0	0	0	0	0	0	0	0	0	0	0	0	0	0	0	0	0	0	0	0	0	0	0	0	0	0	0	0	0	0	0	0	0	0	0	0	0	0	0	0	0	0	0	0	0	0	0	0	0	0	0	0	0	0	0	0	0	0	0	0	0	0	0	0	0	0	0	0	0	0	0	0	0	0	0	0	0	0	0	0	0	0	0	0	0	0	0	0	0	0	0	0	0	0	0	0	0	0	0	0	0	0	0	0	0	0	0	0	0	0	0	0	0	0	0	0	0	0	0	0	0	0	0	0	0	0	0	0	0	0	0	0	0	0	0	0	0	0	0	0	0	0	0	0	0	0	0	0	0	0	0	0	0	0	0	0	0	0	0	0	0	0	0	0	0	0	0	0	0	0	0	0	0	0	0	0	0	0	0	0	0	0	0	0	0	0	0	0	0	0	0	0	0	0	0	0	0	0	0	0	0	0	0	0	0	0	0	0	0	0	0	0	0	0	0	0	0	0	0	0	0	0	0	0	0	0	0	0	0	0	0	0	0	0	0	0	0	0	0	0	0	0	0	0	0	0	0	43	0	0	0	0	0	0	0	0	0	0	0	0	0	0	0	0	0	0	0	0	0	0	0	0	0	0	0	0	0	0	0	0	0	0	0	0	0	0	0	0	0	0	0	0	0	0	0	0	0	0	0	0	0	0	0	0	0	0	0	0	0	0	0	0	0	0	0	0	0	0	0	0	0	0	0	0	0	0	0	0	0	0	0	0	0	0	0	0	0	0	0	0	0	0	0	0	0	0	0	0	0	0	0	0	0	0	0	0
Root;Bacteria;Firmicutes_C;Negativicutes;Veillonellales;Veillonellaceae;Veillonella;unclassified_Veillonella	JQ460220.1.1427	0	0	0	0	0	0	0	0	0	0	0	1	0	0	0	0	0	0	0	0	0	0	0	0	0	0	0	0	0	0	0	0	0	2	0	4	0	0	0	0	0	0	0	0	0	0	0	0	0	0	0	1	0	0	1	0	0	0	0	0	0	0	0	0	0	0	0	0	0	0	0	0	0	0	0	0	0	0	0	0	0	0	0	0	1	0	0	0	0	0	0	0	0	0	0	0	0	0	0	0	0	0	0	0	0	0	3	0	0	0	0	0	0	0	0	0	0	0	0	0	0	0	0	0	0	0	0	0	0	0	0	0	0	0	0	0	0	0	0	0	0	0	0	0	0	0	0	0	0	0	0	0	0	0	0	0	0	0	0	0	0	0	0	0	0	16	0	0	0	2	0	0	0	0	0	0	0	0	0	0	0	0	0	0	0	0	0	0	0	0	1	0	0	3	0	0	0	0	0	0	0	0	0	0	0	0	0	0	0	0	0	0	0	0	0	0	0	0	0	0	0	0	0	0	0	0	0	0	0	0	0	0	0	0	0	0	0	0	0	0	0	0	0	0	0	0	0	0	0	0	0	0	0	0	0	0	0	0	0	0	0	0	0	0	14	0	0	0	0	0	0	0	0	0	0	0	5	0	0	0	0	0	0	0	0	0	2	0	0	0	0	0	0	0	0	0	0	0	0	0	0	0	0	0	0	0	0	0	0	0	0	0	0	0	0	0	0	0	0	0	0	0	0	0	0	0	0	0	0	0	0	0	0	1	0	0	0	0	0	0	0	0	0	0	0	4	0	0	0	0	0	0	0	0	67	0	0	0	0	0	1	0	0	0	0	0	0	0	0	1	0	0	0
Root;Bacteria;Fusobacteriota;Fusobacteriia;Fusobacteriales;Leptotrichiaceae;Leptotrichia;unclassified_Leptotrichia	JQ463921.1.1380	0	0	0	0	0	0	0	0	0	0	0	0	0	1	0	0	0	0	0	0	0	0	0	0	0	0	0	0	0	0	0	0	0	0	0	0	0	0	0	0	0	0	0	0	0	0	0	0	0	0	0	0	0	0	0	0	0	0	0	0	0	0	0	0	0	0	0	0	0	0	0	0	0	0	0	0	0	0	0	0	0	0	0	0	0	0	0	0	0	0	0	0	0	0	0	0	0	0	0	0	0	0	1	0	0	0	0	0	0	0	0	0	0	0	0	0	0	0	0	0	0	0	0	0	0	0	0	0	0	0	0	0	0	0	0	0	0	0	0	0	0	0	0	0	0	0	0	0	0	0	0	0	0	0	0	0	0	0	0	0	0	0	0	0	0	0	0	0	0	1	0	0	0	0	0	0	0	0	0	0	0	0	0	0	0	0	0	0	0	0	0	0	1	0	0	0	0	0	0	0	0	0	0	0	0	0	0	0	0	0	0	0	0	0	0	0	0	0	0	0	0	0	0	0	0	0	0	0	0	0	0	0	0	0	0	0	0	1	0	0	0	0	0	0	0	0	0	0	0	0	0	0	0	0	0	0	0	0	0	1	0	0	0	0	0	0	0	0	0	0	0	0	0	0	0	0	0	0	0	0	1	0	0	0	0	0	0	0	1	0	0	0	0	0	0	0	0	0	0	0	0	0	0	0	3	0	0	0	0	0	0	0	0	0	0	0	0	0	0	0	0	0	0	0	0	0	0	0	0	0	0	0	0	0	0	0	0	0	0	0	0	1	0	0	0	2	0	0	0	0	0	0	0	0	0	0	0	0	0	0	0	0	1	0	0	0	0	0	0	2	0	0	3
Root;Bacteria;Firmicutes_C;Negativicutes;Veillonellales;Veillonellaceae;Veillonella;unclassified_Veillonella	JQ460082.1.1420	0	0	0	0	0	0	0	0	0	0	0	0	1	0	0	0	0	0	1	0	0	0	0	0	0	0	0	0	0	0	0	0	0	1	1	14	0	0	0	0	0	0	0	1	0	0	0	0	0	0	1	2	0	3	0	0	0	0	0	0	0	0	0	0	0	0	0	0	0	0	0	0	0	0	0	0	2	0	0	0	0	0	0	0	5	2	0	0	0	0	0	0	0	0	0	0	0	0	0	0	0	0	0	0	0	0	9	0	0	0	0	0	0	0	0	0	0	0	0	0	0	0	0	0	0	0	0	0	0	0	0	0	0	0	0	0	0	0	0	0	0	0	1	0	0	0	0	0	0	0	0	0	0	0	0	0	0	0	0	0	0	0	0	0	0	18	0	0	0	0	0	0	0	0	0	0	0	0	1	0	0	0	0	0	0	0	0	0	0	0	1	1	0	0	0	0	0	0	0	0	0	0	0	0	0	0	0	1	0	0	0	0	0	0	0	0	5	7	0	0	4	0	0	0	0	0	0	0	1	0	0	0	0	0	0	0	0	0	0	0	0	0	0	0	0	0	1	0	0	1	0	0	0	0	0	0	0	0	0	0	0	0	0	0	50	0	0	0	0	0	0	0	0	0	0	0	9	0	0	0	0	0	0	0	0	0	1	0	0	0	1	0	0	0	0	0	0	0	0	0	0	0	0	0	0	0	0	1	0	0	0	0	0	0	0	0	0	0	0	0	0	0	0	0	0	0	0	0	0	0	0	0	2	2	0	0	0	0	0	0	0	0	0	0	0	13	0	0	0	0	0	3	0	0	190	0	0	0	0	0	1	0	0	0	0	0	0	0	0	0	1	0	0
Root;Bacteria;Firmicutes;Bacilli;Lactobacillales;Streptococcaceae;Streptococcus;unclassified_Streptococcus	JX993449.1.1404	10	10	26	27	4	6	5	4	5	8	5	8	1	0	5	8	5	5	2	4	3	0	3	4	3	11	1	57	43	2	0	4	19	3	11	0	16	40	5	8	2	3	0	6	14	1	12	2	6	3	4	16	10	2	5	4	22	16	2	6	11	7	9	11	9	11	94	2	0	3	0	4	25	25	6	7	3	10	18	0	12	6	11	10	21	13	1	6	13	4	0	0	16	14	1	0	0	7	1	10	2	5	2	20	4	8	16	0	0	18	7	4	3	6	2	0	0	0	42	2	0	104	0	0	3	4	0	3	17	0	70	3	1	4	1	27	31	13	4	0	3	0	29	13	2	5	0	0	3	8	22	12	27	11	23	9	12	93	13	0	42	11	12	0	0	2	0	1	8	260	10	0	17	5	2	27	9	39	9	8	3	0	5	4	2	1	1	4	1	0	0	3	1	9	1	3	4	12	9	0	2	4	20	3	0	3	15	0	0	1	0	32	4	1	5	0	27	27	0	0	0	0	3	0	23	3	2	3	4	6	8	1	2	7	43	0	2	4	0	3	0	0	0	11	2	20	55	2	0	4	0	0	4	35	5	34	4	9	40	11	0	8	2	41	0	3	13	6	29	6	1	0	24	46	5	0	3	13	19	179	10	2	1	0	16	9	15	8	14	2	8	3	0	0	4	9	5	50	2	5	0	0	15	0	76	38	0	72	0	14	0	20	48	23	49	5	3	0	0	9	3	5	17	17	65	0	9	2	0	3	8	0	7	44	13	7	1	19	5	5	10	0	3	0	3	2	2	2	0	3	20	18	20	3	2	13	24	5	140	29	11	6	58	113	4	4	4	1	0	3	6	0	15
Root;Bacteria;Bacteroidota;Bacteroidia;Bacteroidales;Tannerellaceae;Parabacteroides;Parabacteroides_distasonis	JN038565.1.1385	0	0	0	0	0	0	0	0	0	0	0	0	0	0	0	0	0	0	0	0	0	0	0	0	0	0	0	0	0	0	0	0	0	0	0	0	0	0	0	0	0	0	0	0	0	0	0	0	0	0	0	0	0	0	0	0	0	0	0	0	0	0	0	0	0	0	0	0	0	0	0	0	0	0	0	0	0	0	0	0	0	0	0	0	0	0	0	0	0	0	0	0	0	0	0	0	0	0	0	0	0	0	0	0	0	0	0	0	0	0	0	0	0	0	0	0	0	0	0	0	0	0	0	0	0	0	0	0	0	0	0	0	0	0	0	0	0	0	0	0	0	0	0	0	0	0	0	0	0	0	0	0	0	0	0	0	0	0	0	0	0	0	0	0	0	0	0	0	0	0	0	0	0	0	0	0	0	9	0	0	0	0	0	0	0	0	0	0	0	0	0	0	0	0	0	0	0	0	0	0	0	0	0	0	0	0	0	0	0	0	0	0	0	0	0	0	0	0	0	0	0	0	0	0	0	0	0	0	0	0	0	0	0	0	0	0	0	0	0	0	0	0	0	0	0	0	0	0	0	0	0	0	0	0	0	0	0	0	0	0	0	0	0	0	0	0	0	0	0	0	0	0	0	0	0	0	0	0	0	0	0	0	0	0	0	0	0	0	0	0	0	0	0	0	0	0	0	0	0	0	0	0	0	0	0	0	0	0	0	0	0	0	0	0	0	0	0	0	0	0	0	0	0	0	0	0	0	0	0	0	0	0	0	0	0	0	0	0	0	0	0	0	0	0	0	0	0	0	0	0	0	0	0	0	0	0	0	0	0	0	0	0	0	0	0	0	0	0	0	0	0	0	0
Root;Bacteria;Firmicutes_A;Clostridia;Oscillospirales;Ruminococcaceae;Faecalibacterium;unclassified_Faecalibacterium	DQ807557.1.1377	0	0	0	0	0	0	0	0	0	0	0	0	0	0	0	0	0	0	0	0	0	0	0	0	0	0	0	0	3	0	0	0	0	0	0	0	0	0	0	0	0	0	0	0	0	0	0	0	0	0	0	0	0	0	0	0	0	0	0	0	0	0	0	0	0	0	0	0	0	0	0	0	0	0	0	0	0	0	0	0	0	0	0	0	0	0	0	0	0	0	0	0	0	0	0	0	0	0	0	0	0	0	0	0	0	0	0	0	0	0	0	0	0	0	0	0	0	0	0	0	0	0	0	0	0	0	0	0	0	0	0	0	0	0	0	2	0	0	0	0	0	0	0	0	0	0	0	0	0	0	0	0	0	0	0	0	0	0	1	0	0	0	1	0	0	0	0	0	0	0	0	0	0	0	0	0	0	19	0	0	0	0	0	0	0	0	0	0	0	0	0	0	0	0	0	0	0	0	0	0	0	0	0	0	0	0	0	0	0	0	0	0	0	0	0	0	0	0	0	0	0	0	0	0	0	0	0	0	0	0	0	0	0	0	0	0	0	0	0	0	0	0	0	0	0	0	0	0	0	0	0	0	0	0	0	0	0	0	0	0	0	0	0	0	3	0	0	0	0	0	0	0	0	0	0	0	0	0	0	0	0	0	0	0	0	0	0	0	0	0	0	0	0	0	0	0	0	0	0	0	0	0	0	0	1	0	0	0	0	0	0	0	0	0	0	0	0	0	0	0	0	0	0	0	0	0	0	0	0	0	0	0	0	0	0	0	0	0	0	1	0	0	0	0	0	0	0	0	0	0	0	1	0	0	0	0	0	0	0	0	0	0	0	0	0	0	0	0	0	0	0	0	0
Root;Bacteria;Bacteroidota;Bacteroidia;Flavobacteriales;Flavobacteriaceae;Capnocytophaga;Capnocytophaga_granulosa	JQ452607.1.1364	0	0	0	0	0	0	0	0	0	0	0	0	0	0	0	1	0	0	0	0	0	0	0	0	0	0	0	0	0	0	0	0	0	0	0	0	0	0	0	0	0	0	0	0	0	0	0	0	1	0	0	0	0	0	0	0	0	0	0	0	0	0	0	0	0	0	0	0	1	0	0	0	0	0	0	3	0	0	0	0	2	0	0	0	0	0	0	0	0	0	0	0	1	0	0	0	0	0	0	0	0	2	0	0	0	0	0	0	0	0	0	0	0	0	0	0	0	0	0	0	0	0	0	0	0	0	0	0	0	0	0	0	0	0	0	0	0	0	0	1	0	0	0	0	0	0	0	0	0	0	0	0	0	0	0	0	0	0	0	0	0	0	0	0	0	0	0	0	0	2	0	0	0	0	0	0	0	0	0	1	0	0	1	0	0	0	0	0	0	0	2	2	1	0	0	0	2	0	0	0	1	0	0	0	0	1	0	0	0	0	0	0	0	1	0	0	0	0	0	0	0	0	0	0	0	0	0	0	0	0	0	0	0	0	0	0	0	0	0	0	0	0	0	0	0	1	0	0	0	0	0	0	0	0	0	0	0	0	0	1	0	0	0	0	0	0	0	0	0	0	0	0	0	0	0	0	0	0	0	0	0	0	0	0	0	0	0	0	0	0	0	0	0	0	0	0	0	0	0	0	0	0	0	0	1	1	0	0	0	0	0	0	0	0	0	0	0	0	0	0	0	0	0	0	0	0	0	0	0	0	0	0	0	0	0	4	0	0	0	1	0	1	0	0	0	2	0	0	0	0	0	0	1	2	1	0	0	0	0	0	0	0	0	0	0	3	0	0	0	0	0	0	2
Root;Bacteria;Proteobacteria;Gammaproteobacteria;Cardiobacteriales;Cardiobacteriaceae;Cardiobacterium;Cardiobacterium_valvarum	JQ457855.1.1392	0	0	0	0	1	3	0	0	0	0	1	3	1	2	0	1	1	2	1	1	1	1	1	2	1	2	3	0	0	0	0	1	0	4	1	0	12	65	0	6	0	0	3	0	0	5	0	2	0	29	0	1	1	0	0	0	0	8	2	3	5	4	10	2	4	12	0	0	0	0	6	0	2	1	40	0	1	7	0	0	0	3	24	0	5	6	0	0	0	6	0	0	0	0	1	0	0	5	0	0	0	5	2	0	0	0	0	0	0	2	0	0	1	3	4	0	2	0	1	6	0	0	0	0	0	2	0	9	12	0	3	0	79	0	0	0	0	1	0	0	0	0	0	3	0	0	0	0	0	0	0	0	30	0	0	0	0	0	0	0	0	0	21	1	4	0	0	0	0	0	1	0	0	0	0	0	0	0	1	0	0	0	1	0	0	0	0	0	0	0	19	7	0	0	1	1	0	0	0	0	1	0	0	1	0	0	0	0	0	0	0	3	0	0	0	0	0	1	13	8	4	0	3	0	0	0	3	6	0	0	0	4	9	6	0	0	5	0	0	0	0	0	7	0	7	0	2	12	4	1	3	0	0	0	0	1	0	0	5	8	0	0	27	0	0	0	0	0	0	0	0	0	0	0	0	0	0	0	1	0	0	1	3	0	0	0	0	0	2	2	6	0	0	0	0	0	0	0	0	0	0	0	7	0	0	1	4	2	0	0	0	3	2	2	5	0	0	0	0	2	0	4	0	1	0	0	0	1	0	0	2	0	0	0	0	0	0	0	0	0	0	0	0	0	1	0	0	1	0	0	0	0	0	3	0	11	0	0	0	0	0	3	5	0	3	10	3	0	0	6	1	5	0
Root;Bacteria;Bacteroidota;Bacteroidia;Flavobacteriales;Flavobacteriaceae;Capnocytophaga;unclassified_Capnocytophaga	JQ452138.1.1369	0	0	0	0	38	30	0	1	2	1	17	16	22	16	1	0	0	0	9	19	0	0	2	0	1	1	0	0	0	24	1	2	53	95	62	0	2	1	2	8	0	0	58	307	0	9	24	2	11	0	0	0	90	0	2	3	0	0	96	0	1	15	39	2	49	51	0	4	0	0	18	38	1	2	178	47	0	4	0	0	96	1	0	1	71	70	35	0	1	15	1	86	31	0	36	7	0	0	0	0	0	25	1	10	34	16	0	0	0	62	0	4	31	0	14	0	34	0	204	60	0	0	2	2	4	1	4	0	0	0	0	21	262	4	0	0	0	0	0	0	0	0	0	3	0	0	0	10	8	6	0	1	0	8	2	16	0	0	1	0	0	0	1	0	4	0	7	0	5	53	5	1	6	3	0	5	9	0	39	3	3	4	90	115	1	12	11	0	16	0	14	12	0	0	112	111	7	0	0	146	0	0	0	5	0	4	0	16	16	40	267	0	0	72	93	16	120	117	0	0	17	1	1	0	0	0	89	9	4	0	6	232	0	13	0	0	68	17	7	45	19	0	68	84	201	0	276	104	77	16	8	0	0	14	0	0	0	8	25	93	9	0	0	0	0	9	17	2	14	2	1	5	7	0	9	2	0	0	0	2	282	22	0	0	0	0	7	0	26	18	0	17	1	0	5	18	0	1	14	0	2	5	1	0	11	8	0	1	0	77	8	0	0	9	10	2	2	530	105	0	26	19	0	2	17	0	5	0	0	0	9	0	11	21	68	123	0	0	6	0	1	10	36	0	11	262	12	0	0	0	51	5	1	51	0	329	0	0	5	1	1	243	5	36	244	3	273	23	0	20	35	0	5
Root;Bacteria;Bacteroidota;Bacteroidia;Bacteroidales;Bacteroidaceae;Bacteroides;Bacteroides_caccae	DQ799465.1.1401	0	0	0	0	0	0	0	0	0	0	0	0	0	0	0	0	0	0	0	0	0	0	0	0	0	0	0	0	0	0	0	0	0	0	0	0	0	0	0	0	0	0	0	0	0	0	0	0	0	0	0	0	0	0	0	0	0	0	0	0	0	0	0	0	0	0	0	0	0	0	0	0	0	0	0	0	0	0	0	0	0	0	0	0	0	0	0	0	0	0	0	0	0	0	0	0	0	0	0	0	0	0	0	0	0	0	0	0	0	0	0	0	0	0	0	0	0	0	0	0	0	0	0	0	0	0	0	0	0	0	0	0	0	0	0	0	0	0	0	0	0	0	0	0	0	0	0	0	0	0	0	0	0	0	0	0	0	0	0	0	0	0	0	0	0	0	0	0	0	0	0	0	0	0	0	0	0	0	0	0	0	0	0	0	0	0	0	0	0	0	0	0	0	0	0	0	0	0	0	0	0	0	0	0	0	0	0	0	0	0	0	0	0	0	0	0	0	0	0	0	0	0	0	0	0	0	0	0	0	0	0	0	0	0	0	0	0	0	0	0	0	0	0	0	0	0	0	0	0	0	0	0	0	0	0	0	0	0	0	0	0	0	0	0	0	0	0	0	0	0	0	0	0	0	0	0	0	0	0	0	0	0	0	0	0	0	0	0	0	0	0	0	0	0	0	0	0	0	0	0	0	0	0	0	0	0	0	0	0	0	0	0	0	0	0	0	0	0	0	0	0	0	0	0	0	0	0	0	0	0	0	0	1	0	0	0	0	0	0	0	0	0	0	0	0	0	0	0	0	0	0	0	0	0	0	0	0	0	0	0	0	0	0	0	0	0	0	0	0	0	0	0	0
Root;Bacteria;Actinobacteriota;Actinomycetia;Actinomycetales;Actinomycetaceae;Actinomyces;unclassified_Actinomyces	JQ462354.1.1430	0	2	0	1	1	0	0	0	0	0	0	0	1	0	0	0	0	0	0	0	0	0	2	1	1	3	1	0	0	0	0	0	0	0	0	0	11	9	3	2	0	0	2	13	2	10	4	0	1	0	30	0	0	6	26	10	0	5	1	1	4	0	1	1	21	40	7	1	4	2	0	8	7	0	9	0	1	1	0	0	1	0	0	0	3	0	0	0	0	0	0	0	2	0	0	1	0	6	0	0	1	0	0	1	0	0	6	0	0	0	0	0	0	3	0	0	1	0	10	0	0	5	2	2	2	0	19	2	2	0	1	2	2	0	0	0	0	0	0	0	0	0	0	0	0	3	0	3	0	0	1	0	0	2	3	3	0	0	0	0	0	1	2	1	0	0	3	0	0	0	2	0	6	0	0	0	0	6	0	0	1	0	1	1	2	0	0	0	0	0	0	2	0	0	0	0	0	0	0	0	0	0	2	0	0	0	0	1	0	0	0	0	0	0	0	0	1	0	0	0	0	0	4	1	1	0	0	4	0	0	0	0	0	4	0	0	0	6	0	1	0	0	0	0	0	1	6	2	0	0	0	4	0	0	0	2	2	21	0	0	0	0	9	22	0	0	0	0	0	0	0	0	1	0	0	1	0	0	1	1	2	32	0	0	1	1	0	8	0	0	0	10	0	1	0	0	0	0	0	1	1	1	0	0	0	3	0	2	0	1	0	0	0	1	5	0	0	0	0	1	0	0	1	6	1	0	10	1	1	1	17	0	0	0	0	0	3	1	0	0	23	0	0	0	3	1	0	0	0	0	0	0	0	0	4	2	11	0	10	1	4	0	0	1	9	1	2	1	0	4	0	0	0
Root;Bacteria;Bacteroidota;Bacteroidia;Flavobacteriales;Flavobacteriaceae;Capnocytophaga;Capnocytophaga_sputigena	FM997505.1.1340	2	2	63	98	0	0	0	0	1	8	11	10	19	22	14	7	0	1	1	3	10	17	6	4	10	44	55	7	7	100	0	27	5	8	10	0	1	3	4	18	57	53	6	47	0	161	297	29	83	39	5	17	57	71	20	8	0	56	69	8	23	20	476	3	231	227	70	50	31	21	308	54	30	375	95	1	7	53	0	0	21	30	42	23	31	41	71	6	53	55	0	32	56	8	16	1	12	37	1	2	0	3	5	18	19	51	0	29	0	124	9	12	17	123	96	0	16	0	29	84	0	2	41	47	10	9	38	122	125	0	333	65	21	9	0	97	81	44	8	0	0	0	3	102	2	65	0	2	3	32	23	3	43	5	30	6	10	10	0	2	0	15	227	16	36	1	6	1	7	829	0	0	11	13	0	55	5	1	122	0	6	1	9	12	0	0	0	0	0	0	10	7	1	2	43	40	14	4	1	135	6	3	34	47	1	5	0	7	71	95	9	1	15	0	6	0	35	37	52	76	92	0	67	0	3	0	1	43	46	0	1	124	12	311	119	0	4	10	0	0	1	0	32	7	5	0	77	165	19	57	99	65	6	74	0	110	1	193	3	26	14	8	21	150	0	10	17	0	0	3	8	0	42	29	0	50	3	12	29	24	13	93	420	1	2	21	0	67	14	448	92	5	0	48	3	41	1	3	31	4	5	29	112	0	1	0	0	41	0	33	10	5	38	82	61	0	0	125	10	30	60	63	0	133	137	0	22	7	4	16	94	0	11	7	212	36	1	315	12	88	72	2	0	89	70	31	24	31	2	0	23	9	12	66	5	50	14	3	21	0	3	75	40	64	100	26	29	0	0	15	12	9	8
Root;Bacteria;Fusobacteriota;Fusobacteriia;Fusobacteriales;Fusobacteriaceae;Fusobacterium;unclassified_Fusobacterium	JQ447755.1.1371	0	1	0	0	0	0	0	0	0	0	0	0	0	0	0	0	1	0	0	0	0	0	0	0	0	0	0	0	0	0	0	0	0	0	0	0	0	0	0	0	0	0	0	0	0	0	0	0	0	0	0	0	0	0	0	0	0	0	0	0	0	0	0	0	0	0	0	0	0	0	0	0	0	0	0	0	0	0	0	0	0	0	0	0	0	0	0	0	0	0	0	0	0	0	0	0	0	0	0	0	0	0	0	0	0	1	0	0	0	0	0	1	0	0	0	0	0	0	0	0	0	0	0	0	0	0	4	0	0	0	0	0	0	0	0	0	0	0	0	0	0	0	0	0	0	0	0	0	0	0	0	0	0	0	0	0	0	0	0	0	0	0	0	0	0	0	0	0	0	0	0	0	0	0	0	0	0	0	0	0	0	0	0	0	0	0	0	0	0	0	0	0	0	0	0	0	0	0	0	0	0	0	0	0	0	0	0	0	0	0	0	0	0	0	0	0	0	0	0	0	0	0	0	0	0	0	0	0	0	0	0	0	0	0	0	0	0	1	0	0	0	0	0	0	0	0	0	0	0	0	0	0	0	1	0	0	0	0	0	0	0	0	0	0	0	0	0	0	0	0	0	0	0	0	0	0	0	0	0	0	0	0	0	0	0	0	0	0	0	0	0	0	0	0	0	0	0	0	0	0	0	0	0	0	0	0	0	0	0	0	0	0	0	0	0	0	0	0	0	0	0	0	0	0	0	0	0	0	0	0	0	0	0	0	0	0	0	0	0	0	0	0	0	0	0	0	0	0	0	0	0	0	0	0	0	0	0	0	0	0	0	0	1	1	0	0	0	0	0	0	0	0	0
Root;Bacteria;Firmicutes_A;Clostridia;Lachnospirales;Lachnospiraceae;Catonella;Catonella_morbi	JQ450714.1.1360	39	32	14	11	1	0	3	20	0	0	4	3	22	23	0	0	4	5	15	15	0	2	0	0	19	3	35	0	0	14	2	11	26	12	2	0	26	11	6	17	10	2	0	1	5	0	2	0	6	12	8	0	14	0	0	0	0	3	4	8	42	16	56	2	6	8	3	3	2	8	0	0	0	3	17	13	0	10	39	0	5	10	0	5	8	6	10	54	20	5	0	15	2	0	5	3	31	8	1	2	1	12	6	7	1	18	3	3	0	32	16	1	12	6	0	0	16	0	18	13	0	2	1	0	27	23	6	7	10	0	29	8	0	1	0	1	0	0	4	1	22	0	0	0	0	1	0	7	7	8	40	0	2	5	1	9	0	2	2	7	13	3	9	3	13	0	1	6	5	0	7	0	0	0	70	0	5	0	9	0	6	0	14	11	0	0	1	2	23	0	6	5	2	1	13	10	0	22	45	0	10	5	35	19	2	5	0	4	0	0	0	2	9	17	2	0	2	1	3	5	1	0	0	0	6	0	5	20	20	1	6	8	32	0	51	0	4	7	2	2	0	0	15	1	15	0	27	14	0	5	8	0	22	0	13	8	0	7	18	5	4	12	13	1	0	1	13	1	8	5	3	2	5	36	0	4	2	9	11	0	0	3	0	11	0	3	33	15	0	1	18	131	8	0	5	26	6	1	0	0	14	36	2	0	100	11	6	2	0	54	1	38	0	100	87	7	3	35	5	32	0	12	10	8	15	0	0	0	0	8	21	0	1	2	4	0	6	22	15	10	39	0	1	0	1	0	1	2	0	10	6	2	117	6	0	9	17	20	0	0	10	6	20	0	2	10	8	0	0	1	0	9	0
Root;Bacteria;Bacteroidota;Bacteroidia;Bacteroidales;Bacteroidaceae;Prevotella;Prevotella_oris	JQ452125.1.1330	80	114	31	34	2	3	13	7	32	27	21	19	5	3	28	39	10	6	53	55	7	5	0	0	22	24	100	9	7	31	0	4	62	79	146	0	5	7	0	12	0	0	0	2	0	0	5	0	32	4	10	49	7	0	0	0	0	3	0	0	0	1	0	0	2	2	0	4	1	4	2	21	0	8	0	9	0	18	107	0	33	12	0	2	29	35	1	2	11	0	0	0	0	467	0	0	0	1	0	55	0	14	81	0	0	7	46	1	0	55	3	5	67	0	0	0	97	0	0	5	0	72	0	0	20	18	5	0	0	0	0	8	2	15	0	0	0	5	14	0	15	0	15	59	0	285	0	0	10	4	1	1	36	78	6	3	0	27	17	3	51	2	2	2	0	0	0	8	24	502	5	0	22	3	1	139	22	1	67	12	29	12	8	15	88	7	2	0	1	0	14	9	96	21	8	12	2	2	49	0	0	4	24	8	0	1	1	13	0	0	47	347	32	31	108	0	36	41	1	0	0	0	4	0	50	0	209	20	67	78	2	2	18	0	2	0	8	0	0	3	2	0	0	6	8	0	0	7	7	1	0	0	13	15	11	0	0	55	35	10	0	2	3	3	0	19	35	8	11	15	0	29	5	322	0	1	3	32	36	24	0	6	0	1	82	3	17	1	0	10	6	9	4	0	75	10	40	122	3	9	0	0	2	8	256	42	2	13	0	95	8	351	0	16	14	46	48	40	4	9	1	3	5	0	8	0	48	7	0	3	16	0	0	2	5	37	4	11	1	0	0	0	1	2	0	29	2	5	0	3	193	4	0	28	0	2	36	22	36	7	7	42	24	180	10	29	0	10	0	3	32	5	1
Root;Bacteria;Firmicutes;Bacilli;Lactobacillales;Streptococcaceae;Streptococcus;unclassified_Streptococcus	JF148823.1.1369	0	0	0	0	0	0	0	0	0	0	0	0	0	0	0	0	1	0	0	0	0	0	0	0	0	0	0	0	0	0	0	1	0	0	0	0	0	0	12	0	0	0	0	0	0	0	1	0	0	0	0	0	0	0	0	0	0	0	0	0	2	0	1	0	0	0	0	0	0	1	0	0	0	0	5	0	8	0	0	0	0	0	1	0	1	0	0	0	0	0	0	0	0	0	4	0	0	0	0	10	0	0	0	0	0	0	0	0	0	0	0	0	0	0	0	0	0	0	0	0	0	0	0	0	0	0	0	0	0	0	0	0	0	0	0	0	0	0	0	0	0	0	0	0	0	0	0	0	0	0	0	0	0	1	0	0	0	0	0	0	0	0	0	0	0	0	1	0	0	0	0	0	7	0	0	0	0	0	0	0	0	0	0	0	0	0	0	0	0	0	0	1	0	0	0	2	0	0	0	90	1	1	0	0	0	0	0	0	0	0	0	0	0	0	0	0	0	1	1	7	0	0	0	0	0	0	0	0	0	0	0	0	0	0	0	0	0	0	0	0	8	0	0	0	0	0	1	0	0	0	0	0	0	0	0	0	0	0	0	2	0	0	0	0	0	0	0	0	0	0	0	0	0	0	0	0	0	0	0	0	0	0	0	0	0	0	0	0	0	0	0	0	0	0	0	0	0	0	0	0	0	0	0	0	13	0	0	0	0	0	0	0	0	0	0	0	0	0	0	0	0	0	0	0	1	0	0	0	0	0	0	0	1	0	0	0	0	0	0	0	0	0	0	0	1	0	0	0	0	0	0	0	0	0	2	1	1	0	0	0	0	0	0	0	4	0	0	0	0	0	0	0	0
Root;Bacteria;Fusobacteriota;Fusobacteriia;Fusobacteriales;Leptotrichiaceae;Leptotrichia;Leptotrichia_wadei_A	JF067205.1.1333	0	0	0	0	0	0	0	0	0	0	0	0	0	1	0	0	0	0	0	0	0	0	1	0	100	0	0	0	0	0	0	0	0	0	0	12	0	0	0	0	0	0	0	5	0	0	0	0	5	0	0	5	1	0	0	0	0	3	0	0	0	0	0	1	0	0	0	0	0	1	0	0	0	0	0	3	0	0	0	0	0	0	1	0	10	8	20	0	0	1	0	0	2	0	0	0	0	0	0	67	5	23	14	0	2	0	0	0	0	0	0	1	2	0	0	0	4	0	0	6	0	0	0	0	0	0	0	0	0	0	0	0	2	0	0	0	2	0	0	0	0	0	1	1	0	0	0	0	0	0	0	2	1	0	0	0	0	0	0	14	0	0	0	0	0	13	0	0	0	1	0	0	0	0	0	0	0	0	1	0	2	0	4	15	10	0	0	0	0	0	44	39	21	0	0	0	0	0	0	0	2	1	0	0	0	1	0	0	5	7	0	0	0	36	0	0	18	18	0	0	9	0	2	0	0	0	0	0	0	0	0	0	0	0	0	0	0	3	0	0	0	0	0	2	0	1	0	0	0	0	0	0	0	0	0	0	0	1	0	0	1	0	0	0	32	1	0	7	16	0	0	12	0	0	0	0	1	0	0	0	105	4	0	0	0	0	14	0	0	0	0	3	0	0	1	0	0	1	0	0	0	2	1	0	8	14	0	1	0	3	0	183	0	0	0	0	0	0	0	0	0	0	0	0	0	0	0	0	0	0	0	0	0	0	0	3	0	0	33	2	0	0	0	0	0	6	0	0	0	0	2	1	0	0	1	3	0	0	0	0	0	0	0	0	2	2	1	0	0	0	60	0	0
Root;Bacteria;Bacteroidota;Bacteroidia;Bacteroidales;Bacteroidaceae;Bacteroides;Bacteroides_thetaiotaomicron	AY974922.1.1359	0	0	0	0	0	0	0	0	0	0	0	0	0	0	0	0	0	0	0	0	0	0	0	0	0	0	0	0	0	0	0	0	0	0	0	0	0	0	0	0	0	0	0	0	0	0	0	0	0	0	0	0	0	0	0	0	0	0	0	0	0	0	0	0	0	0	0	0	0	0	0	0	0	0	0	0	0	0	0	0	0	0	0	0	0	0	0	0	0	0	0	0	0	0	0	0	0	0	0	0	0	0	0	0	0	0	0	0	0	0	0	0	0	0	0	0	0	0	0	0	0	0	0	0	0	0	0	0	0	0	0	0	0	0	0	0	0	0	0	0	0	0	0	0	0	0	0	0	0	0	0	0	0	0	0	0	0	0	0	0	0	0	0	0	0	0	0	0	0	0	0	0	0	0	0	1	0	17	0	0	0	0	0	0	0	0	0	0	0	0	0	0	0	0	0	0	0	0	0	0	0	0	0	0	0	0	0	0	0	0	0	0	0	0	0	0	0	0	0	0	0	0	0	0	0	0	0	0	0	0	0	0	0	0	0	0	0	0	0	0	0	0	0	0	0	0	0	0	0	0	0	0	0	0	0	0	0	0	0	0	0	0	0	0	0	0	0	0	0	0	0	0	3	0	0	0	0	0	0	0	0	0	0	0	0	0	0	0	0	0	0	0	0	0	0	0	0	0	0	0	0	0	0	0	2	0	0	0	0	0	0	0	0	0	0	0	0	0	0	0	0	0	0	0	0	0	0	0	0	0	0	0	0	0	0	0	0	0	0	0	0	0	0	0	0	0	0	0	0	0	0	0	0	0	0	0	0	0	0	0	0	0	0	0	1	0	0	0	0	0	0	0	0
Root;Bacteria;Firmicutes;Bacilli;Lactobacillales;Streptococcaceae;Streptococcus;unclassified_Streptococcus	GQ019407.1.1377	1	2	0	0	0	0	0	0	0	0	1	0	0	1	0	0	0	0	0	0	0	1	0	0	0	0	1	0	0	0	0	0	0	0	7	0	0	0	3	0	0	0	0	0	0	0	0	0	0	0	0	0	0	0	0	0	0	0	0	0	0	0	0	1	0	0	0	0	0	0	0	0	0	0	0	0	0	0	0	0	1	0	0	0	1	1	0	0	0	0	0	0	0	0	0	0	0	0	0	0	0	0	0	0	0	0	0	0	0	0	0	2	0	0	0	0	0	0	0	0	0	1	0	0	0	0	0	0	0	0	0	0	0	0	0	0	0	0	0	0	0	0	0	0	0	0	0	0	0	0	0	0	0	0	0	0	0	0	0	0	0	0	0	0	0	0	0	0	0	0	0	0	0	0	0	0	0	0	0	0	0	0	0	0	0	0	0	0	0	0	0	0	0	0	0	1	0	0	1	0	0	0	0	0	0	0	0	0	0	0	0	0	0	0	0	0	0	0	0	0	0	0	0	0	0	0	0	0	0	0	0	0	0	0	0	0	0	0	0	0	0	0	0	0	0	0	0	0	0	0	0	0	0	0	0	1	0	0	1	0	0	0	0	0	0	0	0	0	0	0	0	0	0	0	0	0	1	0	0	0	0	0	0	0	0	0	0	0	0	0	0	0	0	0	0	0	0	7	0	0	0	0	0	0	3	0	0	0	0	0	0	4	0	17	5	0	0	0	0	0	0	0	0	0	0	0	0	0	0	0	0	0	0	0	0	0	0	0	0	0	0	0	0	0	0	0	0	0	0	0	0	0	0	0	0	0	1	0	0	0	2	0	0	0	0	0	0	0	0	0	0	0	0
Root;Bacteria;Fusobacteriota;Fusobacteriia;Fusobacteriales;Fusobacteriaceae;Fusobacterium;unclassified_Fusobacterium	JQ467965.1.1327	0	0	0	0	0	0	0	0	0	0	0	0	0	0	0	0	0	0	0	0	0	0	0	0	0	0	0	0	0	0	0	0	0	0	0	0	0	0	0	0	0	0	0	0	0	0	0	0	0	0	0	0	0	0	0	0	0	0	0	0	0	0	0	0	0	0	0	0	0	0	0	0	0	0	0	0	0	0	0	0	0	0	0	0	0	0	0	0	0	0	0	0	0	0	0	0	0	0	0	0	0	0	0	0	0	0	0	0	0	0	0	0	0	0	0	0	0	0	0	0	0	0	0	0	0	0	0	0	0	0	0	0	0	0	0	0	0	0	0	0	0	0	0	0	0	0	0	0	0	0	0	0	0	0	0	0	0	0	0	0	0	0	0	0	0	0	0	0	0	0	0	0	0	0	0	0	0	0	0	0	0	0	0	0	0	0	0	0	0	0	0	0	0	0	0	0	0	0	0	0	0	0	0	0	0	0	0	0	0	0	0	0	0	0	0	0	0	0	0	0	0	0	0	0	0	0	0	0	0	0	0	0	0	0	0	0	0	0	0	0	0	0	0	0	0	0	0	0	0	0	0	0	0	0	0	0	0	0	0	0	0	0	0	0	0	0	0	0	0	0	0	0	0	0	0	0	0	0	0	0	0	0	0	0	0	0	0	0	0	0	0	0	0	0	0	0	0	0	0	0	0	0	0	0	0	0	0	0	0	0	0	0	0	0	0	0	0	0	0	0	1	0	0	0	0	0	0	0	0	0	0	0	0	0	0	0	0	0	0	0	0	0	0	0	0	0	0	0	0	0	0	0	0	0	0	0	0	0	0	0	0	0	0	0	0	0	0	0	0	0	0	0	0
Root;Bacteria;Bacteroidota;Bacteroidia;Bacteroidales;Porphyromonadaceae;Porphyromonas;unclassified_Porphyromonas	JQ452557.1.1395	0	0	0	0	0	0	0	0	0	0	0	0	0	0	0	0	0	0	0	0	0	0	0	0	0	0	0	0	0	0	0	0	0	0	0	0	0	0	0	0	0	0	0	0	0	0	0	0	0	0	0	0	0	0	0	0	0	0	0	0	0	0	0	0	0	0	0	0	0	0	0	0	0	0	0	0	0	0	0	0	0	0	0	0	0	0	0	0	0	0	0	0	0	0	0	0	0	0	0	0	0	0	0	0	0	0	0	0	0	0	0	0	0	0	0	0	0	0	0	0	0	0	0	0	0	0	0	0	0	0	0	0	0	0	0	0	0	0	0	0	0	0	0	0	0	0	0	0	0	0	0	0	0	0	0	0	0	0	0	0	0	0	0	0	0	0	0	0	0	0	0	0	0	0	0	0	0	0	0	0	0	0	0	1	0	0	0	0	0	0	0	0	0	0	0	0	0	0	0	0	0	0	0	0	0	0	0	0	0	0	0	0	0	0	0	0	0	0	0	0	0	0	0	0	0	0	0	0	0	0	0	0	0	0	0	0	0	0	0	0	0	0	0	0	0	0	0	0	0	0	0	0	0	0	0	0	0	0	0	0	0	0	0	0	0	0	0	0	0	0	0	0	0	0	0	0	0	0	0	0	0	0	0	0	0	0	0	0	0	0	0	0	0	0	0	0	0	0	0	0	0	0	0	0	0	0	0	0	0	0	0	0	0	0	0	0	0	0	0	0	0	0	0	0	0	0	0	0	0	0	0	0	0	0	0	0	0	0	0	0	0	0	0	0	0	0	0	0	0	0	0	0	0	0	0	0	0	0	0	0	0	0	0	0	0	0	0	0	0	0	0	0	0
Root;Bacteria;Bacteroidota;Bacteroidia;Bacteroidales;Porphyromonadaceae;Porphyromonas;Porphyromonas_endodontalis	JQ470580.1.1397	0	0	2	1	0	0	87	136	0	0	0	0	145	175	4	0	0	0	0	0	0	0	0	0	3	0	0	0	0	0	0	87	42	0	4	0	0	0	0	0	0	0	0	0	0	0	0	0	27	0	0	0	0	0	0	1	0	0	0	0	2	0	1	0	0	0	0	0	0	0	0	0	0	0	5	0	0	15	0	0	11	0	0	7	2	0	0	11	0	6	0	0	0	0	0	0	0	6	0	71	10	61	3	169	0	0	0	0	0	1	6	19	0	0	0	0	0	0	0	14	0	0	0	0	174	162	1	0	0	0	10	0	3	0	0	0	0	38	0	0	972	44	3	0	0	0	0	47	0	0	239	0	0	21	0	2	0	0	52	0	34	11	2	22	0	0	7	82	4	0	0	0	0	0	79	0	1	0	224	0	0	0	12	4	0	0	0	0	0	0	0	0	0	0	0	0	0	574	350	0	68	69	0	133	30	0	1	0	0	0	2	0	0	1	0	0	0	0	0	0	1	0	0	0	113	6	200	0	0	4	43	0	63	0	0	0	0	0	0	1	0	0	5	1	0	0	0	0	0	108	0	0	1	0	1	1	0	0	0	2	27	41	83	0	0	11	40	1	3	59	0	0	104	0	0	5	3	44	123	0	0	0	0	132	0	0	0	0	0	0	2	168	24	0	403	0	53	7	0	0	17	50	48	161	1	0	0	0	0	0	0	51	0	3	1	0	0	0	0	0	0	0	0	0	0	0	0	0	3	33	0	0	0	0	1	0	0	0	0	0	0	0	0	0	0	0	0	54	2	16	0	0	0	241	0	0	0	56	0	0	0	0	0	0	0	95	0	0	0	0	0	3	0
Root;Bacteria;Firmicutes;Bacilli;Lactobacillales;Aerococcaceae;Abiotrophia;Abiotrophia_defectiva	KF574954.1.1384	0	0	0	0	1	1	0	0	0	0	0	0	0	0	1	1	0	0	0	2	0	1	3	0	1	1	0	0	0	0	0	0	0	0	0	0	7	3	4	2	14	3	0	5	0	7	4	21	2	0	7	0	0	13	12	8	7	0	0	0	0	1	2	0	3	5	0	0	0	15	3	0	0	2	1	0	0	4	0	0	0	2	8	0	0	0	0	0	0	2	0	3	24	0	2	2	0	1	0	0	0	0	0	1	2	0	0	0	0	0	0	0	0	0	3	0	0	0	0	2	0	0	1	0	13	11	0	9	15	0	0	1	2	0	0	0	0	0	4	0	0	0	0	1	23	1	0	1	0	2	36	0	0	1	0	1	29	0	0	1	0	0	5	2	7	0	0	0	0	0	0	0	1	1	0	1	0	0	4	0	0	0	4	3	0	0	0	2	4	0	0	0	0	0	0	0	0	5	1	8	0	0	0	1	1	0	0	0	0	0	17	0	0	1	0	0	0	0	0	0	2	0	1	0	2	0	0	0	0	0	0	5	2	1	0	0	0	0	0	0	0	0	0	0	0	0	1	0	0	2	0	1	0	1	0	0	0	8	3	0	8	2	0	0	0	0	0	0	0	1	1	1	1	0	0	3	0	0	0	0	1	26	1	0	0	2	0	12	0	5	12	0	0	0	0	3	0	1	1	2	0	0	0	0	3	0	1	0	0	11	2	0	0	4	3	0	0	1	0	0	3	1	0	3	0	0	1	6	2	0	3	0	34	58	3	5	0	3	0	1	0	0	0	0	4	0	0	1	0	0	24	1	0	2	7	0	2	0	0	0	0	2	3	13	0	2	9	0	0	0	3	23	0
Root;Bacteria;Actinobacteriota;Coriobacteriia;Coriobacteriales;Atopobiaceae;Olsenella_F;Olsenella_F_profusa_A	FN178465.1.1428	2	1	0	0	0	0	0	0	0	0	1	0	0	0	0	0	0	0	2	2	0	0	0	0	1	0	0	0	0	0	0	0	0	1	1	0	0	0	0	4	0	0	0	0	0	0	0	0	0	0	2	0	0	0	0	0	0	0	0	0	0	0	1	0	0	0	1	0	0	0	0	0	0	0	3	0	0	1	0	0	0	0	0	0	0	0	0	0	0	0	0	0	0	0	0	0	0	0	0	2	0	0	0	0	0	0	0	0	0	0	0	0	0	0	1	0	1	0	0	0	0	0	0	0	0	0	0	0	0	0	0	0	0	0	0	0	0	0	0	0	2	0	0	0	0	0	0	0	0	0	0	0	0	0	0	0	0	0	0	0	0	0	0	0	0	0	0	1	0	0	0	0	0	0	0	0	0	0	0	0	0	0	0	0	1	0	0	0	0	0	0	0	0	1	0	0	0	0	0	0	0	0	0	0	0	0	0	0	0	0	0	0	0	1	0	0	0	0	0	0	0	0	0	0	0	0	1	2	0	0	1	0	0	0	0	0	0	0	0	0	0	0	2	0	1	0	0	2	0	0	0	0	0	1	0	0	0	0	0	0	0	0	0	0	0	0	0	0	0	0	0	0	0	0	0	0	0	0	0	0	0	0	0	0	1	0	1	0	0	0	0	0	0	0	0	0	0	6	0	12	0	0	0	1	0	4	0	0	0	0	0	0	0	0	0	0	0	0	0	0	0	0	0	0	0	0	2	0	0	0	2	0	0	0	0	0	0	0	0	0	0	0	0	0	0	1	0	2	0	0	0	0	0	0	0	1	0	0	0	0	0	0	0	0	0	1	0	0	0	0	0	0	0
Root;Bacteria;Firmicutes;Bacilli;Staphylococcales;Gemellaceae;Gemella;unclassified_Gemella	JQ452809.1.1377	0	0	0	0	0	0	0	0	0	0	0	0	0	0	0	0	0	2	0	0	0	0	0	0	0	0	0	0	0	0	0	0	0	0	0	2	0	0	0	0	0	0	0	1	0	0	0	0	0	0	0	0	0	0	2	0	0	0	0	0	0	0	0	0	0	0	0	0	0	0	0	0	0	0	0	0	0	0	0	0	0	0	0	0	0	0	0	0	0	0	0	0	0	0	0	0	0	0	0	0	0	0	0	1	0	0	0	0	0	0	0	0	0	0	0	0	0	0	0	0	0	0	0	0	0	1	0	0	0	0	0	0	0	0	0	0	0	0	0	0	0	0	1	0	0	0	0	0	0	0	0	0	0	0	0	0	0	0	0	0	0	0	0	0	0	0	0	0	0	0	0	0	0	0	0	0	0	0	0	1	0	0	0	0	0	0	0	0	0	0	0	0	0	0	0	0	0	0	0	0	0	0	0	0	0	0	0	0	0	0	0	0	0	0	0	0	0	0	0	0	0	0	0	0	0	0	0	0	0	0	0	0	0	0	0	0	0	0	0	0	0	0	0	0	0	0	0	0	0	0	0	0	0	0	0	0	0	0	0	0	0	0	0	0	0	0	0	0	0	0	0	0	0	0	0	0	0	0	0	0	0	0	0	0	0	0	0	0	0	0	0	0	0	0	0	0	0	0	0	0	0	0	0	0	0	0	0	1	0	0	0	0	0	0	0	0	0	0	0	0	0	0	0	0	0	0	0	0	0	0	0	0	0	0	0	0	0	0	0	0	0	0	0	0	0	0	0	0	0	0	0	0	0	0	0	0	0	0	0	0	0	0	0	1	0	0	0	0	0	0	0	0	0
Root;Bacteria;Proteobacteria;Gammaproteobacteria;Enterobacterales;Pasteurellaceae;Haemophilus_D;unclassified_Haemophilus_D	JF117067.1.1365	0	0	1	0	1	0	1	0	0	0	1	1	3	4	0	2	30	32	0	0	8	12	8	5	1	0	1	0	1	2	0	2	8	1	0	1	1	1	25	0	0	0	21	0	20	37	0	5	0	9	0	1	0	184	4	4	5	0	0	0	5	0	1	24	7	9	0	9	4	0	43	6	15	2	3	0	3	0	18	0	0	0	29	11	0	0	0	10	0	0	0	1	0	0	0	0	19	15	0	1	0	0	0	3	5	0	1	42	1	8	0	10	6	0	9	0	2	0	0	1	0	8	2	5	1	0	0	3	0	0	1	12	2	3	0	30	14	7	0	0	0	0	0	0	1	0	0	2	3	27	23	1	0	0	0	0	0	31	0	0	0	17	6	3	22	11	1	0	0	4	1	0	35	0	1	11	2	62	1	0	16	12	61	62	0	0	0	0	0	0	0	0	28	8	11	14	9	1	0	2	1	0	0	0	0	0	57	0	1	1	0	0	52	0	1	0	0	0	13	10	3	0	7	0	0	0	0	12	0	5	2	0	0	36	31	0	0	19	0	0	34	0	7	0	3	0	0	1	8	19	3	82	9	1	0	0	0	24	0	3	3	5	5	52	0	0	0	0	0	3	3	0	7	3	0	0	0	1	5	0	4	0	2	0	3	276	2	16	0	23	29	7	1	82	16	0	147	0	0	8	1	3	0	0	36	0	0	0	0	0	1	0	95	0	0	0	0	4	0	14	0	1	43	10	15	0	5	2	34	49	0	0	2	9	0	0	3	5	10	78	0	0	5	2	1	0	1	1	0	6	0	0	19	2	6	1	3	1	23	1	0	0	9	27	0	0	1	0	0	0	4	28	0
Root;Bacteria;Fusobacteriota;Fusobacteriia;Fusobacteriales;Leptotrichiaceae;Leptotrichia;Leptotrichia_sp013394795	GU408547.1.1432	0	0	0	0	0	0	0	0	0	0	0	0	0	1	0	0	0	0	0	0	0	0	0	0	0	0	0	0	0	0	0	0	0	0	0	0	0	0	0	0	0	0	0	0	0	0	0	0	0	0	0	0	0	0	0	0	0	0	0	0	0	0	0	0	0	0	0	0	0	0	0	0	0	0	0	0	0	0	0	0	0	0	0	0	0	0	0	0	0	0	0	0	0	0	0	0	0	1	1	0	0	0	0	0	0	0	0	0	0	0	0	0	1	0	0	0	0	0	0	0	0	0	0	0	0	0	0	0	0	0	0	0	0	0	0	0	0	0	0	0	0	0	0	0	0	0	0	0	0	0	0	0	0	0	0	0	0	0	0	0	0	0	0	0	0	0	0	0	0	0	0	0	0	0	0	0	0	0	0	0	0	0	0	0	0	0	0	0	0	0	0	0	0	0	0	0	1	0	0	0	0	0	0	0	0	0	0	0	0	0	0	0	0	0	0	0	0	0	0	0	0	0	0	0	0	0	0	0	0	0	0	0	0	0	0	0	0	0	0	0	0	0	0	0	1	0	0	0	0	0	0	0	0	0	0	0	0	0	0	0	0	0	0	0	0	0	0	0	0	0	0	0	0	0	0	0	0	0	0	0	0	0	0	0	0	0	0	0	0	0	0	0	0	0	0	0	0	0	0	0	0	0	0	0	0	0	0	0	0	0	0	0	0	0	0	0	0	0	0	0	3	0	0	0	0	0	0	0	0	0	0	0	0	0	0	0	0	0	0	0	0	0	0	0	0	0	0	0	0	0	0	0	0	1	0	0	0	0	0	0	0	0	0	0	0	0	0	0	0	0	0	0	0
Root;Bacteria;Proteobacteria;Gammaproteobacteria;Enterobacterales;Pasteurellaceae;Haemophilus_A;unclassified_Haemophilus_A	JF240805.1.1363	0	0	0	0	0	0	0	0	0	0	0	0	0	0	0	0	0	0	0	0	0	0	0	0	0	0	0	0	0	0	0	0	0	0	0	0	0	0	0	0	0	0	0	0	0	0	0	0	0	0	0	0	0	0	1	0	0	0	0	0	0	0	0	0	0	0	0	0	0	0	0	0	0	0	0	0	0	0	0	0	0	0	0	0	0	0	0	2	0	0	0	0	0	0	0	0	0	0	0	0	0	0	0	0	0	0	0	0	0	0	0	0	0	0	0	0	0	0	0	0	0	0	0	0	0	0	0	0	0	0	0	0	0	0	0	0	0	0	0	0	0	0	0	0	0	0	0	0	0	0	0	0	0	0	0	0	0	0	0	0	0	0	0	0	0	0	0	0	0	0	0	0	0	0	0	0	0	0	0	0	0	0	0	0	0	0	0	0	0	0	0	0	0	0	0	0	0	0	0	0	0	0	0	0	0	0	0	0	0	0	0	0	0	0	0	0	0	0	0	0	0	0	0	0	0	0	0	0	0	0	0	0	0	0	0	0	0	0	0	0	0	0	0	0	0	0	0	0	0	0	0	0	0	0	0	0	0	0	0	0	0	0	0	0	0	0	0	0	0	0	0	0	0	0	0	0	0	0	0	0	0	0	0	0	0	0	0	0	0	0	0	0	0	0	0	0	0	0	0	0	0	0	0	0	0	0	0	0	0	0	0	0	0	0	0	0	0	0	0	0	0	0	0	0	0	0	0	0	0	0	0	0	0	0	0	0	0	0	0	0	0	0	0	1	0	0	0	0	0	0	0	0	0	0	0	0	0	0	0	0	0	0	0	0	0	0	0	0	0	0	0	0	0
Root;Bacteria;Actinobacteriota;Actinomycetia;Actinomycetales;Micrococcaceae;Rothia;Rothia_dentocariosa	JQ463168.1.1384	0	0	25	24	4	2	2	0	22	16	0	0	2	4	3	3	5	9	3	1	1	1	0	2	0	0	0	72	114	3	0	16	3	2	7	6	0	5	61	28	14	37	97	21	20	17	152	70	1	65	0	63	10	152	157	140	80	28	26	33	2	4	648	16	5	6	627	3	9	5	74	51	241	42	32	2	1	5	8	0	8	1	2	3	0	0	4	1	1	1	0	0	1	8	8	0	1	9	0	12	0	3	0	5	2	0	6	0	0	0	0	0	7	0	0	0	0	0	9	2	0	369	0	0	14	14	99	3	2	0	186	9	214	2	0	12	37	27	0	0	1	0	9	1	0	0	0	0	0	0	0	0	41	0	0	0	0	0	0	0	0	0	1	9	1	0	0	0	0	46	2	0	0	0	0	0	0	0	18	27	0	0	21	17	0	0	0	0	0	0	2	4	0	0	1	1	0	0	0	11	15	16	13	1	0	0	8	0	7	0	0	0	5	0	2	0	1	6	1	0	3	0	2	0	0	0	1	4	6	0	0	1	1	10	5	0	0	0	0	0	0	0	4	18	20	31	32	1	7	21	155	31	1	0	0	0	0	19	44	11	0	0	6	107	0	0	0	0	0	1	0	0	15	154	1	0	2	0	8	8	3	15	35	0	39	67	1	8	6	17	21	0	0	0	10	5	0	6	1	27	0	0	14	0	0	33	0	135	0	0	0	0	123	0	0	0	0	0	0	2	58	0	37	186	5	0	18	55	0	0	1	0	0	0	9	71	0	0	4	8	32	0	0	44	0	10	0	0	0	0	0	16	0	1	6	8	0	0	0	0	0	11	7	71	4	8	0	0	1	14	7	0	86
Root;Bacteria;Bacteroidota;Bacteroidia;Bacteroidales;Bacteroidaceae;Prevotella;Prevotella_oris	HQ813451.1.1450	0	0	0	0	0	0	0	0	0	0	0	0	0	0	0	0	0	0	0	0	0	0	0	0	0	0	0	0	0	0	0	0	0	0	0	0	0	0	0	0	0	0	0	0	0	0	0	0	0	0	0	0	0	0	0	0	0	0	0	0	0	0	0	0	0	0	0	0	0	0	0	0	0	0	0	0	0	0	0	0	0	0	0	0	0	0	0	0	0	0	0	0	0	0	0	0	0	0	0	0	0	0	0	0	0	0	0	0	0	0	0	0	0	0	0	0	0	0	0	0	0	0	0	0	0	0	0	0	0	0	0	0	0	0	0	0	0	0	0	0	0	0	0	0	0	0	0	0	0	0	0	0	1	0	0	0	0	0	0	0	0	0	0	0	0	0	0	0	0	0	0	0	0	0	0	0	0	0	0	0	0	0	0	0	0	0	0	0	0	0	0	0	0	0	0	0	0	0	0	0	0	0	0	0	0	0	0	0	0	0	0	0	0	0	0	0	0	0	0	0	0	0	0	0	0	0	0	0	0	0	0	0	0	0	0	0	0	0	0	0	0	0	0	0	0	0	0	0	0	0	0	0	0	0	0	0	0	0	0	0	0	0	0	0	0	0	0	0	0	0	0	0	0	1	0	0	0	0	0	0	0	0	0	0	0	0	0	0	0	0	0	0	0	0	0	0	1	0	0	0	0	0	0	0	0	0	0	0	0	0	0	0	0	0	0	0	0	0	0	0	0	0	0	0	0	0	0	0	0	0	0	0	0	0	0	0	0	0	0	0	0	0	0	0	0	0	0	0	0	0	0	0	0	0	0	0	0	0	0	0	0	0	0	0	0	0	0	0	0	0	0	0	0
Root;Bacteria;Firmicutes_C;Negativicutes;Veillonellales;Veillonellaceae;Veillonella;unclassified_Veillonella	AM420280.1.1426	0	0	0	0	0	0	0	0	0	0	0	0	0	0	0	0	0	0	0	0	0	0	0	0	0	0	0	0	0	0	0	0	0	0	0	0	0	0	0	0	0	0	0	0	0	0	0	0	0	0	0	0	0	0	0	0	0	0	0	0	0	0	0	0	0	0	0	0	0	0	0	0	0	0	0	0	0	0	0	0	0	0	0	0	0	0	0	0	0	0	0	0	0	0	0	0	0	0	0	0	0	0	0	0	0	0	0	0	0	0	0	0	0	0	0	0	0	0	0	0	0	0	0	0	0	0	0	0	0	0	0	0	0	0	0	0	0	0	0	0	0	0	0	0	0	0	0	0	0	0	0	0	0	0	0	0	0	0	0	0	0	0	0	0	0	1	0	0	0	0	0	0	0	0	0	0	0	0	0	0	0	0	0	0	0	0	0	0	0	0	0	0	0	1	0	0	0	0	0	0	0	0	0	0	0	0	0	0	0	0	0	0	0	0	0	0	0	1	0	0	0	0	0	0	0	0	0	0	0	0	0	0	0	0	0	0	0	0	0	0	0	0	0	0	0	0	0	0	0	0	0	0	0	0	0	0	0	0	0	0	0	0	0	0	1	0	0	0	0	0	0	0	0	0	0	0	0	0	0	0	0	0	0	0	0	0	0	0	0	0	0	0	0	0	0	0	0	0	0	0	0	0	0	0	0	0	0	0	0	0	0	0	0	0	0	0	0	0	0	0	0	0	0	0	0	0	0	0	0	0	0	0	0	0	0	0	0	0	0	0	0	0	0	0	0	0	0	0	0	0	0	0	0	0	3	0	0	0	0	0	0	0	0	0	0	0	0	0	0	0	0	0	0
Root;Bacteria;Firmicutes;Bacilli;Lactobacillales;Streptococcaceae;Streptococcus;unclassified_Streptococcus	FJ558197.1.1408	0	0	0	0	0	0	1	1	0	0	0	0	0	0	0	0	1	0	0	0	0	0	1	0	0	0	0	0	0	0	0	0	0	0	0	1	0	0	0	0	0	0	0	0	0	0	0	0	0	0	0	0	0	0	0	0	0	0	0	0	0	0	0	0	0	0	0	0	0	0	0	0	0	0	0	0	0	0	0	0	0	0	0	0	0	0	0	0	0	0	0	0	0	0	0	0	0	0	0	0	0	0	0	0	0	0	0	0	0	0	0	0	0	0	0	0	0	0	0	0	0	0	0	0	0	0	0	0	0	0	0	0	0	0	0	0	0	0	0	0	0	0	2	0	0	0	0	0	0	0	0	0	0	0	0	0	0	0	0	0	0	0	0	0	0	0	0	0	0	0	0	0	0	0	0	0	0	0	0	0	0	0	0	0	0	0	0	0	0	0	0	0	0	0	0	0	0	0	0	0	0	0	0	0	0	0	0	0	0	0	0	0	0	0	0	0	0	0	0	0	0	0	0	0	0	0	0	0	0	0	0	0	0	0	0	0	0	0	0	0	0	0	0	0	0	0	0	0	0	0	0	0	0	0	0	0	0	0	0	0	0	0	0	0	0	0	0	0	0	0	0	0	0	0	0	0	2	0	0	0	0	0	0	0	0	0	0	0	0	0	0	0	0	0	0	0	0	0	0	0	0	0	0	0	0	0	0	0	0	1	0	0	1	0	0	0	0	0	0	0	0	0	0	0	0	0	0	0	0	0	0	0	0	0	0	0	0	0	0	0	0	0	0	0	0	1	0	0	0	0	0	0	0	0	0	0	0	0	0	0	0	0	0	0	0	0	0	0	0	0	0	0	0
Root;Bacteria;Bacteroidota;Bacteroidia;Bacteroidales;Porphyromonadaceae;Porphyromonas;unclassified_Porphyromonas	JQ451065.1.1311	0	0	0	0	12	7	0	0	0	0	0	0	7	9	6	14	4	2	0	1	0	0	0	0	5	0	0	0	0	0	0	1	5	0	0	0	25	40	0	1	1	5	0	13	0	10	4	0	2	0	0	2	4	0	1	1	0	81	1	4	36	0	0	0	0	0	0	0	0	0	22	0	0	0	6	0	0	0	0	0	0	21	0	0	0	0	2	0	0	0	0	5	1	0	2	0	0	23	0	2	0	1	0	2	0	2	0	0	0	1	0	0	0	0	94	1	2	0	0	56	0	0	0	0	0	3	7	4	2	0	4	17	2	0	0	0	0	0	0	0	9	0	0	0	0	0	0	0	1	0	0	0	0	0	39	0	0	2	0	0	0	0	0	0	0	0	0	0	0	0	0	0	0	14	0	0	0	0	0	0	0	0	3	3	0	6	4	0	0	0	0	1	0	0	3	11	0	2	0	23	0	0	0	5	1	0	0	0	0	0	1	0	7	38	0	0	0	0	0	0	10	0	0	0	0	0	0	0	0	0	0	5	8	0	0	0	4	0	70	2	1	0	130	0	0	0	0	92	6	2	0	0	2	0	0	0	0	46	0	2	0	0	51	0	0	0	0	0	1	0	0	0	0	0	0	0	0	0	0	1	0	0	0	6	0	0	12	0	2	0	35	21	2	0	0	4	0	0	2	18	0	2	0	0	2	39	0	1	0	1	0	3	0	8	9	0	0	6	0	0	4	0	0	0	20	0	0	0	0	0	6	0	0	0	0	0	0	8	0	0	0	0	0	0	0	0	0	0	0	0	15	0	29	5	19	79	0	0	0	0	27	3	1	2	27	3	59	0	0	0	0	0	36
Root;Bacteria;Bacteroidota;Bacteroidia;Flavobacteriales;Flavobacteriaceae;Capnocytophaga;unclassified_Capnocytophaga	JQ473962.1.1377	0	0	0	0	0	0	0	0	0	0	0	0	3	0	1	2	0	0	0	0	1	0	0	0	1	0	0	0	0	0	0	0	0	0	0	0	0	0	0	0	0	0	0	5	0	0	2	0	0	0	0	2	0	0	0	0	0	5	0	0	1	0	0	0	0	0	0	2	3	3	0	0	0	0	4	1	0	0	0	0	0	1	0	0	0	0	21	0	3	12	0	0	0	0	1	0	0	0	0	0	0	0	0	0	0	0	0	0	0	0	0	1	0	0	1	0	0	0	0	18	0	0	0	0	0	0	4	0	0	0	0	1	0	0	0	0	0	0	0	0	0	0	0	0	0	8	0	0	2	0	0	0	0	0	0	0	0	0	0	0	0	0	0	0	0	0	0	0	1	0	1	0	0	0	0	0	0	0	0	1	2	0	2	0	0	0	4	78	0	0	0	0	0	0	0	1	0	0	0	0	0	0	0	0	0	0	0	22	0	0	0	0	0	0	0	1	0	1	0	0	20	0	0	0	0	0	0	0	1	0	0	0	0	0	0	0	0	0	5	0	0	0	1	1	18	0	0	1	0	0	1	0	0	0	0	0	0	0	0	0	0	0	0	0	0	0	1	0	0	0	0	0	0	0	0	0	0	0	1	0	5	0	0	0	0	0	0	1	0	0	1	0	0	0	0	1	0	0	0	0	0	0	0	0	0	2	0	0	0	0	0	0	0	1	0	0	0	4	3	0	0	0	0	0	2	0	3	0	0	0	0	0	0	0	0	0	0	112	18	0	0	12	0	0	0	0	1	1	0	0	0	0	0	1	0	2	0	0	0	0	1	0	0	0	2	1	0	1	0	0	8	0	0
Root;Bacteria;Fusobacteriota;Fusobacteriia;Fusobacteriales;Leptotrichiaceae;Leptotrichia;Leptotrichia_massiliensis	JQ467436.1.1386	0	0	0	0	0	0	0	0	0	0	0	0	0	0	0	0	0	0	0	0	0	0	0	0	0	0	0	0	0	0	0	0	0	0	0	0	0	0	0	0	0	0	0	0	0	0	0	0	0	0	0	0	0	0	0	0	0	0	0	0	0	0	0	0	0	0	0	0	0	0	0	0	0	0	0	1	0	0	0	0	0	0	0	0	0	0	0	0	0	0	0	0	0	0	0	0	0	0	0	0	0	0	0	0	0	0	0	0	0	0	0	0	0	0	0	0	0	0	0	0	0	0	0	0	0	0	0	0	0	0	0	0	0	0	0	0	0	0	0	0	0	0	0	0	0	0	0	0	0	0	0	0	0	0	0	0	0	0	0	0	0	0	0	0	0	0	0	0	0	0	0	0	0	0	0	0	0	0	0	0	0	0	0	0	0	0	0	0	0	0	0	0	0	0	0	0	0	0	0	0	0	0	0	0	0	0	0	0	0	0	0	0	0	0	0	0	0	0	0	0	0	0	0	0	0	0	0	0	0	0	0	0	0	0	0	0	0	0	0	0	0	0	0	0	0	0	0	0	0	0	0	0	0	0	0	0	0	0	0	0	0	0	0	0	0	0	0	0	0	0	0	0	0	0	0	0	0	0	0	0	0	0	0	0	0	0	0	0	0	0	0	0	0	0	0	0	0	0	0	0	0	0	0	0	0	0	0	0	0	0	0	0	0	0	0	0	0	0	0	0	0	0	0	0	0	0	0	0	0	0	0	0	0	0	0	0	0	0	0	0	0	0	0	0	0	0	0	0	0	0	0	0	0	0	0	0	0	0	0	0	0	0	0	0	0	0	0	0	0	0	0	0	0
Root;Bacteria;Bacteroidota;Bacteroidia;Flavobacteriales;Flavobacteriaceae;Capnocytophaga;unclassified_Capnocytophaga	JQ452534.1.1372	0	0	0	0	0	0	0	0	0	0	0	0	0	0	0	0	0	0	0	0	0	0	0	0	0	0	0	0	0	0	0	0	0	0	0	0	0	0	0	0	0	0	0	0	0	0	0	0	0	0	0	0	0	0	0	0	0	0	0	0	0	0	0	0	0	0	0	0	0	0	0	0	0	0	0	0	0	0	0	0	0	0	0	0	0	0	0	0	0	0	0	0	0	0	1	0	0	0	0	0	0	0	0	0	0	0	0	0	0	0	0	0	0	0	0	0	0	0	0	0	0	0	0	1	0	0	0	0	0	0	0	0	0	0	0	0	0	0	2	0	0	0	0	0	0	0	0	0	0	0	0	0	0	0	0	0	0	0	0	0	0	0	0	0	0	0	0	0	0	0	1	0	0	0	0	0	0	0	0	0	0	0	0	0	0	0	0	0	0	0	0	0	0	0	0	0	0	0	0	0	0	0	0	0	0	0	0	0	0	0	0	0	0	0	2	0	1	0	0	0	0	0	0	0	0	0	0	0	0	0	0	0	0	0	0	0	0	0	0	0	0	0	0	0	0	2	0	0	0	0	0	0	0	0	0	0	0	1	0	0	0	0	0	0	0	0	0	0	0	0	0	0	0	0	0	0	0	0	0	0	0	0	0	0	0	0	0	0	1	0	0	0	0	0	0	0	0	2	0	0	0	0	0	0	0	0	0	0	0	0	0	0	0	0	0	0	0	0	0	0	0	0	0	0	0	0	0	0	0	0	0	0	0	0	0	0	0	0	0	0	0	0	0	0	0	2	0	0	0	0	0	0	0	0	0	1	0	0	0	0	1	0	0	0	0	0	0	0	0	0	0	0	2
Root;Bacteria;Proteobacteria;Gammaproteobacteria;Enterobacterales;Pasteurellaceae;Haemophilus;unclassified_Haemophilus	JQ448690.1.1386	0	0	0	0	0	0	1	0	0	0	0	0	0	0	0	0	0	0	0	0	0	0	0	0	0	0	0	0	0	0	0	0	0	0	0	0	0	0	0	0	0	0	0	0	0	0	0	0	0	0	0	0	0	0	0	0	0	0	0	0	0	0	0	0	0	0	0	0	0	0	0	0	0	0	0	0	0	0	0	0	0	0	0	0	0	0	0	0	0	0	0	0	0	0	0	0	0	0	0	0	0	0	0	0	0	0	0	0	0	0	0	0	0	0	0	0	0	0	0	0	0	0	0	0	0	0	0	0	0	0	0	0	0	0	0	0	0	0	0	0	0	0	0	0	0	0	0	0	0	0	0	0	0	0	0	0	0	0	0	0	0	0	0	0	0	0	0	0	0	0	0	0	0	0	0	0	0	0	0	0	0	0	0	0	0	0	0	0	0	0	0	0	0	0	0	0	0	0	0	0	0	0	0	0	0	0	0	0	0	0	0	0	0	0	0	0	0	0	0	0	0	0	0	0	0	0	0	0	0	0	0	0	0	0	0	0	0	0	0	0	0	0	0	0	0	0	0	0	0	0	0	0	0	0	0	0	0	0	0	0	0	0	0	0	0	0	0	0	0	0	0	0	0	0	0	0	0	0	0	0	0	0	0	0	0	0	0	0	0	0	0	0	0	0	0	0	0	0	0	0	0	0	0	0	0	0	0	0	0	0	0	0	0	0	0	0	0	0	0	0	0	0	0	0	0	0	0	0	0	0	0	0	0	0	0	0	0	0	0	0	0	0	0	0	0	0	0	0	0	0	0	0	0	0	0	0	0	0	0	0	0	0	0	0	0	0	0	0	0	0	0	0	0
Root;Bacteria;Fusobacteriota;Fusobacteriia;Fusobacteriales;Fusobacteriaceae;Fusobacterium;unclassified_Fusobacterium	JQ473836.1.1358	22	42	2	2	26	23	19	19	0	0	31	31	5	8	2	6	1	2	6	8	11	13	10	6	7	4	6	0	0	1	0	8	22	146	6	1	6	5	3	0	3	0	0	2	67	1	3	0	3	216	38	0	8	0	0	0	0	1	0	15	0	0	6	35	2	0	2	1	0	59	0	0	1	11	6	3	1	0	2	1	1	15	0	15	24	33	18	19	2	16	0	1	0	13	5	0	0	7	0	6	1	13	23	24	0	6	11	0	0	5	1	7	5	0	6	0	5	0	8	0	3	464	0	0	40	23	5	0	0	0	55	6	1	1	0	71	55	4	2	0	7	0	0	38	0	0	0	15	51	0	103	2	4	26	1	23	7	42	11	0	4	121	16	26	3	0	1	17	45	4	0	0	468	9	3	13	7	1	122	0	22	8	4	4	0	38	5	0	14	0	0	2	55	0	5	3	0	61	0	0	36	30	3	0	0	50	0	0	2	7	2	2	3	2	7	0	15	19	0	0	6	0	36	0	7	0	14	20	2	77	2	4	3	3	170	0	17	11	5	7	13	0	3	7	4	2	38	4	0	2	0	4	94	5	0	2	3	1	13	231	2	2	42	5	0	25	35	4	4	4	3	112	172	1	3	0	3	2	2	2	5	0	0	2	2	2	42	0	0	4	0	24	11	0	23	16	19	24	53	0	0	3	18	14	136	1	16	0	0	21	5	14	1	12	12	18	7	11	0	7	0	2	7	0	19	0	12	2	28	78	19	0	0	1	0	1	3	2	33	55	6	1	1	0	6	2	0	17	0	7	8	1	328	10	3	7	42	6	8	2	1	19	89	1	8	6	12	6	0	18	14	0	37
Root;Bacteria;Firmicutes_A;Clostridia;Lachnospirales;Lachnospiraceae;Shuttleworthia;Shuttleworthia_satelles	GU432167.1.1241	0	0	0	0	0	0	1	1	1	2	0	0	0	0	0	0	0	0	0	0	0	0	0	0	0	0	0	0	0	0	0	2	8	1	0	0	0	0	0	6	0	0	0	0	0	0	0	0	0	1	0	0	0	0	0	0	0	0	0	0	0	0	0	0	0	0	0	0	0	0	0	0	0	0	0	2	0	0	0	0	3	0	0	0	0	0	0	0	0	0	0	0	0	2	0	0	0	0	0	0	0	1	1	0	0	0	0	0	0	0	0	0	0	0	0	0	0	0	0	0	0	0	0	0	0	0	0	0	0	0	0	0	0	2	0	0	0	0	0	0	10	0	0	0	0	0	0	0	0	0	0	0	0	0	0	0	0	0	0	0	0	1	0	0	0	0	0	0	0	0	0	0	0	0	0	0	0	0	0	0	0	0	0	0	0	0	0	0	0	0	0	0	1	0	0	0	0	0	0	2	0	0	0	0	0	0	0	0	0	0	0	1	0	0	0	0	0	0	1	0	0	0	0	0	0	0	0	0	0	0	1	0	0	0	0	0	0	0	0	0	0	0	0	0	0	0	0	0	0	0	0	0	0	0	0	0	0	0	1	0	0	0	0	0	0	0	0	0	4	0	0	1	0	0	0	0	0	0	0	2	0	0	0	0	0	0	1	0	0	0	0	0	0	0	2	0	0	18	0	0	0	0	0	0	0	0	0	0	0	0	0	0	0	0	0	1	0	3	0	0	0	0	0	0	0	0	0	0	0	0	1	0	0	0	0	0	0	0	0	0	0	0	0	0	0	0	0	0	0	0	0	1	0	0	0	0	0	0	0	0	0	0	0	0	0	0	0	0	0	0	0	0	0
Root;Bacteria;Bacteroidota;Bacteroidia;Flavobacteriales;Flavobacteriaceae;Capnocytophaga;Capnocytophaga_gingivalis	HQ812210.1.1430	13	10	27	45	0	2	0	0	4	5	0	0	0	1	48	67	0	0	0	2	0	0	0	1	10	0	0	0	0	0	0	7	0	1	20	1	0	1	0	69	132	131	5	1	49	8	77	0	115	0	0	5	5	23	0	0	44	5	0	58	18	15	324	165	0	0	1	7	9	1	43	0	0	283	5	6	0	0	0	0	0	6	0	11	13	10	39	0	5	1	0	11	0	0	3	0	0	6	0	0	0	28	10	0	2	2	0	27	0	2	1	1	0	0	0	0	60	0	0	23	0	0	0	0	0	0	3	96	121	0	16	17	29	0	0	0	0	0	11	0	22	0	0	0	0	0	0	0	0	2	27	61	0	0	6	0	0	6	45	10	3	4	0	5	9	0	0	0	0	36	1	0	0	3	0	0	3	0	0	4	9	4	16	21	0	1	0	0	0	0	9	8	0	0	2	1	194	0	0	98	0	0	330	2	0	2	0	28	1	3	0	0	1	0	1	0	14	14	0	0	0	0	0	0	0	0	7	0	0	0	0	128	0	1	151	0	1	0	2	1	0	0	2	14	2	0	29	4	0	33	68	5	2	6	3	1	0	0	10	13	0	0	7	17	0	0	0	0	0	0	4	0	0	0	0	0	0	13	25	0	73	0	229	0	3	65	17	0	120	2	1	1	0	2	0	9	0	20	0	50	0	1	0	0	5	322	4	1	0	20	5	0	10	1	0	1	0	362	46	4	22	2	27	0	7	0	96	0	8	8	14	0	13	9	0	307	0	0	21	2	0	2	0	0	26	95	1	1	0	0	0	5	1	0	1	26	5	0	1	0	126	0	11	61	34	18	0	0	0	14	41	0	211
Root;Bacteria;Firmicutes;Bacilli;Staphylococcales;Gemellaceae;Gemella;Gemella_morbillorum	HQ811040.1.1460	0	0	1	0	0	0	0	0	0	0	0	0	0	0	0	0	0	0	0	1	0	0	0	0	0	0	0	0	0	0	0	0	0	0	0	0	0	1	0	0	0	1	0	2	0	0	0	0	0	0	0	0	0	0	0	0	0	0	0	0	0	0	1	0	0	0	0	0	0	0	0	0	0	0	0	0	0	0	0	0	0	0	0	0	0	0	1	0	0	0	0	0	0	0	0	0	0	0	0	0	0	0	0	0	0	0	0	0	0	0	0	0	0	0	0	0	0	0	0	0	0	1	0	0	0	0	0	0	0	0	0	0	0	0	0	0	1	1	0	0	0	0	0	0	0	0	0	0	0	0	0	1	0	0	0	0	1	0	0	0	0	0	0	0	0	0	0	0	2	0	0	0	0	0	0	0	0	3	0	0	1	0	1	1	1	0	0	0	1	0	0	0	0	0	0	0	1	0	0	1	0	0	0	0	0	0	0	1	0	0	0	0	0	0	0	0	0	0	0	0	0	0	0	0	0	0	0	0	0	0	0	0	0	0	0	0	0	0	0	0	0	0	0	0	0	0	0	0	0	0	0	0	0	0	0	0	0	0	0	0	0	0	0	0	0	0	0	0	0	0	1	0	0	0	0	0	0	0	1	0	0	0	0	0	0	0	1	0	0	0	0	1	0	0	0	0	0	0	0	0	0	0	0	0	19	0	0	0	0	2	0	0	0	1	0	0	0	1	0	0	0	0	0	0	1	0	0	0	0	0	0	0	0	0	0	1	0	0	0	0	0	0	0	0	0	0	0	0	0	0	0	0	1	0	0	0	0	0	0	0	0	0	0	0	0	0	0	0	0	0	0	0	0
Root;Bacteria;Firmicutes;Bacilli;Lactobacillales;Streptococcaceae;Streptococcus;unclassified_Streptococcus	JF053011.1.1364	0	0	0	0	0	0	0	0	0	0	0	0	0	0	0	0	0	0	0	0	0	0	0	0	0	0	0	0	0	0	0	0	0	0	0	0	0	0	0	0	0	0	0	0	0	0	0	0	0	0	0	0	0	0	0	0	0	0	0	0	0	0	0	0	0	0	0	0	0	0	0	0	0	0	0	0	0	0	0	0	0	0	0	0	0	0	0	0	0	0	0	0	0	0	0	0	0	0	0	0	0	0	0	0	0	0	0	0	0	0	0	0	0	0	0	0	0	0	0	0	0	0	0	0	0	0	0	0	0	0	0	0	0	0	0	0	0	0	0	0	0	0	0	0	0	0	0	0	0	0	0	0	0	0	0	0	0	0	0	0	0	0	0	0	0	0	0	0	0	0	0	0	0	0	0	0	0	0	0	0	0	0	0	0	0	0	0	0	0	0	0	0	0	0	0	0	0	0	0	0	0	0	0	0	0	0	0	0	0	0	0	0	0	0	0	0	0	0	1	0	0	0	0	0	0	0	0	0	0	0	0	0	0	0	0	0	0	0	0	0	0	0	0	0	0	0	0	0	0	0	0	0	0	0	0	0	0	0	0	0	0	0	0	0	0	0	0	0	0	0	0	0	0	0	0	0	0	0	0	0	0	0	0	0	0	0	0	0	0	0	0	0	0	0	0	0	0	0	0	0	0	0	0	0	0	0	0	0	0	0	0	0	0	0	0	0	0	0	0	0	0	0	0	0	0	0	0	0	0	0	0	0	0	0	0	0	0	0	0	0	0	0	0	0	0	0	0	0	0	0	0	0	0	0	0	0	0	0	0	0	0	0	0	0	0	0	0	0	0	0	0	0	0
Root;Bacteria;Firmicutes;Bacilli;Lactobacillales;Streptococcaceae;Streptococcus;unclassified_Streptococcus	JF414111.1.1515	0	0	0	0	1	1	4	1	0	0	0	0	0	0	0	4	0	0	0	0	0	0	0	0	0	0	0	0	0	0	0	0	0	0	0	0	1	4	0	0	1	0	0	1	1	0	1	0	0	0	0	0	0	0	1	1	0	7	0	4	4	0	0	2	0	2	10	0	0	0	0	0	4	0	0	0	0	0	0	0	2	0	0	0	1	0	0	0	0	0	0	0	1	1	0	0	0	0	0	0	0	0	0	0	0	0	0	0	0	0	0	1	0	0	1	0	0	0	9	1	0	4	0	0	0	0	0	1	0	0	6	2	1	0	0	0	0	0	0	0	0	0	1	0	0	1	0	0	0	0	0	0	0	0	0	0	0	0	1	0	0	0	0	1	0	0	0	0	0	3	0	0	0	0	0	0	0	0	0	1	0	0	0	0	0	0	0	0	0	0	0	0	0	0	0	0	0	0	0	0	0	0	0	0	0	0	1	0	0	0	0	0	1	0	0	0	0	0	0	0	0	0	0	0	1	0	0	0	0	0	0	0	0	0	0	0	0	0	0	0	0	0	0	0	0	0	2	0	0	0	0	0	0	0	0	3	0	1	1	2	0	0	1	1	0	1	0	0	0	0	0	0	1	3	0	0	0	1	2	3	1	0	0	0	0	0	0	0	0	0	1	0	0	0	0	1	0	0	0	0	0	0	0	0	0	2	0	2	0	0	0	0	2	7	9	1	0	0	0	0	0	0	0	0	2	0	0	0	0	0	0	0	0	0	0	1	0	0	0	0	1	0	0	0	0	1	0	0	0	0	1	0	0	2	0	0	6	0	3	0	2	0	0	10	0	0	0	0	0	1	0	0	0
Root;Bacteria;Bacteroidota;Bacteroidia;Bacteroidales;Bacteroidaceae;Prevotella;Prevotella_pallens	GU561354.1.1398	0	0	0	0	0	0	0	0	0	0	0	0	0	0	0	0	0	0	0	0	0	0	0	0	0	0	0	0	0	0	0	0	0	0	0	0	0	0	0	0	0	0	0	0	0	0	0	0	0	0	0	0	0	0	0	0	0	0	0	0	0	0	0	0	0	0	0	0	0	0	0	0	0	0	0	0	0	0	0	0	0	0	0	0	0	0	0	0	0	0	0	0	0	0	0	0	0	0	0	0	0	0	0	0	0	0	0	0	0	0	0	0	0	0	0	0	0	0	0	0	0	0	0	0	0	0	0	0	0	0	0	0	0	0	0	0	0	0	0	0	0	0	0	0	0	0	0	0	0	0	0	0	0	0	0	0	0	0	0	0	0	0	0	0	0	0	0	0	0	0	0	0	0	0	0	0	0	0	0	0	0	0	0	0	0	0	0	0	0	0	0	0	0	0	0	0	0	0	0	0	0	0	0	0	0	0	0	0	0	0	0	0	0	0	0	0	0	0	0	0	0	0	0	0	0	0	0	0	0	0	0	0	0	0	0	0	0	0	0	0	0	0	0	0	0	0	0	0	0	0	0	0	0	0	0	0	0	0	0	0	0	0	0	0	0	0	0	0	0	0	0	0	0	0	0	0	0	0	0	0	0	0	0	0	0	0	0	0	0	0	0	0	0	0	0	0	0	0	0	0	0	0	0	0	0	0	0	0	0	0	0	0	0	0	0	0	0	0	0	0	0	0	0	0	0	0	0	0	0	0	0	0	0	0	0	0	0	0	0	0	0	0	0	0	0	0	0	0	0	0	0	0	0	0	0	0	0	0	1	0	0	0	0	0	0	0	0	0	0	0	0	0	0
Root;Bacteria;Bacteroidota;Bacteroidia;Bacteroidales;Bacteroidaceae;Prevotella;Prevotella_intermedia	FJ983030.1.1532	0	0	0	0	0	0	0	0	0	0	0	0	0	0	0	0	0	0	0	0	0	0	0	0	0	0	0	0	0	0	0	0	0	0	0	0	0	0	0	0	0	0	0	0	0	0	0	0	0	0	0	0	0	0	0	0	0	0	0	0	0	0	0	0	0	0	0	0	0	0	0	0	0	0	0	0	0	0	0	0	0	0	0	0	0	0	0	0	0	0	0	0	0	0	0	0	0	0	0	0	0	0	0	0	0	0	1	0	0	0	0	0	0	0	0	0	0	0	0	0	0	0	0	0	0	0	0	0	0	0	0	0	0	0	0	0	0	0	0	0	0	0	0	0	0	0	0	0	0	0	0	0	0	0	0	0	0	0	0	0	0	0	0	0	0	0	0	0	0	0	0	0	0	0	0	0	0	0	0	0	0	0	0	0	0	0	0	0	0	0	0	0	0	0	0	0	0	0	0	0	0	0	0	0	0	0	0	0	0	0	0	0	0	0	0	0	0	0	0	0	0	0	0	0	0	0	0	0	0	0	0	0	0	0	0	0	0	0	0	1	0	0	0	0	0	0	0	0	0	0	0	0	0	0	0	0	0	0	0	0	0	0	0	0	0	0	0	0	0	0	0	0	0	0	0	0	0	0	0	0	0	0	0	0	0	0	0	0	0	0	0	0	0	0	0	0	0	0	0	0	0	0	0	0	0	0	0	0	0	0	0	0	0	0	0	0	0	0	0	0	0	0	0	0	0	0	0	0	0	0	0	0	0	0	0	0	0	0	0	0	0	0	0	0	0	0	0	0	0	0	0	0	0	0	0	0	0	0	0	0	0	0	0	0	0	0	0	0	0	0	0	0	0
Root;Bacteria;Firmicutes;Bacilli;Lactobacillales;Streptococcaceae;Streptococcus;unclassified_Streptococcus	KC836559.1.1336	0	0	0	0	0	0	0	0	0	0	0	0	0	0	0	0	0	0	0	0	0	0	0	0	0	0	0	0	0	0	0	0	0	0	0	0	0	0	0	0	0	0	0	0	0	0	0	0	0	0	0	0	0	0	0	0	0	0	0	0	0	0	0	0	0	0	0	0	0	0	0	0	0	0	0	0	0	0	0	0	0	0	0	0	0	0	0	0	0	0	0	0	0	0	0	0	0	0	0	0	0	0	0	0	0	0	0	0	0	0	0	0	0	0	0	0	0	0	0	0	0	0	0	0	0	0	0	0	0	0	0	0	0	0	0	0	0	0	0	0	0	0	0	0	0	0	0	0	0	0	0	0	0	0	0	0	0	0	0	0	0	0	0	0	0	0	0	0	0	0	0	0	0	0	0	0	0	0	0	0	0	0	0	0	0	0	0	0	0	0	0	0	0	0	0	0	0	0	0	0	0	0	0	0	0	0	0	0	0	0	0	0	0	0	0	0	0	0	0	0	0	0	0	0	0	0	0	0	0	0	0	0	0	0	0	0	0	0	0	0	0	0	0	0	0	0	0	0	0	0	0	0	0	0	0	0	0	0	0	0	0	0	0	0	0	0	0	0	0	0	0	0	0	0	0	0	0	0	0	0	0	0	0	0	0	0	0	0	0	0	0	0	0	0	0	0	0	0	0	0	0	0	0	0	0	0	0	0	0	0	0	0	0	0	0	0	0	0	0	0	0	0	0	0	0	0	0	0	0	0	0	0	0	0	0	0	0	0	0	0	0	0	0	0	0	0	0	0	0	0	0	0	0	0	0	0	0	0	0	0	0	0	0	0	0	0	0	0	0	0	0	0	1
Root;Bacteria;Bacteroidota;Bacteroidia;Bacteroidales;Porphyromonadaceae;Porphyromonas;unclassified_Porphyromonas	JQ471907.1.1401	0	0	0	0	0	0	0	0	0	0	0	0	0	0	0	0	0	0	0	0	0	0	0	0	0	0	0	0	0	0	0	0	1	0	0	0	0	0	0	0	0	0	0	0	0	0	0	0	0	0	0	0	0	0	0	0	0	0	0	0	0	0	0	0	0	0	0	0	0	0	0	0	0	0	0	0	0	0	0	0	0	0	0	0	0	0	0	0	0	0	0	0	0	0	0	0	0	0	0	0	0	0	0	0	0	0	0	0	0	0	0	0	0	0	0	0	0	0	0	0	0	0	0	0	0	0	0	0	0	0	0	0	0	0	0	0	0	0	0	0	0	0	0	0	0	0	0	0	0	0	0	0	0	0	0	0	0	0	0	0	0	0	0	0	0	0	0	0	1	0	0	0	0	0	0	0	0	0	0	0	0	0	0	0	0	0	0	0	0	0	0	0	0	0	0	0	0	0	0	0	0	0	0	0	0	0	0	0	0	0	0	0	0	0	0	0	0	0	0	0	0	0	0	0	0	0	0	0	0	0	0	0	0	0	0	0	0	0	0	0	0	0	0	0	2	0	0	0	0	0	0	0	0	0	0	0	0	0	0	0	0	0	0	0	0	0	0	0	0	0	0	0	0	0	0	0	0	0	0	0	0	0	0	0	0	0	0	0	0	0	0	0	0	0	0	0	0	0	0	0	0	0	0	0	0	0	0	0	0	0	0	0	0	0	0	0	0	0	0	0	0	0	0	0	0	0	0	0	0	0	0	0	0	0	0	0	0	0	0	0	0	0	0	0	0	0	0	0	0	0	0	0	0	0	0	0	0	0	0	0	0	0	1	0	0	0	0	0	0	0	0	0	0
Root;Bacteria;Bacteroidota;Bacteroidia;Flavobacteriales;Flavobacteriaceae;Capnocytophaga;Capnocytophaga_sp000192225	JQ476874.1.1383	0	0	0	0	0	0	0	0	0	0	0	0	0	0	0	0	0	0	0	0	0	0	0	0	0	0	0	0	0	0	0	0	0	0	0	0	0	0	0	0	0	0	0	0	0	0	0	0	0	0	0	0	0	0	0	0	0	0	0	0	0	0	0	0	0	0	0	0	0	0	0	0	0	0	0	0	0	0	0	0	0	0	0	0	0	0	0	0	0	0	0	0	0	0	0	0	0	0	0	0	0	0	0	0	0	0	1	0	0	0	0	0	0	0	0	0	0	0	0	0	0	0	0	0	0	0	0	0	0	0	0	0	0	0	0	0	0	0	0	0	0	0	0	0	0	0	0	0	0	0	0	0	0	0	0	0	0	0	0	0	0	0	0	0	0	0	0	0	0	0	0	0	0	0	0	0	0	0	0	0	0	0	0	0	0	0	0	0	0	0	0	0	0	0	0	0	0	0	0	0	0	0	0	0	0	0	0	0	0	0	0	0	0	0	0	0	0	0	0	0	0	0	0	0	0	0	0	0	0	0	0	0	0	0	0	0	0	0	0	0	0	0	0	0	0	0	0	0	0	0	0	0	0	0	0	0	0	0	0	0	0	0	0	0	0	0	0	0	0	0	0	0	0	0	0	0	0	0	0	0	0	0	0	0	0	0	0	0	0	0	0	0	0	0	0	0	0	0	0	0	0	0	0	0	2	0	0	0	0	0	0	0	0	0	0	0	0	0	0	0	0	0	0	0	0	0	0	0	0	0	0	0	0	0	0	0	0	0	0	0	0	0	0	0	0	0	0	0	0	0	0	0	0	0	0	0	0	0	0	0	0	0	0	0	0	0	0	0	0	0	0	0	0
Root;Bacteria;Bacteroidota;Bacteroidia;Bacteroidales;Bacteroidaceae;Bacteroides;unclassified_Bacteroides	JX048471.1.1389	0	0	0	0	0	0	0	0	0	0	0	0	0	0	0	0	0	0	0	0	0	0	0	0	0	0	0	0	0	0	0	0	0	0	0	0	0	0	0	0	0	0	0	0	0	0	0	0	0	0	0	0	0	0	0	0	0	0	0	0	0	0	0	0	0	0	0	0	0	0	0	0	0	0	0	0	0	0	0	0	0	0	0	0	0	0	0	0	0	0	0	0	0	0	0	0	0	0	0	0	0	0	0	0	0	0	0	0	0	0	0	0	0	0	0	0	0	0	0	0	0	0	0	0	0	0	0	0	0	0	0	0	0	0	0	0	0	0	0	0	0	0	0	0	0	0	0	0	0	0	0	0	0	0	0	0	0	0	0	0	0	0	0	0	0	0	0	0	0	0	0	0	0	0	0	0	0	0	0	0	0	0	0	0	0	0	0	0	0	0	0	0	0	0	0	0	0	0	0	0	0	0	0	0	0	0	0	0	0	0	0	0	0	0	0	0	0	0	0	0	0	0	0	0	0	0	0	0	0	0	0	0	0	0	0	0	0	0	0	0	0	0	0	0	0	0	0	0	0	0	0	0	0	0	0	0	0	0	0	0	0	0	0	0	0	0	0	0	0	0	0	0	0	0	0	0	0	0	0	0	0	0	0	0	0	0	0	0	0	0	0	0	0	0	0	0	0	0	0	0	0	0	0	0	0	0	0	0	0	0	0	0	0	1	0	0	0	0	0	0	0	0	0	0	0	0	0	0	0	0	0	0	0	0	0	0	0	0	0	0	0	0	0	0	0	0	0	0	0	0	0	0	0	0	0	0	0	0	0	0	0	0	0	0	0	0	0	0	0	0	0	0	0
Root;Bacteria;Firmicutes_A;Clostridia;Peptostreptococcales;Peptostreptococcaceae;Peptostreptococcus;unclassified_Peptostreptococcus	JQ449434.1.1369	0	0	1	0	0	0	0	0	0	0	0	0	0	0	0	0	0	0	0	0	0	0	0	0	0	0	0	0	0	0	0	0	0	0	0	0	1	0	0	0	0	0	0	0	0	1	0	0	0	0	0	0	0	0	0	0	0	0	0	0	0	0	1	0	0	0	0	0	0	0	0	0	0	0	0	0	0	0	0	0	0	0	0	0	0	0	0	0	0	0	0	0	0	0	0	0	0	0	0	0	0	0	0	0	0	0	1	0	0	0	0	0	0	0	0	0	0	0	1	0	0	0	0	0	2	0	0	0	0	0	0	0	0	0	0	0	0	0	0	0	0	0	0	0	0	0	0	0	0	0	0	0	0	0	0	0	0	0	0	0	0	0	0	1	1	7	0	0	0	0	0	0	0	0	2	0	0	0	0	0	0	0	0	0	0	0	0	1	0	0	0	0	0	0	0	0	0	0	1	0	0	0	0	0	0	0	0	0	0	0	0	0	0	0	0	0	0	0	0	0	0	0	0	0	0	0	0	0	0	0	1	0	0	0	0	0	0	0	0	0	0	0	0	0	0	0	0	0	0	0	0	0	0	0	0	0	0	0	0	0	0	2	0	0	0	0	0	1	1	0	0	1	0	0	0	0	0	0	0	2	0	0	0	1	0	0	0	0	0	0	0	1	0	0	0	0	1	0	0	0	2	1	0	0	4	0	0	0	0	0	0	0	0	2	1	1	0	3	0	0	0	0	0	0	0	0	0	0	0	0	0	0	0	0	0	0	0	0	0	1	0	0	0	0	0	0	0	1	0	0	0	0	8	0	0	0	0	0	0	0	0	0	1	0	0	1	2	0	0	0	0	0	0
Root;Bacteria;Actinobacteriota;Actinomycetia;Actinomycetales;Micrococcaceae;Rothia;Rothia_dentocariosa	JQ452769.1.1357	0	0	1	1	0	0	0	0	1	0	0	0	0	1	0	0	0	0	0	0	0	0	0	0	0	0	0	0	0	0	0	0	0	0	0	0	0	0	0	0	0	0	0	0	0	0	0	0	0	0	0	0	0	0	2	1	0	0	0	0	0	0	8	0	0	0	0	0	0	0	0	0	0	0	0	0	0	0	0	0	0	0	0	0	0	0	0	0	0	0	0	0	0	0	0	0	0	0	0	0	0	0	0	0	0	0	0	0	0	0	0	0	0	0	0	0	0	0	0	0	0	1	0	0	0	0	0	0	0	0	1	0	0	0	0	0	0	0	0	0	0	0	0	0	0	0	0	0	0	0	0	0	0	0	0	0	0	0	0	0	0	0	0	0	0	0	0	0	0	0	0	0	0	0	0	0	0	0	0	0	0	0	0	0	0	0	0	0	0	0	0	0	0	0	0	0	0	0	0	0	0	0	0	0	0	0	0	0	0	0	0	0	0	0	0	0	0	0	0	0	0	0	0	0	0	0	0	0	0	0	0	0	0	0	0	0	0	0	0	0	0	0	0	0	0	0	0	0	0	0	0	0	0	0	0	0	0	0	0	0	0	0	0	0	0	0	0	0	0	0	0	0	0	0	0	0	0	0	0	0	0	0	0	0	0	0	0	0	0	0	0	0	0	0	0	0	0	0	0	0	0	0	0	0	0	0	0	0	0	0	0	0	0	0	0	0	0	0	0	0	0	0	0	0	0	0	0	0	0	0	0	0	0	0	0	0	0	0	0	0	0	0	0	0	0	0	0	0	0	0	0	0	0	0	0	0	0	0	0	0	0	0	0	0	0	0	0	0	0	0	0	0	0
Root;Bacteria;Bacteroidota;Bacteroidia;Bacteroidales;Porphyromonadaceae;Porphyromonas;Porphyromonas_sp018127745	JF151848.1.1357	0	1	0	0	2	2	0	0	0	0	0	0	0	0	0	0	0	0	0	0	0	0	0	0	0	0	0	0	0	0	0	0	0	0	0	0	0	0	0	0	0	0	0	0	0	0	0	0	0	0	0	0	0	0	0	0	0	0	0	0	0	0	0	0	0	0	0	0	0	0	0	0	0	0	0	0	0	0	0	0	0	0	0	0	0	0	0	0	0	0	0	0	0	0	0	0	0	0	0	0	0	0	0	0	0	0	0	0	0	0	0	0	0	0	1	0	0	0	0	0	0	0	0	0	0	0	0	0	0	0	0	0	0	0	0	0	0	0	0	0	0	0	0	0	0	0	0	0	0	0	0	0	0	0	0	0	0	0	0	0	0	0	0	0	0	0	0	0	0	0	0	0	0	1	0	0	0	0	0	0	0	0	0	0	0	0	0	0	0	0	0	0	0	0	0	0	0	0	0	0	0	0	0	0	0	0	0	0	0	0	0	0	0	0	0	0	0	0	0	0	0	0	0	0	0	0	0	1	0	0	0	0	0	0	0	0	0	0	0	0	0	0	0	0	0	0	0	0	0	0	0	0	0	0	0	0	0	0	0	0	0	0	0	0	0	1	0	0	0	0	0	1	0	0	0	0	0	0	0	0	0	0	0	0	0	0	0	0	0	0	0	0	0	0	0	0	0	0	0	0	0	0	0	0	2	0	0	0	0	0	0	0	0	0	0	0	0	0	0	0	0	0	0	0	0	0	0	0	0	0	0	0	0	0	0	0	0	0	0	0	0	0	0	0	0	0	0	0	0	0	0	0	0	0	0	0	0	0	0	0	0	0	1	0	0	0	29	0	0	0	0	0	0
Root;Bacteria;Firmicutes;Bacilli;Lactobacillales;Streptococcaceae;Streptococcus;unclassified_Streptococcus	JQ449939.1.1404	0	0	0	0	1	0	0	0	3	3	0	0	0	0	0	0	4	4	0	0	0	0	1	0	1	0	1	0	2	0	0	0	0	1	0	204	3	5	0	0	11	4	1	0	1	1	6	1	3	0	2	0	1	0	14	11	0	1	0	8	0	0	1	0	0	0	0	2	0	0	0	2	3	0	0	2	0	0	0	0	0	0	2	1	0	0	1	2	0	0	0	0	0	0	0	0	1	4	0	1	0	1	0	10	0	0	0	2	0	0	3	0	0	0	0	0	0	0	1	0	0	2	1	0	1	2	4	1	0	0	0	0	0	1	0	0	1	6	0	0	0	0	2	0	0	0	0	1	0	1	4	0	1	0	0	2	2	0	0	0	0	0	0	0	1	52	0	1	0	0	0	0	2	0	0	0	0	1	0	1	0	0	0	0	0	0	0	0	1	0	0	0	0	0	0	0	0	0	0	0	2	0	0	0	0	0	0	1	0	0	0	0	5	0	0	0	0	1	0	2	0	0	0	0	0	0	0	0	0	0	0	1	0	1	2	0	0	0	0	0	0	0	0	2	0	0	1	0	0	0	0	5	0	0	0	0	0	1	0	12	1	0	0	2	0	0	0	0	0	0	1	0	1	0	0	0	6	7	5	0	3	0	0	0	0	1	0	1	1	0	1	0	0	0	1	0	0	0	0	0	0	1	0	0	5	2	0	5	0	4	1	0	1	0	1	0	0	1	1	1	0	0	0	5	1	0	0	1	0	0	0	0	0	0	0	0	0	0	0	1	4	0	0	5	0	0	0	0	0	0	0	6	0	0	2	0	1	0	1	0	0	0	0	2	0	0	0	0	0	3	0	0	2
Root;Bacteria;Bacteroidota;Bacteroidia;Bacteroidales;Rikenellaceae;Alistipes_A;Alistipes_A_ihumii	AY850515.1.1210	0	0	0	0	0	0	0	0	0	0	0	0	0	0	0	0	0	0	0	0	0	0	0	0	0	0	0	0	0	0	0	0	0	0	0	0	0	0	0	0	0	0	0	0	0	0	0	0	0	0	0	0	0	0	0	0	0	0	0	0	0	0	0	0	0	0	0	0	0	0	0	0	0	0	0	0	0	0	0	0	0	0	0	0	0	0	0	0	0	0	0	0	0	0	0	0	0	0	0	0	0	0	0	0	0	0	0	0	0	0	0	0	0	0	0	0	0	0	0	0	0	0	0	0	0	0	0	0	0	0	0	0	0	0	0	0	0	0	0	0	0	0	0	0	0	0	0	0	0	0	0	0	0	0	0	0	0	0	0	0	0	0	0	0	0	0	0	0	0	0	0	0	0	0	0	0	0	1	0	0	0	0	0	0	0	0	0	0	0	0	0	0	0	0	0	0	0	0	0	0	0	0	0	0	0	0	0	0	0	0	0	0	0	0	0	0	0	0	0	0	0	0	0	0	0	0	0	0	0	0	0	0	0	0	0	0	0	0	0	0	0	0	0	0	0	0	0	0	0	0	0	0	0	0	0	0	0	0	0	0	0	0	0	0	0	0	0	0	0	0	0	0	0	0	0	0	0	0	0	0	0	0	0	0	0	0	0	0	0	0	0	0	0	0	0	0	0	0	0	0	0	0	0	0	0	0	0	0	0	0	0	0	0	0	0	0	0	0	0	0	0	0	0	0	0	0	0	0	0	0	0	0	0	0	0	0	0	0	0	0	0	0	0	0	0	0	0	0	0	0	0	0	0	0	0	0	0	0	0	0	0	0	0	0	0	0	0	0	0	0	0	0	0
Root;Bacteria;Firmicutes_A;Clostridia;Oscillospirales;Ruminococcaceae;Faecalibacterium;unclassified_Faecalibacterium	DQ801449.1.1376	0	0	0	0	0	0	0	0	0	0	0	0	0	0	0	0	0	0	0	0	0	0	0	0	0	0	0	0	0	0	0	0	0	0	0	0	0	0	0	0	0	0	0	0	0	0	0	0	0	0	0	0	0	0	0	0	5	0	0	1	0	0	0	0	0	0	0	0	0	0	0	0	0	0	0	0	0	0	0	0	0	0	0	0	0	0	0	0	0	0	0	0	0	0	0	0	0	0	0	0	0	0	0	0	0	0	0	0	0	0	0	0	0	0	0	0	0	0	0	0	0	0	0	0	0	0	0	0	0	0	0	0	0	0	0	0	0	0	0	0	0	0	0	0	0	0	0	0	0	0	0	0	0	0	0	0	0	0	0	0	0	0	0	0	0	0	0	0	0	0	0	0	0	0	0	0	0	0	0	0	0	0	0	0	0	0	0	0	0	0	0	0	0	0	0	0	0	0	0	0	0	0	0	0	0	0	0	0	0	0	0	0	0	0	0	0	0	0	0	0	0	0	0	0	0	0	0	0	0	0	0	0	0	0	0	0	0	0	0	0	0	0	0	0	0	0	0	0	0	0	0	0	0	0	0	0	0	0	0	0	0	0	0	0	0	0	0	0	0	0	0	0	0	0	0	0	0	0	0	0	0	0	0	0	0	0	0	0	0	0	0	0	0	0	0	0	0	0	0	0	0	0	0	0	0	0	0	0	0	0	0	0	0	0	0	0	0	0	0	0	0	0	0	0	0	0	0	0	0	0	0	0	0	0	0	0	0	0	0	0	0	0	0	0	0	0	0	0	0	0	0	0	0	0	0	0	0	0	0	0	0	0	0	0	0	0	0	0	0	0	0	0	0
Root;Bacteria;Bacteroidota;Bacteroidia;Bacteroidales;Bacteroidaceae;Prevotella;Prevotella_denticola	JQ469968.1.1402	7	4	0	0	1	0	3	9	0	0	0	1	0	0	0	2	0	0	0	0	0	0	0	0	2	0	3	0	0	0	0	0	1	2	0	0	0	2	0	0	0	0	0	0	0	0	0	0	3	0	0	0	2	0	0	1	0	3	0	0	0	0	0	0	1	0	0	0	0	0	0	0	0	1	0	0	0	0	0	0	48	0	0	0	10	7	0	0	0	1	0	0	0	80	0	0	0	21	0	2	0	1	3	0	0	0	5	0	0	0	0	1	1	0	21	0	0	0	4	0	0	64	0	0	9	10	0	0	0	0	0	0	0	49	0	0	0	0	6	0	1	0	6	132	0	31	0	0	0	0	0	0	0	1	0	0	0	0	11	0	0	0	0	2	0	0	0	14	0	14	0	0	6	0	0	1	0	0	0	0	0	0	1	0	0	1	1	0	0	0	0	0	11	3	0	2	0	0	0	0	0	0	0	0	0	0	0	0	0	0	0	0	0	1	0	0	0	0	20	18	1	0	0	0	0	0	11	0	3	0	0	0	13	0	13	0	0	0	0	0	1	0	0	0	5	0	19	0	0	0	0	0	0	0	0	0	0	0	0	0	0	0	0	0	0	2	6	0	1	0	0	4	0	0	0	1	7	0	0	47	1	0	0	0	0	0	0	0	0	0	0	2	1	0	2	3	2	12	4	0	0	0	0	1	3	3	0	0	0	13	2	7	0	1	0	1	1	0	0	0	0	0	5	0	0	0	1	0	0	0	0	0	7	1	0	0	0	0	0	0	0	0	0	0	0	24	0	0	0	8	1	4	0	5	0	0	3	0	0	0	0	0	0	0	0	1	0	0	0	0	1	0	0
Root;Bacteria;Bacteroidota;Bacteroidia;Flavobacteriales;Flavobacteriaceae;Capnocytophaga;Capnocytophaga_gingivalis	JF141751.1.1347	0	0	0	0	0	0	0	0	0	0	0	0	0	0	0	1	0	0	0	0	0	0	0	0	0	0	0	0	0	0	0	0	0	1	0	0	0	1	0	0	0	0	0	1	0	0	0	0	0	0	0	0	0	0	0	0	0	0	0	0	0	1	0	0	0	0	0	0	0	0	0	0	0	0	0	0	1	0	0	0	0	0	0	0	0	0	0	0	0	0	0	0	0	0	0	0	0	0	0	0	0	0	0	0	0	0	0	1	0	0	0	0	0	0	0	0	0	0	0	0	0	0	0	0	0	0	0	0	0	0	0	0	0	0	0	0	0	2	0	0	0	0	0	0	0	0	0	0	0	0	0	0	0	0	0	0	0	0	0	0	0	0	0	0	0	0	0	0	0	10	0	0	0	0	0	0	0	0	0	0	0	0	0	0	0	0	0	0	0	0	0	0	0	0	0	0	0	0	0	0	0	0	0	0	0	0	0	0	0	0	0	0	0	0	0	0	0	0	0	0	1	0	0	0	0	0	0	0	1	0	0	0	0	0	0	0	0	0	0	0	0	0	0	0	0	0	0	0	0	0	0	0	0	1	0	2	0	0	0	0	0	0	0	0	0	0	1	0	0	0	0	0	0	0	0	0	0	0	0	0	0	0	0	0	0	0	0	0	0	0	0	0	0	0	0	0	0	0	0	0	0	0	0	0	6	0	0	1	0	0	0	0	0	1	1	0	0	14	1	0	0	0	0	0	0	0	0	0	0	0	0	0	0	0	0	1	0	0	0	0	18	0	0	0	0	0	1	0	0	0	0	0	0	0	0	0	0	0	34	8	0	0	0	0	0	0	0	0	0	0	0	0	0
Root;Bacteria;Firmicutes_A;Clostridia;Lachnospirales;Lachnospiraceae;Anaerostipes;Anaerostipes_hadrus_A	DQ806156.1.1393	0	0	0	0	0	0	0	0	0	0	0	0	0	0	0	0	0	0	0	0	0	0	0	0	0	0	0	0	0	0	0	0	0	0	0	0	0	0	0	0	0	0	0	0	0	0	0	0	0	0	0	0	0	0	0	0	0	0	0	0	0	0	0	0	0	0	0	0	0	0	0	0	0	0	0	0	0	0	0	0	0	0	0	0	0	0	0	0	0	0	0	0	0	0	0	0	0	0	0	0	0	0	0	0	0	0	0	0	0	0	0	0	0	0	0	0	0	0	0	0	0	0	0	0	0	0	0	0	0	0	0	0	0	0	0	0	0	0	0	0	0	0	0	0	0	0	0	0	0	0	0	0	0	0	0	0	0	0	0	0	0	0	0	0	0	0	0	0	0	0	0	0	0	0	0	0	0	1	0	0	0	0	0	0	0	0	0	0	0	0	0	0	0	0	0	0	0	0	0	0	0	0	0	0	0	0	0	0	0	0	0	0	0	0	0	0	0	0	0	0	0	0	0	0	0	0	0	0	0	0	0	0	0	0	0	0	0	0	0	0	0	0	0	0	0	0	0	0	0	0	0	0	0	0	0	0	0	0	0	0	0	0	0	0	0	0	0	0	0	0	0	0	0	0	0	0	0	0	0	0	0	0	0	0	0	0	0	0	0	0	0	0	0	0	0	0	0	0	0	0	0	0	0	0	0	0	0	0	0	0	0	0	0	0	0	0	0	0	0	0	0	0	0	0	0	0	0	0	0	0	0	0	0	0	0	0	0	0	0	0	0	0	0	0	0	0	0	0	0	0	0	0	0	0	0	0	0	0	0	0	0	0	0	0	0	0	0	0	0	0	0	0	0
Root;Bacteria;Bacteroidota;Bacteroidia;Bacteroidales;Bacteroidaceae;Paraprevotella;Paraprevotella_clara	FM997297.1.1423	16	15	47	75	3	2	1	5	0	3	12	21	22	35	45	55	0	0	44	37	2	1	37	36	1	18	32	0	0	21	0	25	57	6	11	1	7	7	151	12	18	9	70	306	12	78	10	30	53	74	0	1	30	204	4	2	0	84	15	12	50	34	93	33	95	89	0	40	20	21	149	70	1	32	203	17	1	27	1	0	20	265	3	23	71	77	4	2	38	9	0	42	101	7	28	0	19	5	0	1	0	85	29	0	42	56	0	0	0	23	7	68	3	7	32	0	3	0	0	10	0	5	13	13	6	4	25	40	31	0	47	25	64	11	0	13	10	0	90	0	0	0	0	1	35	8	0	5	39	77	15	2	1	3	1	5	0	0	3	15	0	0	2	9	23	4	13	4	33	33	40	0	0	41	0	6	7	0	23	10	32	19	31	32	7	17	9	288	69	0	15	20	5	7	4	8	30	20	3	65	5	4	407	38	0	27	0	32	57	57	1	1	0	81	13	0	35	44	6	10	111	0	5	0	0	0	17	9	16	1	2	15	16	91	50	0	23	19	49	11	0	0	146	481	13	19	113	60	13	145	7	60	36	66	11	3	0	15	4	448	47	17	10	0	0	2	8	8	4	7	60	8	5	0	0	32	0	8	13	4	15	143	0	8	6	117	32	686	157	24	153	28	0	23	0	187	1	3	32	2	0	0	167	1	34	215	120	7	0	72	5	2	0	81	93	3	0	99	14	1	4	57	0	11	43	0	43	10	0	0	41	0	0	0	21	71	3	82	11	52	0	7	42	4	29	106	27	278	37	1	34	0	1	43	11	66	1	0	92	10	48	64	119	1	64	14	8	8	1	31	2	21	0
Root;Bacteria;Firmicutes;Bacilli;Lactobacillales;Streptococcaceae;Streptococcus;Streptococcus_sp000220065	AFQU01000001.1150504.1152003	0	0	0	0	0	0	1	1	0	0	1	1	3	3	1	0	0	1	2	2	0	0	1	1	2	0	10	0	0	0	0	2	0	3	2	0	22	14	16	0	20	17	11	6	1	3	7	0	5	0	2	4	6	0	29	18	0	14	8	1	1	7	22	5	36	36	4	2	0	1	1	3	1	3	6	1	0	32	3	0	0	1	0	0	12	10	1	1	21	1	0	0	0	1	11	0	4	3	2	1	0	5	0	1	2	1	0	0	0	0	1	3	0	0	0	0	4	0	3	5	0	3	0	3	11	7	4	8	8	0	19	16	14	0	0	2	0	2	1	0	0	0	12	16	0	2	0	0	0	1	24	0	2	0	5	2	2	2	0	0	0	1	0	7	0	1	0	0	0	5	1	0	3	1	0	0	0	0	1	3	0	0	6	13	0	0	0	0	0	0	1	0	0	2	10	11	0	0	0	4	1	1	0	2	0	4	0	13	2	4	1	0	1	0	0	0	0	1	0	1	2	0	0	0	0	0	1	2	9	0	0	1	0	0	0	0	0	10	0	1	0	0	0	4	4	2	15	6	0	16	0	1	0	1	0	0	0	2	1	10	4	0	0	0	0	0	0	1	1	0	0	0	15	1	0	0	1	0	1	0	4	0	3	0	10	10	0	0	0	32	6	6	1	0	2	4	2	2	0	0	0	1	1	0	4	28	1	9	0	17	4	0	18	9	8	0	0	3	2	5	3	3	2	2	5	0	1	3	0	1	24	0	0	0	3	1	1	1	0	1	8	0	0	2	0	4	5	0	0	0	0	0	0	3	4	9	9	0	4	1	6	3	0	15	1	0	0	3	0	19	2	0	24
Root;Bacteria;Fusobacteriota;Fusobacteriia;Fusobacteriales;Fusobacteriaceae;Fusobacterium;unclassified_Fusobacterium	HQ757000.1.1418	0	0	0	0	0	0	0	0	0	0	1	0	0	0	0	0	0	0	0	0	0	0	0	0	0	0	0	0	0	0	0	0	0	0	0	0	0	0	0	0	0	0	0	0	0	0	0	0	0	0	0	0	0	0	0	0	0	0	0	0	0	0	0	0	0	0	0	0	0	0	0	0	0	0	0	0	0	0	0	0	0	0	0	0	0	0	0	0	0	0	0	0	0	0	0	0	0	0	0	0	0	0	0	0	0	0	0	0	0	0	0	0	0	0	0	0	0	0	0	0	0	0	0	0	0	0	0	0	0	0	0	0	0	0	0	0	0	0	0	0	0	0	0	0	0	0	0	0	0	0	0	0	0	0	0	0	0	0	0	0	0	0	0	0	0	0	0	0	0	0	0	0	0	0	0	0	0	0	0	0	0	0	0	0	0	0	0	0	0	0	0	0	1	0	0	0	0	0	0	0	0	0	0	0	0	0	0	0	0	1	0	0	0	0	0	0	0	0	0	0	0	0	0	0	0	0	0	0	0	0	0	0	0	0	0	0	0	0	0	0	0	0	0	0	0	0	0	0	0	0	0	0	0	0	0	0	0	0	0	0	0	0	0	0	0	0	0	0	0	0	0	0	0	0	0	0	0	0	0	0	0	0	0	0	0	0	0	0	0	0	0	0	0	0	0	0	0	0	0	0	0	0	0	0	0	0	0	0	0	0	0	0	0	0	0	0	0	0	0	0	0	0	0	0	0	0	0	0	0	0	0	0	0	0	0	0	0	0	0	0	0	0	1	0	0	0	0	0	0	0	0	0	0	0	0	0	0	0	0	0	0	0	0	0	0	0	0	0	0	0	0	0	0
Root;Bacteria;Bacteroidota;Bacteroidia;Flavobacteriales;Flavobacteriaceae;Capnocytophaga;Capnocytophaga_sputigena	GU561337.1.1377	0	0	19	20	0	0	0	0	2	1	2	4	3	5	0	3	0	1	0	1	2	2	0	0	1	2	8	0	0	15	0	1	1	0	0	0	0	3	0	4	12	14	0	12	0	14	22	0	13	0	0	0	5	9	2	1	0	6	1	0	0	3	29	0	12	18	5	5	2	1	11	3	1	23	5	0	7	6	0	0	1	1	10	7	2	4	9	2	3	5	0	4	7	1	3	0	0	16	0	2	0	0	0	3	2	6	0	4	0	41	0	1	1	18	7	0	2	0	1	2	0	0	3	2	0	0	4	20	28	0	16	1	2	5	0	3	19	0	2	0	0	0	0	22	2	15	0	5	0	20	9	2	4	5	0	1	1	1	0	0	0	3	9	7	15	1	2	0	5	84	0	0	3	1	0	25	3	0	5	0	2	1	0	0	0	1	0	0	0	0	2	2	0	0	6	4	10	0	0	6	0	0	6	8	0	1	0	2	7	24	1	0	0	0	2	0	2	2	6	9	12	0	7	0	1	0	0	3	5	0	0	9	2	19	6	0	2	0	0	1	3	0	9	0	0	0	13	8	4	6	9	3	0	26	0	23	0	21	0	1	8	6	0	6	0	2	1	0	0	1	10	0	3	3	0	35	1	1	1	7	0	6	49	0	0	1	0	6	2	58	6	8	0	15	0	8	0	1	2	0	4	4	16	0	0	0	0	1	0	49	6	0	4	12	16	0	0	5	0	2	4	15	0	8	9	0	3	3	3	3	9	0	4	0	18	5	0	125	1	7	15	1	0	11	9	2	7	39	5	0	0	0	6	3	1	6	4	2	11	4	0	3	11	12	11	1	3	0	0	1	1	0	0
Root;Bacteria;Firmicutes;Bacilli;Staphylococcales;Gemellaceae;Gemella;unclassified_Gemella	JQ450016.1.1358	0	0	0	0	0	0	0	0	0	0	0	0	0	0	0	0	0	1	0	0	0	0	0	0	0	0	0	0	0	0	0	0	0	0	0	0	0	0	0	0	0	0	0	0	0	0	0	0	0	0	0	0	0	0	0	2	0	0	0	0	0	0	0	0	0	0	0	0	0	0	0	0	0	0	0	0	0	0	0	0	0	0	0	0	0	0	0	0	0	0	0	0	0	0	0	0	0	0	0	0	0	0	0	0	0	0	0	0	0	0	0	0	0	0	0	0	0	0	0	0	0	0	0	0	0	1	0	0	0	0	0	0	0	0	0	0	0	0	0	0	0	0	0	0	0	0	0	0	0	0	0	0	0	0	0	0	0	0	0	0	0	0	0	0	0	0	0	0	0	0	0	0	0	0	0	0	0	0	0	0	0	0	0	0	0	0	0	0	0	0	0	0	0	0	0	0	0	0	0	0	0	0	0	0	0	0	0	0	0	0	0	0	0	0	0	0	0	0	0	0	0	0	0	0	0	0	0	0	0	0	0	0	0	0	0	0	0	0	0	0	0	0	0	0	0	0	0	0	0	0	0	0	0	0	0	1	0	0	0	1	0	0	0	0	0	0	0	0	0	0	0	0	0	0	0	0	0	0	0	0	0	0	0	0	0	0	0	0	0	0	0	0	0	0	0	0	0	0	0	0	0	0	0	0	0	0	0	1	0	0	0	0	0	0	0	0	0	0	0	0	0	0	0	1	0	0	0	0	0	0	0	0	0	1	0	0	0	0	0	0	0	0	0	0	0	0	0	0	0	0	0	0	0	0	0	0	0	0	0	0	0	0	0	0	0	0	0	0	0	0	0	0	0
Root;Bacteria;Firmicutes;Bacilli;Lactobacillales;Streptococcaceae;Streptococcus;unclassified_Streptococcus	JQ449849.1.1412	0	0	0	0	0	0	0	0	0	0	0	0	0	0	0	0	0	0	0	1	0	0	0	0	0	0	0	0	0	0	0	0	0	0	0	0	0	0	0	0	0	0	0	0	0	0	0	0	0	0	0	0	0	0	1	0	0	0	0	0	0	0	0	0	0	0	0	0	0	0	0	0	0	0	0	0	0	0	0	0	0	0	0	0	0	0	0	0	0	0	0	0	0	0	0	0	0	0	0	0	0	0	0	0	0	0	0	0	0	0	0	0	0	0	0	0	0	0	0	0	0	0	0	0	0	0	0	0	0	0	0	0	0	0	0	0	0	0	0	0	0	0	0	0	0	0	0	0	0	0	0	0	0	0	0	0	0	0	0	0	0	0	0	0	0	0	0	0	0	0	0	0	0	0	0	0	0	0	0	0	0	0	0	1	0	0	0	0	0	0	0	0	0	0	0	0	0	0	0	0	0	0	0	0	0	0	0	0	0	0	0	0	0	0	0	0	0	0	0	0	0	0	0	0	0	0	0	0	0	0	0	0	0	0	0	0	0	0	0	0	0	0	0	0	0	0	0	0	0	0	0	0	0	0	0	0	0	0	0	0	0	0	0	0	0	0	0	0	0	0	0	0	0	0	0	0	0	0	0	0	0	0	0	0	0	0	0	0	0	0	0	0	0	0	0	0	0	0	0	0	0	0	0	0	0	0	0	1	0	0	0	0	0	0	0	0	0	0	0	0	0	0	1	0	0	0	0	0	0	0	0	0	0	0	0	0	0	0	0	0	0	0	0	0	0	0	0	0	0	0	0	0	0	0	0	0	0	0	0	0	0	0	0	0	0	0	0	0	0	0	0	0	0
Root;Bacteria;Firmicutes_C;Negativicutes;Veillonellales;Veillonellaceae;Veillonella;unclassified_Veillonella	JQ466033.1.1349	0	0	0	0	0	0	0	0	0	0	0	0	0	0	0	0	0	0	0	0	0	0	0	0	0	0	0	0	0	0	0	0	0	0	0	0	0	0	0	0	0	0	0	0	0	0	0	0	0	0	0	0	0	0	0	0	0	0	0	0	0	0	0	0	0	0	0	0	0	0	0	0	0	0	0	0	0	0	0	0	0	0	0	0	0	0	0	0	0	0	0	0	0	0	0	0	0	0	0	0	0	0	0	0	0	0	0	0	0	0	0	0	0	0	0	0	0	0	0	0	0	0	0	0	0	0	0	0	0	0	0	0	0	0	0	0	0	0	0	0	0	0	0	0	0	0	0	0	0	0	0	0	0	0	0	0	0	0	0	0	0	0	0	0	0	0	0	0	0	1	0	0	0	0	0	0	0	0	0	0	0	0	0	0	0	0	0	0	0	0	0	0	0	0	0	0	0	0	0	0	0	0	0	0	0	0	0	0	0	0	0	0	0	0	0	0	0	0	0	0	0	0	0	0	0	0	0	0	0	0	0	0	0	0	0	0	0	0	0	0	0	0	0	0	0	0	0	0	2	0	0	0	0	0	0	0	0	0	0	0	0	0	0	0	0	0	0	0	1	0	0	0	0	0	0	0	0	0	0	0	0	0	1	0	0	0	0	0	0	0	0	1	0	0	0	0	0	0	0	0	0	0	0	0	0	0	0	0	0	1	0	0	0	0	1	0	0	0	0	0	0	0	0	0	0	0	0	0	0	0	0	0	0	0	0	0	0	0	0	0	1	0	0	1	0	0	0	0	0	0	0	0	0	0	0	0	0	0	0	0	0	0	0	0	0	0	0	0	0	0	0	0	0
Root;Bacteria;Firmicutes;Bacilli;Lactobacillales;Streptococcaceae;Streptococcus;Streptococcus_mutans	FJ773363.1.1428	0	0	0	0	0	0	0	0	0	0	0	0	0	0	0	0	0	0	0	0	0	0	0	0	1	0	0	0	0	0	0	0	0	0	0	0	0	0	0	0	0	0	0	3	0	0	0	0	0	0	0	0	0	0	0	0	0	0	0	0	0	0	0	0	0	0	0	0	0	0	0	0	0	0	0	0	0	0	0	0	0	0	0	0	0	1	0	0	0	4	0	0	0	0	0	0	0	0	0	0	0	0	0	0	0	0	0	0	0	0	0	0	0	0	0	0	0	0	0	0	0	0	0	0	0	0	0	0	0	0	0	0	0	0	0	0	0	0	0	0	0	0	0	0	0	0	0	0	0	0	0	0	0	0	0	0	0	0	0	0	0	0	0	0	0	0	0	0	0	8	0	0	0	0	0	0	0	0	0	3	0	0	0	0	0	0	0	0	0	0	0	0	0	0	0	0	0	0	0	0	0	0	0	0	0	0	0	0	0	0	0	0	0	0	0	0	1	2	0	0	0	0	0	0	0	0	0	0	0	0	0	4	0	0	0	0	0	0	0	0	0	0	0	0	0	2	3	0	0	0	0	0	0	0	0	0	0	0	0	0	0	0	0	0	0	0	0	0	0	0	0	0	0	0	0	0	0	0	0	0	7	0	0	0	0	0	0	0	0	0	0	0	0	0	0	0	0	0	0	0	0	0	0	0	0	6	0	2	0	0	0	0	15	0	0	0	0	0	0	0	0	0	0	2	1	0	2	0	0	0	0	0	0	0	0	0	0	0	0	0	22	0	0	4	0	0	0	0	0	0	0	0	1	0	0	0	0	0	0	0	0	0	0	0	0	0	0	0	0	3	1	0	11
Root;Bacteria;Firmicutes_A;Clostridia;Lachnospirales;Lachnospiraceae;Coprococcus;unclassified_Coprococcus	EU768043.1.1334	0	0	0	0	0	0	0	0	0	0	0	0	0	0	0	0	0	0	0	0	0	0	0	0	0	0	0	0	0	0	0	0	0	0	0	0	0	0	0	0	0	0	0	0	0	0	0	0	0	0	0	0	0	0	0	0	0	0	0	0	0	0	0	0	0	0	0	0	0	0	0	0	0	0	0	0	0	0	0	0	0	0	0	0	0	0	0	0	0	0	0	0	0	0	0	0	0	0	0	0	0	0	0	0	0	0	0	0	0	0	0	0	0	0	0	0	0	0	0	0	0	0	0	0	0	0	0	0	0	0	0	0	0	0	0	0	0	0	0	0	0	0	0	0	0	0	0	0	0	0	0	0	0	0	0	0	0	0	0	0	0	0	0	0	0	0	0	0	0	0	0	0	0	0	0	0	0	0	0	0	0	0	0	0	0	0	0	0	0	0	0	0	0	0	0	0	0	0	0	0	0	0	0	0	0	0	0	0	0	0	0	0	0	0	0	0	0	0	0	0	0	0	0	0	0	0	0	0	0	0	0	0	0	0	0	0	0	0	0	0	0	0	0	0	0	0	0	0	0	0	0	1	0	0	0	0	0	0	0	0	0	0	0	0	0	0	0	0	0	0	0	0	0	0	0	0	0	0	0	0	0	0	0	0	0	0	0	0	0	0	0	0	0	0	0	0	0	0	0	0	0	0	0	0	0	0	0	0	0	0	0	0	0	0	0	0	0	0	0	0	0	0	0	0	0	0	0	0	0	0	0	0	0	0	0	0	0	0	0	0	0	0	0	0	0	0	0	0	0	0	0	0	0	0	0	0	0	0	0	0	0	0	0	0	1	0	0	0	0	0	0	0	0
Root;Bacteria;Spirochaetota;Spirochaetia;Treponematales;Treponemataceae;Treponema;Treponema_phagedenis	GQ423480.1.1469	0	0	0	0	0	0	0	0	0	0	0	0	0	0	0	0	0	0	0	0	0	0	0	0	0	0	0	0	0	0	0	0	0	0	0	0	0	0	0	0	0	0	0	0	0	0	0	0	0	0	0	0	0	0	0	0	0	0	0	1	0	0	0	0	0	0	0	0	0	0	0	0	0	0	0	0	0	0	0	0	0	0	0	0	0	0	0	0	0	0	0	0	0	0	0	0	0	0	0	0	0	0	0	0	0	0	0	0	0	0	0	0	0	0	0	0	0	0	0	0	0	0	0	0	0	0	0	0	0	0	0	0	0	0	0	0	0	0	0	0	0	0	0	0	0	0	0	0	0	0	0	0	0	0	0	0	0	0	0	0	0	0	0	0	0	0	0	0	1	0	0	0	0	0	0	0	0	0	0	0	0	0	0	0	0	0	0	0	0	0	0	0	0	0	0	0	0	0	1	0	0	0	0	0	0	0	0	0	0	0	0	0	0	0	0	0	0	0	0	0	0	0	0	0	0	0	0	0	0	0	0	0	0	0	0	0	0	0	0	0	0	0	0	0	2	0	0	0	0	0	0	0	0	0	0	0	0	0	0	0	0	0	0	0	0	0	0	0	0	0	0	0	0	0	0	0	0	0	0	0	0	0	0	0	0	0	1	0	0	0	0	1	0	0	0	0	0	0	0	0	0	0	0	0	0	0	0	0	0	0	0	0	0	0	0	0	0	0	0	0	0	0	0	0	0	0	0	0	0	0	0	0	0	0	0	0	0	0	0	0	0	0	0	0	0	0	0	0	0	0	0	0	0	0	0	0	0	0	0	0	0	0	0	0	0	0	0	0	0	0	0	0	0
Root;Bacteria;Firmicutes;Bacilli;Lactobacillales;Lactobacillaceae;Lactobacillus;Lactobacillus_iners	AY959084.1.1539	0	0	0	0	0	0	0	0	0	0	0	0	0	0	0	0	0	0	0	0	0	0	0	0	0	0	0	0	0	0	0	0	0	0	0	0	0	0	0	0	0	0	0	0	0	0	0	0	0	0	0	0	1	0	0	0	0	0	0	0	0	0	0	0	0	0	0	0	0	0	0	0	0	0	0	0	0	0	0	0	0	0	0	0	0	0	0	0	0	0	0	0	0	0	0	0	0	0	0	0	0	0	0	0	0	0	0	0	0	0	0	0	0	0	0	0	0	0	0	0	0	0	0	0	0	0	0	0	0	0	0	0	0	0	0	0	0	0	0	0	0	0	0	0	0	0	0	0	0	0	0	0	0	0	0	0	0	0	0	0	0	0	0	0	0	0	0	0	0	0	0	0	0	0	0	0	0	0	0	0	0	0	0	0	0	0	0	0	0	0	0	0	0	0	0	0	0	0	0	0	0	0	0	0	0	0	0	0	0	0	0	0	0	0	0	0	0	0	0	0	0	0	0	0	0	0	0	0	0	0	0	0	0	0	0	0	0	0	0	0	0	0	0	0	0	0	0	0	0	0	0	0	0	0	0	0	0	0	0	0	0	0	0	0	0	0	0	0	0	0	0	0	0	0	0	0	0	0	0	0	0	0	0	0	0	0	0	0	0	0	0	0	0	0	0	0	0	0	0	0	0	0	0	0	0	0	0	0	0	0	0	0	0	0	0	0	0	0	0	0	0	0	0	0	0	0	0	0	0	0	0	0	0	0	0	0	0	0	0	0	0	0	0	0	0	0	0	0	0	0	0	0	0	0	0	0	0	0	0	0	0	0	0	0	0	0	0	0	0	0	0	0	0
Root;Bacteria;Firmicutes_A;Clostridia;Lachnospirales;Lachnospiraceae;Oribacterium;Oribacterium_sp000160135	JQ466006.1.1384	0	0	0	0	0	0	0	0	0	0	0	0	0	0	0	0	0	0	0	0	0	0	0	0	0	0	0	0	0	0	0	0	0	0	0	0	0	0	0	0	0	0	0	0	0	0	0	0	0	0	0	0	0	0	0	0	0	0	0	0	0	0	0	0	0	0	0	0	0	0	0	0	0	0	0	0	0	0	0	0	0	0	0	0	0	0	0	0	0	0	0	0	0	0	0	0	0	0	0	0	0	0	0	0	0	0	0	0	0	0	0	0	0	0	0	0	0	0	0	0	0	0	0	0	0	0	0	0	0	0	0	0	0	0	0	0	0	0	0	0	0	0	0	0	0	0	0	0	0	0	0	0	0	0	0	0	0	0	0	0	0	0	0	0	0	0	0	0	0	0	0	0	0	0	0	0	0	0	0	0	0	0	0	0	0	0	0	0	0	0	0	0	0	0	0	0	0	0	0	0	0	0	0	0	0	0	0	0	0	0	0	2	0	0	0	0	0	0	0	0	0	0	0	0	0	0	0	0	0	0	1	0	0	0	0	0	0	0	0	0	0	0	0	0	0	0	1	0	0	0	0	0	0	0	0	0	0	0	0	0	0	0	0	0	0	0	0	0	0	0	0	0	0	0	0	0	0	0	0	0	0	0	0	0	0	0	0	0	0	0	0	0	0	0	0	0	0	0	0	1	0	0	0	0	0	0	0	0	0	0	0	0	0	0	0	0	0	0	0	0	0	0	0	0	0	0	0	0	0	0	0	0	0	0	0	0	0	0	0	0	0	0	0	0	0	0	0	0	0	0	0	0	0	0	0	0	0	0	0	0	0	0	0	0	0	0	0	0	0	0	0	0	0
Root;Bacteria;Bacteroidota;Bacteroidia;Bacteroidales;Porphyromonadaceae;Porphyromonas;Porphyromonas_sp018127745	JQ469590.1.1396	6	10	0	0	51	51	0	0	0	0	0	0	11	17	16	34	0	1	12	18	0	0	0	0	20	0	0	0	1	0	0	31	21	4	0	0	3	1	24	0	13	5	0	12	0	2	5	0	118	0	0	9	12	0	1	2	0	61	0	6	74	31	24	0	0	0	0	2	0	13	1	0	0	0	9	0	0	8	0	0	0	1	0	0	101	121	64	0	1	4	0	1	36	0	2	0	0	2	0	0	0	3	7	1	0	17	0	1	0	7	2	11	0	2	28	0	0	0	2	134	0	2	4	4	7	7	1	3	8	0	1	19	2	1	0	36	84	23	0	0	1	0	0	0	13	1	0	36	6	1	1	0	0	0	1	1	0	4	0	0	0	0	0	0	0	0	0	0	23	0	33	5	0	24	0	0	2	0	1	0	0	0	2	2	0	81	46	0	10	0	2	1	0	0	44	50	0	1	7	5	2	1	0	1	0	0	0	0	0	0	119	0	1	65	0	0	23	26	0	0	8	0	3	0	0	0	0	1	0	0	0	21	12	1	0	0	0	0	109	0	18	0	14	4	187	0	4	40	39	5	0	0	0	0	0	0	0	59	0	1	0	4	8	0	0	13	40	0	1	1	0	2	0	0	20	23	0	22	38	1	8	1	0	13	0	2	8	0	0	0	5	1	0	0	1	6	0	0	1	30	1	2	0	0	149	61	0	0	0	110	9	9	0	2	2	1	0	85	8	3	6	4	0	0	52	0	16	22	0	0	5	0	0	0	0	1	0	1	0	0	0	0	0	0	0	0	0	0	0	0	15	0	10	21	0	57	10	0	1	0	10	0	140	5	85	118	67	2	0	6	3	0	1
Root;Bacteria;Firmicutes_A;Clostridia;Oscillospirales;Ruminococcaceae;Ruminococcus_D;Ruminococcus_D_bicirculans	EF402032.1.1475	0	0	0	0	0	0	0	0	0	0	0	0	0	0	0	0	0	0	0	0	0	0	0	0	0	0	0	0	0	0	0	0	0	0	0	0	0	0	0	0	0	0	0	0	0	0	0	0	0	0	0	0	0	0	0	0	0	0	0	0	0	0	0	0	0	0	0	0	0	0	0	0	0	0	0	0	0	0	0	0	0	0	0	0	0	0	0	0	0	0	0	0	0	0	0	0	0	0	0	0	0	0	0	0	0	0	0	0	0	0	0	0	0	0	0	0	0	0	0	0	0	0	0	0	0	0	0	0	0	0	0	0	0	0	0	0	0	0	0	0	0	0	0	0	0	0	0	0	0	0	0	0	0	1	0	0	0	0	0	0	0	0	0	0	0	0	0	0	0	0	0	0	0	0	0	0	0	7	0	0	0	0	0	0	0	0	0	0	0	0	0	0	0	0	0	0	0	0	0	0	0	0	0	0	0	0	0	0	0	0	0	0	0	0	0	0	0	0	0	0	0	0	0	0	0	0	0	0	0	0	0	0	0	0	0	0	0	0	0	0	0	0	0	0	0	0	0	0	0	0	0	0	0	0	0	0	0	0	0	0	0	0	0	0	0	0	0	0	0	0	0	0	0	0	0	0	0	0	0	0	0	0	0	0	0	0	0	0	0	0	0	0	0	0	0	0	0	0	0	0	0	0	0	0	0	0	0	0	0	0	0	0	0	0	0	0	0	0	0	0	0	0	0	0	0	0	0	0	0	0	0	0	0	0	0	0	0	0	0	0	0	0	0	0	1	0	0	0	0	0	0	0	0	0	0	0	0	0	0	0	0	0	0	0	0	0	0	0	0	0	0	0	0
Root;Bacteria;Firmicutes_C;Negativicutes;Veillonellales;Veillonellaceae;Veillonella;unclassified_Veillonella	JQ466233.1.1394	5	6	2	1	9	8	18	18	2	4	5	8	7	10	19	8	0	1	0	0	3	5	15	7	25	6	7	0	0	0	0	4	4	53	6	6	0	0	6	10	92	60	1	1	0	8	7	0	100	3	422	19	1	2	72	50	28	26	1	4	35	72	3	62	78	69	0	15	3	2	29	35	43	13	1	11	18	21	8	0	25	35	27	5	5	5	5	19	1	61	0	8	2	135	20	0	24	35	0	18	0	12	0	9	9	3	18	3	0	3	23	18	8	104	17	0	4	0	19	14	0	399	33	34	7	14	41	150	176	0	56	8	0	34	0	13	12	0	61	0	3	0	244	26	1	23	0	0	4	4	0	5	21	2	3	1	55	3	58	0	2	1	10	1	0	9	7	0	7	123	36	0	1	52	0	2	2	24	2	52	4	4	18	18	37	0	0	0	0	0	46	79	0	1	6	8	34	0	0	6	41	46	7	14	0	6	128	6	1	2	80	17	3	2	2	0	2	9	39	46	43	0	165	0	61	0	8	1	24	0	2	214	13	48	15	0	3	29	0	5	2	0	1	7	3	286	23	3	168	19	2	9	4	11	7	46	0	45	38	4	9	21	58	46	0	0	4	0	0	2	0	2	0	2	0	0	1037	14	8	162	108	168	35	5	42	40	78	45	216	0	17	15	1	1	9	0	5	22	3	14	1	0	5	1	39	126	11	404	0	1	0	10	6	8	9	1	2	16	1	3	148	2	7	78	109	0	3	0	0	0	16	0	73	147	41	17	2	67	10	55	49	0	9	169	0	50	3	0	0	15	0	24	0	22	11	19	8	0	494	101	20	1	105	1820	18	58	3	1	0	40	97	0	236
Root;Bacteria;Firmicutes_A;Clostridia;Lachnospirales;Lachnospiraceae;Dorea_A;Dorea_A_longicatena	AY975239.1.1353	0	0	0	0	0	0	0	0	0	0	0	0	0	0	0	0	0	0	0	0	0	0	0	0	0	0	0	0	0	0	0	0	0	0	0	0	0	0	0	0	0	0	0	0	0	0	0	0	0	0	0	0	0	0	0	0	0	0	0	0	0	0	0	0	0	0	0	0	0	0	0	0	0	0	0	0	0	0	0	0	0	0	0	0	0	0	0	0	0	0	0	0	0	0	0	0	0	0	0	0	0	0	0	0	0	0	0	0	0	0	0	0	0	0	0	0	0	0	0	0	0	0	0	0	0	0	0	0	0	0	0	0	0	0	0	0	0	0	0	0	0	0	0	0	0	0	0	0	0	0	0	0	0	0	0	0	0	0	0	0	0	0	0	0	0	0	0	0	0	0	0	0	0	0	0	0	0	0	0	0	0	0	0	0	0	0	0	0	0	0	0	0	0	0	0	0	0	0	0	0	0	0	0	0	0	0	0	0	0	0	0	0	0	0	0	0	0	0	0	0	0	0	0	0	0	0	0	0	0	0	0	0	0	0	0	0	0	0	0	0	0	0	0	0	0	0	0	0	0	0	0	0	0	0	0	0	0	0	0	0	0	0	0	0	0	0	0	0	0	0	0	0	0	0	0	0	0	0	0	0	0	0	0	0	0	0	0	0	0	0	0	0	0	0	0	0	0	0	0	0	0	0	0	0	0	0	0	0	0	0	0	0	0	0	0	0	0	0	0	0	0	0	0	0	0	0	0	0	0	0	0	0	0	0	0	0	0	0	0	0	0	0	0	0	1	0	0	0	0	0	0	0	0	0	0	0	0	0	0	0	0	0	0	0	0	0	0	0	0	0	0	0	0
Root;Bacteria;Firmicutes;Bacilli;Lactobacillales;Lactobacillaceae;Lactobacillus;unclassified_Lactobacillus	EF096151.1.1341	0	0	0	0	0	0	0	0	0	0	0	0	0	0	0	0	0	0	0	0	0	0	0	0	0	0	0	0	0	0	0	0	0	0	0	0	0	0	0	0	0	0	0	0	0	0	0	0	0	0	0	0	0	0	0	0	0	0	0	0	0	0	0	0	0	0	0	0	0	0	0	0	0	0	0	0	0	0	0	0	0	0	0	0	0	0	0	0	0	0	0	0	0	0	0	0	0	0	0	0	0	0	0	0	0	0	0	0	0	0	0	0	0	0	0	0	0	0	0	0	0	0	0	0	0	0	0	0	0	0	0	0	0	0	0	0	0	0	0	0	0	0	0	9	0	0	0	0	0	0	0	0	0	0	0	0	0	0	0	0	0	0	0	0	0	0	0	0	0	0	0	0	0	0	0	0	0	0	0	0	0	0	0	0	0	0	0	0	0	0	0	0	0	0	0	0	0	0	0	0	1	3	0	0	0	0	0	0	0	0	0	0	0	0	0	0	0	0	0	0	0	0	0	0	0	0	0	0	0	0	0	0	0	0	0	0	0	0	0	0	0	0	0	0	0	1	0	0	0	0	0	0	0	0	0	0	0	0	0	0	0	0	0	0	0	0	0	0	0	0	0	0	0	0	0	0	0	0	0	0	0	0	0	0	0	0	0	0	0	0	0	0	0	0	0	0	0	0	0	374	0	0	0	0	0	0	0	0	0	0	0	0	0	0	0	0	0	0	0	0	0	0	0	0	0	0	0	0	0	0	0	0	0	0	1	0	0	0	0	0	0	0	0	0	0	0	0	0	0	0	0	0	0	0	0	0	0	0	0	0	0	0	0	0	0	0	0	0	0	0	0	0	0
Root;Bacteria;Firmicutes;Bacilli;Lactobacillales;Lactobacillaceae;Lactobacillus;unclassified_Lactobacillus	DQ057411.1.1426	0	0	0	0	0	0	0	0	0	0	0	0	0	0	0	0	0	0	0	0	0	0	0	0	0	0	0	0	0	0	0	0	0	0	0	0	0	0	0	0	0	0	0	0	0	0	0	0	0	0	0	0	0	0	0	0	0	0	0	0	0	0	0	0	0	0	0	0	0	0	0	0	0	0	0	0	0	0	0	0	0	0	0	0	0	0	0	0	0	0	0	0	0	0	0	0	0	0	0	0	0	0	0	0	0	0	0	0	0	0	0	0	0	0	0	0	0	0	0	0	0	0	0	0	0	0	0	0	0	0	0	0	0	0	0	0	0	0	0	0	0	0	0	0	0	0	0	0	0	0	0	0	0	0	0	0	0	0	0	0	0	0	0	0	0	0	0	0	0	0	0	0	0	0	0	0	0	0	0	0	0	0	0	0	0	0	0	0	0	0	0	0	0	0	0	0	0	0	0	0	0	0	0	0	0	0	0	0	0	0	0	0	0	0	0	0	0	0	0	0	0	0	0	0	0	0	0	0	0	0	0	0	0	0	0	0	0	0	0	0	0	0	0	0	0	0	0	0	0	0	0	0	0	0	0	0	0	0	0	0	0	0	0	0	0	0	0	0	0	0	0	0	0	0	0	0	0	0	0	0	0	0	0	0	0	0	0	0	0	0	0	0	0	0	0	0	0	0	0	0	0	0	0	0	0	0	0	0	0	0	0	0	0	0	0	0	0	0	0	0	0	0	0	0	0	0	0	0	0	0	0	0	0	0	0	0	0	0	0	1	0	0	0	0	0	0	0	0	0	0	0	0	0	0	0	0	0	0	0	0	0	0	0	0	0	0	0	0	0	0	0	0	0
Root;Bacteria;Firmicutes;Bacilli;Lactobacillales;Streptococcaceae;Streptococcus;unclassified_Streptococcus	JQ451976.1.1418	0	0	0	0	0	0	0	0	3	0	2	2	0	0	2	0	0	0	0	0	0	0	0	1	0	0	0	1	0	0	0	0	0	0	0	0	75	43	3	0	23	11	0	1	0	1	3	1	4	0	13	4	0	1	46	43	9	1	2	2	0	6	3	3	0	3	11	1	0	0	0	1	5	0	0	0	0	2	0	0	0	0	1	0	0	0	0	0	0	0	0	0	1	2	0	0	1	8	1	0	0	1	0	0	4	1	0	0	0	0	0	1	0	0	0	0	0	0	0	2	0	7	2	4	7	3	11	6	1	0	0	0	2	0	0	0	1	0	1	0	0	0	5	0	0	0	0	0	0	0	2	0	9	0	0	0	1	0	0	0	0	0	0	0	1	0	0	0	0	3	2	0	0	2	0	0	0	1	0	17	0	0	5	6	0	0	0	0	0	0	0	2	1	0	0	0	0	0	0	0	0	0	0	0	0	0	0	0	0	0	1	0	2	0	0	0	0	0	0	0	4	0	0	1	2	0	0	0	0	0	1	2	0	1	0	0	0	0	0	0	0	0	0	0	0	5	5	0	4	3	0	12	0	0	0	0	0	5	10	0	0	0	0	4	0	0	0	0	0	1	0	0	0	2	1	0	3	0	0	1	1	16	8	0	7	4	2	11	0	1	1	0	0	0	6	0	0	14	1	13	0	0	0	0	0	24	0	4	0	2	0	0	8	14	5	0	0	0	0	0	3	0	0	5	14	0	0	4	0	1	1	0	12	2	0	0	0	8	0	29	4	0	0	1	3	0	0	0	0	0	0	6	0	1	0	2	3	0	0	0	41	0	1	7	0	0	0	0	0	12	3	0	5
Root;Bacteria;Actinobacteriota;Actinomycetia;Actinomycetales;Actinomycetaceae;Actinomyces;Actinomyces_timonensis	FJ976291.1.1372	0	0	0	0	0	0	0	0	0	0	0	0	0	0	0	0	0	0	0	0	0	0	0	0	0	0	0	0	0	0	0	0	0	0	0	0	0	0	0	0	0	0	0	0	0	0	0	0	0	0	0	0	0	0	0	0	0	0	0	0	0	0	0	0	0	0	0	0	0	0	0	0	0	0	0	0	0	0	0	0	0	0	0	0	0	0	0	0	0	0	0	0	0	0	1	0	0	4	0	0	0	0	0	0	0	0	0	0	0	0	0	0	0	0	0	0	0	0	0	0	0	0	0	0	1	0	0	0	0	0	0	0	0	0	0	0	0	0	0	0	0	0	0	0	0	0	0	0	0	0	0	0	0	0	0	3	0	0	0	0	0	0	0	0	0	0	0	0	0	0	0	0	0	0	0	0	0	2	0	0	0	0	0	0	0	0	0	0	0	0	0	0	0	0	0	0	0	0	0	0	0	0	0	0	0	0	0	0	0	0	0	0	0	0	0	0	0	0	0	1	0	0	0	0	0	0	0	0	0	2	0	0	0	0	0	0	0	0	0	0	0	0	0	0	0	0	0	0	0	0	0	0	0	0	0	1	1	0	0	0	0	0	0	0	0	0	0	0	0	0	0	0	0	0	0	0	0	0	0	0	0	0	0	0	0	0	0	0	0	0	0	0	0	0	0	0	0	0	0	0	0	0	0	0	0	0	0	23	0	0	0	0	0	0	0	0	0	0	0	0	0	0	0	0	0	0	0	0	0	0	0	0	0	0	0	0	1	0	0	0	0	0	0	0	0	0	0	1	1	0	0	0	0	4	0	0	0	0	12	3	0	0	0	0	0	0	0	0	0	0	0	0	0
Root;Bacteria;Bacteroidota;Bacteroidia;Bacteroidales;Porphyromonadaceae;Porphyromonas;unclassified_Porphyromonas	JF059998.1.1357	0	0	0	0	0	1	0	0	0	0	0	0	0	0	1	0	0	0	0	0	0	0	0	0	0	0	0	1	2	0	0	0	0	87	0	0	1	0	0	0	0	0	1	0	0	2	0	0	0	0	0	0	1	0	2	1	0	0	0	0	0	0	0	0	0	0	0	0	0	0	0	0	1	3	0	0	0	0	0	0	0	0	0	0	0	0	0	0	0	64	2	0	0	0	0	0	0	0	0	0	0	0	0	0	1	1	0	0	0	0	5	3	0	0	0	0	109	0	0	0	0	0	0	2	1	2	0	1	1	0	0	0	0	0	0	0	0	0	0	0	0	0	0	0	0	0	0	0	0	0	0	1	1	0	1	11	0	1	0	0	1	0	0	0	0	157	0	0	0	0	0	0	0	1	0	0	0	0	0	0	0	0	427	475	0	0	0	0	1	0	65	57	0	0	0	0	0	0	0	0	0	0	0	0	0	42	0	69	0	0	120	0	0	0	0	0	0	0	0	0	13	1	0	0	0	0	0	0	0	0	0	1	0	3	0	0	0	1	1	0	0	0	0	0	0	18	0	13	0	11	1	0	0	1	0	0	0	0	0	0	1	13	0	0	0	0	0	0	0	0	0	0	0	1	0	0	0	0	0	0	101	0	0	0	0	0	0	0	0	0	9	0	0	0	0	0	0	5	0	10	0	0	0	0	7	0	0	0	0	1	0	0	0	0	0	0	0	0	0	0	2	0	0	154	0	0	0	0	0	1	0	0	0	0	0	1	9	0	0	2	0	0	0	0	0	0	0	0	0	0	0	0	0	19	1	3	0	0	0	1	5	0	0	5	2	1	1	0	0	0	2	0	0
Root;Bacteria;Fusobacteriota;Fusobacteriia;Fusobacteriales;Fusobacteriaceae;Fusobacterium;unclassified_Fusobacterium	JQ472210.1.1377	91	103	1	0	43	32	1	10	2	1	34	43	33	30	23	39	0	0	31	34	4	1	0	0	63	4	28	83	97	53	7	8	17	11	69	0	39	57	1	98	0	1	0	2	10	0	0	0	14	7	25	36	4	3	0	0	15	2	0	1	3	0	13	2	0	0	1	2	0	10	0	7	25	0	0	39	6	1	43	2	19	1	3	7	3	5	82	4	138	5	0	69	0	20	7	1	0	37	4	42	2	8	26	6	0	3	86	0	0	5	0	2	43	0	5	0	24	0	1	1	0	24	0	0	3	3	44	0	0	0	3	6	3	188	8	19	58	6	10	1	18	0	12	2	0	165	2	11	27	12	1	4	27	34	0	12	0	107	45	558	132	5	5	16	81	0	1	41	95	288	20	0	48	1	26	79	21	15	88	33	13	4	19	29	47	12	13	36	9	3	39	41	385	7	16	23	23	1	14	16	74	193	5	21	4	3	7	50	17	68	3	55	34	12	8	2	2	5	33	42	0	0	0	0	11	1	168	49	34	151	46	46	127	1	39	0	65	5	7	7	46	0	7	12	135	18	13	14	1	7	0	0	2	13	77	10	3	7	71	37	3	15	8	6	0	58	252	164	601	7	6	82	22	495	0	2	12	0	3	674	69	0	0	8	62	3	144	0	60	3	10	447	55	1	64	1	72	77	18	6	4	14	34	36	398	56	3	6	0	347	68	55	1	128	163	61	72	86	5	1	0	3	389	13	41	0	20	2	3	9	32	0	4	2	0	1	24	13	36	5	0	39	301	40	0	14	0	234	34	75	6	13	1	22	2	17	66	8	195	23	15	92	110	301	20	13	34	5	0	29	50	0	5
Root;Bacteria;Bacteroidota;Bacteroidia;Bacteroidales;Porphyromonadaceae;Porphyromonas;unclassified_Porphyromonas	JQ451290.1.1409	0	1	0	0	0	0	0	0	0	0	0	0	0	0	0	0	0	0	0	0	0	0	0	0	0	0	0	0	0	0	0	0	0	0	0	0	0	0	0	0	0	0	0	0	0	0	0	0	0	0	0	0	0	0	0	0	0	0	0	0	0	0	0	0	0	1	0	0	0	0	0	0	0	0	0	0	0	0	0	0	0	0	0	0	0	0	0	0	0	0	0	0	0	0	0	0	0	0	0	0	0	0	0	0	0	0	0	0	0	0	0	0	0	0	0	0	0	0	0	0	0	0	0	0	0	0	0	0	2	0	0	0	0	0	0	0	0	0	0	0	0	0	0	0	0	0	0	1	0	1	0	0	0	0	0	1	0	0	0	0	0	0	0	0	0	0	0	0	0	0	0	0	0	0	0	0	0	0	0	0	0	1	0	0	0	0	0	0	0	0	0	0	0	0	0	0	0	0	0	0	0	0	0	0	0	0	0	0	0	0	0	0	0	0	0	0	0	0	0	0	0	0	0	0	0	0	0	0	0	0	0	0	0	0	0	0	0	0	0	0	0	0	0	0	0	0	0	0	0	0	1	0	0	0	0	0	0	1	0	0	0	0	0	0	0	0	0	0	0	0	0	0	0	0	0	0	0	0	0	0	0	0	0	0	0	0	0	0	0	0	0	1	0	0	0	0	0	0	0	0	0	0	0	0	0	0	0	0	0	0	0	0	0	0	0	0	0	0	0	0	0	0	0	0	0	0	0	0	0	0	0	0	0	0	0	0	0	0	0	0	0	0	0	0	0	0	0	0	0	0	0	0	0	0	1	0	0	0	0	0	0	0	0	1	0	0	0	0	0	0	0	0	1
Root;Bacteria;Fusobacteriota;Fusobacteriia;Fusobacteriales;Leptotrichiaceae;Leptotrichia_A;Leptotrichia_A_sp001274535	JQ455212.1.1382	1	0	0	0	0	0	0	0	0	0	0	0	1	2	2	0	0	0	0	0	0	0	3	8	1	0	2	0	0	0	0	0	0	10	0	0	0	0	0	0	4	1	0	0	0	1	1	0	2	0	0	0	0	0	0	0	0	1	0	0	0	0	0	0	0	1	0	1	0	0	2	0	0	0	0	0	0	2	0	0	0	2	0	1	0	2	0	0	0	0	0	4	8	0	4	0	0	1	0	0	0	0	1	0	0	0	0	0	0	0	0	0	0	7	2	0	2	0	0	4	0	0	0	0	0	0	0	0	4	0	0	0	0	0	0	0	0	0	1	1	4	0	0	1	0	0	0	1	4	25	0	0	0	1	5	1	0	0	2	0	0	2	6	0	0	0	0	0	0	0	0	0	2	1	0	0	0	0	0	0	0	0	2	1	0	0	0	8	0	0	4	1	0	0	0	0	0	9	0	1	0	0	0	3	0	0	0	0	2	1	11	0	0	3	0	0	0	0	2	1	0	0	2	0	0	0	0	1	0	23	0	1	0	0	0	0	9	0	0	1	3	0	0	2	0	0	1	14	0	0	0	0	0	0	0	0	0	2	0	0	0	1	0	0	0	0	0	0	0	0	1	0	0	0	0	0	0	2	0	0	0	5	10	0	0	0	0	0	1	1	0	0	0	0	0	2	0	0	1	1	0	0	2	0	1	0	0	0	0	2	0	0	0	1	0	0	0	2	0	3	0	6	0	0	0	0	0	0	0	9	1	0	0	1	5	0	0	8	0	1	1	0	0	0	1	0	0	8	0	0	30	0	0	1	1	0	0	0	0	0	0	0	19	5	2	3	1	0	0	0	0	0	0
Root;Bacteria;Firmicutes;Bacilli;Lactobacillales;Streptococcaceae;Streptococcus;unclassified_Streptococcus	JF002739.1.1368	0	0	0	0	0	0	0	0	0	0	0	0	0	0	0	0	0	0	0	0	0	0	0	0	0	0	0	0	0	0	0	0	0	0	0	0	0	0	0	0	0	0	0	0	0	0	0	0	0	0	0	0	0	0	0	0	0	0	0	0	0	0	0	0	0	0	0	0	0	0	0	0	0	0	0	0	0	0	0	0	0	0	0	0	0	0	0	0	0	0	0	0	0	0	0	0	0	0	0	0	0	0	0	0	0	0	0	0	0	0	0	0	0	0	0	0	0	0	0	0	0	0	0	0	0	0	0	0	0	0	0	0	0	0	0	0	0	0	0	0	0	0	0	0	0	0	0	0	0	0	0	0	0	0	0	0	0	0	0	0	0	0	0	0	0	0	0	0	0	0	0	0	0	0	0	0	0	0	0	0	0	0	0	0	0	0	0	0	0	0	0	0	0	0	0	0	0	0	0	0	1	0	0	0	0	0	0	0	0	0	0	0	0	0	0	0	0	0	0	0	0	0	0	0	0	0	0	0	0	0	0	0	0	0	0	0	0	0	0	0	0	0	0	0	0	0	0	0	0	0	0	0	0	0	0	0	0	0	0	0	0	0	0	0	0	0	0	0	0	0	0	0	0	0	0	0	0	0	0	0	0	0	0	0	0	0	0	0	0	0	1	0	0	0	0	0	0	0	0	0	0	0	0	0	0	0	0	0	0	0	0	0	0	0	0	0	0	0	0	0	0	0	0	0	0	0	0	0	0	0	0	0	0	0	0	0	0	0	0	0	0	0	0	0	0	0	0	0	0	0	0	0	0	0	0	0	0	0	0	0	0	0	0	0	0	0	0	0	0	0	0	0	0
Root;Bacteria;Fusobacteriota;Fusobacteriia;Fusobacteriales;Leptotrichiaceae;Leptotrichia_A;Leptotrichia_A_sp001274535	HQ795879.1.1416	2	0	0	0	0	0	0	0	0	0	0	0	0	0	0	0	0	0	0	0	1	1	0	0	1	0	0	0	0	3	0	11	1	27	0	0	0	0	0	2	1	1	0	1	4	0	6	0	1	0	0	0	10	0	3	0	0	8	0	2	0	0	1	5	0	0	0	0	0	0	0	0	0	0	0	0	5	0	0	0	0	3	0	0	1	1	0	0	0	0	0	1	0	0	0	0	0	0	0	0	0	5	0	0	0	3	0	1	0	0	0	0	0	0	0	0	6	0	1	0	0	0	0	0	3	2	0	0	0	0	0	0	0	0	0	0	0	0	0	0	4	0	0	0	0	0	0	0	0	0	0	0	0	0	1	0	0	0	0	0	0	0	0	0	0	0	1	0	0	0	0	0	0	62	0	0	0	0	0	0	4	3	0	0	14	1	0	0	0	0	0	0	0	0	0	0	0	0	0	0	0	0	0	1	0	0	0	0	112	238	23	0	0	0	1	0	0	0	13	12	0	0	0	0	2	0	0	0	0	0	1	165	0	3	0	0	19	0	0	0	0	0	0	0	0	0	11	0	0	0	0	0	0	0	0	0	0	0	4	0	6	0	0	0	0	0	2	0	0	0	0	0	0	0	0	0	0	0	0	0	7	0	48	0	0	0	0	1	0	0	0	0	0	0	0	6	0	2	6	0	0	0	0	0	0	0	1	0	0	0	0	0	0	47	51	0	0	475	79	2	1	4	0	0	0	0	0	0	0	0	4	0	31	28	33	1	0	3	1	0	0	0	0	0	0	0	0	0	0	0	0	4	0	0	1	14	0	0	0	0	65	14	2	0	0	1	0	4	0	0	0	0	0
Root;Bacteria;Bacteroidota;Bacteroidia;Bacteroidales;Bacteroidaceae;Bacteroides;Bacteroides_uniformis	DQ801233.1.1334	0	0	0	0	0	0	0	0	0	0	0	0	0	0	0	0	0	0	0	0	0	0	0	0	0	0	0	0	0	0	0	0	0	0	0	0	0	0	0	0	0	0	0	0	0	0	0	0	0	0	0	0	0	0	0	0	0	0	0	0	0	0	0	0	0	0	0	0	0	0	0	0	0	0	0	0	0	0	0	0	0	0	0	0	0	0	0	0	1	0	0	0	0	0	0	0	0	0	0	0	0	0	0	0	0	0	0	0	0	0	0	0	0	0	0	0	0	0	0	0	0	0	0	0	0	0	0	0	0	0	0	0	0	0	0	0	0	0	0	0	0	0	0	0	0	0	0	0	0	0	0	0	0	0	0	0	0	0	0	0	0	0	0	0	0	0	0	0	0	0	0	0	0	0	0	0	0	0	0	0	0	0	0	0	0	0	0	0	0	0	0	0	0	0	0	0	0	0	0	0	0	0	0	0	0	0	0	0	0	0	0	0	0	0	0	0	0	0	0	0	0	0	0	0	0	0	0	0	0	0	0	0	0	0	0	0	0	0	0	0	0	0	0	0	0	0	0	0	0	0	0	0	0	0	0	0	0	0	0	0	0	0	0	0	0	0	0	0	0	0	0	0	0	0	0	0	0	0	0	0	0	0	0	0	0	0	0	0	0	0	0	0	0	0	0	0	0	0	0	1	0	0	0	0	0	0	0	0	0	0	0	0	0	0	0	0	0	0	0	0	0	0	0	0	0	0	0	0	0	0	0	0	0	0	0	0	0	0	0	0	0	0	0	0	0	0	0	0	0	0	0	0	0	0	0	0	0	0	0	0	0	0	0	0	0	0	0	0	0	0	0	0	0
Root;Bacteria;Actinobacteriota;Actinomycetia;Actinomycetales;Bifidobacteriaceae;Bifidobacterium;unclassified_Bifidobacterium	AY850535.1.1224	0	0	0	0	0	0	0	0	0	0	0	0	0	0	0	0	0	0	0	0	0	0	0	0	0	0	0	0	0	0	0	0	0	0	0	0	0	0	0	0	0	0	0	0	0	0	0	0	0	1	0	0	0	0	0	0	0	0	0	0	0	0	0	0	0	0	0	0	0	0	0	0	0	0	0	0	0	0	0	0	0	0	0	0	0	0	0	0	0	0	0	0	0	0	0	0	0	0	0	0	0	0	0	0	0	0	0	0	0	0	0	0	0	0	0	0	0	0	0	0	0	0	0	0	0	0	0	0	0	0	0	0	0	0	0	0	0	0	0	0	0	0	0	0	0	0	0	0	0	0	0	0	0	0	0	0	0	0	0	0	0	0	0	0	0	0	0	0	0	0	0	0	0	0	0	0	0	0	0	0	0	0	0	0	0	0	0	0	0	0	0	0	0	0	0	0	0	0	0	0	0	0	0	0	0	0	0	0	0	0	0	0	0	0	0	0	0	0	0	0	0	0	0	0	0	0	0	0	0	0	0	0	0	0	0	0	0	0	0	0	0	0	0	0	0	0	0	0	0	0	0	0	0	0	0	0	0	0	0	0	0	0	0	0	0	0	0	0	0	0	0	0	0	0	0	0	0	0	0	0	0	0	0	0	0	0	0	0	0	0	0	0	0	0	0	0	0	0	0	0	0	0	0	0	0	0	0	0	0	0	0	0	0	0	0	0	0	0	0	0	0	0	0	0	0	0	0	0	0	0	0	0	0	0	0	0	0	0	0	0	0	0	0	0	0	0	0	0	0	0	0	0	0	0	0	0	0	0	0	0	0	0	0	0	0	0	0	0	0	0	0	0	0
Root;Bacteria;Fusobacteriota;Fusobacteriia;Fusobacteriales;Fusobacteriaceae;Fusobacterium;unclassified_Fusobacterium	JQ456243.1.1365	9	11	6	9	9	13	3	2	6	4	2	9	10	11	22	21	1	0	3	10	5	2	12	8	30	7	53	0	0	2	0	3	26	10	2	0	26	14	2	19	8	4	1	46	7	3	1	1	38	2	4	0	24	0	15	11	0	13	3	15	9	3	70	6	2	10	0	1	0	8	3	2	4	9	66	5	4	15	1	0	11	31	13	31	0	8	5	6	3	30	0	19	5	3	3	0	4	5	0	5	0	11	63	5	14	50	0	0	0	20	67	9	37	36	8	0	38	0	3	21	0	1	2	1	30	20	2	12	13	0	0	9	8	0	0	4	19	17	0	1	1	0	2	2	0	7	0	7	3	45	10	36	17	8	7	11	8	4	1	6	11	15	60	66	35	0	2	1	8	44	1	0	0	16	0	6	1	2	14	0	60	13	6	6	5	32	3	44	54	0	27	23	1	3	6	5	64	190	19	0	2	5	51	8	0	7	0	47	10	14	10	1	3	57	1	0	2	3	4	7	4	0	3	0	2	0	4	22	6	100	26	132	88	1	8	0	16	141	2	2	5	0	14	23	15	8	11	34	6	10	0	2	3	8	1	2	0	2	1	157	5	130	9	3	0	1	11	0	3	38	1	1	0	0	4	1	5	14	11	1	1	16	0	0	0	1	38	22	3	2	3	19	2	0	25	19	0	10	93	2	7	29	26	0	359	2	28	14	0	9	3	12	1	19	14	17	1	23	5	21	1	33	16	0	4	0	5	2	3	13	15	0	1	1	2	4	2	195	2	22	10	5	1	0	4	5	5	69	11	0	32	1	3	62	1	51	18	3	3	1	24	32	98	14	49	13	37	6	0	10	8	3	4
Root;Bacteria;Actinobacteriota;Actinomycetia;Actinomycetales;Actinomycetaceae;Actinomyces;Actinomyces_massiliensis	JQ475358.1.1405	0	0	0	0	0	0	0	0	0	0	0	0	0	0	0	0	0	0	2	9	0	0	2	1	0	0	0	0	0	0	0	0	0	0	0	0	0	0	0	0	0	0	0	0	0	0	0	0	0	0	0	0	0	0	0	0	0	0	0	0	0	0	0	0	0	0	0	0	0	0	0	0	0	0	0	0	0	0	0	0	0	0	0	0	0	0	0	0	0	0	0	0	0	0	0	0	0	0	0	0	0	0	0	0	0	2	0	0	0	0	0	0	0	0	0	0	0	0	0	0	0	0	0	0	0	0	0	0	0	0	0	0	0	0	0	0	0	5	0	0	0	0	0	0	0	0	0	0	2	0	0	0	0	0	0	0	0	0	0	1	0	0	0	0	0	0	0	0	0	0	0	0	0	0	0	0	0	0	0	0	0	0	0	0	0	0	0	0	0	0	0	0	0	0	0	0	0	0	0	0	0	0	0	0	0	0	0	0	0	0	0	0	0	0	0	0	0	0	0	0	0	0	0	0	0	0	0	0	0	0	0	1	0	47	0	0	0	0	0	0	0	0	0	0	0	0	0	0	0	0	0	0	0	0	0	0	0	0	0	0	0	0	0	0	0	0	0	0	0	0	0	1	0	0	0	0	0	0	0	0	0	0	0	0	0	0	0	0	0	0	0	0	0	0	0	0	0	0	0	0	0	0	0	0	0	0	0	0	0	0	0	0	0	0	0	0	0	0	0	0	0	0	0	0	0	0	0	0	0	0	0	0	0	0	0	0	0	0	0	0	0	0	0	0	0	0	0	0	0	0	0	0	0	0	0	0	0	0	0	0	0	0	0	0	0	0	0	0	0	0	0	0	0
Root;Bacteria;Firmicutes;Bacilli;Lactobacillales;Lactobacillaceae;Lactobacillus;unclassified_Lactobacillus	EF097828.1.1432	0	0	0	0	0	0	0	0	0	0	0	0	0	0	0	0	0	0	0	0	0	0	0	0	0	0	0	0	0	0	0	0	0	0	0	0	0	0	0	0	0	0	0	0	0	0	0	0	0	0	0	0	0	0	0	0	0	0	0	0	0	0	0	0	0	0	0	0	0	0	0	0	0	0	0	0	0	0	0	0	0	0	0	0	0	0	0	0	0	0	0	0	0	0	0	0	0	0	0	0	0	0	0	0	0	0	0	0	0	0	0	0	0	0	0	0	0	0	0	0	0	0	0	0	0	0	0	0	0	0	0	0	0	0	0	0	0	0	0	0	0	0	0	0	0	0	0	0	0	0	0	0	0	0	0	0	0	0	0	0	0	0	0	0	0	0	0	0	0	0	0	0	0	0	0	0	0	0	0	0	0	0	0	0	0	0	0	0	0	0	0	0	0	0	0	0	0	0	0	0	0	0	0	0	0	0	0	0	0	0	0	0	0	0	0	0	0	0	0	0	0	0	0	0	0	0	0	0	0	0	0	0	0	0	0	0	0	0	0	0	0	0	0	0	0	0	0	0	0	0	0	0	0	0	0	0	0	0	0	0	0	0	0	0	0	0	0	0	0	0	0	0	0	0	0	0	0	0	0	0	0	0	0	0	0	0	0	0	0	0	0	0	0	0	0	0	0	0	0	1	0	0	0	0	0	0	0	0	0	0	0	0	0	0	0	0	0	0	0	0	0	0	0	0	0	0	0	0	0	0	0	0	0	0	0	0	0	0	0	0	0	0	0	0	0	0	0	0	0	0	0	0	0	0	0	0	0	0	0	0	0	0	0	0	0	0	0	0	0	0	0	0	0
Root;Bacteria;Proteobacteria;Gammaproteobacteria;Enterobacterales;Pasteurellaceae;Haemophilus_D;unclassified_Haemophilus_D	JQ464944.1.1400	0	0	0	0	0	0	0	0	0	0	0	0	0	0	0	0	0	0	0	0	0	0	0	0	0	0	0	0	0	0	0	0	0	0	0	0	0	0	0	0	0	0	0	0	0	0	0	0	0	0	0	0	0	0	0	0	0	0	0	0	0	0	0	0	0	0	0	0	0	0	0	0	0	0	0	0	0	0	0	0	0	0	0	0	0	0	0	0	0	0	0	0	0	0	0	0	0	0	0	0	0	0	0	0	0	0	0	0	0	0	0	0	0	0	0	0	0	0	0	0	0	0	0	0	0	0	0	0	0	0	0	0	0	0	0	0	0	0	0	0	0	0	0	0	0	0	0	0	0	0	0	0	0	0	0	0	0	0	0	0	0	0	0	0	0	0	0	0	0	0	0	0	0	0	0	0	0	0	0	0	0	0	0	0	0	0	0	0	0	0	0	0	0	0	0	0	0	0	0	0	0	0	0	0	0	0	0	0	0	0	0	0	0	0	0	0	0	0	0	0	0	0	0	0	0	0	0	0	0	0	0	0	0	0	0	0	0	0	0	0	0	0	0	0	0	0	0	0	0	0	0	0	0	0	0	0	0	0	0	0	0	0	0	0	0	0	0	0	0	0	0	0	0	0	0	0	0	0	0	0	0	0	0	0	0	0	0	0	0	0	0	0	0	0	0	0	0	0	0	0	0	0	0	0	0	0	0	0	0	0	0	0	0	0	0	0	0	0	0	0	0	0	0	0	0	0	0	0	0	0	0	0	1	0	0	0	0	0	0	0	0	0	0	0	0	0	0	0	0	0	0	0	0	0	0	0	0	0	0	0	0	0	0	0	0	0	0	0	0	0	0	0	0
Root;Bacteria;Firmicutes_C;Negativicutes;Veillonellales;Veillonellaceae;Veillonella;unclassified_Veillonella	JQ465868.1.1424	2	2	2	0	0	0	0	0	0	0	0	0	0	0	0	0	0	0	0	0	0	0	0	0	0	0	0	0	0	0	0	0	0	0	1	0	0	0	0	0	0	0	0	0	0	0	0	0	0	0	0	0	0	0	0	0	0	0	0	0	0	0	0	0	0	0	0	0	1	0	0	0	0	0	0	0	0	0	0	0	0	0	0	0	0	0	0	0	0	0	0	0	0	0	0	0	0	0	0	0	0	2	0	3	0	0	0	0	0	0	0	0	0	3	0	0	0	0	0	0	0	0	0	1	0	0	0	0	0	0	0	0	0	0	0	0	0	0	0	0	0	0	0	0	0	0	0	0	0	0	0	0	0	0	0	0	0	0	0	0	0	0	0	1	0	0	0	0	0	1	0	0	0	0	0	0	0	0	0	0	0	0	0	0	0	0	0	0	0	0	0	0	0	0	0	0	0	0	0	0	0	1	0	0	0	0	0	0	0	0	0	0	0	0	0	0	0	0	0	0	0	0	0	0	0	0	0	0	0	0	0	0	0	0	0	0	0	0	0	0	0	0	0	0	0	0	0	0	0	0	0	0	0	0	0	0	0	0	0	0	0	0	0	0	0	0	0	0	0	0	0	0	0	0	0	0	0	0	0	0	0	0	0	0	0	0	0	0	0	0	0	0	0	0	6	0	0	0	0	0	0	0	0	0	0	0	0	0	0	0	0	1	0	0	0	0	0	0	0	0	0	0	0	0	0	0	0	0	0	0	0	0	0	0	0	0	0	0	0	0	1	0	0	0	0	0	0	0	0	0	0	0	0	0	0	0	0	0	0	0	0	0	0	0	0	0	10	0	0	0	0	0	0
Root;Bacteria;Bacteroidota;Bacteroidia;Bacteroidales;Bacteroidaceae;Prevotella;Prevotella_oulorum	GU432133.1.1216	1	0	0	0	2	2	0	0	2	0	10	3	0	2	0	0	2	1	8	4	0	0	0	0	14	3	1	0	0	0	0	0	1	0	1	0	0	0	0	15	0	0	0	3	0	0	0	0	9	0	2	5	0	0	0	0	0	1	0	0	0	0	0	0	0	1	0	0	0	1	0	0	0	0	0	5	0	0	0	0	0	0	1	0	3	4	1	0	11	0	0	1	0	4	0	0	0	0	0	0	0	4	14	0	0	0	0	0	0	0	0	6	3	5	0	0	0	0	0	0	0	0	0	0	2	1	0	0	0	0	0	0	0	0	0	1	2	0	0	0	0	0	0	0	0	1	0	0	0	0	0	0	0	0	0	20	0	1	0	0	0	0	0	0	0	0	0	0	2	4	1	0	5	0	0	21	0	0	0	0	1	0	1	0	2	1	0	0	3	0	10	10	7	0	0	2	0	0	0	0	1	0	0	1	0	2	0	6	0	0	0	2	1	5	0	0	8	15	0	0	2	0	12	1	0	0	2	0	33	1	2	0	2	0	4	0	2	3	0	0	0	0	0	1	0	0	0	4	2	0	0	0	0	1	8	0	0	0	24	0	0	2	0	0	0	0	3	4	18	0	0	2	0	0	0	0	0	0	0	27	0	1	0	0	0	0	4	0	0	0	0	51	6	0	0	0	0	0	0	0	0	0	0	1	9	2	0	0	0	52	0	18	0	0	1	0	1	6	0	1	0	0	0	0	0	0	2	0	0	0	1	0	3	0	0	0	8	0	2	0	2	0	0	0	0	4	1	0	0	2	0	2	0	0	2	3	1	0	0	0	0	0	0	0	1	3	6	0	0	0	7	0	31
Root;Bacteria;Fusobacteriota;Fusobacteriia;Fusobacteriales;Leptotrichiaceae;Leptotrichia;unclassified_Leptotrichia	JQ467757.1.1383	0	0	0	0	0	1	0	0	0	1	0	0	0	0	1	0	0	0	0	0	0	0	0	0	12	0	0	0	0	0	0	0	8	0	0	0	0	0	0	0	0	0	0	71	0	0	0	0	1	0	0	0	0	0	0	0	0	1	0	0	0	0	0	1	0	0	0	0	0	0	0	0	0	0	0	0	0	0	0	0	0	0	0	0	0	0	0	0	0	0	0	0	0	0	0	0	0	0	0	0	0	0	0	0	0	0	0	0	0	0	0	0	0	0	0	0	0	0	0	0	0	0	0	0	0	0	0	0	0	0	0	4	0	0	0	0	0	0	0	0	0	0	0	0	0	0	0	0	0	0	0	0	0	0	0	0	0	0	0	0	0	0	0	0	0	1	0	0	0	0	0	0	0	0	0	0	0	0	0	0	0	0	0	0	0	0	0	0	0	0	0	1	0	0	0	0	0	0	0	0	0	0	0	0	0	0	0	0	0	0	0	0	0	0	0	0	0	0	0	0	0	0	0	0	0	0	0	0	0	0	0	0	1	0	0	0	6	0	0	1	0	0	0	1	0	0	0	3	0	0	0	0	0	0	0	0	0	0	0	3	2	0	0	0	0	0	0	0	0	0	0	0	0	0	0	0	0	0	0	0	0	0	0	0	0	0	0	0	1	0	0	0	0	0	0	0	0	0	0	0	0	0	0	0	0	0	0	0	0	0	0	0	0	0	0	0	0	0	0	0	0	0	0	0	0	0	0	0	0	0	0	0	0	0	0	0	0	0	0	0	0	0	0	0	0	0	0	0	0	0	0	0	0	3	0	1	0	0	0	0	0	14	1	0	4	0	0	0	0	1	1	0	0
Root;Bacteria;Firmicutes;Bacilli;Lactobacillales;Streptococcaceae;Streptococcus;unclassified_Streptococcus	JQ449934.1.1399	0	0	0	2	0	0	1	1	17	19	0	0	1	2	2	2	23	39	6	5	1	1	1	2	0	2	1	1	2	0	0	0	1	0	0	1662	9	21	2	0	4	12	9	2	2	3	5	9	1	2	2	4	1	0	101	61	0	2	1	2	0	1	11	6	2	2	0	3	0	0	1	3	60	3	0	1	0	1	4	3	0	2	1	1	1	2	3	2	0	0	0	0	0	3	0	0	26	0	0	0	0	0	1	12	0	1	0	6	1	0	13	0	0	0	0	0	0	0	1	3	0	2	1	2	20	26	5	0	0	0	1	4	4	0	1	0	0	1	0	0	0	0	7	0	56	2	0	2	0	4	8	9	2	0	0	1	2	0	2	1	13	0	0	1	0	119	0	1	0	3	1	0	2	0	0	1	0	139	0	6	1	0	0	1	0	0	1	1	2	0	0	0	1	2	2	1	9	3	0	0	0	0	0	0	0	14	0	0	0	0	4	0	1	0	0	0	0	0	6	5	1	0	0	0	1	0	0	1	0	0	1	0	0	3	0	0	0	5	1	0	8	0	2	1	0	0	2	0	0	0	1	13	2	3	1	0	0	1	2	8	6	5	1	6	0	0	0	0	0	4	0	0	2	1	1	0	20	0	0	0	7	0	2	0	0	1	0	0	11	0	2	2	0	19	1	2	0	1	0	0	1	13	5	0	75	6	0	16	0	2	1	0	6	4	5	2	1	2	0	3	2	0	3	35	9	0	1	3	4	10	0	0	0	2	0	3	7	2	4	10	1	0	0	3	1	0	0	0	0	0	0	15	1	1	12	3	2	0	7	2	1	2	0	9	0	0	1	1	0	5	3	1	2
Root;Bacteria;Bacteroidota;Bacteroidia;Flavobacteriales;Flavobacteriaceae;Capnocytophaga;unclassified_Capnocytophaga	JQ473894.1.1355	0	0	0	0	0	0	0	0	0	0	0	0	2	6	2	2	5	4	9	9	0	0	0	0	6	42	1	0	0	0	0	3	20	3	5	0	10	0	0	0	0	0	0	11	0	4	0	0	0	1	7	20	0	0	0	0	0	4	0	3	4	9	1	0	0	0	0	2	2	0	1	0	0	0	4	1	25	29	0	0	6	8	0	3	0	0	12	1	1	29	0	0	12	0	8	0	0	0	0	1	0	0	6	0	0	3	0	0	0	0	1	7	0	0	16	0	0	0	0	0	0	1	5	12	0	0	0	0	0	0	0	5	0	0	0	0	0	1	12	0	0	0	4	0	0	0	0	31	3	2	0	0	4	0	0	0	0	0	0	24	12	2	14	0	0	0	0	3	1	0	1	0	0	48	0	2	3	2	1	0	1	1	6	6	0	6	5	0	47	0	0	0	0	0	23	31	3	0	0	0	9	9	2	1	0	19	0	1	13	26	0	22	34	50	8	0	0	0	0	0	20	0	0	0	5	0	3	8	0	13	0	0	0	1	0	0	0	35	8	0	0	0	0	1	12	9	4	7	0	6	1	6	0	0	31	33	0	5	1	0	0	0	0	0	0	0	0	3	0	11	1	7	0	0	8	0	7	2	0	0	15	0	0	2	0	0	0	0	0	1	1	14	0	0	0	0	0	0	8	0	0	0	12	0	32	0	44	0	0	251	30	48	0	19	11	0	0	45	2	0	0	0	0	0	52	0	1	0	4	12	0	0	0	0	0	0	2	0	23	0	0	0	82	0	1	0	0	31	2	0	7	1	6	1	0	0	0	0	9	2	11	7	17	72	21	1	0	0	0	12	23	0	17
Root;Bacteria;Proteobacteria;Gammaproteobacteria;Cardiobacteriales;Cardiobacteriaceae;Cardiobacterium;Cardiobacterium_hominis	JQ455242.1.1373	0	0	0	0	0	0	0	0	0	0	0	0	0	0	0	0	0	0	0	0	0	0	0	0	0	0	0	0	0	0	0	0	0	0	0	0	0	0	0	0	0	0	0	0	0	0	0	0	0	0	0	0	0	0	0	0	0	0	0	0	0	0	0	0	0	0	0	0	0	0	1	0	0	0	0	0	0	0	0	0	0	1	0	0	0	0	0	0	0	0	0	0	0	0	0	0	0	0	0	0	0	0	0	0	1	0	0	0	0	0	0	0	0	0	0	0	0	0	0	0	0	0	0	0	0	0	0	0	0	0	0	0	7	0	0	0	1	0	0	0	0	0	0	0	0	0	0	0	0	0	0	0	0	0	0	0	0	0	0	0	0	0	0	0	0	0	0	0	0	0	0	0	0	0	0	0	0	0	0	0	0	0	0	0	0	0	0	0	0	0	0	0	0	0	0	0	0	0	0	0	0	0	0	0	0	0	0	0	0	0	0	0	0	0	0	0	0	0	0	0	0	0	0	0	0	0	0	0	0	0	0	1	0	0	0	0	0	0	0	0	0	0	0	1	0	0	0	1	0	0	0	0	0	0	0	0	0	0	0	0	0	0	0	0	0	0	0	0	0	0	0	0	0	0	0	0	0	0	0	0	0	0	0	0	0	0	0	0	0	0	0	0	0	0	0	0	0	0	0	0	0	0	0	0	0	0	0	0	0	0	0	0	0	0	0	0	0	0	0	0	0	0	0	0	0	0	0	0	0	0	0	0	0	0	0	0	0	0	0	0	0	0	0	0	0	0	0	0	0	0	0	0	0	0	0	0	0	0	0	0	0	0	0	0	0	0	0	0	0	0	0	0	0
Root;Bacteria;Firmicutes_C;Negativicutes;Veillonellales;Veillonellaceae;Veillonella;unclassified_Veillonella	GQ338714.1.1521	0	0	0	0	0	0	0	0	0	0	0	0	0	0	0	0	0	0	0	0	0	0	0	0	0	0	0	0	0	0	0	0	0	0	0	0	0	0	0	0	0	0	0	0	0	0	0	0	0	0	0	0	0	0	0	0	0	0	0	0	0	0	0	0	0	0	0	0	0	0	0	0	0	0	0	0	0	0	0	0	0	0	0	0	0	0	0	0	0	0	0	0	0	0	0	0	0	0	0	0	0	0	0	0	0	0	0	0	0	0	0	0	0	0	0	0	0	0	0	0	0	0	0	0	0	0	0	0	0	0	0	0	0	0	0	0	0	0	0	0	0	0	0	0	0	0	0	0	0	0	0	0	0	0	0	0	0	0	0	0	0	0	0	0	0	0	0	0	0	1	0	0	0	0	0	0	0	0	0	0	0	0	0	0	0	0	0	0	0	0	0	0	0	0	0	0	0	0	0	0	0	0	0	0	0	0	0	0	0	0	0	0	0	0	0	0	0	0	0	0	0	0	0	0	0	0	0	0	0	0	0	0	0	0	0	0	0	0	0	0	0	0	0	0	0	0	0	0	0	0	0	0	0	0	0	0	0	0	0	0	0	0	0	0	0	0	0	0	0	0	0	0	0	0	0	0	0	0	0	0	0	0	0	0	0	0	0	0	0	0	0	0	0	0	0	0	0	0	0	0	0	0	0	0	0	0	0	0	0	0	0	0	0	0	0	0	0	0	0	0	0	0	0	0	0	0	0	0	0	0	0	0	0	0	0	0	0	1	0	0	1	0	0	0	0	0	0	0	0	0	0	0	0	0	0	0	0	0	0	0	0	0	0	0	0	0	0	0	0	0	1	0	0
Root;Bacteria;Bacteroidota;Bacteroidia;Bacteroidales;Bacteroidaceae;Bacteroides;Bacteroides_uniformis	EU764628.1.1356	0	0	0	0	0	0	0	0	0	0	0	0	0	0	0	0	0	0	0	0	0	0	0	0	0	0	0	0	0	0	0	0	0	0	0	0	0	0	0	0	0	0	0	0	0	0	0	0	0	0	0	0	0	0	0	0	0	0	0	0	0	0	0	0	0	0	0	0	0	0	0	0	0	0	0	0	0	0	0	0	0	0	0	0	0	0	0	0	0	0	0	0	0	0	0	0	0	0	0	0	0	0	0	0	0	0	0	0	0	0	0	0	0	0	0	0	0	0	0	0	0	0	0	0	0	0	0	0	0	0	0	0	0	0	0	0	0	2	0	0	0	0	0	0	0	0	0	0	0	0	0	0	0	7	0	0	0	0	0	0	0	0	0	0	0	0	0	0	0	0	0	0	0	0	0	0	0	30	0	0	0	0	0	0	0	0	0	0	0	0	0	0	1	0	0	0	0	0	0	0	0	0	0	0	0	0	0	0	0	0	0	0	0	0	0	0	0	0	0	0	0	0	0	0	0	0	0	0	0	0	0	0	0	0	0	0	0	0	0	0	0	0	0	0	0	0	0	0	0	0	0	0	1	0	0	0	0	0	0	0	0	0	0	0	0	0	0	0	0	0	0	0	0	0	0	0	0	0	0	0	0	0	0	0	0	0	0	0	0	0	0	0	0	0	0	0	0	0	0	0	0	0	0	0	0	0	0	0	0	0	0	0	0	0	0	0	0	0	0	0	0	0	0	0	0	0	0	0	0	0	0	0	0	0	0	0	0	0	0	0	0	0	0	0	0	0	0	0	0	0	0	0	0	0	0	0	0	0	0	0	0	0	0	0	2	0	0	0	0	0	0	0	0
Root;Bacteria;Fusobacteriota;Fusobacteriia;Fusobacteriales;Fusobacteriaceae;Fusobacterium;unclassified_Fusobacterium	JF131755.1.1327	0	0	0	0	0	0	0	0	0	0	0	0	0	0	0	0	0	0	0	0	0	0	0	0	0	0	0	0	0	0	0	0	0	0	0	0	0	0	0	0	0	0	0	0	0	0	0	0	0	0	0	0	0	0	0	0	0	0	0	0	0	0	0	0	0	0	0	0	0	0	0	0	0	0	0	0	0	0	0	0	0	0	0	0	0	0	0	0	0	0	0	0	0	0	0	0	0	0	0	0	0	0	0	2	0	0	0	0	0	0	0	0	0	0	0	0	0	0	0	0	0	0	0	0	0	0	0	0	0	0	0	0	0	0	0	0	0	0	0	0	0	0	0	0	0	0	0	0	0	0	0	0	0	0	0	0	0	0	0	0	0	0	0	0	0	0	0	0	0	0	0	0	0	0	0	0	0	0	0	0	0	0	0	0	0	0	0	0	0	0	0	0	0	0	0	0	0	0	0	0	0	0	0	0	0	0	0	0	0	0	0	0	0	0	0	0	0	0	0	0	0	0	0	0	0	0	0	0	0	0	0	0	0	0	0	0	0	0	0	0	0	0	0	0	0	0	0	0	0	0	0	0	0	0	0	0	0	0	0	0	0	0	0	0	0	0	0	0	0	0	0	0	4	0	0	0	0	2	3	0	0	0	0	0	0	0	0	0	0	0	0	0	0	0	0	0	0	0	0	0	0	0	0	0	0	0	0	0	0	0	0	0	0	0	0	0	0	0	0	0	0	0	0	0	0	0	0	0	0	0	0	0	0	0	0	0	0	0	0	0	0	0	0	0	0	0	0	0	0	0	0	0	0	0	0	0	0	0	0	0	0	0	0	0	0	0	0	0	0	0	0	0	0
Root;Bacteria;Firmicutes;Bacilli;Staphylococcales;Gemellaceae;Gemella;unclassified_Gemella	JQ449944.1.1416	0	0	0	0	0	0	0	0	0	0	0	0	0	0	0	0	1	0	0	0	0	0	0	0	0	0	0	0	0	0	0	0	0	0	0	0	0	0	0	0	0	0	0	0	0	0	0	0	0	0	0	0	0	0	0	0	0	0	0	0	0	0	0	0	0	0	0	0	0	0	0	0	0	0	0	0	0	0	0	0	0	0	0	0	0	0	0	0	0	0	0	0	0	0	0	0	0	0	0	0	0	0	0	0	0	0	0	0	0	0	0	0	0	0	0	0	0	0	0	0	0	0	0	0	0	0	0	0	0	0	0	0	0	0	0	0	0	0	0	0	0	0	0	0	0	0	0	0	0	0	0	0	0	0	0	0	0	0	0	0	0	0	0	0	0	0	0	0	0	0	0	0	0	0	0	0	0	0	0	0	0	0	0	0	0	0	0	0	0	0	0	0	0	0	0	0	0	0	0	0	0	0	0	0	0	0	0	0	0	0	0	0	0	0	0	0	0	0	0	0	0	0	0	0	0	0	0	0	0	0	0	0	0	0	0	0	0	0	0	0	0	0	0	0	0	0	0	0	0	0	0	0	0	0	0	0	0	0	0	0	0	0	0	0	0	0	0	0	0	0	0	0	0	0	0	0	0	0	1	0	0	0	0	0	0	0	0	0	0	0	0	0	0	0	0	0	0	0	0	0	0	0	0	0	0	0	0	0	0	0	0	0	0	0	0	0	0	0	0	0	0	0	0	0	0	0	0	0	0	0	0	0	0	0	0	0	0	0	0	0	0	0	0	0	0	0	0	0	0	0	0	0	0	0	0	0	0	0	0	0	0	0	0	0	0	0	0	0	0	0	0	0	0
Root;Bacteria;Bacteroidota;Bacteroidia;Bacteroidales;Bacteroidaceae;Bacteroides;Bacteroides_uniformis	HQ759566.1.1442	0	0	0	0	0	0	0	0	0	0	0	0	0	0	0	0	0	0	0	0	0	0	0	0	0	0	0	0	0	0	0	0	0	0	0	0	0	0	0	0	0	0	0	0	0	0	0	0	0	0	0	0	0	0	0	0	0	0	0	0	0	0	0	0	0	0	0	0	0	0	0	0	0	0	0	0	0	0	0	0	0	0	0	0	0	0	0	0	0	0	0	0	0	0	0	0	0	0	0	0	0	0	0	0	0	0	0	0	0	0	0	0	0	0	0	0	0	0	0	0	0	0	0	0	0	0	0	0	0	0	0	0	0	0	0	0	0	0	0	0	0	0	0	0	0	0	0	0	0	0	0	0	0	1	0	0	0	0	0	0	0	0	0	0	0	0	0	0	0	0	0	0	0	0	0	0	0	7	0	0	0	0	0	0	0	0	0	0	0	0	0	0	0	0	0	0	0	0	0	0	0	0	0	0	0	0	0	0	0	0	0	0	0	0	0	0	0	0	0	0	0	0	0	0	0	0	0	0	0	0	0	0	0	0	0	0	0	0	0	0	0	0	0	0	0	0	0	0	0	0	0	0	0	0	0	0	0	0	0	0	0	0	0	0	0	0	0	0	0	0	0	0	0	0	0	0	0	0	0	0	0	0	0	0	0	0	0	0	0	0	0	0	0	0	0	0	0	0	0	0	0	0	0	0	0	0	0	0	0	0	0	0	0	0	0	0	0	0	0	0	0	0	0	0	0	0	0	0	0	0	0	0	0	0	0	0	0	0	0	0	0	0	0	0	0	0	0	0	0	0	0	0	0	0	0	0	0	0	0	0	0	0	0	0	0	0	0	0	0	0	0	0	0
Root;Bacteria;Bacteroidota;Bacteroidia;Bacteroidales;Porphyromonadaceae;Porphyromonas;Porphyromonas_uenonis_A	KC999379.1.1359	0	0	0	0	0	0	0	0	0	0	0	0	0	0	0	0	0	0	0	0	0	0	0	0	0	0	0	0	0	0	0	0	1	0	0	0	0	0	0	0	0	0	0	0	0	0	0	0	0	0	0	0	0	0	0	0	0	0	0	0	0	0	0	0	0	0	0	0	0	0	0	0	0	0	0	0	0	0	0	0	0	0	0	0	0	0	0	0	0	0	0	0	0	0	0	0	0	0	0	0	0	0	0	0	0	0	0	0	0	0	0	0	0	0	0	0	0	0	0	0	0	0	0	0	0	0	0	0	0	0	0	0	0	0	0	0	0	0	0	0	0	0	0	0	0	0	0	0	0	0	0	0	0	0	0	0	0	0	0	0	0	0	0	0	0	0	0	0	0	0	0	0	0	0	0	0	0	0	0	0	0	0	0	0	0	0	0	0	0	0	0	0	0	0	0	0	0	0	0	0	0	0	0	0	0	0	0	0	0	0	0	0	0	0	0	0	0	0	0	0	0	0	0	0	0	0	0	0	0	0	0	0	0	0	0	0	0	0	0	0	0	0	0	0	0	0	0	0	0	0	0	0	0	0	0	0	0	0	0	0	0	0	0	0	0	0	0	0	0	0	0	0	0	0	0	0	0	0	0	0	0	0	0	0	0	0	0	0	0	0	0	0	0	0	0	0	0	0	0	0	0	0	0	0	0	0	0	0	0	0	0	0	0	0	0	0	0	0	0	0	0	0	0	0	0	0	0	0	0	0	0	0	0	0	0	0	0	0	0	0	0	0	0	0	0	0	0	0	0	0	0	0	0	0	0	0	0	0	0	0	0	0	0	0	0	0	0	0	0	0	0	0	0
Root;Bacteria;Firmicutes_C;Negativicutes;Veillonellales;Veillonellaceae;Veillonella;unclassified_Veillonella	JQ468513.1.1420	7	4	11	10	16	14	69	84	225	252	40	46	11	15	70	51	58	118	14	20	28	37	7	9	38	28	23	82	88	72	0	30	123	112	154	1	0	0	63	12	73	50	0	68	49	8	156	63	58	7	328	469	8	4	27	26	135	63	23	0	131	18	71	137	241	255	61	453	203	38	211	180	55	6	2	287	17	64	147	0	19	31	25	34	16	17	8	3	6	77	0	46	53	91	10	0	28	73	0	41	0	143	75	14	39	34	27	7	0	4	132	77	40	192	190	0	13	0	86	86	1	536	285	311	3	3	756	132	168	0	175	2	2	21	0	53	69	14	32	0	7	0	312	424	0	156	0	6	7	62	1	67	33	10	13	22	42	36	468	23	6	20	7	26	25	3	34	7	37	2576	238	0	151	117	3	14	4	28	122	883	85	69	105	122	37	23	8	0	13	0	194	238	128	498	10	8	4	57	21	233	123	135	169	37	0	17	415	39	28	41	145	46	375	10	4	0	17	20	133	160	60	0	327	0	45	0	45	13	64	89	11	79	19	36	165	0	14	81	11	11	202	0	19	74	14	359	169	25	242	45	17	174	9	63	51	16	0	27	23	25	24	41	10	406	0	1	9	27	98	17	13	23	2	9	0	0	938	49	77	238	282	114	62	58	51	279	141	109	154	54	21	45	6	6	120	12	16	67	7	91	4	10	90	7	844	916	6	210	0	317	48	23	641	317	333	15	10	34	2	0	417	0	71	195	500	0	63	18	99	318	7	0	57	117	47	264	16	536	62	169	453	2	62	886	62	41	77	235	34	40	87	32	91	58	74	26	41	1	709	120	106	19	246	1277	11	33	32	14	1	60	310	39	231
Root;Bacteria;Bacteroidota;Bacteroidia;Bacteroidales;Bacteroidaceae;Prevotella;Prevotella_nigrescens	JQ478360.1.1401	0	0	0	0	0	0	0	0	0	0	0	0	0	0	0	0	0	0	0	0	0	0	0	0	0	0	0	0	0	0	0	0	0	0	0	0	0	0	0	0	0	0	0	0	0	0	0	0	0	0	0	0	0	0	0	0	0	0	0	0	0	0	0	0	0	0	0	0	0	0	0	0	0	0	0	1	0	0	0	0	0	0	0	0	0	0	0	0	0	0	0	0	0	0	0	0	0	0	0	0	0	0	0	0	0	0	0	0	0	0	0	0	0	0	0	0	0	0	0	0	0	0	0	0	0	0	0	0	0	0	0	0	0	0	0	0	0	0	0	0	0	0	0	0	0	0	0	0	0	0	0	0	0	0	0	0	0	0	0	0	0	0	0	0	0	0	0	0	0	0	0	0	0	0	0	0	1	0	0	0	0	0	0	0	0	0	0	0	0	0	0	0	0	0	0	0	0	0	0	0	0	0	0	0	0	0	0	0	0	0	0	0	0	0	0	0	0	0	0	0	0	0	0	0	0	0	0	0	0	0	0	0	0	0	0	0	0	0	0	0	0	0	0	0	0	0	0	0	0	0	0	0	0	0	0	0	0	0	0	0	0	0	0	0	0	0	0	0	0	0	0	0	0	0	0	0	0	0	0	0	0	0	0	0	0	0	0	0	0	0	0	0	0	0	0	0	0	0	0	0	0	0	0	0	0	0	0	0	0	0	0	0	0	1	0	0	0	0	0	0	0	0	0	0	0	0	0	0	0	0	0	0	0	0	0	0	0	0	0	0	0	0	0	0	0	0	0	0	0	0	0	0	0	0	0	0	0	0	0	0	0	0	0	0	0	0	0	0	0	0	0	0	0
Root;Bacteria;Fusobacteriota;Fusobacteriia;Fusobacteriales;Fusobacteriaceae;Fusobacterium;unclassified_Fusobacterium	JQ467792.1.1376	3	0	0	0	1	1	1	0	0	0	2	1	3	3	2	2	0	0	1	1	0	0	0	0	3	0	3	0	0	0	0	0	2	3	0	0	3	2	0	1	0	1	0	5	0	0	0	0	8	0	0	0	3	0	0	1	0	2	0	1	2	0	10	0	2	0	0	0	0	3	0	0	0	0	18	2	0	0	1	0	0	5	1	8	0	0	1	2	1	2	0	2	0	0	0	0	1	2	0	1	0	1	5	0	0	3	0	0	0	3	6	2	6	5	1	0	2	0	0	2	0	0	1	0	3	2	1	1	0	0	0	1	4	0	0	1	3	1	0	0	0	0	0	0	0	0	0	0	0	0	0	0	1	1	0	0	0	0	0	0	0	0	9	9	3	0	0	0	0	4	0	0	0	0	0	0	0	0	1	0	1	1	0	2	0	1	1	0	1	0	2	2	1	0	2	0	0	1	0	2	0	1	1	0	0	0	0	0	2	4	0	0	0	2	0	0	0	0	0	0	0	0	3	0	0	0	0	0	1	0	0	20	6	0	3	0	0	0	0	0	0	0	1	0	8	0	0	0	3	1	0	0	0	1	0	0	0	0	0	14	0	0	0	0	0	0	1	0	0	9	0	0	0	0	0	0	1	0	1	1	1	1	0	1	0	0	3	0	0	0	0	0	0	0	13	1	0	0	14	0	0	1	3	0	3	1	2	0	0	1	1	2	0	4	3	0	0	1	0	1	0	3	0	0	0	0	3	2	0	0	1	0	0	0	0	0	0	8	0	1	0	0	0	0	1	0	0	1	0	0	4	1	0	3	0	3	3	0	0	0	6	2	11	3	4	3	2	0	0	1	0	0	1
Root;Bacteria;Firmicutes;Bacilli;Lactobacillales;Streptococcaceae;Streptococcus;unclassified_Streptococcus	DQ805631.1.1404	0	0	0	0	0	0	0	0	0	0	0	0	0	0	0	0	0	0	0	0	0	0	0	0	0	0	0	1	0	0	0	0	0	0	0	0	0	0	0	0	0	0	0	0	0	0	0	0	0	1	0	0	1	0	0	0	0	0	1	0	0	0	0	0	0	0	0	0	0	1	0	0	0	1	0	0	0	0	1	1	1	0	0	0	0	0	0	0	0	0	0	0	0	0	0	0	0	0	0	0	0	0	0	0	0	0	0	0	0	0	0	0	0	0	0	0	0	0	0	0	0	0	0	0	0	0	0	0	0	0	2	0	0	0	0	0	0	0	0	0	0	0	0	0	0	0	0	0	0	0	0	0	0	1	0	0	0	0	0	0	0	0	0	0	1	14	0	0	0	0	0	0	0	0	0	0	0	0	0	0	0	0	0	0	0	0	0	0	0	0	0	0	0	0	0	0	0	1	0	0	0	0	0	0	0	0	0	0	0	0	0	0	0	0	0	0	0	0	0	0	0	0	0	0	0	1	0	0	0	0	0	1	0	1	0	0	0	0	0	0	0	0	0	0	0	0	0	0	0	0	0	0	0	0	0	0	0	0	0	0	2	0	0	0	0	0	0	0	0	0	0	0	0	0	0	0	0	0	0	0	0	2	0	0	0	0	0	0	0	0	0	0	0	0	0	0	0	1	0	0	0	0	0	0	2	1	0	0	0	0	0	0	0	0	0	0	0	0	0	0	0	0	0	1	0	0	0	1	0	0	0	0	2	1	0	0	0	0	1	0	0	0	0	0	0	0	0	1	0	0	0	3	0	0	1	0	0	0	1	0	0	0	0	4	0	0	1	0	0	0	0	0	0
Root;Bacteria;Bacteroidota;Bacteroidia;Flavobacteriales;Flavobacteriaceae;Capnocytophaga;Capnocytophaga_ochracea	JQ476405.1.1385	4	3	0	0	9	12	0	1	0	1	45	71	2	1	3	4	0	0	9	6	3	6	0	0	1	0	1	0	0	0	0	0	0	0	2	0	10	4	0	0	0	0	0	9	0	3	2	0	8	0	0	8	0	0	0	0	0	3	44	0	10	0	4	0	0	0	0	2	0	1	1	0	0	0	21	2	0	73	0	0	0	4	0	0	1	1	15	0	12	3	0	2	81	0	0	0	0	1	0	0	0	3	3	0	0	0	0	0	0	0	4	0	0	0	3	0	17	0	0	5	0	0	0	0	0	0	0	2	1	0	0	1	1	1	0	0	0	0	0	0	23	0	0	0	0	2	0	0	0	0	0	0	0	5	0	0	0	0	0	0	2	0	2	0	0	0	15	1	0	0	0	0	0	112	0	0	0	0	0	4	7	3	14	10	7	12	4	13	0	0	0	0	0	3	17	19	9	8	0	0	1	2	0	0	0	0	1	1	0	0	0	0	0	81	5	0	3	6	0	0	4	0	0	0	0	0	0	0	3	3	0	5	11	0	0	0	1	0	6	0	1	0	17	3	2	21	13	17	29	3	1	0	0	0	0	0	0	0	0	2	0	3	30	0	0	0	0	4	4	0	0	0	0	0	0	0	0	0	0	2	169	0	0	0	6	1	9	0	0	0	8	28	2	0	1	1	0	29	1	0	0	0	31	0	0	0	1	0	0	6	1	0	0	26	30	3	0	8	0	1	16	0	0	0	1	0	36	0	0	0	1	0	0	0	2	11	3	16	5	0	8	0	0	0	0	12	7	1	0	0	10	0	1	0	2	1	0	0	1	0	0	183	3	0	25	7	133	4	0	0	15	0	62
Root;Bacteria;Actinobacteriota;Actinomycetia;Actinomycetales;Micrococcaceae;Rothia;Rothia_aeria	JQ453094.1.1265	0	0	0	0	7	9	1	0	1	0	0	0	9	5	0	0	1	0	5	7	2	3	4	3	2	2	0	23	29	2	0	0	0	1	6	0	0	0	4	16	5	2	19	5	3	5	1	1	0	7	0	0	0	6	23	33	5	0	5	3	0	2	4	0	0	0	2	0	0	2	1	3	10	6	0	0	5	6	0	0	2	1	0	0	1	1	0	0	0	0	0	0	1	0	4	3	1	0	2	2	1	0	0	0	3	0	0	0	2	1	0	1	0	0	2	1	0	0	1	0	0	0	1	0	9	8	1	1	6	0	1	0	23	0	2	3	2	0	0	2	0	0	0	2	165	1	0	0	3	0	13	0	0	0	4	15	35	18	2	43	0	14	1	0	0	1	4	0	1	0	0	0	15	0	0	9	1	107	8	3	0	0	1	1	3	1	1	27	5	0	0	1	1	25	6	5	18	10	6	0	0	1	0	0	1	7	0	0	3	4	0	0	1	0	2	3	0	1	2	2	3	0	4	6	0	0	0	1	1	8	0	9	0	57	0	0	0	10	0	1	0	0	0	2	1	0	0	0	4	5	12	2	1	1	1	4	5	11	0	4	3	1	0	0	0	0	2	5	18	1	0	0	3	4	3	37	1	0	1	3	2	4	5	0	0	3	0	6	0	6	25	7	2	8	0	0	0	0	0	7	0	0	2	0	4	0	1	0	0	11	0	1	0	0	0	0	2	2	0	1	0	2	0	3	10	0	3	4	1	6	1	0	25	15	6	15	0	1	0	0	1	0	4	3	2	5	1	17	0	10	0	62	24	3	0	0	2	0	76	2	2	3	21	7	5	1	3	2	0	3	3	16	0
Root;Bacteria;Actinobacteriota;Actinomycetia;Actinomycetales;Micrococcaceae;Rothia;Rothia_aeria	KF691779.1.1235	0	0	0	0	0	1	0	0	0	0	0	0	0	0	0	0	0	0	0	0	0	0	0	0	0	0	0	0	0	0	0	0	0	0	0	0	0	0	0	0	0	0	0	0	0	0	0	0	0	0	0	0	0	0	0	0	0	0	0	0	0	0	0	0	0	0	0	0	0	0	0	0	0	0	0	0	0	0	0	0	0	0	0	0	0	0	0	0	0	0	0	0	0	0	0	0	0	0	0	0	0	0	0	0	0	0	1	0	0	0	0	0	0	0	0	0	0	0	0	0	0	0	0	0	0	0	0	1	0	0	0	0	0	0	0	0	0	0	0	0	0	0	0	0	0	0	0	0	0	0	0	0	0	0	0	0	0	1	0	0	0	0	0	0	0	0	0	0	0	0	0	0	0	0	0	0	0	0	0	0	0	0	0	0	0	0	0	0	0	0	0	0	0	0	0	0	0	0	0	0	0	0	0	0	0	0	0	0	0	0	0	0	0	0	0	0	0	0	0	0	0	0	0	0	0	0	0	0	0	0	0	0	0	1	0	0	0	0	0	0	0	0	0	0	0	0	0	0	0	0	0	0	0	0	0	0	0	1	0	0	0	0	0	0	0	0	0	0	1	0	0	0	0	0	0	0	0	0	0	0	0	0	0	0	0	1	0	0	0	1	0	0	0	0	0	0	0	0	0	0	0	0	0	0	0	0	0	0	0	0	0	0	0	0	0	0	0	0	0	0	0	0	0	0	0	0	0	0	0	0	0	0	0	0	0	0	0	0	0	0	0	0	0	0	0	0	0	0	0	0	0	0	1	0	0	0	0	0	0	0	0	0	0	0	0	0	0	0	0	0	0	0	0
Root;Bacteria;Fusobacteriota;Fusobacteriia;Fusobacteriales;Leptotrichiaceae;Leptotrichia_A;Leptotrichia_A_sp001274535	JQ451876.1.1374	0	1	0	0	0	0	1	0	0	0	0	0	9	11	4	0	0	0	0	0	0	2	29	28	8	0	20	0	0	0	0	10	26	31	7	0	0	0	0	10	11	12	1	1	8	19	5	0	33	0	4	0	3	6	0	0	0	3	0	1	1	0	20	38	23	18	1	7	4	20	40	0	0	0	9	0	1	2	0	0	0	30	14	0	21	25	0	0	0	0	0	12	42	0	23	2	0	6	0	0	0	0	0	0	0	1	0	0	0	6	0	3	0	19	7	0	12	0	0	42	0	0	0	0	1	1	1	14	24	0	2	4	0	0	0	0	0	12	8	0	6	0	0	7	0	12	1	2	7	181	0	0	0	0	3	13	0	0	3	0	3	22	54	0	0	0	4	0	0	1	0	0	1	0	0	0	4	0	0	0	0	0	13	9	4	2	0	10	0	0	18	18	0	0	0	0	0	21	1	0	1	0	0	11	3	0	1	0	0	0	9	0	0	18	0	0	2	1	51	42	0	0	13	3	1	0	0	12	0	37	1	1	0	1	0	0	33	0	0	3	14	0	1	1	1	1	0	112	0	0	0	0	0	0	0	0	0	12	0	0	1	1	0	0	0	0	0	0	0	1	24	8	0	0	0	0	0	9	18	0	0	76	23	4	0	0	0	0	6	23	0	0	0	0	0	2	0	0	6	1	7	5	3	0	0	0	4	2	0	12	0	6	0	0	0	0	0	9	2	5	0	70	0	0	0	0	0	1	19	40	3	0	0	0	0	27	4	139	2	23	2	0	0	0	3	1	0	85	12	0	165	0	2	0	3	0	0	1	0	0	0	1	61	20	5	13	47	0	0	1	1	0	0
Root;Bacteria;Actinobacteriota;Actinomycetia;Actinomycetales;Actinomycetaceae;Actinomyces;unclassified_Actinomyces	HQ850580.1.1385	0	0	0	0	0	0	1	0	4	1	0	0	0	2	0	0	0	3	2	0	0	0	0	2	0	0	0	0	0	0	0	0	0	0	0	0	1	0	0	0	0	1	4	0	0	0	0	0	0	0	0	1	0	0	0	0	0	0	0	0	1	0	1	0	0	2	0	0	0	0	0	0	1	0	0	0	0	3	0	0	0	0	0	0	1	0	0	0	0	0	0	0	0	0	0	0	0	1	0	0	0	0	0	0	1	0	0	0	0	0	1	0	2	0	3	0	0	0	0	0	0	1	2	2	0	0	0	0	2	0	0	0	0	0	0	0	1	1	0	0	0	0	0	0	0	0	0	0	0	0	1	0	0	0	1	0	0	0	0	0	1	0	0	0	0	0	0	0	0	10	0	0	0	0	0	0	0	0	0	1	0	0	0	0	0	0	0	0	0	0	0	0	0	0	0	0	0	1	0	0	0	0	0	0	0	0	0	0	0	0	0	0	0	0	0	0	0	0	0	0	0	0	0	0	0	0	0	0	0	0	0	0	0	8	2	0	0	0	0	1	0	0	0	0	0	0	0	0	0	0	6	0	0	0	0	0	0	0	1	1	0	0	0	1	0	0	0	0	0	1	0	0	0	1	0	0	0	0	0	3	0	28	2	0	0	4	0	2	0	1	0	0	0	0	0	0	0	0	0	0	0	0	0	0	0	1	0	1	0	1	0	0	0	0	0	0	0	0	0	0	0	0	1	0	1	0	0	0	0	0	0	0	0	0	4	0	0	1	1	0	0	0	1	0	0	0	0	1	0	0	0	0	0	0	0	0	0	2	0	0	0	0	0	6	0	0	1	0	0	0	0	2	0
Root;Bacteria;Bacteroidota;Bacteroidia;Bacteroidales;Porphyromonadaceae;Porphyromonas;unclassified_Porphyromonas	JQ454583.1.1399	0	0	0	0	0	0	0	0	0	0	23	31	2	3	0	0	0	0	3	8	0	1	38	40	0	0	0	0	0	0	0	3	0	45	0	0	0	0	5	0	0	0	0	0	0	7	0	0	0	0	0	0	0	0	2	0	0	3	27	5	1	89	81	0	20	30	0	0	0	0	7	0	0	0	8	0	0	0	0	0	0	0	4	14	0	0	0	0	0	0	0	0	4	0	1	0	0	49	3	0	0	0	0	0	0	14	0	0	0	0	0	0	0	0	17	0	9	0	1	0	0	0	0	0	1	0	4	0	0	0	0	41	6	0	0	0	0	0	0	0	0	0	0	0	0	4	0	0	0	2	0	0	0	0	20	0	0	0	0	0	1	0	23	0	3	0	0	3	0	0	0	0	0	2	0	0	0	0	0	0	25	9	0	0	0	0	0	0	68	0	24	31	0	0	0	0	0	7	1	0	2	2	0	61	10	0	0	17	0	3	10	0	0	0	10	0	6	3	65	71	0	0	0	0	1	0	0	0	0	0	0	0	0	0	0	0	0	15	0	0	0	0	205	0	0	36	8	31	0	0	0	0	0	0	0	0	0	0	9	0	0	0	0	0	0	0	0	0	0	0	0	0	0	0	0	0	0	1	1	0	926	28	0	1	0	0	4	5	13	0	0	58	2	0	0	0	0	15	94	0	0	0	28	0	0	0	0	0	0	245	30	0	0	0	0	0	0	0	1	0	0	0	0	0	0	0	2	1	0	0	31	0	0	0	7	0	0	0	0	0	0	0	0	0	0	0	3	0	0	0	0	0	0	39	0	25	23	0	0	0	0	169	25	0	30	1	104	1	0	0	180	0	8
Root;Bacteria;Actinobacteriota;Actinomycetia;Actinomycetales;Actinomycetaceae;Actinomyces;unclassified_Actinomyces	JF223997.1.1388	0	0	2	5	10	7	0	0	4	4	3	1	2	1	4	0	1	2	15	6	1	1	1	4	2	2	2	0	0	0	0	0	0	0	0	0	2	3	6	4	3	1	2	7	0	6	13	12	5	3	10	1	0	4	3	4	0	3	5	1	2	4	5	0	0	1	8	5	1	0	1	0	13	3	5	3	6	1	3	0	5	0	1	1	5	2	0	0	0	1	0	4	5	0	1	0	2	1	0	2	0	1	1	3	4	0	0	0	0	0	0	0	0	2	8	0	4	0	1	3	0	9	4	4	1	2	2	1	4	0	4	2	1	1	0	0	0	0	1	0	1	0	1	0	0	0	1	2	1	0	0	0	1	0	1	3	5	0	1	1	1	1	2	0	0	0	2	0	0	1	0	0	2	0	0	0	0	18	0	0	1	0	0	0	0	0	1	0	2	0	0	1	0	4	0	1	0	0	0	0	0	0	2	0	0	0	6	0	0	0	0	0	0	0	0	0	3	1	2	0	1	0	4	2	1	0	0	1	1	0	0	1	0	11	4	0	0	2	1	1	0	0	2	0	2	2	10	1	4	2	10	3	0	5	2	1	0	5	0	0	0	0	3	11	0	0	0	0	0	1	0	0	0	0	3	0	0	1	3	8	10	11	4	0	6	4	0	11	2	3	0	6	0	1	0	1	0	1	0	9	0	1	0	0	5	1	3	10	0	1	1	0	0	0	3	0	0	0	0	0	5	0	1	6	0	0	5	5	0	6	2	0	19	43	9	0	3	14	1	0	2	1	2	0	0	2	1	4	0	0	0	6	3	2	2	0	2	0	6	0	0	4	4	10	3	4	1	1	0	2	6	17	0
Root;Bacteria;Fusobacteriota;Fusobacteriia;Fusobacteriales;Leptotrichiaceae;Leptotrichia;unclassified_Leptotrichia	GU086173.1.1311	2	1	0	0	0	0	0	0	0	0	7	2	0	0	5	8	0	0	2	1	10	9	0	0	0	0	35	0	0	0	0	3	0	0	0	0	0	0	0	3	0	0	0	0	0	0	5	0	0	0	0	0	0	0	0	0	0	0	0	0	3	0	0	4	0	0	0	0	0	0	0	0	0	0	6	0	0	0	0	0	0	0	0	0	3	1	6	0	0	1	0	0	0	0	6	1	0	0	0	0	0	0	0	0	0	0	0	0	0	2	0	0	0	8	0	0	0	0	0	0	0	0	0	0	0	0	0	0	0	0	0	1	0	0	0	1	3	0	2	0	0	0	0	0	0	0	0	0	0	0	0	0	0	1	0	0	0	0	0	0	0	0	0	0	1	0	0	0	0	0	0	0	0	0	0	0	0	0	1	0	1	0	19	15	0	0	0	0	0	0	1	1	0	0	0	0	0	0	0	0	0	0	0	0	0	0	0	0	0	0	0	0	0	0	2	0	2	2	13	19	0	0	2	1	4	1	0	14	0	0	0	62	0	0	0	0	4	0	0	0	0	0	0	1	0	2	0	0	11	0	0	3	0	0	7	0	0	0	0	27	0	0	0	0	0	0	0	0	0	0	1	0	0	4	0	0	0	0	0	0	2	0	0	0	0	0	0	0	0	0	0	1	0	0	0	0	0	0	0	0	0	0	29	0	0	0	0	0	0	0	0	0	0	0	0	0	0	0	0	0	0	4	0	0	0	0	0	0	14	14	0	0	0	0	0	0	0	0	0	0	0	1	0	0	0	0	0	0	0	0	0	0	0	0	0	18	0	0	0	0	4	0	8	0	0	0	8	0	0	0	0	0	0
Root;Bacteria;Firmicutes_C;Negativicutes;Veillonellales;Veillonellaceae;Veillonella;unclassified_Veillonella	HQ757500.1.1466	0	0	0	0	0	0	1	0	0	0	1	0	0	0	0	0	0	0	0	0	0	0	0	0	0	0	0	0	0	1	0	0	0	0	0	11	0	0	0	0	0	0	0	0	0	0	0	0	0	0	0	2	0	0	1	0	0	0	0	0	0	0	0	2	0	0	0	0	0	0	0	0	0	0	0	0	0	0	0	0	0	0	0	0	2	1	0	0	1	0	0	0	0	0	0	0	0	0	0	0	0	0	0	3	0	0	17	0	0	0	0	0	0	0	0	0	0	0	0	0	0	0	0	1	0	0	0	0	0	0	0	0	0	0	0	0	0	0	1	0	0	0	0	0	0	0	0	0	0	0	0	0	0	0	0	0	0	0	2	0	0	0	0	0	0	33	0	0	0	0	0	0	0	0	0	0	0	0	0	0	0	0	0	1	0	0	0	0	0	0	0	1	1	12	0	0	0	0	1	0	0	0	0	0	0	0	0	0	0	0	0	0	0	0	1	0	3	7	0	0	2	0	0	0	0	0	0	1	0	0	0	0	0	0	0	0	0	1	0	0	0	0	0	0	0	0	0	1	0	0	0	0	0	0	1	0	0	1	0	0	0	0	0	0	85	0	0	0	0	0	0	0	0	0	0	0	5	0	0	0	0	0	0	0	0	1	0	0	0	0	0	1	0	1	0	0	0	1	0	2	0	0	0	0	1	2	0	1	0	0	0	0	0	0	0	0	0	0	0	0	0	0	0	1	0	0	0	0	0	0	0	0	1	2	0	2	0	0	0	0	0	0	0	0	0	13	0	0	0	0	0	0	0	0	359	0	0	0	0	0	0	0	0	0	0	0	1	0	0	0	2	0	0
Root;Bacteria;Bacteroidota;Bacteroidia;Bacteroidales;Bacteroidaceae;Prevotella;Prevotella_oris	JQ477259.1.1405	9	8	0	0	0	0	0	1	2	7	0	1	0	0	1	2	2	1	5	6	1	0	0	0	3	1	25	0	0	1	0	0	1	0	2	0	11	16	0	0	0	0	0	0	0	0	0	0	1	0	0	0	3	0	0	0	0	1	0	0	0	0	0	0	0	0	0	0	0	8	1	1	0	0	0	0	0	1	6	0	18	0	0	0	4	2	0	1	0	0	0	4	0	4	0	0	0	0	0	5	0	1	1	13	0	1	9	0	0	0	0	2	7	0	0	0	0	0	8	0	0	32	0	0	0	0	0	6	3	0	54	1	0	19	0	0	0	2	0	0	1	0	1	5	0	26	0	0	0	0	0	0	13	0	0	0	0	0	0	0	16	0	0	0	0	0	0	1	6	47	0	0	4	0	0	2	0	0	9	0	0	0	2	2	4	1	0	0	0	0	0	0	0	1	0	0	0	1	0	11	1	0	0	0	0	0	0	0	1	4	0	23	1	2	5	0	5	0	0	0	0	0	0	0	2	0	5	4	0	0	0	0	0	0	1	0	5	0	0	1	1	0	0	0	0	0	74	0	3	2	0	0	0	0	0	0	0	0	41	16	0	1	0	0	0	11	22	2	8	5	0	4	1	61	0	0	0	0	2	35	0	0	0	1	0	0	0	0	10	0	1	2	0	0	13	0	4	10	1	1	0	0	0	3	43	6	0	0	0	2	0	1	0	15	13	0	2	0	0	0	0	0	80	0	0	0	14	0	0	0	0	0	0	0	0	1	1	3	0	0	0	0	6	4	0	9	0	4	1	0	1	0	0	0	0	0	1	3	0	0	0	0	0	12	0	0	0	0	0	0	1	0	0
Root;Bacteria;Actinobacteriota;Actinomycetia;Actinomycetales;Actinomycetaceae;Actinomyces;Actinomyces_massiliensis	GQ388925.1.1497	0	0	0	0	0	1	0	0	0	0	0	0	0	0	0	0	0	0	0	0	0	0	1	0	0	0	0	0	0	0	0	0	0	0	0	0	0	0	0	0	0	0	0	0	0	0	0	0	0	0	0	0	0	0	0	0	0	0	0	0	0	0	0	0	0	0	0	0	0	0	0	0	0	0	0	0	0	0	0	0	0	0	0	0	0	0	0	0	0	0	0	0	0	0	0	0	0	0	0	0	0	0	0	0	0	0	0	0	0	0	0	0	0	0	0	0	0	0	0	0	0	0	0	0	0	0	0	0	0	0	0	0	0	0	0	0	0	0	0	0	0	0	0	0	0	0	0	0	0	0	0	0	0	0	0	0	0	0	0	0	0	0	0	0	0	0	0	0	0	0	0	0	0	0	0	0	0	0	0	0	0	0	0	0	0	0	0	0	0	0	1	0	0	0	0	0	0	0	0	0	0	0	0	0	0	0	0	0	0	0	0	0	0	0	0	0	0	0	0	0	0	0	0	0	0	0	0	2	0	0	0	0	0	0	0	0	0	0	0	0	0	0	0	0	0	0	1	0	0	0	0	0	0	0	0	0	0	0	0	0	0	0	0	0	0	0	0	0	0	0	0	0	0	0	0	0	0	0	0	0	0	0	0	0	0	0	0	0	0	0	0	0	0	2	0	0	0	0	0	0	0	0	0	0	0	0	0	0	0	0	0	0	0	0	0	0	0	0	0	0	0	0	0	0	0	0	0	0	0	1	0	0	0	0	0	0	0	0	0	0	0	0	0	0	0	0	0	0	0	0	0	0	0	0	0	0	0	0	0	0	0	1	0	1	0	0	0	0	0	0	0	0	0
Root;Bacteria;Firmicutes_A;Clostridia;Lachnospirales;Lachnospiraceae;Oribacterium;Oribacterium_sp000160135	GU227220.1.1446	1	0	0	0	0	0	0	0	0	0	0	0	3	0	1	0	0	0	2	0	0	0	0	0	1	0	2	0	0	0	0	0	0	5	0	0	1	0	0	1	0	0	0	0	0	0	0	0	1	0	0	0	0	0	0	0	0	0	0	0	1	0	0	0	0	0	0	0	0	0	0	0	0	0	0	0	0	0	2	0	2	2	0	0	0	0	0	0	0	2	0	0	0	2	0	0	0	0	0	1	0	0	0	0	0	0	0	0	0	0	0	0	0	0	0	0	0	0	0	0	0	0	0	0	0	0	2	0	0	0	0	0	0	0	0	0	0	0	0	0	1	0	0	0	0	3	0	0	0	0	0	0	0	0	0	0	0	0	0	0	1	0	0	0	0	0	0	0	0	0	1	0	0	0	0	0	0	0	1	0	0	0	0	1	0	0	0	2	0	0	2	1	6	0	0	0	0	0	0	0	0	0	0	0	0	0	0	1	0	0	0	6	1	0	2	0	0	0	0	0	0	0	2	0	0	0	2	0	0	2	0	2	0	0	1	0	4	0	0	0	0	0	0	0	0	0	12	0	0	0	0	0	0	0	0	1	0	0	1	0	0	0	0	0	0	0	1	0	1	0	0	2	0	7	0	1	0	0	0	14	0	0	0	0	1	0	2	0	0	0	1	4	0	0	0	0	0	0	1	14	0	0	0	0	1	2	0	0	0	0	0	1	0	1	0	1	0	0	0	0	0	0	16	0	2	0	0	0	0	0	1	0	0	0	0	0	0	0	0	0	0	1	0	0	0	2	0	0	0	2	0	0	0	1	0	0	0	0	0	0	0	0	0	2	0	0	0	0	0	0	0	0	3
Root;Bacteria;Firmicutes;Bacilli;Lactobacillales;Streptococcaceae;Streptococcus;unclassified_Streptococcus	GQ009473.1.1369	0	0	0	0	0	0	0	0	0	0	0	0	0	0	0	0	0	0	0	0	0	0	0	0	0	0	1	0	0	0	0	0	0	0	0	0	0	0	0	0	0	0	0	0	0	0	0	0	0	0	0	0	0	0	0	0	0	0	0	0	0	0	0	0	0	0	0	0	0	0	0	0	0	0	0	0	0	0	0	0	0	0	0	0	0	0	0	0	0	0	0	0	0	0	0	0	0	0	0	0	0	0	0	0	0	0	0	0	0	0	0	0	0	0	0	0	0	0	0	0	0	0	0	0	0	0	0	0	0	0	0	0	0	0	0	0	0	0	0	0	0	0	0	0	0	0	0	0	0	0	0	0	0	0	0	0	0	0	0	0	0	0	0	0	0	0	0	0	0	0	0	0	0	0	0	0	0	0	0	0	0	0	0	0	0	0	0	0	0	0	0	0	0	0	0	0	0	0	0	0	0	0	0	0	0	0	0	0	0	0	0	0	0	0	0	0	0	0	0	0	0	0	0	0	0	0	0	0	0	0	0	0	0	0	0	0	0	0	0	0	0	0	0	0	0	0	0	0	0	0	0	0	0	0	0	0	0	0	0	0	0	0	0	0	0	0	0	0	0	0	0	0	0	0	0	0	0	0	0	0	0	0	0	0	0	0	0	0	0	0	0	0	0	0	0	0	0	0	0	0	0	0	0	0	0	0	0	0	0	0	0	0	0	0	0	0	0	0	0	0	0	0	0	0	0	0	0	0	0	0	0	0	0	0	0	0	0	0	0	0	0	0	0	0	0	0	0	0	0	0	0	0	0	0	0	0	0	0	0	0	0	0	0	0	0	0	0	0	0	0	0	0	0
Root;Bacteria;Firmicutes;Bacilli;Lactobacillales;Streptococcaceae;Streptococcus;unclassified_Streptococcus	JF229576.1.1371	0	1	1	0	0	0	0	0	0	0	0	0	0	0	1	0	0	0	1	1	0	0	0	0	0	0	0	0	0	0	0	0	0	0	1	2	0	0	1	1	0	0	0	0	0	0	0	0	0	0	0	1	0	0	0	1	2	0	0	0	0	0	1	0	0	0	0	0	0	0	0	0	0	0	0	0	0	0	0	0	1	0	0	0	0	0	0	0	0	0	0	0	0	0	0	0	0	1	1	0	0	0	0	0	0	0	0	1	0	0	0	0	0	0	0	0	0	0	0	0	0	0	0	0	1	0	0	0	0	0	0	0	0	0	0	0	0	0	1	0	0	0	1	0	0	0	0	0	0	0	0	0	0	0	0	0	0	0	0	0	0	0	0	0	1	0	1	0	0	2	0	0	1	0	0	0	0	0	0	0	0	0	0	0	0	0	0	0	0	0	0	0	0	0	0	0	1	0	0	0	1	1	0	0	0	0	0	1	0	0	0	0	0	0	0	0	0	0	2	0	0	0	0	0	0	0	0	0	0	0	0	0	0	0	0	0	0	0	0	0	0	0	0	0	0	0	2	0	0	1	0	0	0	0	0	0	0	0	0	0	0	0	0	0	0	0	0	0	0	0	0	0	0	0	0	0	1	0	0	0	1	0	0	0	0	1	0	0	0	1	2	0	0	0	0	0	0	0	0	0	0	0	0	0	0	0	0	2	0	0	0	0	0	0	0	0	0	0	0	1	0	0	1	3	0	0	0	0	0	0	0	0	1	0	0	3	0	1	0	0	0	0	0	0	0	1	0	0	0	0	1	0	1	0	0	0	0	0	0	1	0	0	0	1	0	0	0	0	0	0	0	0	0
Root;Bacteria;Bacteroidota;Bacteroidia;Flavobacteriales;Flavobacteriaceae;Capnocytophaga;Capnocytophaga_granulosa	FJ823150.1.1405	0	0	0	0	1	2	5	7	1	0	3	6	4	10	1	1	0	0	0	0	0	0	2	0	3	0	1	0	0	1	0	6	15	0	16	0	0	0	0	0	0	0	0	49	0	1	0	0	30	0	0	0	10	0	0	0	0	5	2	0	0	7	2	0	0	2	0	14	8	1	7	42	0	0	14	1	0	0	0	0	1	0	0	0	8	3	0	0	16	1	0	4	4	0	6	2	0	0	0	5	1	10	0	0	0	0	0	0	0	7	0	4	0	0	9	1	4	0	0	12	0	0	0	0	0	0	0	0	0	0	1	1	2	0	0	0	0	0	15	1	1	0	1	0	0	1	0	1	2	0	0	0	0	0	11	0	0	3	0	3	0	0	0	0	0	1	3	0	0	10	27	1	0	2	0	0	0	0	0	6	0	0	1	1	0	0	2	28	0	0	19	20	0	0	13	9	25	3	0	0	12	5	0	1	0	13	0	79	0	0	0	0	0	9	23	4	4	7	0	0	16	0	0	0	0	0	12	2	27	0	0	58	0	0	0	0	1	0	4	3	0	0	1	6	1	39	4	8	10	3	3	0	0	1	16	0	0	1	0	1	0	0	0	1	0	0	0	2	2	0	0	0	0	0	0	0	0	0	0	0	4	0	5	2	4	0	3	10	97	0	1	1	0	0	0	1	0	13	0	0	0	0	6	0	11	28	53	0	0	2	0	3	0	3	1	4	0	51	5	0	0	2	0	0	5	0	0	2	0	0	1	0	0	0	0	12	0	6	0	15	0	73	0	0	0	45	12	0	0	2	0	0	3	12	2	12	0	0	1	0	5	3	4	0	0	35	0	1	0	2	1	0	12
Root;Bacteria;Proteobacteria;Gammaproteobacteria;Enterobacterales;Pasteurellaceae;Haemophilus_D;unclassified_Haemophilus_D	JQ455258.1.1386	0	0	0	0	0	0	0	0	0	0	0	0	0	0	0	0	1	1	0	0	1	0	0	0	0	0	0	0	0	3	0	0	2	0	0	0	0	0	0	0	0	0	0	0	1	4	0	0	0	0	0	0	0	1	0	0	1	0	0	0	0	0	1	2	0	0	0	0	0	0	4	0	1	1	0	0	0	0	0	0	0	0	11	0	0	0	0	1	0	0	0	0	0	0	0	0	7	0	0	1	0	0	0	0	0	0	0	20	0	1	1	0	0	0	0	0	0	0	0	0	0	0	0	0	0	0	0	0	0	0	1	0	0	0	0	0	0	0	0	0	0	0	0	0	0	1	0	0	0	0	0	0	0	0	0	0	0	0	0	0	0	6	4	0	2	1	0	0	0	0	0	0	0	1	0	0	0	0	1	0	2	2	0	0	0	0	0	0	0	0	0	0	0	0	0	0	0	0	0	0	0	0	0	0	0	0	1	0	0	1	0	0	0	0	0	0	0	0	0	0	0	0	2	0	0	0	0	0	0	0	0	2	0	2	0	0	0	0	0	0	0	0	0	0	0	0	0	0	0	2	5	3	0	0	0	0	0	1	1	2	0	0	0	0	0	0	0	0	0	0	0	0	0	0	0	0	0	1	1	0	0	0	0	0	0	1	0	7	0	4	6	0	0	0	0	0	0	0	0	0	0	0	0	0	1	0	0	0	0	0	0	0	0	0	0	0	0	0	0	0	0	0	0	1	0	0	0	0	5	36	0	0	1	1	0	0	0	1	0	0	0	0	0	0	0	0	0	0	0	0	0	2	0	0	4	0	0	0	1	1	0	1	0	2	0	0	0	0	0	0	0	1	0
Root;Bacteria;Firmicutes_C;Negativicutes;Veillonellales;Veillonellaceae;Veillonella;unclassified_Veillonella	JQ467834.1.1286	0	0	0	0	0	0	0	0	0	0	0	0	0	0	0	0	0	0	0	0	0	0	0	0	0	0	0	0	0	0	0	0	0	0	0	0	0	0	0	0	0	0	0	0	0	0	0	0	0	0	0	0	0	0	0	0	0	0	0	0	0	0	0	0	0	0	0	0	0	0	0	0	0	0	0	0	0	0	0	0	0	0	0	0	0	0	0	0	0	0	0	0	0	0	0	0	0	0	0	0	0	0	0	0	0	0	0	0	0	0	0	0	0	0	0	0	0	0	0	0	0	0	0	0	0	0	0	0	0	0	0	0	0	0	0	0	0	0	0	0	0	0	0	0	0	0	0	0	0	0	0	0	0	0	0	0	0	0	0	0	0	0	0	0	1	0	0	0	0	1	0	0	0	0	0	0	0	0	0	0	0	0	0	0	0	0	0	0	0	0	0	0	0	1	0	0	0	0	0	0	0	0	0	0	0	0	0	0	0	0	0	0	0	0	0	0	0	0	0	0	0	0	0	0	0	0	0	0	0	0	0	0	0	0	0	0	0	0	0	0	0	0	0	0	0	0	0	0	0	0	0	0	0	0	0	0	0	0	0	0	0	0	0	0	0	0	0	0	0	0	0	0	0	0	0	0	1	0	0	0	0	0	0	0	0	0	0	0	0	0	0	0	0	0	0	0	0	0	0	0	0	0	0	0	0	0	0	0	0	0	0	0	0	0	0	0	0	0	0	0	0	0	0	0	0	0	0	0	0	0	0	0	0	0	0	0	0	0	0	0	0	0	0	0	0	0	0	0	0	0	0	0	0	0	0	0	0	0	0	0	0	0	0	0	0	0	0	0	0	0	0	0	0
Root;Bacteria;Firmicutes;Bacilli;Lactobacillales;Streptococcaceae;Streptococcus;unclassified_Streptococcus	JF231386.1.1369	0	0	0	1	0	0	0	4	2	3	2	3	0	0	0	1	102	146	2	2	0	0	1	0	1	0	0	0	0	2	1	0	0	0	0	14	0	0	0	0	0	0	6	0	0	0	0	0	0	2	0	3	0	1	0	0	0	0	0	2	2	2	0	0	0	2	12	0	0	0	0	9	4	0	0	0	7	0	20	2	0	0	1	0	0	4	0	0	1	0	0	0	1	9	2	1	0	0	0	3	0	0	0	0	0	0	0	0	0	1	0	0	0	0	0	0	0	0	0	1	0	0	1	0	0	0	1	0	0	0	1	0	1	0	0	0	1	0	0	0	0	0	36	2	2	0	0	0	0	0	0	0	6	0	0	0	1	0	1	4	1	0	1	0	0	18	1	0	0	3	0	0	0	0	0	0	0	0	0	1	0	0	0	2	0	0	0	4	0	0	1	0	0	3	3	0	0	0	2	1	1	1	1	0	0	0	2	3	2	4	0	0	1	0	0	0	1	1	2	6	2	0	0	0	0	0	1	0	0	0	1	1	0	3	2	0	0	0	0	0	0	0	0	2	0	11	0	0	0	1	1	10	0	1	0	1	0	1	1	7	0	1	0	0	17	0	0	0	0	0	0	0	1	0	0	0	79	0	0	1	0	0	0	0	0	2	0	0	1	0	1	0	0	0	0	0	0	1	0	6	0	0	0	0	0	3	0	9	0	0	0	0	20	0	0	0	0	0	0	0	0	0	0	9	3	0	1	0	0	0	2	0	2	1	0	8	0	0	0	1	7	0	0	16	9	42	0	0	0	0	0	14	0	0	312	0	0	0	0	0	7	0	0	3	0	0	0	0	0	0	0	4	0
Root;Bacteria;Proteobacteria;Gammaproteobacteria;Enterobacterales;Pasteurellaceae;Haemophilus_D;unclassified_Haemophilus_D	JQ456203.1.1331	0	0	0	0	0	0	0	0	0	0	0	0	1	0	0	0	1	4	0	0	0	0	0	0	0	0	0	0	0	0	0	0	0	0	0	0	0	0	0	0	0	0	1	0	0	2	0	1	0	0	0	0	0	15	0	0	0	0	0	0	1	0	0	2	0	1	0	0	0	0	3	0	1	0	0	0	0	0	0	0	0	0	2	0	0	0	0	1	0	0	0	0	0	0	0	0	0	2	0	0	0	0	0	0	0	0	0	4	0	1	0	2	0	0	1	0	0	0	0	0	0	0	1	1	0	0	0	0	0	0	0	0	0	1	0	8	1	2	0	0	0	0	0	0	0	0	0	0	0	3	0	0	0	0	0	0	0	10	1	0	0	0	0	0	1	0	0	0	0	0	0	0	2	0	0	2	0	34	0	0	2	0	2	10	0	0	0	1	0	0	0	0	2	0	0	0	2	0	0	0	0	0	0	0	0	0	12	0	0	0	0	0	5	0	0	0	0	0	2	4	0	0	0	0	0	0	0	1	0	0	0	0	0	0	1	0	0	8	0	0	0	0	0	0	0	0	0	0	2	1	0	9	0	0	0	0	0	0	0	0	1	0	0	3	0	0	0	0	0	0	0	0	0	0	0	0	0	0	1	0	0	0	0	0	1	11	0	1	0	1	3	8	1	11	2	0	22	0	0	0	0	0	0	0	6	0	0	0	0	0	0	0	6	0	0	0	0	0	0	0	0	2	0	0	0	0	1	0	0	0	0	0	0	0	0	0	0	0	0	7	0	0	0	1	0	0	0	0	0	1	0	0	0	0	0	0	0	0	9	0	0	0	1	0	0	0	0	0	0	0	0	3	0
Root;Bacteria;Bacteroidota;Bacteroidia;Bacteroidales;Bacteroidaceae;Bacteroides;Bacteroides_stercoris	HQ766831.1.1428	0	0	0	0	0	0	0	0	0	0	0	0	0	0	0	0	0	0	0	0	0	0	0	0	0	0	0	0	0	0	0	0	0	0	0	0	0	0	0	0	0	0	0	0	0	0	0	0	0	0	0	0	0	0	0	0	0	0	0	0	0	0	0	0	0	0	0	0	0	0	0	0	0	0	0	0	0	0	0	0	0	0	0	0	0	0	0	0	0	0	0	0	0	0	0	0	0	0	0	0	0	0	0	0	0	0	0	0	0	0	0	0	0	0	0	0	0	0	0	0	0	0	0	0	0	0	0	0	0	0	0	0	0	0	0	0	0	0	0	0	0	0	0	0	0	0	0	0	0	0	0	0	0	0	0	0	0	0	0	0	0	0	0	0	0	0	0	0	0	0	0	0	0	0	0	0	0	1	0	0	0	0	0	0	0	0	0	0	0	0	0	0	0	0	0	0	0	0	0	0	0	0	0	0	0	0	0	0	0	0	0	0	0	0	0	0	0	0	0	0	0	0	0	0	0	0	0	0	0	0	0	0	0	0	0	0	0	0	0	0	0	0	0	0	0	0	0	0	0	0	0	0	0	0	0	0	0	0	0	0	0	0	0	0	0	0	0	0	0	0	0	0	0	1	0	0	0	0	0	0	0	0	0	0	0	0	0	0	0	0	0	0	0	0	0	0	0	0	0	0	0	0	0	0	0	0	0	0	0	0	0	0	0	0	0	0	0	0	0	0	0	0	0	0	0	0	0	0	0	0	0	0	0	0	0	0	0	0	0	0	0	0	0	0	0	0	0	0	0	0	0	0	0	0	0	0	0	0	0	0	0	0	0	0	0	0	0	0	0	0	0	0	0
Root;Bacteria;Firmicutes;Bacilli;Lactobacillales;Streptococcaceae;Streptococcus;unclassified_Streptococcus	FJ558066.1.1408	0	0	0	0	0	0	0	1	0	0	0	0	0	0	0	0	0	0	0	0	0	0	0	0	0	0	0	0	1	0	0	0	0	0	0	0	0	0	0	0	1	0	0	1	0	0	0	0	0	0	0	1	0	0	1	1	0	0	0	1	0	0	0	0	0	0	1	0	0	1	2	0	0	1	0	0	0	0	2	0	0	0	0	0	0	0	0	0	0	0	0	0	0	0	0	0	0	0	0	0	0	1	0	0	0	0	0	0	0	0	0	0	0	0	0	0	0	0	0	0	0	4	0	0	0	0	0	0	0	0	0	0	0	1	0	0	0	0	0	0	0	0	0	0	0	0	0	0	0	0	0	0	0	0	0	0	0	0	0	0	0	0	0	0	0	0	0	0	0	0	0	0	0	0	0	0	0	0	5	0	0	0	0	0	0	0	0	0	0	0	0	0	0	0	0	0	0	0	0	0	1	0	0	0	0	0	0	0	0	0	0	0	0	0	0	0	0	0	0	0	0	0	0	0	0	0	0	0	0	0	0	0	0	0	0	0	0	0	0	0	0	0	0	1	0	0	1	0	0	0	2	0	0	0	0	0	0	0	0	0	0	0	0	0	0	0	0	0	0	0	0	0	0	1	0	0	0	0	0	0	0	0	0	0	0	0	0	0	0	0	2	0	0	0	1	0	0	0	0	0	0	0	0	0	0	0	0	0	0	0	0	0	0	0	0	0	0	0	0	0	0	0	1	0	0	0	0	0	0	0	0	0	0	0	0	0	0	0	0	0	0	0	0	0	0	0	0	0	0	0	0	0	0	1	0	1	0	0	0	0	0	0	0	2	0	0	0	0	0	0	0	0	0
Root;Bacteria;Actinobacteriota;Actinomycetia;Actinomycetales;Actinomycetaceae;Actinomyces;unclassified_Actinomyces	JQ453324.1.1369	0	0	0	0	0	0	0	0	0	0	0	0	0	0	0	0	0	0	0	0	0	0	0	0	0	0	0	0	0	0	0	0	0	0	0	0	1	0	0	0	1	0	0	0	0	0	0	0	0	1	0	0	2	0	1	0	0	0	0	0	0	0	0	0	0	0	0	0	0	0	0	0	0	0	0	0	0	0	0	0	0	0	0	0	0	0	0	0	0	0	0	0	0	0	0	0	0	0	0	0	0	0	0	0	0	0	0	0	0	0	0	0	0	0	0	0	0	0	0	0	0	0	0	0	0	0	0	1	1	0	0	0	0	0	0	0	0	0	0	0	0	0	0	0	0	0	0	0	0	0	0	0	0	0	0	0	0	0	0	0	0	0	0	0	0	0	0	0	0	0	0	0	0	0	0	0	0	0	0	0	0	0	0	0	0	0	0	0	0	0	0	0	0	0	0	0	0	0	0	0	0	0	1	0	0	0	0	0	0	0	0	0	0	0	0	0	0	0	0	0	0	0	0	0	0	0	0	0	0	0	0	0	0	0	1	0	0	0	0	0	0	0	0	0	0	0	1	0	0	0	0	0	0	0	0	0	0	0	0	0	0	0	0	0	0	0	0	0	0	0	0	0	0	0	0	0	0	0	0	0	0	1	0	0	0	0	0	0	0	0	0	0	0	0	0	2	0	0	0	0	0	0	0	0	0	1	0	0	0	0	0	0	0	1	0	0	0	0	0	0	0	0	0	0	0	0	0	0	0	0	0	0	0	0	0	0	0	0	0	0	0	0	0	0	0	0	0	0	0	0	0	0	0	0	0	0	0	0	0	0	0	0	0	0	0	0	0	0	0	0	0	0	0
Root;Bacteria;Bacteroidota;Bacteroidia;Flavobacteriales;Flavobacteriaceae;Capnocytophaga;unclassified_Capnocytophaga	JQ467268.1.1377	0	0	0	0	0	0	0	0	0	0	0	0	0	0	0	0	0	0	2	3	0	0	0	0	0	0	0	0	0	0	0	0	0	0	0	0	0	0	0	0	0	0	0	0	0	0	0	0	0	0	0	0	0	0	0	0	0	0	0	0	0	0	0	0	0	0	1	0	0	0	0	0	0	0	0	0	0	0	0	0	0	0	0	0	0	0	1	0	0	1	0	0	0	0	0	0	0	0	0	0	0	4	0	0	0	0	0	0	0	0	0	0	0	0	0	0	0	0	0	1	0	0	0	0	0	0	0	0	0	0	0	0	0	0	0	0	0	0	0	0	0	0	0	0	0	0	0	0	0	0	0	0	0	0	0	0	0	0	0	0	0	0	0	0	0	0	0	0	0	0	0	0	0	0	0	0	0	0	0	0	2	1	0	0	0	0	0	0	0	0	0	0	1	0	0	0	0	0	0	0	0	0	0	0	0	0	0	4	0	0	0	0	0	0	1	0	0	0	0	0	0	0	0	0	0	0	0	0	0	0	0	0	1	0	0	0	0	2	3	0	0	0	0	0	0	0	0	0	0	0	0	0	0	0	0	0	0	0	0	0	0	0	0	0	0	0	0	0	0	0	0	0	0	0	0	0	0	0	0	0	0	0	0	0	0	0	0	0	0	0	0	0	0	0	0	0	0	0	0	0	0	0	0	0	0	0	0	0	0	0	0	0	0	0	0	0	0	0	0	0	0	0	0	0	0	0	0	0	0	0	0	0	0	0	0	0	0	0	0	0	0	0	0	0	0	0	0	0	0	0	0	0	0	1	0	0	0	0	0	0	0	0	0	0	0	0	0	0	0	0	1	0	0
Root;Bacteria;Firmicutes;Bacilli;Staphylococcales;Gemellaceae;Gemella;unclassified_Gemella	JF168559.1.1378	0	0	0	0	0	0	0	0	0	0	0	0	0	0	0	0	0	0	0	0	0	0	0	0	0	0	0	0	0	0	0	0	0	0	0	0	0	0	0	0	0	0	0	0	0	0	0	0	0	0	0	0	0	0	0	0	0	0	0	0	0	0	0	0	0	0	0	0	0	0	0	0	0	0	0	0	0	0	0	0	0	0	0	0	0	0	0	0	0	0	0	0	0	0	0	0	0	0	0	0	0	0	0	0	0	0	0	0	0	0	0	0	0	0	0	0	0	0	0	0	0	0	0	0	0	0	0	0	0	0	0	0	0	0	0	0	0	0	0	0	0	0	0	0	0	0	0	0	0	0	0	0	0	0	0	0	0	0	0	0	0	0	0	0	0	0	0	0	0	0	0	0	0	0	0	0	0	0	0	0	1	0	0	0	0	0	0	0	0	0	0	0	0	0	0	0	0	0	0	0	0	0	0	0	0	0	0	0	0	0	0	0	0	0	0	0	0	0	0	0	0	0	0	0	0	0	0	0	0	0	0	0	0	0	0	0	0	0	0	0	0	0	0	0	0	0	0	0	0	0	0	0	0	0	0	0	0	0	0	0	0	0	0	0	0	0	0	0	0	0	0	0	0	0	0	0	0	0	0	0	0	0	0	0	0	0	0	0	0	0	0	0	0	0	0	0	0	0	0	0	0	0	0	0	9	0	0	0	0	0	0	0	0	0	0	0	0	0	0	0	0	0	0	0	0	0	0	0	0	0	0	0	0	0	0	0	0	0	0	0	0	0	0	0	0	0	0	0	0	0	0	0	0	0	0	0	0	0	0	0	0	0	0	0	0	0	0	0	0	0	0	0	0
Root;Bacteria;Actinobacteriota;Actinomycetia;Actinomycetales;Micrococcaceae;Rothia;Rothia_dentocariosa	JF188434.1.1345	0	0	0	0	0	0	0	0	1	1	0	0	0	0	0	0	0	1	0	0	0	0	0	0	0	0	0	45	0	1	0	0	0	0	0	0	1	0	3	3	4	5	0	2	0	3	14	21	0	0	0	0	1	10	0	0	0	8	0	0	0	0	1	0	0	0	0	0	0	0	0	0	1	13	0	0	10	0	8	4	0	0	0	3	2	0	0	0	1	1	0	0	0	3	4	0	0	2	1	5	4	0	0	0	15	0	0	0	0	0	0	0	1	0	0	0	0	0	0	0	0	43	0	0	0	0	0	1	0	0	23	4	1	2	1	0	2	4	0	0	2	0	0	0	0	0	0	0	0	0	0	0	17	0	0	0	0	0	0	0	0	0	2	0	0	0	0	0	0	1	3	0	0	0	0	0	0	0	0	1	0	0	10	0	0	0	0	0	0	0	0	0	0	0	0	0	0	0	0	0	2	0	0	0	0	0	0	0	0	0	0	0	0	0	0	2	5	0	2	0	0	0	0	0	0	0	0	0	0	0	0	0	0	0	0	0	0	0	0	0	0	0	0	2	1	5	0	0	0	14	0	0	0	0	0	3	0	0	11	1	0	0	1	0	0	0	0	0	0	0	0	0	0	0	0	0	0	0	0	0	0	7	9	0	24	18	0	0	0	5	0	0	0	0	0	2	0	2	0	0	0	0	0	0	0	0	0	7	0	0	0	0	9	0	0	0	0	0	0	0	0	0	7	0	0	0	1	27	0	0	0	0	0	0	0	1	0	0	0	1	16	0	0	0	0	3	0	0	0	0	0	0	1	1	0	0	0	0	0	0	0	0	0	31	2	0	0	0	0	0	3	2	5
Root;Bacteria;Bacteroidota;Bacteroidia;Bacteroidales;Bacteroidaceae;Prevotella;Prevotella_oulorum	JQ472047.1.1396	5	9	1	2	3	1	0	0	0	0	0	3	0	0	3	3	2	2	3	3	0	1	0	0	8	3	14	0	0	0	0	0	5	10	3	0	0	0	0	0	0	0	0	1	6	0	0	0	0	0	1	1	0	0	0	0	0	0	0	0	0	1	0	10	0	0	0	4	1	1	0	0	0	0	0	22	0	1	14	0	2	0	0	0	4	5	0	0	16	1	0	2	0	25	0	0	0	4	0	0	0	1	15	0	1	0	0	0	0	1	1	46	3	5	1	0	5	0	0	6	0	0	0	0	0	0	8	0	0	0	0	0	0	1	0	2	2	0	0	0	0	0	1	3	0	3	0	0	0	1	0	0	1	0	0	3	0	0	0	0	0	0	2	0	0	2	0	10	1	0	0	0	10	1	0	17	0	0	0	0	1	0	0	0	6	4	0	2	2	0	0	1	66	0	0	0	0	1	0	0	0	0	0	0	0	2	0	3	0	3	1	4	3	17	0	0	15	10	0	1	29	0	39	0	4	0	5	23	87	0	2	7	13	0	0	0	9	0	0	0	0	0	0	3	11	2	6	5	7	0	0	0	0	0	8	0	0	0	39	0	0	0	0	0	0	0	0	3	1	0	0	2	0	0	0	0	1	0	0	10	16	0	0	0	1	0	11	9	1	0	0	35	4	0	7	0	0	1	0	13	1	0	0	1	3	0	0	11	0	24	1	33	0	0	2	0	0	10	1	34	0	0	8	0	0	0	7	0	0	0	1	0	0	0	0	5	15	0	0	0	39	1	1	0	0	1	0	1	0	10	6	0	0	1	4	0	1	0	0	0	2	28	0	0	0	0	3	0	0	5	88	0	0
Root;Bacteria;Bacteroidota;Bacteroidia;Flavobacteriales;Flavobacteriaceae;Capnocytophaga;Capnocytophaga_endodontalis	JF136468.1.1355	0	0	0	0	0	0	0	0	0	0	0	0	0	0	0	0	0	0	0	0	0	0	0	0	0	0	0	0	0	0	0	0	0	0	0	0	1	0	0	0	0	0	0	0	0	0	0	0	0	0	0	1	0	0	0	0	0	0	0	0	0	0	0	0	0	0	0	1	0	0	0	0	0	0	0	0	0	0	0	0	0	0	0	0	1	1	0	0	0	0	0	0	0	0	0	0	0	0	0	0	0	0	0	0	0	0	0	0	0	0	0	0	0	0	0	0	1	0	0	0	0	0	0	0	0	0	0	0	0	0	0	0	0	0	0	0	0	0	0	0	0	0	0	0	0	1	0	0	0	0	0	0	0	0	0	0	0	0	0	0	0	0	0	0	0	0	0	0	0	0	0	0	0	0	0	0	0	0	0	2	0	0	0	0	0	0	0	0	0	0	0	0	0	0	0	0	0	0	0	0	0	0	0	0	0	0	0	0	1	0	0	0	0	0	0	0	1	1	2	0	0	0	0	0	0	0	0	1	0	0	0	0	0	0	0	0	0	0	0	0	0	0	0	2	0	0	0	0	0	0	0	0	0	0	0	0	0	0	0	0	0	0	0	0	0	0	0	0	0	0	0	0	0	0	0	0	0	0	0	0	3	0	0	0	0	0	0	0	1	0	0	0	0	0	0	0	0	0	0	0	0	0	0	0	1	0	0	0	0	0	0	0	0	0	0	0	0	0	0	1	1	0	0	0	0	0	0	0	0	0	2	0	0	0	1	0	0	0	0	0	0	0	0	0	0	0	0	0	0	0	0	0	0	0	0	0	0	0	0	0	0	0	0	0	0	0	0	0	0	0	0	0	1
Root;Bacteria;Firmicutes;Bacilli;Staphylococcales;Gemellaceae;Gemella;unclassified_Gemella	JF189736.1.1372	0	0	0	0	0	0	0	0	0	0	0	0	0	0	0	0	0	0	0	0	0	0	0	0	0	0	0	0	0	0	0	0	0	0	0	0	0	0	0	0	0	0	0	0	0	0	0	0	0	0	0	0	0	0	1	0	0	0	0	0	0	0	0	0	0	0	0	0	0	0	0	0	0	0	0	0	0	0	0	0	0	0	0	0	0	0	0	0	0	0	0	0	0	0	0	0	0	0	0	0	0	0	0	0	0	0	0	0	0	0	0	0	0	0	0	0	0	0	0	0	0	0	0	0	0	0	0	0	0	0	0	0	0	0	0	0	0	0	0	0	0	0	0	0	0	0	0	0	0	0	0	0	0	0	0	0	0	0	0	0	0	0	0	0	0	0	0	0	0	0	0	0	0	0	0	0	0	0	0	0	0	0	0	0	0	0	0	0	0	0	0	0	0	0	0	0	0	0	0	0	0	0	0	0	0	0	0	0	0	0	0	0	0	0	0	0	0	0	0	0	0	0	0	0	0	0	0	0	0	0	0	0	0	0	0	0	0	0	0	0	0	0	0	0	0	0	0	0	0	0	0	0	0	0	0	0	0	0	0	0	0	0	0	0	0	0	0	0	0	0	0	0	0	0	0	0	0	0	0	0	0	0	0	0	0	0	0	0	0	0	0	0	0	0	0	0	0	0	0	0	0	0	0	0	0	0	0	0	0	0	0	0	0	0	0	0	0	0	0	0	0	0	0	0	0	0	0	0	0	0	0	0	0	0	0	0	0	0	0	0	0	0	0	0	0	0	0	0	0	0	0	0	0	0	0	0	0	0	0	0	0	0	0	0	0	0	0	0	0	0	0	0	0
Root;Bacteria;Fusobacteriota;Fusobacteriia;Fusobacteriales;Leptotrichiaceae;Leptotrichia;Leptotrichia_massiliensis	JQ467052.1.1380	3	6	0	0	0	0	1	0	0	0	1	0	2	4	4	5	0	0	0	0	3	1	9	13	44	16	52	0	0	0	0	6	0	24	27	0	238	245	3	0	0	0	0	52	0	0	0	3	71	0	0	4	0	0	2	0	0	28	0	1	1	48	8	2	0	0	0	0	0	18	0	5	1	0	8	10	4	163	0	0	24	0	0	1	4	3	4	3	1	0	0	17	19	0	13	2	0	0	0	21	6	2	9	9	0	2	0	0	0	51	4	0	0	0	0	0	5	0	5	33	0	0	0	0	0	2	0	31	37	0	0	3	2	0	0	0	0	0	0	0	2	0	2	1	0	0	0	13	15	22	0	1	3	16	62	61	0	0	0	0	4	0	10	0	11	0	0	2	0	83	0	0	0	173	0	5	0	0	0	0	0	1	0	0	0	56	47	2	32	0	125	107	0	0	5	0	0	17	3	362	6	13	0	7	1	2	1	0	0	0	5	0	0	12	1	0	0	2	0	0	0	0	0	0	0	0	5	14	1	0	0	1	38	0	2	0	19	22	46	3	0	0	0	2	0	0	31	15	0	2	0	0	12	34	0	26	4	0	0	9	1	36	0	0	0	0	1	0	0	0	5	2	1	0	0	0	1	0	0	0	0	15	0	2	0	0	0	0	0	0	0	15	1	0	0	0	0	0	0	0	0	0	8	0	548	1	0	0	0	44	8	0	0	10	3	0	1	53	4	0	0	40	0	0	0	0	2	0	0	0	0	0	0	0	17	0	0	0	18	0	0	0	0	0	10	1	0	28	0	0	7	0	4	44	0	88	1	0	0	0	17	280	1	0	1	10	58	3	0	0	0	0	0
Root;Bacteria;Bacteroidota;Bacteroidia;Bacteroidales;Bacteroidaceae;Bacteroides;unclassified_Bacteroides	HQ759757.1.1433	0	0	0	0	0	0	0	0	0	0	0	0	0	0	0	0	0	0	0	0	0	0	0	0	0	0	0	0	0	0	0	0	0	0	0	0	0	0	0	0	0	0	0	0	0	0	0	0	0	0	0	0	0	0	0	0	0	0	0	0	0	0	0	0	0	0	0	0	0	0	0	0	0	0	0	0	0	0	0	0	0	0	0	0	0	0	0	0	0	0	0	0	0	0	0	0	0	0	0	0	0	0	0	0	0	0	0	0	0	0	0	0	0	0	0	0	0	0	0	0	0	0	0	0	0	0	0	0	0	0	0	0	0	0	0	0	0	0	0	0	0	0	0	1	0	0	0	0	0	0	0	0	0	0	0	0	0	0	0	0	0	0	0	0	0	0	0	0	0	0	0	0	0	0	0	0	0	3	0	0	0	0	0	0	0	0	0	0	0	0	0	0	0	0	0	0	0	0	0	0	1	0	0	0	0	0	0	0	0	0	0	0	0	0	0	0	0	0	0	0	0	0	0	0	0	0	0	0	0	0	0	0	0	0	0	0	0	0	0	0	0	0	0	0	0	0	0	0	0	0	0	0	0	0	0	0	0	0	0	0	0	0	0	0	0	0	0	0	0	0	0	0	0	0	0	0	0	0	0	0	0	0	0	0	0	0	0	0	0	0	0	0	0	0	0	0	0	0	0	0	0	0	0	0	0	0	0	0	0	0	0	0	0	0	0	0	0	0	0	0	0	0	0	0	0	0	0	0	0	0	0	0	0	0	0	0	0	0	0	0	0	0	0	0	8	0	0	0	0	0	0	0	0	0	0	0	0	0	0	0	0	0	0	0	0	0	0	0	0	0	0	0	0
Root;Bacteria;Firmicutes_A;Clostridia;Lachnospirales;Lachnospiraceae;Catonella;Catonella_morbi	JQ465113.1.1394	0	0	1	0	0	0	0	0	0	0	0	0	0	0	0	0	0	0	0	0	0	0	0	0	0	0	0	0	0	0	0	0	0	0	0	0	0	0	0	0	0	0	0	0	0	0	0	0	0	0	0	0	0	0	0	0	0	0	0	0	0	0	0	0	0	0	0	0	0	0	0	0	0	0	0	0	0	0	0	0	0	0	0	0	0	0	0	0	0	0	0	0	0	0	0	0	0	0	0	0	0	0	0	0	0	0	0	0	0	0	0	0	0	0	0	0	0	0	0	0	0	0	0	0	0	0	0	1	0	0	0	0	0	0	0	0	1	0	0	0	0	0	0	0	0	0	0	0	0	0	0	0	0	0	0	0	0	0	0	0	0	0	0	0	0	0	0	0	0	0	0	0	0	0	0	0	0	0	0	0	0	0	0	0	0	0	0	0	0	0	0	0	0	0	0	0	0	0	0	0	0	0	0	0	0	0	0	0	0	0	0	0	0	0	0	0	0	0	0	0	0	0	0	0	0	0	0	0	0	0	0	0	0	0	0	0	0	0	0	0	0	0	0	0	0	0	0	0	0	0	0	0	0	0	0	0	0	0	0	0	0	0	0	0	0	0	0	0	0	0	0	0	0	0	0	0	0	0	0	0	0	0	0	0	0	0	0	0	0	0	0	0	0	0	0	0	0	0	0	0	0	0	0	0	0	0	0	1	0	0	0	0	0	0	0	0	0	0	0	0	0	0	0	0	0	0	0	0	0	0	0	0	0	0	0	0	0	0	0	0	0	0	0	0	0	0	0	0	0	0	0	0	0	0	0	0	0	0	0	0	0	0	0	0	0	0	0	0	0	0	0	0	0
Root;Bacteria;Bacteroidota;Bacteroidia;Bacteroidales;Bacteroidaceae;Bacteroides;Bacteroides_salyersiae	AGXV01000039.25.1535	0	0	0	0	0	0	0	0	0	0	0	0	0	0	0	0	0	0	0	0	0	0	0	0	0	0	0	0	0	0	0	0	0	0	0	0	0	0	0	0	0	0	0	0	0	0	0	0	0	0	0	0	0	0	0	0	0	0	0	0	0	0	0	0	0	0	0	0	0	0	0	0	0	0	0	0	0	0	0	0	0	0	0	0	0	0	0	0	0	0	0	0	0	0	0	0	0	0	0	0	0	0	0	0	0	0	0	0	0	0	0	0	0	0	0	0	0	0	0	0	0	0	0	0	0	0	0	0	0	0	0	0	0	0	0	0	0	0	0	0	0	0	0	0	0	0	0	0	0	0	0	0	0	1	0	0	0	0	0	0	0	0	0	0	0	0	0	0	0	0	0	0	0	0	0	0	0	0	0	0	0	0	0	0	0	0	0	0	0	0	0	0	0	0	0	0	0	0	0	0	0	0	0	0	0	0	0	0	0	0	0	0	0	0	0	0	0	0	0	0	0	0	0	0	0	0	0	0	0	0	0	0	0	0	0	0	0	0	0	0	0	0	0	0	0	0	0	0	0	0	0	0	0	0	0	0	0	0	0	0	0	0	0	0	0	0	0	0	0	0	0	0	0	0	0	0	0	0	0	0	0	0	0	0	0	0	0	0	0	0	0	0	0	0	0	0	0	0	0	0	0	0	0	0	0	0	0	0	0	0	0	0	0	0	0	0	0	0	0	0	0	0	0	0	0	0	0	0	0	0	0	0	0	0	0	0	0	0	0	0	0	0	0	0	0	0	0	0	0	0	0	0	0	0	0	0	0	0	0	0	0	0	0	0	0	0	0	0	0	0	0	0	0
Root;Bacteria;Actinobacteriota;Actinomycetia;Actinomycetales;Actinomycetaceae;Actinomyces;Actinomyces_sp000220835	AM697254.1.1510	0	0	0	0	19	17	0	0	10	10	4	3	0	0	5	1	100	116	11	10	0	0	0	0	0	0	0	69	89	0	0	0	0	0	2	0	0	0	16	79	0	0	0	44	0	0	0	0	3	0	57	250	0	0	0	0	0	0	0	0	0	0	0	0	0	0	0	14	5	0	0	0	6	0	5	0	0	0	0	0	0	0	0	0	0	0	39	0	31	130	7	0	0	3	0	0	18	0	1	0	0	6	0	0	0	0	6	0	0	0	0	1	2	0	0	0	0	0	20	0	0	248	0	0	0	0	1122	0	0	0	0	0	0	0	0	4	19	0	3	1	0	0	32	0	0	0	0	0	0	0	0	0	0	0	0	0	0	3	8	8	6	0	0	1	0	0	9	0	0	0	41	7	0	0	0	0	0	0	6	0	0	0	0	0	2	0	0	0	0	0	0	0	21	36	0	0	0	0	0	0	0	0	0	0	0	0	0	1	0	0	1	0	39	0	0	0	0	0	2	3	8	2	0	0	0	0	0	0	28	6	0	6	0	0	0	0	0	0	0	0	0	0	0	2	11	72	19	0	454	28	0	49	0	0	0	2	0	0	0	0	0	0	0	0	0	0	0	1	6	0	1	0	0	0	0	0	41	0	0	0	0	0	0	0	299	28	0	10	0	0	0	3	0	0	17	0	0	1	0	134	0	0	0	0	0	121	0	284	0	0	0	0	683	0	0	1	2	0	0	0	0	0	0	0	96	0	5	1	0	0	0	0	0	0	0	1	0	0	14	0	0	3	0	46	0	237	0	0	0	1	0	0	4	0	0	0	0	0	6	1	0	0	0	0	1	3	6	0	0	0	0	0	81
Root;Bacteria;Actinobacteriota;Actinomycetia;Actinomycetales;Micrococcaceae;Rothia;unclassified_Rothia	HQ804831.1.1450	0	0	0	0	0	0	0	0	7	3	0	0	0	0	0	1	0	0	0	0	0	0	0	1	1	0	0	5	5	0	0	0	0	0	0	15	0	0	1	3	2	0	2	0	0	0	0	4	0	9	0	0	0	0	0	2	0	1	3	0	0	0	2	0	1	1	0	0	0	0	0	2	0	0	0	0	0	0	2	0	0	0	0	0	0	0	0	1	3	0	0	0	0	0	0	0	0	0	0	1	0	0	0	6	0	0	0	0	0	0	0	0	0	0	0	0	0	0	0	0	0	1	0	0	0	0	1	0	1	0	164	0	0	0	0	0	0	0	0	0	0	0	0	0	0	0	0	0	0	0	0	0	1	0	0	0	0	0	0	0	0	0	0	1	0	0	0	0	0	0	1	0	0	0	0	0	0	0	0	0	0	0	0	0	0	0	0	0	0	0	0	0	0	0	0	0	0	0	0	0	0	1	0	0	0	0	0	0	0	0	0	0	0	0	0	0	0	0	0	0	0	0	0	0	0	0	0	0	0	0	0	0	0	0	0	0	0	0	0	0	0	0	0	0	0	0	0	0	0	0	1	0	0	0	0	0	0	0	3	0	0	0	0	2	1	0	0	0	0	0	0	0	0	0	0	0	7	0	0	0	0	0	0	0	0	1	0	0	0	0	0	0	0	0	1	2	0	0	0	0	0	0	1	0	0	13	0	6	0	0	0	0	1	0	0	0	0	0	0	0	3	0	5	6	5	0	0	0	0	0	0	0	0	0	0	10	0	0	0	1	0	0	0	0	0	0	0	0	0	0	0	34	0	0	14	0	0	0	0	0	0	0	0	6	0	0	0	0	0	0	0	1	0
Root;Bacteria;Bacteroidota;Bacteroidia;Bacteroidales;Bacteroidaceae;Prevotella;Prevotella_nigrescens	JQ469407.1.1398	1	0	0	0	1	3	3	0	3	5	3	5	3	2	0	0	9	8	12	15	3	3	0	0	44	0	16	0	0	2	0	0	2	0	1	0	0	1	6	3	0	0	0	1	0	1	0	0	0	0	0	25	14	0	0	1	0	0	0	0	0	0	0	0	0	0	0	0	0	17	0	0	0	0	2	146	3	0	1	0	19	3	0	0	0	0	1	0	10	3	0	10	0	4	0	0	0	1	0	10	0	0	0	1	0	0	25	0	0	0	0	4	0	0	3	0	7	0	4	0	0	0	0	0	1	1	1	0	0	0	0	1	0	7	0	0	0	15	1	0	3	0	1	0	0	117	0	0	5	0	0	1	3	48	0	3	0	3	4	0	1	0	0	1	0	0	1	22	1	0	0	0	12	0	19	0	11	1	0	0	0	0	6	9	3	8	8	0	0	0	0	0	0	1	4	5	0	0	0	0	0	1	0	13	0	0	0	8	0	1	0	0	15	7	2	0	0	0	0	0	2	0	0	0	19	0	2	12	0	8	37	0	11	0	14	0	7	0	9	0	0	0	0	0	0	0	14	11	12	0	0	0	0	0	4	3	0	1	0	1	0	0	0	0	0	6	4	0	0	1	0	7	3	36	0	0	4	0	0	54	0	1	0	0	0	0	36	0	0	1	0	5	1	0	8	22	2	4	4	0	3	4	32	6	9	4	0	0	0	0	0	0	0	4	2	62	56	27	4	0	12	0	0	0	0	0	0	0	1	5	1	0	0	0	0	5	4	17	4	0	0	1	0	14	0	0	3	43	8	0	0	0	12	0	2	0	14	0	24	0	71	6	0	4	1	3	0	0	0	0	0	0	1
Root;Bacteria;Bacteroidota;Bacteroidia;Bacteroidales;Porphyromonadaceae;Porphyromonas;unclassified_Porphyromonas	JQ452619.1.1399	5	1	0	0	7	13	0	0	0	0	0	0	0	0	16	22	0	0	0	0	0	1	35	49	0	0	0	1	1	0	0	2	2	50	0	7	2	1	0	0	16	10	0	43	0	11	10	0	16	3	1	0	60	0	12	13	2	55	0	0	5	0	17	0	0	1	1	1	2	0	12	4	0	0	3	0	9	0	0	0	1	76	1	0	8	3	2	0	5	0	0	3	51	0	1	0	1	5	4	1	0	48	0	5	1	0	1	0	1	4	2	1	0	0	13	0	23	0	0	113	0	0	46	29	5	6	6	16	10	0	12	0	1	1	0	0	0	0	31	3	1	0	0	36	0	0	0	0	1	0	0	165	52	0	21	0	0	0	0	0	0	0	0	0	0	71	17	0	0	0	0	0	2	3	0	0	0	2	0	0	5	5	69	70	1	3	2	0	14	0	0	0	0	0	4	4	10	9	0	0	0	0	0	7	2	0	0	33	0	0	57	0	25	13	5	1	0	1	4	3	1	0	65	6	7	0	0	18	0	1	16	9	6	0	0	0	4	0	42	0	1	0	1	0	1	1	6	60	0	5	1	0	0	63	0	0	0	63	4	0	1	0	0	2	0	0	2	0	0	5	0	0	4	0	0	0	0	0	2	1	0	2	0	0	0	0	41	19	1	6	1	7	0	0	6	36	1	7	0	0	0	1	0	0	15	0	22	0	0	124	18	0	0	0	1	0	2	0	0	0	7	4	0	251	0	0	24	0	1	1	2	0	0	0	2	15	1	0	11	22	0	0	0	0	0	0	0	29	2	0	16	6	0	20	16	3	1	0	15	2	19	0	7	34	0	25	20	1	0	27	0	0	0
Root;Bacteria;Bacteroidota;Bacteroidia;Flavobacteriales;Flavobacteriaceae;Capnocytophaga;unclassified_Capnocytophaga	JQ473872.1.1403	0	0	0	0	0	0	0	0	0	0	0	0	0	0	0	0	0	0	0	0	0	0	0	0	0	0	0	0	0	0	0	0	0	0	0	0	0	0	0	0	0	0	0	0	0	0	0	0	0	0	0	0	0	0	0	0	0	0	0	0	0	0	0	0	0	0	0	0	1	0	0	0	0	0	0	0	0	0	0	0	0	0	0	0	0	0	0	0	0	0	0	0	0	0	0	0	0	0	0	0	0	0	0	0	0	0	0	0	0	0	0	0	0	0	0	0	0	0	0	0	0	0	0	0	0	0	0	0	0	0	0	0	0	0	0	0	0	0	0	0	0	0	0	0	0	0	0	0	0	0	0	0	0	0	0	0	0	0	0	0	0	0	0	0	0	0	0	0	0	0	0	0	0	0	0	0	0	0	0	0	0	0	0	0	0	0	0	0	0	0	0	0	0	0	0	1	0	0	0	0	0	0	0	0	0	0	0	0	0	0	0	0	0	0	0	0	0	0	0	0	0	0	0	0	0	0	0	0	0	0	0	0	0	0	0	0	0	0	0	0	0	0	0	0	0	0	0	0	0	0	0	0	0	0	0	1	0	0	0	0	0	0	0	0	0	0	0	0	0	0	0	0	0	0	0	0	0	0	0	0	0	0	0	0	0	0	0	0	0	0	0	0	0	0	0	0	0	0	0	0	0	0	0	0	0	0	0	0	0	2	1	1	0	0	0	0	0	0	0	0	0	0	0	0	0	0	0	0	1	0	0	0	0	0	0	0	0	0	0	0	0	0	0	0	0	0	0	0	0	0	0	0	0	0	0	0	0	0	0	0	0	0	0	0	0	0	0	0	0	0	0	0	0
Root;Bacteria;Bacteroidota;Bacteroidia;Bacteroidales;Bacteroidaceae;Prevotella;Prevotella_salivae	GU409596.1.1218	0	0	0	0	0	0	0	0	0	0	0	0	0	0	0	0	0	0	0	0	0	0	0	0	0	0	0	0	0	0	0	0	0	0	0	0	0	0	0	0	0	0	0	0	0	0	0	0	0	0	0	0	0	0	0	0	0	0	0	0	0	0	0	0	0	0	0	0	0	0	0	0	0	0	0	0	0	0	0	0	0	0	0	0	0	0	0	0	0	0	0	0	0	0	0	0	0	0	0	0	0	0	0	0	0	0	0	0	0	0	0	0	0	0	0	0	0	0	0	0	0	0	0	0	0	0	0	0	0	0	0	0	0	0	0	0	0	0	0	0	0	0	0	0	0	0	0	0	0	0	0	0	0	0	0	0	0	0	0	0	0	0	0	0	0	0	0	0	0	0	0	0	0	0	0	1	0	0	0	0	0	0	0	0	0	0	0	0	0	0	0	0	0	0	0	0	0	0	0	0	0	0	0	0	0	0	0	0	0	0	0	0	0	0	0	0	0	0	0	0	0	0	0	0	0	0	0	0	0	0	0	0	0	0	0	0	0	0	0	0	0	0	0	0	0	0	0	0	0	0	0	0	0	1	0	0	0	0	0	0	0	0	0	0	0	0	0	0	0	0	0	0	0	0	0	0	0	0	0	0	0	0	0	0	0	0	0	0	0	0	0	0	0	0	0	0	0	0	0	0	0	0	0	0	0	0	0	0	0	0	0	0	0	0	0	0	0	0	0	0	0	0	0	0	0	0	0	0	0	0	0	0	0	0	0	0	0	0	0	0	0	0	0	0	0	0	0	0	0	0	0	0	0	0	0	0	0	0	0	0	0	0	0	0	0	0	0	0	0	0	0	0	0
Root;Bacteria;Fusobacteriota;Fusobacteriia;Fusobacteriales;Fusobacteriaceae;Fusobacterium;unclassified_Fusobacterium	JQ468459.1.1379	49	50	1	0	19	17	2	3	0	0	18	22	6	10	12	19	0	0	11	21	4	2	0	0	37	10	10	115	130	26	0	13	26	11	52	0	32	45	2	21	0	0	0	1	26	0	0	0	11	1	30	18	6	1	1	1	1	4	0	1	2	0	4	8	0	0	2	2	0	9	0	2	23	0	1	30	0	0	36	1	9	7	0	4	5	11	47	12	187	11	0	44	0	70	0	1	0	24	0	66	2	23	22	1	1	2	53	0	0	4	0	7	52	0	6	0	6	0	0	1	0	45	0	0	4	9	49	0	0	0	5	3	0	69	0	31	68	10	11	0	8	0	13	6	0	111	0	4	35	2	0	0	34	7	0	2	1	31	4	65	25	0	5	10	14	0	2	11	9	145	24	2	28	0	4	41	7	0	80	24	1	0	24	28	27	7	5	1	8	0	14	34	194	2	19	24	0	0	2	12	29	47	1	16	0	0	6	10	19	45	4	76	37	7	21	1	3	4	117	118	0	0	2	0	18	0	147	16	75	7	9	23	19	1	24	0	74	1	8	4	15	0	11	12	87	21	7	14	0	6	1	0	1	4	16	8	0	4	68	28	2	1	3	3	0	11	66	34	125	4	1	47	4	189	0	0	5	1	6	116	36	0	0	9	8	1	197	0	47	0	9	25	14	0	32	10	34	47	12	4	0	2	22	21	10	22	1	1	0	192	29	51	1	112	130	8	6	7	0	0	0	5	164	6	17	0	48	2	1	2	22	0	1	3	1	1	9	8	32	0	0	33	38	28	1	12	0	92	19	8	12	6	0	20	1	27	49	2	47	9	2	49	70	168	19	13	43	1	0	17	35	0	10
Root;Bacteria;Firmicutes;Bacilli;Lactobacillales;Streptococcaceae;Streptococcus;unclassified_Streptococcus	HE681258.1.1546	0	0	0	0	0	0	0	0	0	0	0	0	0	0	0	0	0	0	0	0	0	0	0	0	0	0	0	0	0	0	0	0	0	0	0	0	0	0	0	0	0	0	0	0	0	0	0	0	0	0	0	0	0	0	0	0	0	0	0	0	0	0	0	0	0	0	0	0	0	0	0	0	0	0	0	0	0	0	0	0	0	0	0	0	0	0	0	0	0	0	0	0	0	0	0	0	0	0	0	0	0	0	0	0	0	0	0	0	0	0	0	0	0	0	0	0	0	0	0	0	0	0	0	0	0	0	0	0	0	0	0	0	0	0	0	0	0	0	0	0	0	0	0	0	0	0	0	0	0	0	0	0	0	0	0	0	0	0	0	0	0	0	0	0	0	0	0	0	0	0	0	0	0	0	0	0	0	0	0	0	0	0	0	0	0	0	0	0	0	0	0	0	0	0	0	0	0	0	0	0	0	0	0	0	0	0	0	0	0	0	0	0	0	0	0	0	0	0	0	0	0	0	0	0	0	0	0	0	0	0	0	0	0	0	0	0	0	0	0	0	0	0	0	0	0	0	0	0	0	0	0	0	0	0	0	0	0	0	0	0	0	0	0	0	0	0	0	0	0	0	0	0	0	0	0	0	0	0	0	0	0	0	0	0	0	0	0	0	0	0	0	0	0	0	0	0	0	0	0	0	0	0	0	0	0	0	0	0	0	0	0	0	0	0	0	0	0	0	0	0	0	0	0	0	0	0	0	0	0	0	0	0	0	0	0	0	0	0	0	0	0	0	0	0	0	0	0	0	0	0	0	0	0	0	1	0	0	0	0	0	0	0	0	0	0	0	0	0	0	0	0	0	0
Root;Bacteria;Bacteroidota;Bacteroidia;Bacteroidales;Tannerellaceae;Parabacteroides;unclassified_Parabacteroides	GQ503823.1.1577	0	0	0	0	0	0	0	0	0	0	0	0	0	0	0	0	0	0	0	0	0	0	0	0	0	0	0	0	0	0	0	0	0	0	0	0	0	0	0	0	0	0	0	0	0	0	0	0	0	0	0	0	0	0	0	0	0	0	0	0	0	0	0	0	0	0	0	0	0	0	0	0	0	0	0	0	0	0	0	0	0	0	0	0	0	0	0	0	0	0	0	0	0	0	0	0	0	0	0	0	0	0	0	0	0	0	0	0	0	0	0	0	0	0	0	0	0	0	0	0	0	0	0	0	0	0	0	0	0	0	0	0	0	0	0	0	0	0	0	0	0	0	0	0	0	0	0	0	0	0	0	0	0	0	0	0	0	0	0	0	0	0	0	0	0	0	0	0	0	0	0	0	0	0	0	0	0	1	0	0	0	0	0	0	0	0	0	0	0	0	0	0	0	0	0	0	0	0	0	0	0	0	0	0	0	0	0	0	0	0	0	0	0	0	0	0	0	0	0	0	0	0	0	0	0	0	0	0	0	0	0	0	0	0	0	0	0	0	0	0	0	0	0	0	0	0	0	0	0	0	0	0	0	0	0	0	0	0	0	0	0	0	0	0	0	0	0	0	0	0	0	0	0	0	0	0	0	0	0	0	0	0	0	0	0	0	0	0	0	0	0	0	0	0	0	0	0	0	0	0	0	0	0	0	0	0	0	0	0	0	0	0	0	0	0	0	0	0	0	0	0	0	0	0	0	0	0	0	0	0	0	0	0	0	0	0	0	0	0	0	0	0	0	0	0	0	0	0	0	0	0	0	0	0	0	0	0	0	0	0	0	0	0	0	0	0	0	0	0	0	0	0	0
Root;Bacteria;Firmicutes;Bacilli;Lactobacillales;Streptococcaceae;Streptococcus;unclassified_Streptococcus	JF158247.1.1369	0	0	0	0	0	0	0	0	0	0	0	0	0	0	0	0	0	0	0	0	0	0	0	0	0	0	0	0	0	0	0	0	0	0	0	0	0	0	0	0	0	0	0	0	0	0	1	0	0	0	0	0	0	0	0	0	0	0	0	0	0	0	0	0	0	0	0	0	0	0	0	0	0	0	0	0	0	0	0	0	0	0	0	0	0	0	0	0	0	0	0	0	0	0	0	0	0	0	0	0	0	0	0	0	0	0	0	0	0	0	0	0	0	0	0	0	0	0	0	0	0	0	0	0	0	0	0	0	0	0	0	0	0	0	0	0	0	0	0	0	0	0	0	0	0	0	0	0	0	0	0	0	0	0	0	0	0	0	0	0	0	0	0	0	0	0	0	0	0	0	0	0	0	0	0	0	0	0	0	0	0	0	0	0	0	0	0	0	0	0	0	0	0	0	0	0	0	0	0	0	0	0	0	0	0	0	0	0	0	0	0	0	0	0	0	0	0	0	0	0	0	0	0	0	0	0	0	0	0	0	0	0	0	0	0	0	0	0	0	0	0	0	0	0	0	0	0	0	0	0	0	0	0	0	0	0	0	0	0	0	0	0	0	0	0	0	0	0	0	0	0	0	0	0	0	0	0	0	0	0	0	0	0	0	0	0	0	0	0	0	0	0	0	0	0	0	0	0	0	0	0	0	0	0	0	0	0	0	0	0	0	0	0	0	0	0	0	0	0	0	0	0	0	0	0	0	0	0	0	0	0	0	0	0	0	0	0	0	0	0	0	0	0	0	0	0	0	0	0	0	0	0	0	0	0	0	0	0	0	0	0	0	0	0	0	0	0	0	0	0	0	0	0
Root;Bacteria;Bacteroidota;Bacteroidia;Flavobacteriales;Flavobacteriaceae;Capnocytophaga;Capnocytophaga_gingivalis	JQ452070.1.1379	0	0	0	0	0	0	0	1	0	0	0	1	16	10	10	9	0	0	0	0	0	0	19	28	1	0	0	0	0	0	0	3	8	31	0	0	65	52	0	0	0	1	0	6	17	25	12	10	2	2	0	0	0	8	0	0	0	0	16	7	2	34	48	72	0	0	143	0	0	0	0	3	0	0	3	2	65	0	0	0	0	0	0	0	1	1	2	0	15	5	0	2	0	0	4	0	0	1	0	1	0	0	0	0	0	15	1	30	0	1	0	0	4	7	0	0	8	0	6	1	0	15	0	0	0	0	0	0	0	0	5	0	18	0	0	0	0	38	6	0	0	0	0	28	0	1	0	2	0	0	23	3	0	1	5	0	0	3	0	2	6	0	0	0	0	0	4	0	0	233	1	0	22	0	0	4	1	11	53	80	4	3	0	3	0	0	0	0	0	0	0	0	0	1	0	0	0	0	0	0	8	4	0	0	0	0	0	4	0	0	9	3	0	0	0	0	3	0	0	0	41	0	18	0	0	0	1	0	6	0	0	32	0	2	51	0	1	0	1	1	81	0	1	88	3	0	6	11	0	4	12	2	0	2	0	118	1	0	0	0	8	0	1	0	0	0	0	0	1	0	0	0	0	0	0	0	0	16	16	0	3	1	6	0	1	34	3	0	0	1	3	0	0	0	0	0	0	0	2	0	0	0	27	0	93	1	1	42	0	0	0	3	0	77	62	0	0	262	39	5	5	0	0	2	1	0	2	3	0	0	11	0	0	0	1	52	0	84	1	34	246	0	1	0	7	10	5	0	0	8	0	0	2	2	0	0	0	0	1316	235	0	14	0	97	7	0	0	3	0	16	1	0	0
Root;Bacteria;Fusobacteriota;Fusobacteriia;Fusobacteriales;Leptotrichiaceae;Leptotrichia_A;Leptotrichia_A_sp001274535	JQ467903.1.1392	0	1	0	0	0	0	0	0	0	0	0	0	0	0	0	0	0	0	0	0	0	0	0	0	0	0	0	0	0	0	0	0	0	0	0	0	0	0	0	0	0	0	0	0	0	0	0	0	0	0	0	0	0	0	0	0	0	0	0	0	0	0	0	0	0	0	0	0	0	0	0	0	0	0	0	0	0	0	0	0	0	0	0	0	0	0	0	0	0	0	0	0	0	0	0	0	0	0	0	0	0	0	0	0	0	0	0	0	0	0	0	0	0	0	0	0	0	0	0	0	0	0	0	0	0	0	0	0	0	0	0	0	0	0	0	0	0	2	0	0	0	0	0	0	0	0	0	0	0	0	0	0	0	0	0	0	0	0	0	0	0	0	0	0	0	0	0	0	0	0	0	0	0	0	0	0	0	0	0	0	0	0	0	0	0	0	0	0	0	0	0	0	0	0	0	0	0	0	0	0	0	0	0	0	0	0	0	0	0	0	0	0	0	0	0	0	0	0	0	0	0	0	0	0	0	0	0	0	0	0	0	0	0	0	0	0	0	0	0	0	0	0	0	0	0	0	0	0	0	0	0	0	0	0	0	0	0	0	0	0	0	0	0	0	0	0	0	0	0	0	0	0	0	0	0	0	0	0	0	0	0	0	0	0	0	0	0	0	0	0	0	0	0	0	0	0	0	0	0	0	0	0	0	0	0	0	0	0	0	0	0	0	0	0	0	0	0	0	0	0	0	0	0	0	0	0	0	0	0	0	0	0	0	0	0	0	0	0	0	0	0	0	0	0	0	0	0	0	0	0	0	0	0	0	0	0	0	0	0	0	0	0	0	0	0	0	0	0	0	0	0	0	0
Root;Bacteria;Firmicutes;Bacilli;Lactobacillales;Streptococcaceae;Streptococcus;unclassified_Streptococcus	JQ452558.1.1393	0	0	0	0	0	0	0	0	0	0	0	0	0	0	0	0	0	0	0	0	0	0	0	0	0	0	0	0	0	0	0	0	0	0	0	0	0	0	0	0	0	0	0	0	0	0	0	0	0	0	0	0	0	0	0	1	0	0	0	0	0	0	0	0	0	0	0	0	0	0	0	0	0	0	0	0	0	0	0	0	0	0	0	0	0	0	0	0	0	0	0	0	0	0	0	0	0	0	0	0	0	0	0	0	0	0	0	0	0	0	0	0	0	0	0	0	0	0	0	0	0	0	0	0	0	0	0	0	0	0	0	0	0	0	0	0	0	0	0	0	0	0	0	0	0	0	0	0	0	0	0	0	0	0	0	0	0	0	0	0	0	0	0	0	0	0	0	0	0	0	0	0	0	0	0	0	0	0	0	0	0	0	0	0	0	0	0	0	0	0	0	0	0	0	0	0	0	0	0	0	0	0	0	0	0	0	0	0	0	0	0	0	0	0	0	0	0	0	0	0	0	0	0	0	0	0	0	0	0	0	0	0	0	0	0	0	0	0	0	0	0	0	0	0	0	0	0	0	0	0	0	0	0	0	0	0	0	0	0	0	1	0	0	0	0	0	0	0	0	0	0	0	0	0	0	0	0	0	0	0	0	0	0	0	0	0	0	0	0	0	0	0	0	0	0	0	0	0	0	0	0	0	0	0	1	0	0	0	0	0	0	0	0	0	0	0	0	0	0	0	0	0	0	0	1	0	0	0	0	0	0	0	0	0	0	0	0	0	0	0	0	0	0	0	0	0	0	0	0	0	0	0	0	0	0	0	0	0	0	0	0	0	0	0	0	0	0	0	0	0	0	0	0
Root;Bacteria;Firmicutes;Bacilli;Lactobacillales;Streptococcaceae;Streptococcus;unclassified_Streptococcus	JQ457807.1.1393	4	4	18	19	25	23	20	23	13	11	5	5	1	9	10	11	25	45	23	16	1	4	10	8	6	14	8	22	41	44	6	40	5	17	12	146	51	89	32	11	56	43	31	29	20	26	24	25	11	13	26	36	36	24	36	29	50	5	5	7	2	3	30	15	1	7	35	8	8	9	29	12	13	10	16	39	16	8	27	2	8	8	45	9	19	25	1	16	12	21	1	5	24	15	30	5	21	65	9	12	0	21	9	75	36	34	19	51	12	9	26	7	9	4	13	0	2	0	21	11	0	56	4	7	5	13	16	31	50	0	58	2	15	3	0	9	9	43	8	6	0	0	106	9	11	47	1	2	1	7	22	7	85	0	0	3	29	10	5	0	9	13	15	5	9	20	14	1	2	229	22	1	7	47	0	2	1	20	15	27	2	1	15	26	3	1	2	0	4	0	2	8	0	7	16	14	3	0	3	22	45	40	12	10	0	3	50	12	6	10	10	0	29	4	6	2	11	26	49	63	14	0	16	3	4	0	1	11	36	0	2	8	8	11	11	0	0	20	3	3	3	0	6	121	6	145	62	3	14	71	52	27	6	14	0	12	2	22	29	26	7	2	15	10	2	0	0	0	3	9	5	1	9	69	6	7	208	29	14	18	7	47	10	4	66	217	6	13	6	62	72	2	0	16	11	26	8	15	2	21	2	3	11	0	47	56	5	210	0	17	1	1	96	54	65	3	0	6	1	36	26	13	102	48	13	0	15	66	2	5	30	0	1	5	15	81	4	56	4	91	33	2	3	13	3	33	2	8	1	2	2	81	27	17	11	15	21	1	40	3	22	6	11	127	7	0	2	6	0	12	12	9	16
Root;Bacteria;Fusobacteriota;Fusobacteriia;Fusobacteriales;Leptotrichiaceae;Leptotrichia;Leptotrichia_sp018128225	JQ693099.1.1454	0	0	0	0	0	0	0	0	0	0	0	0	0	0	0	0	0	0	0	0	0	0	0	0	0	0	0	0	0	0	0	0	0	0	0	0	0	0	0	0	0	0	0	0	0	0	0	0	0	0	0	0	0	0	0	0	0	0	0	0	0	0	0	0	0	0	1	0	0	0	0	0	0	0	0	0	0	0	0	0	0	0	0	0	0	0	0	0	0	1	0	0	0	0	0	0	0	0	0	0	0	0	0	0	0	0	0	0	0	0	0	0	0	0	0	0	0	0	0	0	0	0	0	0	0	0	0	0	0	0	0	0	0	0	0	0	0	0	0	0	0	0	0	0	0	0	0	0	0	0	0	0	0	0	0	0	0	0	0	0	0	0	0	0	0	0	0	0	0	0	0	0	0	0	0	0	0	0	0	0	0	0	0	0	0	0	0	0	0	0	0	0	0	0	0	0	0	0	0	0	0	0	0	0	0	0	0	0	0	0	0	0	0	0	0	0	0	0	0	0	0	0	0	0	0	0	0	0	0	0	0	0	0	0	0	0	0	0	0	0	0	0	0	0	0	0	0	0	0	0	0	0	0	0	0	0	0	0	0	0	0	0	0	0	119	0	0	0	0	0	0	0	0	0	0	0	1	0	0	0	0	0	0	0	0	0	0	0	0	0	0	0	0	0	0	0	0	0	0	0	0	0	0	0	0	0	0	0	0	0	0	0	0	0	0	0	0	0	0	0	0	0	0	0	0	0	0	0	0	0	0	0	0	0	0	0	0	0	0	0	0	0	0	0	0	0	0	0	0	0	0	2	0	0	0	0	0	0	0	0	1	0	0	0	0	0	0	0	0	0	0	1	0
Root;Bacteria;Firmicutes_A;Clostridia;Lachnospirales;Lachnospiraceae;Clostridium_Q;Clostridium_Q_symbiosum	HQ777409.1.1443	0	0	0	0	0	0	0	0	0	0	0	0	0	0	0	0	0	0	0	0	0	0	0	0	0	0	0	1	3	0	0	0	0	0	0	0	0	0	0	0	0	0	0	0	0	0	0	0	0	0	0	0	0	0	0	0	0	0	0	0	0	0	0	0	0	0	0	0	0	0	0	0	0	0	0	0	0	0	0	0	0	0	0	0	0	0	0	0	0	0	0	0	0	0	0	0	0	0	0	0	0	0	0	0	0	0	0	0	0	0	0	0	0	0	0	0	0	0	0	0	0	0	0	0	0	0	0	0	0	0	0	0	0	0	0	0	0	0	0	0	0	0	0	0	0	0	0	0	0	0	0	0	0	0	0	0	0	0	0	0	0	0	0	0	0	0	0	0	0	0	0	0	0	0	0	0	0	0	0	0	0	0	0	0	0	0	0	0	0	0	0	0	0	0	0	0	0	0	0	0	0	0	0	0	0	0	0	0	0	0	0	0	0	0	0	0	0	0	0	0	0	0	0	0	0	0	0	0	0	0	0	0	0	0	0	0	0	0	0	0	0	0	0	0	0	0	0	0	0	0	0	0	0	0	0	0	0	0	0	0	0	0	0	0	0	0	0	0	0	0	0	0	0	0	0	0	0	0	0	0	0	0	0	0	0	0	0	0	0	0	0	0	0	0	0	0	0	0	0	0	0	0	0	0	0	0	0	0	0	0	0	0	0	0	0	0	0	0	0	0	0	0	0	0	0	0	0	0	0	0	0	0	0	0	0	0	0	0	0	0	0	0	0	0	0	0	0	0	0	0	0	0	0	0	0	0	0	0	0	0	0	0	0	0	0	0	0	0	0	0	0	0	0
Root;Bacteria;Actinobacteriota;Actinomycetia;Actinomycetales;Bifidobacteriaceae;Parascardovia;Parascardovia_denticolens	ADEB01000020.3877.5392	0	0	0	0	0	0	0	0	0	0	0	0	0	0	0	0	0	0	0	0	0	0	0	0	0	0	0	0	0	0	0	0	0	0	0	0	0	0	0	0	0	0	0	0	0	0	0	0	0	0	0	0	0	0	0	0	0	0	0	0	0	0	0	0	0	0	0	0	0	0	0	0	0	0	0	0	0	0	0	0	0	0	0	0	0	0	0	0	0	0	0	0	0	0	0	0	0	0	0	0	0	0	0	0	0	0	0	0	0	0	0	0	0	0	0	0	0	0	0	0	0	0	0	0	0	0	0	0	0	0	0	0	0	0	0	0	0	0	0	0	0	0	0	0	0	0	0	0	0	0	0	0	0	0	0	0	0	0	0	0	0	0	0	0	0	0	0	0	0	0	0	0	0	0	0	0	0	0	0	0	0	0	0	0	0	0	0	0	0	0	0	0	0	0	0	0	0	0	0	0	6	8	0	0	0	0	0	0	0	0	0	0	0	0	0	0	0	0	0	0	0	0	0	0	0	0	0	0	0	0	0	0	0	0	0	0	0	0	0	0	0	0	0	0	0	0	0	0	0	0	0	0	0	0	0	0	0	0	0	0	0	0	0	0	0	0	0	0	0	0	0	0	0	0	0	0	0	0	0	0	0	0	0	0	0	0	0	0	0	0	0	0	0	0	0	0	0	0	0	0	0	0	0	0	0	0	0	0	0	0	0	0	0	3	5	0	0	0	0	0	0	0	0	0	0	0	0	0	0	0	0	0	0	0	0	0	0	0	0	0	0	0	0	0	0	0	0	0	0	0	0	0	0	0	0	0	0	0	0	0	0	0	0	0	0	0	0	0	0	0	0	0	0
Root;Bacteria;Bacteroidota;Bacteroidia;Bacteroidales;Tannerellaceae;Tannerella;unclassified_Tannerella	JQ460156.1.1404	17	35	0	0	4	13	0	0	0	0	25	39	0	0	0	2	0	0	24	16	0	1	10	9	6	5	91	0	0	3	0	0	19	3	4	0	2	1	3	26	2	1	0	10	0	0	13	0	139	1	1	0	15	0	1	5	0	11	1	0	0	3	12	12	1	0	0	0	0	7	2	0	0	0	27	12	0	12	27	0	19	3	0	3	36	55	1	0	1	0	0	2	0	3	0	0	0	0	0	13	0	14	7	0	1	0	0	0	0	8	0	0	1	0	12	0	17	0	0	51	0	0	26	10	2	2	0	0	3	0	0	8	0	0	0	2	1	1	3	0	0	0	0	0	0	6	0	10	6	11	0	0	139	3	7	19	0	0	0	0	0	0	16	3	0	5	0	0	1	0	1	0	0	0	0	17	6	0	0	0	2	1	5	18	0	50	25	4	15	0	5	3	0	0	27	25	10	0	0	11	0	1	0	10	0	3	0	11	11	9	2	0	2	0	14	0	11	14	42	61	29	0	16	0	0	0	1	44	22	0	23	10	0	0	34	0	17	9	27	0	0	0	152	4	20	17	12	65	0	4	0	0	3	6	35	4	0	7	4	5	5	2	0	0	0	5	4	0	0	0	6	6	0	2	0	1	0	0	0	2	81	6	0	4	6	0	38	4	17	1	0	54	2	0	0	4	0	0	1	3	0	0	19	0	8	32	51	0	0	36	6	3	0	16	15	2	4	15	0	35	7	9	1	1	6	0	1	0	0	0	3	0	0	0	0	0	2	1	0	0	0	18	0	0	0	34	11	0	0	0	1	0	0	2	0	130	2	0	0	1	13	86	0	0	13	30	176	1	0	9	3	0	0
Root;Bacteria;Firmicutes;Bacilli;Lactobacillales;Streptococcaceae;Streptococcus;unclassified_Streptococcus	JQ449964.1.1404	0	0	0	0	0	0	0	0	0	0	0	0	0	0	0	0	0	0	0	0	0	0	0	0	0	0	0	0	0	0	0	0	0	0	0	0	0	0	0	0	0	0	0	0	0	0	0	0	0	0	0	0	0	0	0	0	0	0	0	0	0	0	0	0	0	0	0	0	0	0	0	0	0	0	0	0	0	0	0	0	0	0	0	0	0	0	0	0	0	0	0	0	0	0	0	0	0	0	0	0	0	0	0	0	0	1	0	0	0	0	0	0	0	0	0	0	0	0	0	0	0	0	0	0	0	0	0	0	0	0	0	0	0	0	0	0	0	0	0	0	0	0	0	0	0	0	0	0	0	0	0	0	0	0	0	0	0	0	0	0	0	0	0	0	0	0	0	0	0	0	0	0	0	0	0	0	0	0	0	0	0	0	0	0	0	0	0	0	0	0	0	0	0	0	0	0	0	0	0	0	0	0	0	0	0	0	0	0	0	0	0	0	0	0	0	0	0	0	0	0	0	0	0	0	0	0	0	0	0	0	0	0	0	0	0	0	0	0	0	0	0	0	0	0	0	0	0	0	0	0	0	0	0	0	0	0	0	0	0	0	0	0	0	0	0	0	0	0	0	0	0	0	0	0	0	0	0	0	0	0	0	0	0	0	0	0	0	0	0	0	0	0	0	0	0	0	0	0	0	0	0	0	0	0	0	0	0	0	0	0	0	0	0	0	0	0	0	0	0	0	0	0	0	0	0	0	0	0	0	0	0	0	0	0	0	0	0	0	0	0	0	0	0	0	0	0	0	0	0	0	0	0	0	0	0	0	0	0	0	0	0	0	0	0	0	0	0	0	0	0	0	0	0
Root;Bacteria;Bacteroidota;Bacteroidia;Bacteroidales;Bacteroidaceae;Prevotella;Prevotella_oris	GU227189.1.1463	4	6	0	0	0	0	1	1	2	8	2	0	0	1	0	0	3	0	7	5	1	3	0	0	6	3	52	0	0	0	0	0	5	0	11	0	9	23	0	0	0	0	0	0	0	0	0	0	9	0	0	0	13	0	0	0	0	0	0	0	0	0	0	0	0	1	0	0	0	37	6	0	0	1	0	0	1	11	20	0	71	0	0	0	4	9	0	8	8	0	0	5	2	2	0	0	0	0	0	15	0	11	0	3	0	1	17	0	0	0	0	18	6	0	0	0	1	0	16	0	0	94	0	0	0	1	0	5	4	0	4	0	0	45	0	0	0	1	0	0	1	0	0	6	0	70	0	0	2	2	0	0	21	0	0	0	0	0	2	0	58	0	0	1	0	0	0	2	18	82	0	0	8	0	4	0	3	0	41	0	0	0	11	13	1	0	1	0	1	0	0	0	1	6	3	3	0	0	18	19	0	0	0	0	0	0	0	0	4	4	0	34	0	26	7	0	8	11	0	0	0	0	0	0	0	0	25	14	0	4	12	2	0	0	2	0	0	0	0	0	1	0	0	1	2	0	138	0	3	9	0	0	0	0	1	0	0	0	49	38	0	1	6	0	0	6	12	3	2	5	0	2	21	223	0	0	0	0	0	135	0	0	0	6	0	0	0	2	39	2	4	8	1	0	52	5	15	5	0	2	0	0	0	2	98	13	0	5	0	8	0	25	0	24	28	0	0	0	0	0	0	1	290	0	0	0	30	0	0	0	3	0	0	1	0	0	0	1	0	0	0	0	1	3	0	24	0	10	1	0	0	0	0	0	0	0	1	1	1	0	1	0	7	56	0	3	1	0	0	4	3	0	0
Root;Bacteria;Firmicutes_C;Negativicutes;Veillonellales;Veillonellaceae;Veillonella;unclassified_Veillonella	GQ448318.1.1256	0	0	0	0	1	0	6	10	0	0	0	1	2	0	2	1	0	0	1	1	0	3	2	1	0	2	0	0	0	0	0	0	0	8	22	0	0	0	0	0	8	7	1	0	0	0	0	0	20	0	81	3	0	0	5	4	10	0	1	0	5	7	1	26	14	15	0	2	0	0	9	6	16	2	0	0	2	6	0	0	1	7	1	0	2	0	0	1	2	3	0	0	2	37	6	0	1	8	0	5	0	8	0	1	0	0	5	0	0	0	8	2	1	18	0	0	0	0	3	14	0	0	3	7	0	2	61	11	15	0	4	0	0	2	0	7	7	0	4	0	0	0	34	9	0	6	0	0	2	8	0	0	1	6	0	2	33	2	74	0	4	0	1	1	1	0	1	2	6	257	3	0	0	2	0	3	2	13	0	127	12	6	6	6	11	0	0	0	0	0	17	27	0	10	0	0	0	0	1	0	11	21	3	1	0	1	2	10	0	0	3	11	0	0	0	0	0	3	12	14	1	0	16	0	6	0	13	0	4	0	0	0	6	6	7	0	0	3	0	0	1	0	0	1	1	12	3	0	62	0	9	4	4	13	1	3	0	4	5	0	7	5	1	0	0	1	2	0	0	0	0	7	0	0	0	0	389	4	9	72	24	20	7	2	13	19	8	3	19	0	8	0	0	2	3	0	7	5	0	0	0	1	0	0	51	104	0	12	0	2	0	1	3	2	2	0	0	0	0	0	43	0	0	25	75	0	2	1	0	1	6	0	2	4	2	2	8	18	3	3	8	0	0	44	0	22	0	0	0	12	0	1	0	1	5	3	3	0	217	41	2	0	12	623	2	14	0	2	0	15	24	1	22
Root;Bacteria;Bacteroidota;Bacteroidia;Bacteroidales;Porphyromonadaceae;Porphyromonas;unclassified_Porphyromonas	JF127545.1.1357	0	0	0	0	0	0	0	0	2	0	0	0	2	2	0	0	0	0	1	0	0	0	0	0	0	0	0	0	0	0	0	1	0	0	0	0	0	0	0	0	0	0	0	0	0	1	22	0	0	0	0	0	0	0	93	86	0	2	0	0	0	17	0	0	0	0	0	2	0	0	0	0	0	9	1	0	0	0	0	0	0	6	4	6	0	0	0	0	0	6	0	0	3	0	0	0	10	0	0	0	0	0	0	8	0	0	0	1	0	0	18	0	0	1	2	0	0	0	0	0	0	0	0	0	10	11	0	0	0	0	62	0	0	0	0	0	0	0	0	0	0	0	15	3	0	0	0	0	0	6	0	0	0	0	0	0	0	0	0	0	0	4	0	0	2	9	1	0	0	0	0	0	0	0	0	0	0	0	0	0	0	0	9	4	0	0	0	0	3	0	0	0	0	37	0	0	0	0	0	0	0	0	0	0	0	0	0	0	0	0	8	0	1	0	5	1	0	0	0	0	2	0	0	0	0	0	0	0	0	0	0	6	0	0	0	0	2	0	0	0	0	0	0	0	0	0	0	1	0	0	0	0	2	0	0	1	0	2	0	0	32	31	0	7	0	0	0	0	0	10	0	1	8	1	0	0	71	37	66	0	0	0	3	0	0	0	0	14	0	0	0	0	0	0	0	0	0	0	0	0	0	1	0	0	0	0	1	0	0	1	0	1	0	0	0	0	0	0	0	0	10	3	0	0	0	0	0	1	3	10	8	0	0	0	0	2	0	15	0	0	0	0	0	0	0	1	0	0	0	0	0	0	0	2	0	0	0	0	0	0	0	0	1	1	0	0	0	0	0	1	0	0	0
Root;Bacteria;Bacteroidota;Bacteroidia;Bacteroidales;Bacteroidaceae;Prevotella;Prevotella_nigrescens	JQ471962.1.1402	0	0	0	0	0	0	0	0	0	0	0	0	0	0	0	0	0	0	0	0	0	0	0	0	0	0	0	0	0	0	0	0	0	0	0	0	0	0	0	0	0	0	0	0	0	0	0	0	0	0	0	0	0	0	0	0	0	0	0	0	0	0	0	0	0	1	0	0	0	0	0	0	0	0	0	2	0	0	0	0	0	0	0	0	0	0	0	0	0	0	0	0	0	1	0	0	0	0	0	0	0	0	0	0	0	0	0	0	0	0	0	0	0	0	0	0	0	0	0	0	0	0	0	0	0	0	0	0	0	0	0	0	0	0	0	0	0	0	0	0	0	0	0	0	0	0	0	0	0	0	0	0	0	0	0	0	0	1	0	0	0	0	0	0	0	0	0	0	0	0	0	0	0	0	0	0	0	0	0	0	0	0	0	0	0	0	0	0	0	0	1	0	2	0	0	0	0	0	0	0	0	0	0	0	0	0	0	0	0	0	0	0	0	1	0	0	0	0	0	0	0	0	0	0	0	0	0	0	0	0	0	0	0	0	0	0	0	0	0	0	0	0	0	0	0	0	0	0	0	0	0	0	0	0	0	0	0	0	0	0	0	0	0	0	0	0	0	0	0	0	0	0	0	1	0	0	0	0	0	0	0	0	0	0	0	0	0	0	0	0	0	0	0	0	2	0	0	0	0	0	0	0	0	0	0	0	0	0	0	0	0	0	0	0	1	0	1	0	0	0	0	0	0	0	0	0	0	0	0	0	0	0	0	0	0	0	0	0	0	0	0	0	0	0	0	0	0	0	0	0	0	0	0	0	0	0	0	0	0	0	0	0	0	0	0	0	0	0	0	0	0	0	0
Root;Bacteria;Bacteroidota;Bacteroidia;Flavobacteriales;Flavobacteriaceae;Capnocytophaga;unclassified_Capnocytophaga	JQ455199.1.1375	0	0	0	0	0	0	0	0	0	0	0	0	0	0	0	0	0	0	0	0	0	0	0	0	0	0	0	0	0	0	0	0	3	0	0	0	0	0	0	0	0	0	59	0	0	1	0	1	0	0	0	0	0	0	0	0	0	1	0	0	0	0	1	0	0	1	0	0	0	0	0	0	0	0	0	0	0	0	0	0	0	5	0	0	0	0	0	0	0	0	0	1	0	0	0	0	0	0	0	0	0	0	0	0	0	0	0	0	0	0	0	0	0	0	0	0	0	0	0	0	0	0	0	0	0	0	0	0	0	0	0	0	0	0	0	0	0	0	0	0	0	0	0	0	0	0	0	0	0	0	0	0	0	0	0	0	0	0	0	0	0	0	0	0	0	0	0	0	0	0	0	0	0	0	0	0	0	0	0	0	0	0	0	0	0	0	0	0	0	0	0	0	0	0	0	0	0	0	0	0	0	0	0	0	0	0	0	0	0	0	0	0	0	0	0	0	1	0	0	0	0	0	0	0	0	0	0	0	0	0	0	2	0	0	0	0	2	0	0	0	0	0	0	0	0	0	2	8	0	0	0	0	0	0	0	0	0	0	0	0	0	0	0	0	0	0	0	0	0	0	0	1	0	0	0	0	0	0	0	0	0	0	0	0	0	0	0	0	0	0	2	0	0	0	0	0	0	0	0	0	0	0	0	0	0	0	0	0	0	0	0	0	0	0	0	0	0	1	0	0	0	0	0	0	0	0	0	0	0	0	0	0	0	0	0	1	0	0	0	0	0	0	0	0	0	0	0	0	0	0	1	0	0	0	0	0	0	0	0	0	0	0	0	0	0	0	0	0	0	0	0	0	0
Root;Bacteria;Fusobacteriota;Fusobacteriia;Fusobacteriales;Fusobacteriaceae;Fusobacterium;unclassified_Fusobacterium	JQ478287.1.1382	0	1	0	0	0	1	0	1	0	0	1	1	0	1	0	0	0	0	1	0	0	0	0	0	0	0	0	0	0	0	0	1	3	0	0	0	0	0	1	0	0	0	0	0	1	0	0	0	1	0	1	0	0	0	0	0	0	0	0	0	0	0	0	0	0	0	0	0	0	0	0	0	0	0	0	0	0	0	0	0	0	0	0	0	0	0	0	9	0	1	0	0	0	0	0	0	0	0	0	1	0	0	0	0	0	0	0	0	0	0	0	0	0	0	1	0	0	0	0	0	0	0	0	0	0	0	0	0	0	0	0	0	0	0	0	0	0	0	0	0	11	1	0	0	0	0	0	0	0	0	0	0	0	0	1	0	0	0	0	0	0	0	0	0	1	0	0	2	0	0	2	1	2	0	1	0	12	0	1	0	0	0	0	0	2	0	0	0	0	0	0	0	1	0	0	1	0	0	0	0	0	3	0	2	0	0	0	0	0	0	0	0	0	0	2	1	0	0	1	2	0	0	0	0	1	0	0	1	0	0	68	0	6	0	0	0	1	0	0	2	0	0	0	0	0	0	2	0	0	0	0	0	9	0	1	0	5	0	2	0	0	0	1	0	0	0	1	0	3	1	0	0	1	0	0	0	0	0	4	0	0	0	0	4	0	0	1	0	0	0	0	3	2	0	4	0	2	0	1	0	0	0	0	2	0	0	0	0	0	0	0	20	0	1	13	0	0	0	0	0	0	1	0	0	0	0	0	0	0	0	0	0	0	0	0	0	0	0	0	0	0	0	0	0	0	0	0	0	0	0	0	0	1	1	1	0	9	1	0	0	0	0	0	2	1	10	0	0	0	0	0	0	1
Root;Bacteria;Bacteroidota;Bacteroidia;Bacteroidales;Rikenellaceae;Alistipes_A;Alistipes_A_pullistercoris	AY916343.1.1359	0	0	0	0	0	0	0	0	0	0	0	0	0	0	0	0	0	0	0	0	0	0	0	0	0	0	0	0	0	0	0	0	0	0	0	0	0	0	0	0	0	0	0	0	0	0	0	0	0	0	0	0	0	0	0	0	0	0	0	0	0	0	0	0	0	0	0	0	0	0	0	0	0	0	0	0	0	0	0	0	0	0	0	0	0	0	0	0	0	0	0	0	0	0	0	0	0	0	0	0	0	0	0	0	0	0	0	0	0	0	0	0	0	0	0	0	0	0	0	0	0	0	0	0	0	0	0	0	0	0	0	0	0	0	0	0	1	0	0	0	0	0	0	0	0	0	0	0	0	0	0	0	0	0	0	0	0	0	0	0	0	0	0	0	0	0	0	0	0	0	0	0	0	0	0	0	0	0	0	0	0	0	0	0	0	0	0	0	0	0	0	0	0	0	0	0	0	0	0	0	0	0	0	0	0	0	0	0	0	0	0	0	0	0	0	0	0	0	0	0	0	0	0	0	0	0	0	0	0	0	0	0	0	0	0	0	0	0	0	0	0	0	0	0	0	0	0	0	0	0	0	0	0	0	0	0	0	0	0	0	0	0	0	0	0	0	0	0	0	0	0	0	0	0	0	0	0	0	0	0	0	0	0	0	0	0	0	0	0	0	0	0	0	0	0	0	0	0	0	0	0	0	0	0	0	0	0	0	0	0	0	0	0	0	0	0	0	0	0	0	0	0	0	0	0	0	0	0	0	0	0	0	0	0	0	0	0	0	0	0	0	0	0	0	0	0	0	0	0	0	0	0	0	0	0	0	0	0	0	0	0	0	0	0	0	0	0	0	0	0	0	0	0
Root;Bacteria;Bacteroidota;Bacteroidia;Bacteroidales;Tannerellaceae;Tannerella;Tannerella_sp002890585	JQ478073.1.1367	2	3	0	0	0	3	0	1	0	0	1	3	4	1	0	0	0	0	0	0	14	14	0	0	4	1	0	0	0	0	0	0	6	3	1	0	15	11	0	0	0	0	0	0	0	0	1	0	5	0	1	0	2	0	0	0	0	0	0	0	0	0	11	0	0	0	0	0	0	0	0	0	0	1	2	0	0	0	0	0	0	3	0	2	0	0	18	1	0	8	0	2	0	0	1	0	0	1	0	1	0	2	1	0	0	0	9	0	0	1	0	0	5	0	5	0	0	0	0	0	0	0	0	0	0	0	0	0	0	0	0	10	0	0	0	0	0	0	0	0	11	0	0	0	0	6	0	0	1	0	0	0	7	1	0	2	0	0	3	0	0	0	0	1	4	0	1	1	1	0	5	0	0	0	7	16	5	0	0	0	0	0	2	3	2	0	0	15	0	0	0	1	2	0	10	10	0	6	3	0	0	1	0	5	0	0	0	1	0	0	0	3	1	2	3	0	0	0	0	0	1	0	0	0	8	0	2	0	0	4	5	1	0	0	1	0	11	0	0	3	0	0	21	2	22	0	0	1	0	2	0	0	5	0	7	0	0	0	16	0	0	2	3	0	0	3	6	8	14	0	3	3	0	58	0	4	1	0	0	0	1	0	0	0	0	0	17	0	0	0	0	40	5	0	3	2	1	1	1	3	0	4	7	0	6	0	0	1	0	5	0	7	0	45	42	6	4	5	1	0	2	0	27	0	2	0	0	0	0	0	7	0	0	0	0	0	0	0	6	0	0	0	2	0	0	0	0	7	0	5	0	1	0	4	0	0	0	0	0	0	0	0	1	0	21	2	8	0	0	3	0	0	4
Root;Bacteria;Bacteroidota;Bacteroidia;Flavobacteriales;Flavobacteriaceae;Capnocytophaga;unclassified_Capnocytophaga	JQ467284.1.1371	1	0	0	0	0	0	0	0	0	0	0	0	0	0	0	0	0	0	0	0	0	0	1	1	1	0	0	0	0	0	0	0	0	0	0	0	0	0	0	0	0	0	0	0	0	0	0	0	0	0	0	0	0	0	0	0	0	0	0	0	0	0	0	0	0	0	0	4	2	0	0	0	0	0	0	0	0	0	0	0	0	0	0	0	0	0	1	0	0	0	0	1	0	0	0	0	0	0	0	0	0	0	0	0	0	0	0	0	0	0	0	0	0	0	0	0	0	0	0	0	0	0	0	0	0	0	0	0	0	0	0	0	0	0	0	0	0	0	0	0	0	0	0	0	0	0	0	1	0	0	0	0	0	0	0	0	0	0	0	0	0	0	0	0	0	0	0	0	0	0	0	0	0	0	0	0	0	0	0	0	10	2	0	0	0	0	0	0	0	0	0	0	0	0	0	0	0	0	0	0	0	0	0	0	0	0	0	1	0	0	0	0	0	0	0	0	0	0	0	0	0	0	0	0	0	0	0	0	0	0	0	0	0	0	0	0	1	27	0	0	0	0	0	0	2	0	0	0	0	0	0	0	0	0	0	0	0	0	0	0	0	0	0	0	0	0	0	0	0	0	0	0	0	0	0	0	0	0	0	0	0	0	0	0	0	0	0	0	0	0	0	8	0	0	0	0	0	0	0	0	0	0	0	0	0	1	0	0	0	0	0	0	0	0	0	0	0	0	0	0	0	0	0	0	0	0	0	0	0	0	0	0	0	0	0	0	0	1	1	0	0	8	0	0	0	0	0	0	0	0	0	0	0	0	0	0	0	0	0	0	0	0	0	0	0	0	0	5	0	0	0	0	0
Root;Bacteria;Firmicutes;Bacilli;Staphylococcales;Gemellaceae;Gemella;unclassified_Gemella	JF149926.1.1376	1	1	0	4	2	0	0	1	2	4	0	0	1	0	1	0	8	14	4	2	0	0	0	2	0	0	0	0	2	1	0	0	0	0	1	50	8	5	2	1	0	0	2	1	0	3	0	1	0	4	1	0	2	7	61	51	0	0	0	1	0	3	12	0	2	2	1	4	0	0	0	0	3	4	0	0	2	0	0	0	1	0	19	2	0	0	0	2	0	0	0	2	1	0	0	0	1	4	0	0	0	1	0	0	0	2	0	1	0	1	4	0	0	0	1	0	1	0	1	0	0	0	0	0	7	8	0	0	0	0	3	0	0	1	0	1	0	4	0	0	0	0	8	4	12	0	0	0	1	5	15	4	3	0	0	1	3	3	0	2	2	6	0	0	1	54	0	1	2	8	0	0	2	1	0	1	2	13	4	6	0	1	2	0	4	1	0	0	4	0	0	0	0	0	0	0	1	2	6	4	2	0	0	1	0	0	1	3	0	0	0	0	1	0	0	0	0	0	0	0	0	0	0	0	0	0	0	0	2	1	0	1	0	1	1	0	0	0	0	0	0	0	2	2	0	1	0	0	1	1	0	1	2	0	1	1	0	6	1	2	6	7	1	0	0	0	0	0	0	2	1	0	2	1	0	1	17	10	8	0	1	1	1	1	0	0	0	4	0	1	1	0	0	1	0	0	1	1	1	2	0	1	0	0	32	2	0	52	0	7	0	1	0	3	1	0	0	0	0	0	0	0	6	2	3	0	2	2	0	2	0	0	0	0	0	3	0	2	0	9	0	0	0	0	2	0	0	1	0	2	1	5	6	0	6	0	1	0	0	0	4	1	1	10	1	1	0	0	0	0	0	0	0
Root;Bacteria;Proteobacteria;Gammaproteobacteria;Cardiobacteriales;Cardiobacteriaceae;Cardiobacterium;Cardiobacterium_hominis	JQ455452.1.1381	0	0	0	0	0	0	0	0	0	0	0	0	0	0	0	0	0	0	0	0	0	0	0	0	0	0	0	0	0	0	0	0	0	0	0	0	0	0	0	0	0	0	0	0	0	0	0	0	0	0	0	0	0	0	0	0	0	0	0	0	0	0	0	0	0	0	0	0	0	0	0	0	0	0	0	0	0	0	0	0	0	0	0	0	0	0	0	0	0	0	0	0	0	0	0	0	0	0	0	0	0	0	0	0	0	0	0	0	0	0	0	0	0	0	0	0	0	0	0	0	0	0	0	0	0	0	0	0	0	0	0	0	0	0	0	0	0	0	0	0	0	0	0	0	0	0	0	0	0	0	0	0	0	0	0	0	0	0	0	0	0	0	0	0	0	0	0	0	0	0	0	0	0	0	0	0	0	0	0	0	0	0	0	0	0	0	0	0	0	0	0	0	0	0	0	0	0	0	0	0	0	0	0	1	0	0	0	0	0	0	0	0	0	0	0	0	0	0	0	0	0	0	0	0	0	0	0	0	0	0	0	0	0	0	0	0	0	0	0	0	0	0	0	0	0	0	0	0	0	0	0	0	0	0	0	0	0	0	0	0	0	0	0	0	0	0	0	0	0	0	0	0	0	0	0	0	0	0	0	0	0	0	0	0	0	0	0	0	0	0	0	0	0	0	0	0	0	0	0	0	0	0	0	0	0	0	0	0	0	0	0	0	0	0	0	0	0	0	0	0	0	0	0	0	0	0	0	0	0	0	0	0	0	0	0	0	0	0	0	0	0	0	0	0	0	0	0	0	0	0	0	0	0	0	0	0	0	0	0	0	0	0	0	0	0	0	0	0	0	0	0	0	0
Root;Bacteria;Proteobacteria;Gammaproteobacteria;Enterobacterales;Pasteurellaceae;Haemophilus;unclassified_Haemophilus	FW588103.1565.3084	0	0	0	0	0	0	0	0	0	0	0	0	0	0	0	0	0	0	0	0	0	0	0	0	0	0	0	0	0	0	0	0	0	0	0	0	0	0	0	0	0	0	0	0	0	0	0	0	0	0	0	0	0	0	0	0	0	0	0	0	0	0	0	0	0	0	0	0	0	0	0	0	0	0	0	0	0	0	0	0	0	0	0	0	0	0	0	0	0	0	0	0	0	0	0	0	0	0	0	0	0	0	0	0	0	0	0	0	0	0	0	0	0	0	0	0	0	0	0	0	0	0	0	0	0	0	0	0	0	0	0	0	0	0	0	0	0	0	0	0	0	0	0	0	0	0	0	0	0	0	0	0	0	0	0	0	1	0	0	0	0	0	0	0	0	0	0	0	0	0	0	0	0	0	0	0	0	0	0	0	0	0	0	0	0	0	0	0	0	0	0	0	0	0	0	0	0	0	0	0	0	0	0	0	0	0	0	0	0	0	0	0	0	0	0	0	0	0	0	0	0	0	0	0	0	0	0	0	0	0	0	0	0	0	0	0	0	0	0	0	0	0	0	0	0	0	0	0	0	0	0	0	0	0	0	0	0	0	0	0	0	0	0	0	0	0	0	0	0	0	0	0	0	0	0	0	0	0	0	0	0	0	0	0	0	0	0	0	0	0	0	0	0	0	0	0	0	0	0	0	0	0	0	0	0	0	0	0	0	0	0	0	0	0	0	0	0	0	0	0	0	0	0	0	0	0	0	0	0	0	0	0	0	0	0	0	0	0	0	0	0	0	0	0	0	0	0	0	0	0	0	0	0	0	0	0	0	0	0	0	0	0	0	0	0	0	0	0	0	0	0	0	0
Root;Bacteria;Bacteroidota;Bacteroidia;Bacteroidales;Tannerellaceae;Parabacteroides;Parabacteroides_distasonis	JQ606916.1.1417	0	0	0	0	0	0	0	0	0	0	0	0	0	0	0	0	0	0	0	0	0	0	0	0	0	0	0	0	0	0	0	0	0	0	0	0	0	0	0	0	0	0	0	0	0	0	0	0	0	0	0	0	0	0	0	0	0	0	0	0	0	0	0	0	0	0	0	0	0	0	0	0	0	0	0	0	0	0	0	0	0	0	0	0	0	0	0	0	0	0	0	0	0	0	0	0	0	0	0	0	0	0	0	0	0	0	0	0	0	0	0	0	0	0	0	0	0	0	0	0	0	0	0	0	0	0	0	0	0	0	0	0	0	0	0	0	0	0	0	0	0	0	0	0	0	0	0	0	0	0	0	0	0	0	0	0	0	0	0	0	0	0	0	0	0	0	0	0	0	0	0	0	0	0	0	0	0	1	0	0	0	0	0	0	0	0	0	0	0	0	0	0	0	0	0	0	0	0	0	0	0	0	0	0	0	0	0	0	0	0	0	0	0	0	0	0	0	0	0	0	0	0	0	0	0	0	0	0	0	0	0	0	0	0	0	0	0	0	0	0	0	0	0	0	0	0	0	0	0	0	0	0	0	0	0	0	0	0	0	0	0	0	0	0	0	0	0	0	0	0	0	0	0	0	0	0	0	0	0	0	0	0	0	0	0	0	0	0	0	0	0	0	0	0	0	0	0	0	0	0	0	0	0	0	0	0	0	0	0	0	0	0	0	0	0	0	0	0	0	0	0	0	0	0	0	0	0	0	0	0	0	0	0	0	0	0	0	0	0	0	0	0	0	0	0	0	0	0	0	0	0	0	0	0	0	0	0	0	0	0	0	0	0	0	0	0	0	0	0	0	0	0	0
Root;Bacteria;Firmicutes;Bacilli;Lactobacillales;Streptococcaceae;Streptococcus;unclassified_Streptococcus	JF151704.1.1366	0	0	0	0	1	0	0	0	0	0	0	0	0	0	0	0	0	0	0	0	0	0	0	0	0	0	0	0	0	0	0	0	0	0	0	0	0	0	0	1	0	0	0	1	0	0	0	0	0	0	0	0	0	0	0	0	0	0	0	0	0	0	0	0	0	0	0	0	0	0	0	0	0	0	0	0	0	0	0	0	0	0	0	0	0	0	0	0	0	0	0	0	0	0	0	0	0	0	0	0	0	0	0	0	0	0	0	0	0	0	0	0	0	0	0	0	0	0	0	2	0	0	0	0	0	0	0	0	0	0	0	0	0	0	0	0	0	0	0	0	0	0	0	0	0	0	0	0	0	0	0	0	0	0	0	0	0	0	0	0	0	0	0	0	0	0	0	0	0	0	0	0	0	0	0	0	0	0	0	0	0	0	1	0	0	0	0	0	0	0	0	0	0	0	0	0	0	0	0	0	0	0	0	0	0	0	0	0	0	0	0	0	0	0	0	0	0	0	0	0	0	0	0	0	0	0	0	1	0	0	0	0	0	0	0	0	0	0	0	0	0	0	0	0	0	0	0	0	0	0	0	0	0	0	0	0	0	0	0	2	0	0	0	0	0	0	0	0	0	0	0	0	0	0	0	0	0	0	0	0	0	0	0	0	0	0	0	0	0	0	0	0	0	0	0	0	0	2	0	0	0	1	0	0	0	0	0	0	0	0	0	0	0	0	0	0	0	1	0	0	0	0	0	0	0	0	0	0	0	0	0	0	0	0	0	0	0	0	0	0	0	0	1	0	0	0	0	0	0	0	0	0	0	0	0	0	0	0	0	0	0	0	0	0	0	0	0	0	0	0	0	0	0
Root;Bacteria;Firmicutes_A;Clostridia;Lachnospirales;Lachnospiraceae;Oribacterium;Oribacterium_sp013394775	AM420111.1.1380	0	0	0	0	0	0	0	0	0	0	0	0	0	0	0	0	0	0	0	0	0	0	0	0	0	0	0	0	0	0	0	0	0	0	0	0	0	0	0	0	0	0	0	0	0	0	0	0	0	0	0	0	0	0	0	0	0	0	0	0	0	0	0	0	0	0	0	0	0	0	0	0	0	0	0	0	0	0	0	0	0	0	0	0	0	0	0	0	0	0	0	0	0	0	0	0	0	0	0	0	0	0	0	0	0	0	0	0	0	0	0	0	0	0	0	0	0	0	0	0	0	0	0	0	0	0	0	0	0	0	0	0	0	0	0	0	0	0	0	0	0	0	0	0	0	0	0	0	0	0	0	0	0	0	0	0	0	0	0	0	0	0	0	0	0	0	0	0	0	0	0	0	0	0	1	0	0	0	0	0	0	0	0	0	0	0	0	0	0	0	0	0	0	0	0	0	0	0	0	0	0	0	0	0	0	0	0	0	0	0	0	0	0	0	0	0	0	0	0	0	0	0	0	0	0	0	0	0	0	0	0	0	0	0	0	0	0	0	0	0	0	0	0	0	0	0	0	0	0	0	0	0	0	0	0	0	0	0	0	0	0	0	0	0	0	0	0	0	0	0	0	0	0	0	0	0	0	0	0	0	0	0	0	0	0	0	0	0	0	0	0	0	0	0	0	0	0	0	0	0	0	0	0	0	0	0	0	0	0	0	0	0	0	0	0	0	0	0	0	0	0	0	0	0	0	0	0	0	0	0	0	0	0	0	0	0	0	0	0	0	0	0	0	0	0	0	0	0	0	0	0	0	0	0	0	0	0	0	0	0	0	0	0	0	0	0	0	0	0	0	0	0	0
Root;Bacteria;Firmicutes_C;Negativicutes;Veillonellales;Veillonellaceae;Veillonella;unclassified_Veillonella	JQ460168.1.1415	0	0	0	0	0	0	28	25	0	1	1	2	0	0	2	2	0	0	0	0	0	0	0	0	0	0	1	0	0	0	0	0	0	0	0	20	0	2	30	1	0	1	0	2	0	0	3	0	0	0	1	2	0	0	0	1	1	0	0	0	2	0	0	3	5	3	0	0	0	1	0	0	0	1	0	0	4	0	0	0	0	1	0	0	0	4	0	0	0	1	0	2	0	0	2	0	1	0	0	1	0	1	0	0	1	4	7	0	0	1	6	6	0	0	0	0	0	0	0	1	0	2	5	1	1	0	3	0	0	0	0	0	0	0	0	3	4	0	0	0	0	0	3	0	0	10	0	0	1	0	0	3	2	0	0	6	0	0	1	0	0	0	0	0	0	201	0	0	0	2	3	0	0	12	0	0	0	0	0	13	0	0	33	36	0	0	0	0	0	0	0	1	13	19	0	0	0	0	0	0	12	9	0	0	0	3	0	2	0	0	2	0	1	0	0	0	1	3	0	1	1	0	5	0	0	0	0	0	2	0	0	4	0	1	5	0	0	1	0	0	0	0	0	5	0	4	0	0	0	5	0	53	0	0	0	0	0	15	2	0	0	0	0	0	18	0	0	0	0	12	0	0	2	0	0	0	20	0	0	0	0	7	0	2	1	1	2	0	7	0	1	0	0	0	1	0	0	6	0	3	0	0	0	0	0	123	0	0	0	2	0	0	4	0	0	0	0	0	0	0	20	0	0	19	6	0	1	1	0	0	0	0	0	6	0	12	5	135	0	1	0	0	0	234	0	7	0	0	0	0	0	3	1	2	742	1	2	0	6	1	6	0	33	2	0	0	8	0	0	8	0	2	2
Root;Bacteria;Firmicutes;Bacilli;Lactobacillales;Streptococcaceae;Streptococcus;unclassified_Streptococcus	EU705393.1.1313	0	0	0	0	0	0	0	0	0	0	0	0	0	0	0	0	0	0	0	0	0	0	0	0	0	0	0	0	0	0	0	0	0	0	0	0	0	0	0	0	0	0	0	0	0	0	0	0	0	0	0	0	0	0	0	0	0	0	0	0	0	0	0	0	0	0	0	0	0	0	0	0	0	0	0	0	0	0	0	0	0	0	0	0	0	0	0	0	0	0	0	0	0	0	0	0	0	0	0	0	0	0	0	1	0	0	0	0	0	0	0	0	0	0	0	0	0	0	0	0	0	0	0	0	0	0	0	0	0	0	0	0	0	0	0	0	0	0	0	0	0	0	0	0	0	0	0	0	0	0	0	0	0	0	0	0	0	0	0	0	0	0	0	0	0	0	0	0	0	0	0	0	0	0	0	0	0	0	0	0	0	0	0	0	0	0	0	0	0	0	0	0	0	0	0	0	0	0	0	0	0	0	0	0	0	0	0	0	0	0	0	0	0	0	0	0	0	0	0	0	0	0	0	0	0	0	0	0	0	0	0	0	0	0	0	0	0	0	0	0	0	0	0	0	0	0	0	0	0	0	0	0	0	0	0	0	0	0	0	0	1	0	0	0	0	0	0	0	0	0	0	0	0	0	0	0	0	0	0	0	0	0	0	0	0	0	0	0	0	0	0	0	0	0	0	0	0	0	0	0	0	0	0	0	0	0	0	0	0	0	0	0	0	0	0	0	0	0	0	0	0	0	0	0	0	0	0	0	0	0	0	0	0	0	0	0	0	0	0	0	0	0	0	0	0	0	0	0	0	0	0	0	0	0	0	0	0	0	0	0	0	0	0	0	0	0	0	0	0	0	0	0	0
Root;Bacteria;Fusobacteriota;Fusobacteriia;Fusobacteriales;Leptotrichiaceae;Leptotrichia_A;unclassified_Leptotrichia_A	JQ466935.1.1306	10	23	0	0	3	7	0	0	0	0	1	1	6	5	81	64	0	0	0	0	0	1	4	3	4	14	17	0	0	0	0	7	6	3	3	0	0	0	10	2	0	0	1	10	4	7	1	0	128	0	0	0	39	1	0	0	0	176	10	4	7	3	14	11	22	23	1	0	0	2	12	0	0	0	28	7	1	79	1	0	13	42	0	1	8	17	19	0	10	0	0	1	1	0	14	0	0	21	0	4	0	8	11	0	0	9	1	0	0	53	3	10	1	0	4	0	1	0	0	45	0	0	0	0	0	3	2	4	8	0	3	11	26	2	0	0	1	0	9	2	1	0	1	0	0	43	0	5	15	7	0	0	1	7	11	8	0	0	0	0	4	0	31	4	27	0	4	0	0	0	0	0	0	0	0	11	2	0	8	0	12	1	19	24	1	10	7	11	47	0	31	31	0	1	5	4	9	4	2	0	3	0	0	6	0	1	0	11	16	31	2	3	0	20	0	0	10	20	0	0	15	0	1	0	0	0	2	10	1	0	3	2	1	0	0	0	3	4	32	16	0	0	68	35	8	6	0	42	7	2	1	13	0	123	2	21	2	0	0	49	10	0	7	0	0	1	1	0	0	13	0	5	0	1	0	0	0	0	0	0	1	9	0	0	0	0	13	15	0	0	1	4	0	0	0	7	0	0	30	0	7	4	10	0	1	6	15	0	0	70	5	1	0	1	0	2	0	5	1	3	0	12	1	0	0	0	3	1	0	0	9	0	0	0	15	0	0	55	13	2	0	53	0	0	0	0	2	20	1	1	12	0	3	22	1	36	1	0	4	1	4	64	21	1	14	51	18	5	0	8	0	1	0
Root;Bacteria;Proteobacteria;Gammaproteobacteria;Enterobacterales;Pasteurellaceae;Haemophilus;unclassified_Haemophilus	JQ448691.1.1371	0	0	8	13	0	0	0	0	0	0	0	0	2	2	0	0	0	0	1	2	1	1	0	2	0	0	1	0	1	5	0	0	4	0	0	0	5	6	0	0	0	1	0	1	0	23	7	1	1	3	0	0	1	1	101	71	31	0	0	4	0	4	34	1	0	0	0	0	0	1	1	2	2	0	4	0	2	0	0	0	0	4	0	2	0	0	0	0	0	0	0	0	9	4	0	0	2	3	0	0	0	3	0	5	0	0	13	41	0	1	10	0	0	0	1	0	0	0	0	9	0	1	0	0	11	2	0	10	8	0	52	0	0	0	0	5	1	3	0	0	0	0	1	1	5	0	0	0	5	10	0	0	3	0	0	1	1	0	0	0	2	0	0	0	8	8	2	0	0	1	8	0	0	0	0	0	0	0	0	4	0	0	0	2	0	0	0	1	1	0	0	0	0	0	1	1	0	0	0	0	0	0	0	0	0	0	0	0	0	2	3	0	0	0	3	0	0	0	0	1	2	0	0	0	0	0	1	0	2	0	2	8	1	1	0	0	2	0	0	0	0	0	0	1	0	0	16	8	0	1	6	0	1	0	0	1	0	2	0	1	0	1	0	0	0	0	0	0	0	0	11	0	2	0	0	0	0	4	8	0	2	0	0	0	1	1	0	0	0	1	1	0	0	0	1	0	0	1	1	7	2	9	10	0	3	2	0	0	0	3	0	0	0	2	0	0	0	5	0	15	2	30	0	5	0	0	6	6	4	11	3	0	0	0	0	0	0	0	0	0	0	0	0	5	4	0	0	20	5	0	16	0	0	10	35	0	0	0	2	1	2	4	0	4	1	0	3	0	0	0	1	1	0
Root;Bacteria;Firmicutes;Bacilli;Lactobacillales;Streptococcaceae;Streptococcus;Streptococcus_intermedius	FJ976318.1.1377	0	1	27	46	14	6	3	2	11	11	5	0	4	2	11	15	6	1	2	3	3	1	5	2	1	2	2	110	113	7	0	4	0	16	12	0	92	47	27	21	19	2	1	6	28	6	9	6	10	23	0	13	3	7	4	2	66	42	4	17	35	38	16	29	15	10	314	2	1	12	0	12	62	64	8	0	6	55	17	0	36	5	23	2	26	40	2	3	6	4	1	0	58	34	1	0	0	5	0	15	1	0	0	30	4	25	19	0	0	15	18	0	2	3	3	0	0	0	39	2	0	122	0	0	2	2	2	27	20	0	76	6	3	15	0	41	69	0	8	1	0	0	9	15	4	22	0	0	3	2	2	7	28	0	9	6	5	32	4	0	17	2	29	1	5	0	3	0	0	216	8	0	21	16	0	10	2	21	7	11	3	2	14	9	15	1	0	0	0	0	9	5	7	7	3	3	3	3	0	0	8	5	113	4	0	2	29	1	3	4	2	30	5	0	13	0	33	36	0	0	1	0	5	0	0	0	5	5	8	8	0	4	1	10	69	0	0	2	1	4	0	0	0	12	0	19	60	3	0	9	9	0	8	29	10	53	2	21	45	21	1	6	19	42	0	0	3	4	15	9	3	2	44	50	16	0	0	30	26	207	14	3	2	0	28	30	2	22	10	1	8	7	0	0	7	8	7	2	7	18	0	0	10	0	0	12	4	108	0	9	3	5	79	71	21	1	0	1	0	14	7	2	29	18	51	0	6	0	1	4	1	0	85	85	24	16	0	27	4	8	15	0	1	0	2	2	2	5	1	6	33	29	13	9	3	12	16	1	127	34	7	21	56	203	6	5	1	1	0	2	15	0	5
Root;Bacteria;Bacteroidota;Bacteroidia;Bacteroidales;Bacteroidaceae;Bacteroides;unclassified_Bacteroides	DQ807589.1.1394	0	0	0	0	0	0	0	0	0	0	0	0	0	0	0	0	0	0	0	0	0	0	0	0	0	0	0	0	0	0	0	0	0	0	0	0	0	0	0	0	0	0	0	0	0	0	0	0	0	0	0	0	0	0	0	0	0	0	0	0	0	0	0	0	0	0	0	0	0	0	0	0	0	0	1	0	0	0	0	0	0	0	0	0	0	0	0	0	0	0	0	0	0	0	0	0	0	0	0	0	0	0	0	0	0	0	0	0	0	0	0	0	0	0	0	0	0	0	0	0	0	0	0	0	0	0	0	0	0	0	0	0	0	0	0	0	0	0	0	0	0	0	0	0	0	0	0	0	0	0	0	0	0	0	0	0	0	0	0	0	0	0	0	0	1	0	0	0	0	0	0	0	0	0	0	0	0	0	0	0	0	0	0	0	0	0	0	0	0	0	0	0	0	0	0	0	0	0	0	0	0	0	0	0	0	0	0	0	0	0	0	0	0	0	0	0	0	0	0	0	0	0	1	0	0	0	0	0	0	0	0	0	0	0	0	0	0	0	0	0	0	0	0	0	0	0	0	0	0	0	0	0	0	0	0	0	0	0	0	0	0	0	0	0	0	0	0	0	0	0	0	0	0	0	0	0	0	0	0	0	0	0	0	0	0	0	0	0	0	0	0	0	0	0	0	0	0	0	0	0	0	0	0	0	0	0	0	0	0	0	0	0	0	0	0	0	0	0	0	0	0	0	0	0	0	0	0	0	0	0	0	0	0	0	0	0	0	0	0	0	0	0	0	0	0	0	0	0	0	0	0	0	0	0	0	0	0	0	0	0	0	0	0	0	0	0	0	0	0	0	0	0	0
Root;Bacteria;Firmicutes_A;Clostridia;Peptostreptococcales;Peptostreptococcaceae;unclassified_Peptostreptococcaceae	EU774725.1.1375	0	0	0	0	0	0	0	0	0	0	0	0	0	0	0	0	0	0	0	0	0	0	0	0	0	0	0	1	0	0	0	0	0	0	0	0	0	0	0	0	0	0	0	0	0	0	0	0	0	0	0	0	0	0	0	0	0	0	0	0	0	0	0	0	0	0	0	0	0	0	0	0	0	0	0	0	0	0	0	0	0	0	0	0	0	0	0	0	0	0	0	0	0	0	0	0	0	0	0	0	0	0	0	0	0	0	0	0	0	0	0	0	0	0	0	0	0	0	0	0	0	0	0	0	0	0	0	0	0	0	0	0	0	0	0	0	0	0	0	0	0	0	0	0	0	0	0	0	0	0	0	0	0	0	0	0	0	0	0	0	0	0	0	0	0	0	0	0	0	0	0	0	0	0	0	0	0	0	0	0	0	0	0	0	0	0	0	0	0	0	0	0	0	0	0	0	0	0	0	0	0	0	0	0	0	0	0	0	0	0	0	0	0	0	0	0	0	0	0	0	0	0	0	0	0	0	0	0	0	0	0	0	0	0	0	0	0	0	0	0	0	0	0	0	0	0	0	0	0	0	0	0	0	0	0	0	0	0	0	0	0	0	0	0	0	0	0	0	0	0	0	0	0	0	0	0	0	0	0	0	0	0	0	0	0	0	0	0	0	0	0	0	0	0	0	0	0	0	0	0	0	0	0	0	0	0	0	0	0	0	0	0	0	0	0	0	0	0	0	0	0	0	0	0	0	0	0	0	0	0	0	0	0	0	0	0	0	0	0	0	0	0	0	0	0	0	0	0	0	0	0	0	0	0	0	0	0	0	0	0	0	0	0	0	0	0	0	0	0	0	0	0	0
Root;Bacteria;Firmicutes;Bacilli;Lactobacillales;Streptococcaceae;Streptococcus;unclassified_Streptococcus	HQ778326.1.1469	0	0	0	0	0	0	0	0	0	0	0	0	0	0	0	0	1	0	0	0	0	0	0	0	0	0	0	0	0	0	0	0	0	0	0	0	1	0	0	0	0	0	0	0	0	0	0	0	0	0	0	0	0	0	0	0	0	0	0	0	0	2	0	0	0	0	0	0	0	0	0	0	0	0	0	0	0	1	0	0	0	0	0	0	0	0	0	0	0	0	0	0	0	0	0	0	0	0	0	0	0	0	0	0	0	0	0	0	0	0	0	0	0	1	0	0	0	0	0	0	0	0	0	0	0	0	0	0	0	0	0	0	1	0	0	0	0	0	0	0	0	0	0	0	0	0	0	0	0	0	0	0	0	0	0	0	0	0	0	0	0	0	0	0	0	0	0	0	0	0	0	0	0	0	0	0	0	0	0	0	0	0	0	0	0	0	0	0	0	0	0	0	0	0	0	0	0	0	0	0	0	0	0	0	0	0	0	0	0	0	0	0	0	0	0	0	0	0	0	0	0	0	0	0	0	0	0	0	0	0	0	0	0	0	0	0	0	0	0	0	0	0	0	0	0	0	0	0	0	0	0	0	0	0	0	0	0	0	0	0	0	0	0	0	0	0	0	0	0	0	0	0	0	0	0	0	0	0	0	0	0	0	0	0	1	0	0	0	0	0	0	0	0	0	0	0	0	0	0	0	0	0	0	0	0	0	0	0	0	0	0	0	0	0	0	0	0	0	0	0	0	0	0	0	0	0	0	0	0	0	0	0	0	0	0	0	0	0	0	0	0	0	0	0	0	0	0	0	0	0	0	0	0	0	2	0	0	0	0	0	0	0	0	0	0	0	0	0	0	0	0	0	1
Root;Bacteria;Bacteroidota;Bacteroidia;Bacteroidales;Tannerellaceae;Tannerella;unclassified_Tannerella	JQ452486.1.1386	0	3	0	0	2	0	0	0	0	0	3	2	0	0	0	0	0	0	0	2	0	0	1	0	0	0	0	0	0	0	0	0	1	0	0	0	0	1	0	0	0	0	0	0	0	0	0	0	7	0	0	0	0	0	0	0	0	0	0	0	0	0	0	0	0	0	0	0	0	0	0	0	0	0	0	0	0	0	1	0	0	0	0	0	0	0	0	0	0	0	0	0	0	0	0	0	0	0	0	0	0	0	0	0	0	0	0	0	0	0	0	0	0	0	0	0	1	0	0	0	0	0	0	0	0	0	0	0	1	0	0	1	0	0	0	0	0	0	1	0	0	0	0	0	0	0	0	0	0	1	0	0	5	2	3	0	0	0	0	0	0	0	0	0	0	1	0	0	0	0	1	0	0	0	0	1	0	0	0	0	0	0	0	0	0	0	0	0	0	0	0	0	0	0	0	0	0	0	0	0	0	0	0	2	0	0	0	1	0	0	0	0	0	0	1	0	2	1	1	1	0	0	0	0	0	0	0	0	1	0	0	1	0	0	0	0	0	0	2	0	0	0	0	0	2	1	0	1	0	0	0	0	0	0	1	0	0	0	0	0	1	0	0	0	0	0	0	0	0	0	0	0	0	0	0	0	0	0	0	0	2	0	0	0	0	0	0	0	0	0	0	0	0	0	0	0	0	0	0	0	0	0	0	1	1	1	2	0	0	1	0	0	0	0	1	1	0	0	0	0	0	0	0	0	0	0	0	0	0	0	0	0	0	0	1	0	0	0	0	0	0	0	0	0	0	4	1	0	0	0	1	1	0	0	0	2	0	0	0	0	1	7	0	0	1	3	4	0	0	1	1	0	0
Root;Bacteria;Bacteroidota;Bacteroidia;Bacteroidales;Bacteroidaceae;Prevotella;Prevotella_oris	JQ469462.1.1398	83	109	0	0	0	3	13	14	47	66	24	53	9	14	49	55	6	8	28	28	24	15	0	0	20	9	71	6	8	20	0	5	7	78	156	0	145	139	0	15	1	0	0	0	6	0	0	0	4	9	10	0	17	0	7	3	0	24	0	0	0	0	0	9	3	7	1	15	10	5	10	1	17	18	3	7	2	23	28	0	478	37	0	0	13	13	0	2	39	1	0	24	1	347	0	0	0	3	0	18	0	20	84	17	1	3	113	2	0	101	5	30	122	0	18	0	63	0	8	8	0	96	0	0	46	30	7	8	13	0	27	25	7	100	0	15	14	2	12	0	1	0	13	216	0	94	0	0	13	1	4	0	51	0	3	3	3	63	12	15	49	0	2	6	0	0	0	24	77	110	56	0	10	3	3	137	28	13	66	6	8	4	47	46	16	0	1	89	0	0	0	0	75	16	1	0	8	0	14	72	48	48	0	8	0	1	0	0	15	17	41	177	2	43	140	0	17	19	0	0	0	0	0	0	83	0	156	19	18	18	32	1	24	0	0	0	27	0	0	0	0	0	0	1	21	0	152	17	16	53	0	1	0	24	8	6	0	0	103	91	2	2	18	4	0	65	124	26	29	19	3	23	136	579	0	1	5	11	11	309	0	7	0	6	31	0	133	5	51	13	9	30	4	0	85	11	58	281	46	0	0	0	1	15	177	63	5	1	0	4	0	15	1	146	182	130	60	49	6	11	0	3	213	12	31	0	25	0	0	0	1	0	0	1	149	11	1	116	1	4	1	0	5	8	2	12	1	17	3	17	3	11	5	53	7	12	66	18	249	24	11	0	22	521	6	8	0	0	0	4	6	3	4
Root;Bacteria;Actinobacteriota;Actinomycetia;Actinomycetales;Bifidobacteriaceae;Bifidobacterium;Bifidobacterium_dentium	CP001750.2605730.2607248	0	0	0	0	0	0	0	0	0	0	0	0	0	0	0	0	0	1	0	0	0	0	0	0	0	0	0	0	0	0	0	0	0	0	0	1	0	0	0	0	0	0	1	0	0	1	0	0	0	0	0	0	0	0	0	0	0	0	0	0	0	0	0	0	0	0	0	0	0	0	0	0	0	0	0	0	0	0	0	0	0	0	0	0	0	0	0	0	0	0	0	0	0	0	0	0	0	0	0	0	0	0	0	0	0	0	0	0	0	0	0	0	0	0	0	0	0	0	0	0	0	0	0	0	0	0	0	0	0	0	0	0	0	0	0	0	0	0	0	0	0	0	0	0	0	0	0	0	0	0	0	0	0	0	0	0	0	0	0	0	0	0	0	0	0	0	0	0	0	0	0	0	0	0	0	0	0	0	0	0	0	0	0	0	0	0	0	0	0	0	0	0	0	0	0	0	0	0	0	0	0	0	0	0	0	0	0	0	0	0	0	0	0	0	0	0	0	0	0	0	0	0	0	0	0	0	0	0	0	0	0	0	0	0	0	0	0	0	0	0	0	0	0	0	0	0	0	0	0	0	0	0	0	0	0	0	0	0	0	0	0	0	0	0	1	0	0	0	0	0	0	0	0	0	0	0	0	0	0	2	0	0	0	0	0	0	0	0	0	0	0	0	0	0	0	0	0	0	0	0	0	0	0	0	0	0	0	0	0	0	0	0	0	7	9	0	0	0	0	0	0	0	0	0	0	0	0	0	0	0	0	0	0	0	0	0	0	0	0	0	0	0	0	0	0	0	0	0	0	0	0	0	0	0	1	0	0	0	0	0	0	0	0	0	0	0	0	0	0	0	0	0	0
Root;Bacteria;Bacteroidota;Bacteroidia;Bacteroidales;Porphyromonadaceae;Porphyromonas;unclassified_Porphyromonas	JQ452460.1.1398	0	0	0	0	0	0	0	0	0	0	0	0	0	0	0	2	0	0	0	0	0	0	1	0	0	0	0	0	0	0	0	0	0	0	0	0	0	0	0	0	0	1	0	0	0	0	0	0	0	0	0	0	0	0	0	0	0	0	0	0	0	0	1	0	0	0	0	0	0	0	0	0	0	0	0	0	0	0	0	0	0	1	0	0	0	0	1	0	0	0	0	0	0	0	0	0	0	0	0	0	0	0	2	0	0	0	0	0	0	0	0	0	0	0	0	1	0	0	0	1	0	0	0	0	1	0	0	0	0	0	0	0	0	0	0	0	0	0	0	1	0	0	0	5	0	0	0	0	0	0	0	4	0	0	0	0	0	0	0	0	0	0	0	0	0	1	0	0	0	0	0	0	0	0	0	0	0	0	0	0	0	0	0	0	0	0	0	0	0	0	0	0	0	0	0	0	0	0	0	0	0	0	0	0	0	0	0	0	0	0	0	0	0	1	0	0	0	0	0	0	1	1	1	0	0	0	0	0	0	0	0	0	0	0	0	0	1	0	0	0	0	0	0	0	0	0	0	1	0	0	0	0	0	1	0	0	0	0	0	0	0	0	0	0	0	0	0	0	0	0	0	0	0	0	0	0	0	0	0	0	0	0	0	0	0	0	0	0	0	0	0	0	0	0	0	0	0	0	0	0	0	0	0	0	2	0	0	0	0	0	0	0	0	0	0	0	0	0	0	0	0	0	0	0	0	0	1	0	0	0	0	0	0	0	0	0	0	0	0	0	0	0	0	0	0	0	0	0	0	0	0	0	0	0	1	0	0	0	0	0	1	0	0	0	0	0	0	0	0	0	0	0	0
Root;Bacteria;Bacteroidota;Bacteroidia;Bacteroidales;Bacteroidaceae;Bacteroides;Bacteroides_fragilis	HQ800723.1.1431	0	0	0	0	0	0	0	0	0	0	0	0	0	0	0	0	0	0	0	0	0	0	0	0	0	0	0	0	1	0	0	0	0	0	0	0	0	0	0	0	0	0	0	0	0	0	0	0	0	0	0	0	0	0	0	0	0	0	0	0	0	0	0	0	0	0	0	0	0	0	0	0	0	0	0	0	0	0	0	0	0	0	0	0	0	0	0	0	0	0	0	0	0	0	0	0	0	0	0	0	0	0	0	0	0	0	0	0	0	0	0	0	0	0	0	0	0	0	0	0	0	0	0	0	0	0	0	0	0	0	0	0	0	0	0	0	0	0	0	0	0	0	0	0	0	0	0	0	0	0	0	0	0	0	0	0	0	0	0	0	0	0	0	0	0	0	0	0	0	0	0	0	0	0	0	0	0	0	0	0	0	0	0	0	0	0	0	0	0	0	0	0	0	0	0	0	0	0	0	0	0	0	0	0	0	0	0	0	0	0	0	0	0	1	0	0	0	0	0	0	0	0	0	0	0	0	0	0	0	0	0	0	0	0	0	0	0	0	0	0	0	0	0	0	0	0	0	0	0	0	0	0	0	0	0	0	0	0	0	0	0	0	0	0	0	0	0	0	0	0	0	0	0	0	0	0	0	0	0	0	0	0	0	0	0	0	0	0	0	0	0	0	0	0	0	0	0	0	0	0	0	0	0	0	0	0	0	0	0	0	0	0	0	0	0	0	0	0	0	0	0	0	0	0	0	0	0	0	0	0	0	0	0	0	0	0	0	0	0	0	0	0	0	0	0	0	0	0	0	0	0	0	0	0	1	0	0	0	0	0	0	0	0	0	0	0	0	0	0	0	0	0	0
Root;Bacteria;Firmicutes_A;Clostridia;Lachnospirales;Lachnospiraceae;Lachnospira;unclassified_Lachnospira	HQ796415.1.1439	0	0	0	0	0	0	0	0	0	0	0	0	0	0	0	0	0	0	0	0	0	0	0	0	0	0	0	0	0	0	0	0	0	0	0	0	0	0	0	0	0	0	0	0	0	0	0	0	0	0	0	0	0	0	0	0	0	0	0	0	0	0	0	0	0	0	0	0	0	0	0	0	0	0	0	0	0	0	0	0	0	0	0	0	0	0	0	0	0	0	0	0	0	0	0	0	0	0	0	0	0	0	0	0	0	0	0	0	0	0	0	0	0	0	0	0	0	0	0	0	0	0	0	0	0	0	0	0	0	0	0	0	0	0	0	0	0	0	0	0	0	0	0	0	0	0	0	0	0	0	0	0	0	0	0	0	0	0	0	0	0	0	0	0	0	0	0	0	0	0	0	0	0	0	0	0	0	0	0	0	0	0	0	0	0	0	0	0	0	0	0	0	0	0	0	0	0	0	0	0	0	0	0	0	0	0	0	0	0	0	0	0	0	0	0	0	0	0	0	0	0	0	0	0	0	0	0	0	0	0	0	0	0	0	0	0	0	0	0	0	0	0	0	0	0	0	0	0	0	0	0	0	0	1	0	0	0	0	0	0	0	0	0	0	0	0	0	0	0	0	0	0	0	0	0	0	0	0	0	0	0	0	0	0	0	0	0	0	0	0	0	0	0	0	0	0	0	0	0	0	0	0	0	0	0	0	0	0	0	0	0	0	0	0	0	0	0	0	0	0	0	0	0	0	0	0	0	0	0	0	0	0	0	0	0	0	0	0	0	0	0	0	0	0	0	0	0	0	0	0	0	0	0	0	0	0	0	0	0	0	0	0	1	0	0	0	0	0	0	0	0	0	0
Root;Bacteria;Bacteroidota;Bacteroidia;Flavobacteriales;Weeksellaceae;Cloacibacterium;unclassified_Cloacibacterium	HQ860569.1.1449	0	0	0	0	0	0	0	0	0	0	0	0	0	0	0	0	0	0	0	0	0	0	0	0	0	0	0	0	0	0	0	0	0	0	0	0	0	0	0	0	0	0	0	2	0	0	0	0	0	0	0	0	0	0	0	0	0	0	0	0	0	0	0	0	0	0	1	0	0	0	0	0	1	0	1	0	0	0	0	0	0	0	0	0	0	0	0	0	0	0	0	0	0	0	0	0	0	0	0	0	0	0	0	0	0	0	0	0	0	0	0	0	0	0	0	0	0	0	0	0	0	0	0	0	0	0	2	0	0	0	0	0	0	0	0	0	0	0	0	0	0	0	0	0	0	0	0	0	0	0	0	0	0	0	0	0	0	0	0	0	0	0	0	0	0	0	0	0	0	0	0	0	0	0	0	0	0	0	0	0	0	0	0	0	0	0	0	0	0	0	0	0	0	0	0	0	0	0	0	2	0	0	0	0	0	0	0	0	0	0	0	0	0	0	0	0	0	0	0	0	0	0	0	0	0	0	0	0	0	0	0	0	0	0	0	0	0	0	0	0	0	0	0	0	0	0	0	0	0	0	0	0	0	0	0	0	0	0	0	0	0	0	0	0	0	0	0	0	0	0	0	0	0	0	0	0	0	0	0	0	0	0	0	0	0	0	0	0	0	0	0	0	0	0	0	0	0	0	0	0	0	0	0	0	0	0	0	0	0	0	0	0	0	0	0	0	0	0	0	0	0	0	0	0	0	0	0	0	0	0	0	0	0	7	0	0	0	0	0	0	0	0	0	0	0	0	0	0	0	0	0	0	0	0	0	0	0	0	0	0	0	0	0	0	0	0	0	0	0	0	0	3	0
Root;Bacteria;Fusobacteriota;Fusobacteriia;Fusobacteriales;Fusobacteriaceae;Fusobacterium;unclassified_Fusobacterium	JQ473881.1.1382	0	0	0	0	0	0	0	0	0	0	0	0	0	0	0	0	0	0	0	0	0	0	0	0	0	0	0	0	0	0	0	0	0	0	0	0	0	0	0	0	0	0	0	0	0	0	0	0	0	0	0	0	0	0	0	0	0	0	0	0	0	0	0	0	0	0	0	0	0	0	0	0	0	0	0	0	0	0	0	0	0	0	0	0	0	0	0	0	0	0	0	0	0	0	0	0	0	0	0	0	0	0	0	0	0	0	0	0	0	0	0	0	0	0	0	0	0	0	0	0	0	0	0	0	0	0	0	0	0	0	0	0	0	0	0	0	0	0	0	0	0	0	0	0	0	0	0	0	0	0	0	0	0	0	0	0	0	0	0	0	0	0	0	0	0	0	0	0	0	0	0	0	0	0	0	0	0	0	0	0	0	0	0	0	0	0	0	0	0	0	0	0	0	0	0	0	0	0	0	0	0	0	0	0	0	0	0	0	0	0	0	0	0	0	0	0	0	0	0	0	0	0	0	0	0	0	0	0	0	0	0	0	0	0	0	0	0	0	0	0	0	0	0	0	0	0	1	0	0	0	0	0	0	0	0	0	0	0	0	0	0	0	0	0	0	0	0	0	0	0	0	0	0	0	0	0	0	0	0	0	0	0	0	0	0	0	0	0	0	0	0	0	0	0	1	0	0	0	0	0	0	0	0	0	0	0	0	0	0	0	0	0	0	0	0	0	0	0	0	0	0	0	0	0	0	0	0	0	0	0	0	0	0	0	0	0	0	0	0	0	0	0	0	0	0	0	0	0	0	0	0	0	0	0	0	0	0	0	0	0	0	0	0	0	0	0	0	0	0	0	0	0	0
Root;Bacteria;Actinobacteriota;Actinomycetia;Actinomycetales;Actinomycetaceae;Actinomyces;unclassified_Actinomyces	GU227175.1.1462	0	0	0	0	0	0	0	0	0	0	0	0	0	0	0	0	0	0	0	0	0	0	0	0	0	0	0	0	0	0	0	0	0	0	0	0	0	0	0	0	0	0	0	0	0	0	0	0	0	0	0	0	0	0	0	0	0	0	0	0	0	0	0	0	0	0	0	0	0	0	0	0	0	0	0	0	0	0	0	0	0	0	0	0	0	0	0	0	0	0	0	0	0	0	0	0	0	0	0	0	0	0	0	0	0	0	0	0	0	0	0	0	0	0	0	0	0	0	0	0	0	0	0	0	0	0	0	0	0	0	0	0	0	0	0	0	0	0	0	0	0	0	0	0	0	0	0	0	0	0	0	0	0	0	0	0	0	0	0	0	0	0	0	0	0	0	0	0	0	0	0	0	0	0	0	0	0	0	0	0	0	0	0	0	0	0	0	0	0	0	0	0	0	0	0	0	0	0	2	0	0	0	0	0	0	0	0	0	0	0	0	0	0	0	0	0	0	0	0	0	0	0	0	0	0	0	0	0	0	0	0	0	0	0	0	0	0	0	0	0	0	0	0	0	0	0	0	0	0	0	0	0	0	0	0	0	0	0	0	0	0	0	0	0	0	0	0	0	0	0	0	0	0	0	0	0	0	0	0	0	0	0	0	2	0	0	0	0	0	0	0	0	0	0	0	0	0	0	0	0	0	0	0	0	0	0	0	0	0	0	0	0	0	0	0	0	0	0	0	0	0	0	0	0	0	0	0	0	0	0	0	0	0	0	0	0	0	0	0	0	0	0	0	0	0	0	0	0	0	0	0	0	0	0	0	0	0	0	0	0	0	0	0	0	0	0	0	0	0	0	0	0	0
Root;Bacteria;Proteobacteria;Gammaproteobacteria;Enterobacterales;Pasteurellaceae;Haemophilus_D;unclassified_Haemophilus_D	JQ466170.1.1381	0	0	1	2	3	4	0	0	0	0	0	0	2	0	2	3	3	0	2	0	5	3	0	0	0	0	0	0	0	0	0	0	0	0	0	0	10	1	1	0	3	1	0	0	0	2	0	0	1	0	2	0	0	0	0	1	0	0	0	0	0	0	0	0	0	0	0	0	0	0	0	1	0	0	0	0	0	1	0	0	0	0	3	0	0	0	0	0	0	0	0	0	1	0	0	0	0	0	0	0	0	0	0	0	0	0	0	1	0	0	0	0	0	0	0	0	0	0	1	0	0	0	0	0	0	1	0	1	0	0	1	0	0	1	0	0	0	0	1	0	0	0	0	0	2	0	0	0	1	0	0	0	0	0	0	0	9	0	0	0	0	1	0	0	1	0	1	0	0	1	0	0	0	0	0	0	0	0	0	1	0	1	0	0	0	0	0	0	0	0	0	0	0	0	3	2	0	0	0	0	0	0	0	1	0	0	0	0	0	0	0	0	1	0	0	0	0	0	1	0	1	0	0	0	0	0	0	0	0	1	0	0	0	0	0	0	0	0	0	0	0	0	0	0	0	0	1	0	0	0	1	0	0	0	0	0	0	0	0	4	1	0	0	0	0	0	0	0	0	0	0	0	0	3	0	1	0	0	0	0	0	0	0	0	0	0	1	0	0	0	0	0	1	0	0	0	0	0	1	0	0	0	0	0	0	0	0	0	0	0	0	0	0	1	0	0	0	0	0	0	1	0	0	0	0	0	0	0	6	13	0	0	3	0	0	0	0	6	0	0	0	0	2	0	1	0	0	1	0	0	0	0	0	0	0	0	0	0	0	0	0	0	0	1	0	0	0	0	0	0	0	0	0
Root;Bacteria;Fusobacteriota;Fusobacteriia;Fusobacteriales;Fusobacteriaceae;Fusobacterium;unclassified_Fusobacterium	JQ467959.1.1393	2	3	0	0	2	1	4	2	0	0	0	0	2	0	1	0	0	0	1	0	0	0	0	0	0	0	1	0	0	2	0	0	1	0	0	0	0	0	0	0	0	0	0	0	2	1	0	0	0	0	0	0	1	0	0	0	0	0	0	0	2	0	1	0	0	0	1	0	0	0	0	0	0	0	0	0	0	0	0	0	0	0	0	0	1	1	1	0	0	0	0	0	0	0	0	0	0	1	0	2	1	0	0	1	0	0	1	0	0	0	0	0	0	0	0	0	2	0	0	0	0	0	0	0	1	0	0	0	0	0	0	0	0	0	0	0	0	0	3	0	0	0	0	0	0	1	0	7	2	0	2	1	0	1	0	1	0	1	2	0	0	0	0	0	0	0	1	1	0	0	1	0	2	0	0	1	1	0	0	0	1	2	0	0	0	0	0	0	0	0	0	0	0	0	0	0	0	1	0	0	0	0	0	1	0	0	0	0	0	0	0	0	0	1	7	1	0	0	0	0	0	0	1	0	0	0	0	1	0	0	0	0	0	0	0	0	0	0	0	1	1	0	0	0	0	0	2	0	0	0	0	0	1	0	0	11	0	0	0	0	0	0	0	0	0	1	2	1	0	0	3	1	1	0	0	0	0	0	0	0	0	0	0	0	0	0	0	0	0	0	0	1	1	0	0	1	3	0	1	0	0	0	0	0	0	0	1	0	0	1	0	0	0	0	1	0	0	0	0	9	0	0	0	0	0	0	0	0	1	1	0	0	1	0	0	0	0	0	0	0	2	1	0	0	0	1	0	0	0	3	4	1	1	0	0	0	4	1	0	0	0	2	1	0	0	0	2	0	0	0	1	0	0
Root;Bacteria;Firmicutes;Bacilli;Lactobacillales;Streptococcaceae;Streptococcus;unclassified_Streptococcus	JQ453495.1.1413	0	0	0	0	0	0	0	0	0	0	0	0	0	0	0	0	0	0	0	0	0	0	0	0	0	0	0	0	0	0	0	0	0	0	0	0	0	0	0	0	1	0	2	0	1	0	0	0	0	0	1	0	0	2	2	2	0	0	0	0	0	0	0	0	1	0	0	1	0	0	0	1	0	0	0	0	0	1	0	0	1	0	0	0	0	0	0	0	0	0	0	0	0	0	1	0	0	0	0	0	0	0	0	0	1	0	0	0	0	0	0	0	0	0	0	0	0	0	0	0	0	0	2	0	0	1	2	0	1	0	0	0	1	0	0	0	0	0	0	0	0	0	0	0	0	0	0	0	0	0	3	0	0	0	0	0	0	0	0	1	0	0	0	0	0	0	0	0	0	0	0	0	0	0	0	0	0	0	0	1	0	0	0	0	0	0	0	0	0	0	0	0	0	1	0	0	0	0	0	0	0	0	1	0	0	0	0	0	0	0	1	0	0	0	0	0	0	0	0	0	0	0	1	0	0	0	0	0	0	0	0	0	0	1	0	0	0	0	0	0	0	0	0	0	0	0	0	0	1	0	0	2	0	0	0	0	0	0	0	1	0	0	0	0	0	0	0	0	0	0	0	0	1	0	0	0	0	0	0	0	0	0	0	0	0	0	0	1	0	0	2	0	0	0	0	0	0	0	0	0	0	0	0	0	0	0	0	0	0	0	0	0	0	0	0	0	0	0	0	1	0	0	1	0	0	0	0	0	0	0	0	0	0	0	0	0	0	0	0	0	1	0	0	0	0	0	0	0	0	0	0	0	0	0	0	0	0	0	0	0	0	0	1	1	0	0	0	0	0	0	0	4	0
Root;Bacteria;Firmicutes_A;Clostridia;Peptostreptococcales;Peptostreptococcaceae;Clostridioides;unclassified_Clostridioides	AM180355.124152.125658	0	0	0	0	0	0	0	0	0	0	0	0	0	0	1	0	0	0	0	0	0	0	0	0	0	0	0	54	67	0	0	1	0	0	0	0	0	0	0	0	0	0	0	0	0	0	0	0	0	0	0	0	0	0	0	0	0	0	0	0	0	0	0	0	0	0	0	0	0	0	0	0	0	0	0	0	0	0	0	0	0	0	0	0	0	0	0	0	1	0	0	0	0	0	0	0	0	0	0	0	0	0	0	0	0	0	0	0	0	0	0	0	0	0	0	0	0	0	0	0	0	0	0	0	0	0	0	0	0	0	0	0	0	0	0	0	0	0	0	0	0	0	0	0	0	0	0	0	0	0	0	0	0	0	0	0	0	0	0	0	0	0	0	0	0	0	0	0	0	0	0	0	0	0	0	0	0	0	0	0	0	0	0	0	0	0	0	0	0	0	0	0	0	0	0	0	0	0	0	0	0	0	0	0	0	0	0	0	0	0	0	0	0	0	0	0	0	0	0	0	0	0	0	0	0	0	0	0	0	0	0	0	0	0	0	0	0	0	0	0	0	0	0	0	0	0	0	0	0	0	0	0	0	0	0	0	0	0	0	0	0	0	0	0	0	0	0	0	0	0	0	0	0	0	0	0	0	0	0	0	0	0	0	0	0	0	0	0	0	0	0	0	0	0	0	0	0	0	0	0	0	0	0	0	0	0	0	0	0	0	0	0	0	0	0	0	0	0	0	0	0	0	0	0	0	0	0	0	0	0	0	0	0	0	0	0	0	0	0	0	0	0	0	0	0	0	0	0	0	0	0	0	0	0	0	0	0	0	0	0	0	0	0	0	0	0	0	0	0	0	0	0	0
Root;Bacteria;Proteobacteria;Gammaproteobacteria;Cardiobacteriales;Cardiobacteriaceae;Cardiobacterium;Cardiobacterium_hominis	JQ072936.1.1361	0	0	0	0	0	0	0	0	0	0	0	0	0	0	0	0	0	0	0	0	0	0	0	0	0	0	0	0	0	0	0	0	0	0	0	0	0	0	0	0	0	0	0	0	0	0	0	0	0	0	0	0	0	0	0	0	0	0	0	0	0	0	0	0	2	4	0	0	0	0	0	0	0	0	0	0	0	0	0	0	0	0	0	0	0	0	1	0	0	0	0	0	0	0	1	0	0	0	0	0	0	0	0	0	0	0	0	0	0	0	0	0	0	0	0	0	0	0	0	0	0	0	0	0	0	0	0	0	0	0	0	0	0	0	0	0	0	0	0	0	0	0	0	0	0	0	0	0	0	0	0	0	0	0	0	0	0	0	0	0	0	0	0	0	0	0	0	0	0	0	0	0	0	0	0	0	0	0	0	0	0	0	0	0	0	0	0	0	0	0	0	0	0	0	0	0	0	0	0	0	0	0	0	0	0	0	0	0	0	0	0	0	0	0	0	0	0	0	0	0	0	0	0	0	0	0	0	0	0	0	0	0	0	0	0	0	0	0	0	0	0	0	0	0	0	0	0	0	0	0	0	0	0	0	0	0	0	0	0	0	0	0	0	0	0	0	0	0	0	0	0	0	0	0	0	0	0	0	0	0	0	0	0	0	0	0	0	0	0	1	0	0	0	0	0	0	0	0	0	0	0	0	0	0	0	0	0	0	0	0	0	0	0	0	0	0	0	0	0	0	0	0	0	0	0	0	0	0	0	0	0	0	0	0	0	0	0	0	0	0	0	0	0	0	0	0	0	0	0	0	0	0	0	0	0	0	0	0	0	0	0	0	0	0	0	0	0	0	0	0	0	0	0
Root;Bacteria;Actinobacteriota;Actinomycetia;Actinomycetales;Actinomycetaceae;Actinomyces;Actinomyces_johnsonii	JQ452513.1.1300	1	1	2	6	9	8	0	0	2	1	10	2	38	31	0	1	2	2	6	9	0	10	8	15	25	4	2	1	1	3	3	5	1	0	4	0	5	8	3	98	54	45	236	23	39	55	19	82	13	104	6	16	7	51	37	26	3	27	77	167	11	199	0	48	11	15	2	2	1	5	7	2	226	71	146	0	7	58	0	0	16	0	0	2	3	0	75	6	0	0	0	0	33	0	29	21	1	18	10	3	4	1	2	2	4	2	1	7	0	30	3	0	0	5	3	0	4	0	1	21	0	1	4	8	4	5	1	183	171	0	8	70	3	0	0	1	1	1	2	0	0	0	0	4	2	9	0	5	3	4	147	0	11	3	3	3	37	182	0	24	10	49	80	1	0	3	4	2	0	2	0	0	2	0	0	3	0	4	1	0	2	1	17	20	14	2	1	51	8	0	5	0	0	2	2	12	14	2	0	6	0	0	4	0	2	14	24	2	0	2	1	0	6	4	0	1	0	0	37	19	2	0	13	7	1	0	0	1	0	0	1	1	2	1	20	0	2	18	5	1	5	0	22	0	0	0	0	46	180	11	4	2	0	1	30	8	5	7	3	15	2	2	4	1	0	0	0	45	138	4	4	0	3	21	32	139	1	1	0	3	11	5	1	0	16	7	3	29	32	234	26	12	0	1057	2	7	0	3	6	24	2	3	1	8	3	2	4	5	0	37	6	0	0	16	19	1	0	164	13	3	0	14	1	1	13	0	13	8	5	17	37	0	43	65	328	0	1	32	16	7	3	0	7	0	0	68	2	16	1	3	5	461	5	20	6	137	1	6	68	17	4	19	3	29	415	3	19	0	0	222	29	382	2
Root;Bacteria;Bacteroidota;Bacteroidia;Bacteroidales;Bacteroidaceae;Bacteroides;Bacteroides_nordii	AGXS01000030.2874.4384	0	0	0	0	0	0	0	0	0	0	0	0	0	0	0	0	0	0	0	0	0	0	0	0	0	0	0	0	0	0	0	0	0	0	0	0	0	0	0	0	0	0	0	0	0	0	0	0	0	0	0	0	0	0	0	0	0	0	0	0	0	0	0	0	0	0	0	0	0	0	0	0	0	0	0	0	0	0	0	0	0	0	0	0	0	0	0	0	0	0	0	0	0	0	0	0	0	0	0	0	0	0	0	0	0	0	0	0	0	0	0	0	0	0	0	0	0	0	0	0	0	0	0	0	0	0	0	0	0	0	0	0	0	0	0	0	0	0	0	0	0	0	0	0	0	0	0	0	0	0	0	0	0	0	0	0	0	0	0	0	0	0	0	0	0	0	0	0	0	0	0	0	0	0	0	0	0	1	0	0	0	0	0	0	0	0	0	0	0	0	0	0	0	0	0	0	0	0	0	0	0	0	0	0	0	0	0	0	0	0	0	0	0	0	0	0	0	0	0	0	0	0	0	0	0	0	0	0	0	0	0	0	0	0	0	0	0	0	0	0	0	0	0	0	0	0	0	0	0	0	0	0	0	0	0	0	0	0	0	0	0	0	0	0	0	0	0	0	0	0	0	0	0	0	0	0	0	0	0	0	0	0	0	0	0	0	0	0	0	0	0	0	0	0	0	0	0	0	0	0	0	0	0	0	0	0	0	0	0	0	0	0	0	0	0	0	0	0	0	0	0	0	0	0	0	0	0	0	0	0	0	0	0	0	0	0	0	0	0	0	0	0	0	0	0	0	0	0	0	0	0	0	0	0	0	0	0	0	0	0	0	0	0	0	0	0	0	0	0	0	0	0	0
Root;Bacteria;Fusobacteriota;Fusobacteriia;Fusobacteriales;Fusobacteriaceae;Fusobacterium;unclassified_Fusobacterium	JQ473795.1.1366	0	0	0	0	0	0	0	0	0	0	0	0	0	0	0	0	0	0	0	0	0	0	0	0	0	0	0	0	0	0	0	0	0	1	0	0	0	0	0	0	0	0	0	0	0	0	0	0	0	0	0	0	0	0	0	0	0	0	0	0	0	0	0	0	0	0	0	0	0	0	0	0	0	0	0	0	0	0	0	0	1	0	0	0	0	0	0	0	0	2	0	0	0	0	0	0	0	0	0	1	0	0	0	0	0	0	1	0	0	0	0	0	0	0	0	0	0	0	1	0	0	0	0	0	0	0	0	0	0	0	0	0	0	0	0	0	1	0	0	0	0	0	0	0	0	3	0	0	0	0	0	0	0	0	0	0	0	0	1	1	0	0	0	1	0	0	0	0	0	0	0	0	2	0	0	0	0	0	1	0	0	0	0	0	0	0	0	0	0	0	0	0	0	0	3	1	0	0	0	0	0	0	0	0	0	0	0	0	0	0	0	0	0	1	0	0	0	0	0	0	0	0	0	0	0	0	0	0	0	0	0	0	0	0	0	0	1	0	0	0	0	0	0	0	0	1	4	0	0	0	0	0	0	0	0	0	0	0	0	1	0	0	0	0	0	0	0	0	1	0	0	0	0	3	0	0	0	0	0	5	0	0	0	0	0	0	1	0	2	0	0	1	0	0	0	0	0	0	0	0	0	1	0	0	0	0	0	0	0	0	0	0	0	0	2	0	0	0	0	0	0	0	4	0	0	0	0	0	0	0	0	0	0	0	0	0	0	0	0	0	0	0	1	0	0	0	0	2	0	0	0	0	0	0	0	0	0	0	0	0	0	0	0	0	0	0	0	0	0	0	0	0	0
Root;Bacteria;Fusobacteriota;Fusobacteriia;Fusobacteriales;Fusobacteriaceae;Fusobacterium;unclassified_Fusobacterium	JQ472380.1.1362	3	3	1	1	1	2	0	0	3	0	1	2	3	2	5	3	1	1	0	3	2	0	4	1	9	0	4	0	0	0	0	0	0	3	0	0	2	1	1	1	0	0	0	5	0	1	0	0	1	1	2	1	1	0	4	2	0	1	0	3	3	1	11	0	2	0	0	0	0	0	0	0	1	0	7	0	2	1	0	0	2	3	0	7	0	0	0	1	0	6	0	7	3	0	0	0	0	1	0	0	0	4	5	0	1	6	0	0	0	9	10	0	3	3	3	0	8	0	0	3	0	0	0	0	7	4	0	2	2	0	1	0	0	0	0	0	1	2	0	0	0	0	0	1	0	0	0	0	0	2	2	0	2	0	0	1	0	0	0	0	0	0	14	9	8	0	0	0	0	3	0	0	0	1	0	0	0	0	1	0	0	0	1	5	1	0	0	0	2	0	4	1	0	0	0	0	0	0	0	0	0	0	4	3	0	0	0	0	0	0	0	0	0	10	0	0	1	0	0	1	2	0	0	0	0	0	0	2	0	1	0	35	31	3	2	0	4	0	1	0	0	0	0	1	7	0	2	4	3	2	0	0	2	0	0	1	0	0	1	37	1	1	1	0	0	0	0	0	0	1	0	0	0	0	1	0	0	0	3	1	2	0	0	0	0	1	8	2	3	0	1	0	0	0	5	1	0	1	22	0	0	2	10	0	7	0	7	1	0	1	0	1	0	1	0	0	0	0	0	9	0	5	0	0	0	0	0	0	0	0	4	0	0	0	2	1	0	13	0	6	4	0	0	1	2	0	0	0	0	0	13	0	0	20	0	10	2	0	0	0	10	10	20	10	21	1	9	0	0	3	1	2	0
Root;Bacteria;Bacteroidota;Bacteroidia;Bacteroidales;Bacteroidaceae;Bacteroides;Bacteroides_stercoris	FJ371726.1.1358	0	0	0	0	0	0	0	0	0	0	0	0	0	0	0	0	1	0	0	0	0	0	0	0	0	0	0	0	0	0	0	0	0	0	0	0	1	0	0	0	0	0	0	0	0	0	0	0	0	0	0	0	0	0	0	0	0	0	0	0	0	0	0	0	0	0	0	0	0	0	0	0	0	0	0	0	0	0	0	0	0	0	0	0	0	0	0	0	0	0	0	0	0	0	0	0	0	0	0	0	0	0	0	0	0	0	0	0	0	0	0	0	0	0	0	0	0	0	0	0	0	0	0	0	0	0	0	0	0	0	0	0	0	0	0	0	0	0	0	0	0	0	0	0	0	0	0	0	0	0	0	0	0	0	0	0	0	0	0	0	0	0	0	0	0	0	0	0	0	0	0	0	0	0	0	0	0	1	0	0	0	0	0	0	0	0	0	0	0	0	0	0	0	0	0	0	0	0	0	0	0	0	0	0	0	0	0	0	0	0	0	0	0	0	0	0	0	0	0	0	0	0	1	0	0	0	0	0	0	0	0	0	0	0	0	0	0	0	0	0	0	0	0	0	0	0	0	0	0	0	0	0	0	0	0	0	0	0	0	0	0	0	0	0	0	0	0	0	0	0	0	0	0	2	0	0	0	0	0	0	0	0	0	0	0	0	0	0	0	0	0	0	0	0	0	0	0	0	0	0	0	0	0	0	0	0	0	0	0	0	0	0	0	0	0	0	0	0	0	0	0	0	0	0	0	0	0	0	0	0	0	0	0	0	0	0	0	0	0	0	0	0	0	0	6	0	0	0	0	0	0	0	0	0	1	0	0	0	0	0	1	0	0	0	0	0	0	0	0	0	0	0	0
Root;Bacteria;Fusobacteriota;Fusobacteriia;Fusobacteriales;Leptotrichiaceae;Leptotrichia;unclassified_Leptotrichia	JF149168.1.1332	3	8	0	0	0	0	0	0	0	0	9	18	0	0	23	35	0	0	3	5	24	30	0	0	0	0	55	0	0	3	1	6	0	0	0	0	0	0	0	12	0	0	0	1	0	0	28	0	0	0	0	0	0	0	0	0	0	0	0	0	18	0	0	16	0	0	0	0	0	0	0	0	0	0	80	1	0	0	0	0	3	0	0	0	2	2	2	0	0	0	0	0	0	0	8	4	0	0	0	0	0	2	0	0	0	0	0	0	0	12	0	0	0	10	0	0	0	0	3	0	0	0	0	0	0	1	0	0	0	0	0	1	0	0	0	6	15	0	2	2	0	0	0	0	0	0	0	0	0	0	0	0	0	16	0	1	0	0	0	0	0	0	0	0	3	0	5	0	0	0	0	0	0	0	0	0	0	0	6	0	2	0	42	49	0	3	1	0	0	0	11	4	0	0	0	0	0	1	0	0	0	0	0	0	0	4	0	8	0	0	0	0	0	0	2	0	4	10	60	46	2	0	2	1	9	1	4	25	0	0	0	204	0	0	0	0	9	0	0	0	0	0	0	6	0	12	0	0	52	0	0	20	0	0	17	0	0	0	0	123	0	0	0	0	0	0	0	0	0	0	0	0	0	18	0	0	0	0	0	0	11	0	0	0	0	0	0	0	0	0	0	8	0	0	0	0	0	0	0	8	0	0	106	1	0	0	0	1	0	0	0	0	0	0	0	0	0	0	0	0	1	13	0	0	0	0	0	0	6	33	2	0	0	0	0	0	0	0	0	0	0	2	0	0	0	0	0	0	0	1	0	0	0	0	0	105	0	0	0	0	24	0	32	0	0	0	62	0	0	0	0	0	0
Root;Bacteria;Firmicutes;Bacilli;Staphylococcales;Gemellaceae;Gemella;unclassified_Gemella	JQ450002.1.1378	0	0	0	0	0	0	0	0	0	0	0	0	0	0	0	0	0	0	0	0	0	0	0	0	0	0	0	0	0	0	0	0	0	0	0	5	0	0	1	0	0	0	0	0	0	0	0	0	0	0	0	0	0	0	4	0	0	0	0	0	0	0	0	0	0	0	0	0	0	0	0	0	0	1	0	0	0	0	0	0	0	0	1	0	0	0	0	0	0	0	0	0	0	0	0	0	0	0	0	0	0	0	0	1	0	0	0	0	0	0	1	0	0	0	0	0	0	0	0	0	0	0	0	0	0	0	0	0	0	0	0	0	0	0	0	0	0	0	0	0	0	0	0	0	0	0	0	0	0	0	2	0	0	0	0	0	0	0	0	0	0	0	0	0	0	3	0	0	0	0	0	0	0	0	0	0	0	0	0	0	0	0	0	0	0	0	0	0	0	0	0	0	0	0	0	0	0	0	0	0	0	0	0	0	0	0	0	0	0	0	0	0	0	0	0	0	0	0	0	0	0	0	0	0	0	0	0	0	0	0	0	0	0	0	0	0	0	0	0	0	0	0	0	0	0	0	0	0	0	0	0	0	0	0	0	0	0	0	0	0	0	0	0	0	0	0	0	0	0	0	0	0	0	0	0	0	0	0	0	0	0	0	0	0	0	0	0	0	0	0	0	0	0	0	0	0	0	0	0	0	0	0	0	0	0	0	0	3	0	0	0	0	0	0	0	0	0	0	0	0	0	0	0	0	0	0	0	0	0	0	0	0	0	0	0	0	0	0	0	0	0	0	0	0	0	0	0	0	0	0	0	0	0	0	0	0	0	0	0	0	0	0	0	2	0	0	0	0	0	0	0	0	0
Root;Bacteria;Bacteroidota;Bacteroidia;Bacteroidales;Bacteroidaceae;Prevotella;Prevotella_denticola	JQ454720.1.1398	0	0	0	0	0	0	0	0	1	1	0	0	0	0	0	0	0	0	0	0	0	0	0	0	0	0	0	0	0	0	0	1	0	0	0	0	0	0	0	0	0	0	0	0	0	0	0	0	0	0	0	0	0	0	0	0	0	0	0	0	0	0	0	0	0	0	0	0	0	0	0	0	0	0	0	0	0	0	0	0	0	0	0	0	0	0	0	0	0	0	0	0	0	0	0	0	0	0	0	0	0	0	0	0	0	0	2	0	0	0	0	0	0	0	0	0	0	0	0	0	0	0	0	0	0	0	0	0	0	0	0	0	0	2	0	0	0	0	0	0	0	0	0	9	0	0	0	0	0	0	0	0	0	0	0	0	0	0	1	0	0	0	0	0	0	0	0	0	0	1	0	0	1	0	1	0	0	0	0	0	0	0	0	0	0	0	0	0	0	0	0	0	0	0	0	0	0	0	0	0	0	0	0	0	0	0	0	0	0	0	0	0	1	0	0	0	0	0	0	0	0	0	0	0	0	0	0	0	0	0	0	0	0	0	0	0	0	0	0	0	1	0	0	0	0	0	0	0	0	0	0	0	0	0	0	0	0	0	0	0	0	0	0	0	0	0	0	0	0	0	0	0	0	0	0	0	0	0	0	7	0	0	0	0	0	0	0	0	0	0	0	0	0	0	0	0	0	0	0	0	0	0	0	0	0	0	0	0	0	1	0	0	0	2	0	0	0	0	0	0	0	0	0	0	0	0	0	0	0	0	0	0	0	0	0	0	0	0	0	0	0	0	0	0	0	0	0	0	0	0	0	0	0	0	0	0	0	0	0	0	0	0	0	0	0	0	0	0	0	0	0	0	0
Root;Bacteria;Bacteroidota;Bacteroidia;Flavobacteriales;Flavobacteriaceae;Capnocytophaga;unclassified_Capnocytophaga	JQ452022.1.1382	0	0	0	0	0	0	0	0	0	0	0	5	0	0	0	0	0	0	0	0	0	0	1	3	0	0	0	0	0	0	0	1	0	2	0	0	0	0	0	1	0	0	0	0	0	0	0	1	2	0	0	0	0	0	0	0	1	0	0	0	0	0	0	0	0	0	0	0	0	0	0	0	0	0	1	7	0	0	0	0	0	0	0	1	1	0	2	0	0	2	0	1	0	0	0	0	0	0	0	2	0	15	0	0	0	0	0	0	0	0	0	0	0	0	0	0	0	0	0	0	0	0	0	0	0	0	8	0	0	0	0	2	0	0	0	0	0	0	1	0	0	0	0	0	0	0	0	0	0	0	2	0	1	0	0	1	0	0	0	1	0	0	0	0	0	0	0	2	0	0	1	0	0	0	0	0	0	0	0	0	0	0	0	0	0	0	0	0	0	0	0	0	0	0	0	0	0	0	0	0	0	0	1	0	0	0	0	0	0	0	0	0	0	0	0	0	2	4	0	0	1	0	1	0	0	0	0	1	0	0	0	0	0	0	1	0	2	0	0	0	0	0	0	0	2	3	0	0	1	0	0	0	1	0	0	0	0	0	1	0	0	0	0	0	0	0	0	0	0	0	0	0	0	0	0	0	0	0	0	0	0	0	0	0	0	0	0	1	0	0	0	0	0	0	15	0	0	0	0	0	0	0	1	0	0	0	3	0	0	0	0	0	0	0	0	0	0	0	0	0	0	0	0	0	1	0	1	0	0	0	0	0	0	0	0	0	0	0	1	0	0	0	0	0	0	7	0	0	0	0	0	1	0	0	0	1	0	0	0	0	1	0	0	3	0	0	0	0	0	1	0	0	0
Root;Bacteria;Fusobacteriota;Fusobacteriia;Fusobacteriales;Leptotrichiaceae;Leptotrichia_A;Leptotrichia_A_sp001274535	JQ469524.1.1369	6	17	1	7	6	11	0	0	0	0	10	15	1	0	0	0	1	0	10	12	1	1	4	2	0	2	0	0	0	0	0	3	0	25	0	0	0	0	0	1	0	0	0	0	0	0	6	1	3	1	0	1	0	0	0	0	0	0	0	0	0	0	27	0	7	5	1	0	0	7	0	16	0	1	30	0	4	51	0	0	5	16	10	0	0	0	0	0	0	0	0	0	0	0	8	0	0	2	0	0	0	5	1	1	0	0	0	0	0	4	0	2	10	8	25	1	4	0	0	2	0	0	0	1	0	0	0	1	2	0	1	2	2	1	0	0	0	42	8	0	0	0	0	0	1	0	0	0	0	0	0	0	0	6	0	5	0	0	1	0	3	2	0	0	7	0	4	0	0	34	0	0	4	1	0	0	0	0	0	0	0	0	2	6	3	0	0	0	3	0	0	0	0	0	3	5	0	0	0	84	2	0	20	0	0	0	0	0	0	0	17	0	2	0	0	0	0	0	0	0	0	0	6	0	0	0	0	0	4	2	1	1	1	1	6	0	0	3	0	3	12	0	6	0	18	0	0	13	14	1	1	0	0	0	0	19	2	19	0	18	0	1	18	5	0	0	0	0	0	0	0	0	0	0	0	2	0	0	0	7	0	0	0	0	0	4	5	4	0	18	0	4	0	0	0	0	0	3	35	17	0	4	7	0	44	0	17	15	0	18	0	0	0	0	0	0	0	1	2	7	0	0	0	0	13	0	1	0	2	9	4	0	0	0	0	4	0	0	1	0	0	0	0	0	0	2	0	41	1	0	0	0	0	18	0	4	0	0	0	0	0	5	5	27	2	2	0	1	0	0	0	10	0
Root;Bacteria;Bacteroidota;Bacteroidia;Bacteroidales;Tannerellaceae;Tannerella;Tannerella_forsythia	JQ469965.1.1391	21	24	0	0	6	1	10	26	0	0	15	12	1	2	1	0	0	1	0	0	3	1	0	0	2	0	0	0	0	0	0	18	18	0	0	0	0	0	5	0	0	0	0	0	128	0	0	0	10	0	11	0	6	0	0	0	0	0	0	0	0	0	37	39	0	0	0	0	0	0	0	0	0	0	11	0	0	14	3	0	0	2	0	8	0	0	1	145	0	30	0	0	0	0	0	0	0	2	0	0	0	5	0	5	0	79	0	0	0	22	2	8	0	0	7	0	0	0	0	0	0	0	0	0	1	0	0	0	0	0	0	0	0	0	0	1	0	3	0	0	67	0	0	0	0	0	0	6	0	0	0	0	0	6	0	0	0	0	0	0	2	0	1	20	9	0	7	44	31	0	2	0	0	0	86	0	44	0	59	0	2	1	26	25	0	0	0	0	0	0	2	1	0	0	3	0	0	28	234	0	11	16	0	11	0	0	0	0	0	0	0	0	0	0	0	0	0	0	0	0	24	0	0	0	243	0	0	0	0	0	7	0	41	0	3	0	0	0	0	7	0	0	0	0	0	0	0	0	0	0	0	0	76	0	0	0	0	0	0	24	9	30	13	0	0	1	6	0	0	0	8	5	21	0	0	3	0	18	32	0	0	0	0	36	0	0	12	0	0	0	1	205	20	0	40	0	16	6	13	0	13	13	0	96	0	1	0	6	0	0	0	35	0	6	6	0	0	0	0	0	0	2	0	0	0	0	0	0	0	0	0	0	0	0	0	0	0	0	0	1	0	0	0	0	0	0	0	2	2	166	3	11	3	10	0	0	18	2	0	0	0	0	12	0	1	16	2	0	0	12	0	0	0
Root;Bacteria;Actinobacteriota;Actinomycetia;Actinomycetales;Micrococcaceae;Rothia;Rothia_aeria	JQ454076.1.1382	0	0	0	0	0	0	0	0	0	0	0	0	0	0	0	0	0	0	0	0	0	0	0	0	0	0	0	0	0	0	0	0	0	0	0	0	0	0	0	0	0	0	0	0	0	0	0	0	0	0	0	0	0	0	0	0	0	0	0	0	0	0	0	0	0	0	0	0	0	0	0	0	0	0	0	0	0	0	0	0	0	0	0	0	0	0	0	0	0	0	0	0	0	0	0	0	0	0	0	0	0	0	0	0	0	0	0	0	0	0	0	0	0	0	0	0	0	0	0	0	0	0	0	0	0	0	0	0	0	0	0	0	0	0	0	0	0	0	0	0	0	0	0	0	0	0	0	0	0	0	0	0	0	0	0	0	0	0	0	0	0	0	0	0	0	0	0	0	0	0	0	0	0	0	0	0	0	0	0	0	0	0	0	0	0	0	0	0	0	0	0	0	0	0	0	0	0	0	0	0	0	0	0	0	0	0	0	0	0	0	0	0	0	0	0	0	0	0	0	0	0	0	0	0	0	0	0	0	0	0	0	0	0	0	0	0	0	0	0	0	0	0	0	0	0	0	0	0	0	0	0	0	0	0	0	0	0	0	0	0	0	0	0	0	0	0	0	0	0	0	0	0	0	0	0	0	0	0	0	0	0	0	0	0	0	0	0	0	0	0	1	0	0	0	0	0	0	0	0	0	0	0	0	0	0	0	0	0	0	0	0	0	0	0	0	0	0	0	0	0	0	0	0	0	0	0	0	0	0	0	0	0	0	0	0	0	0	0	0	0	0	0	0	0	1	0	0	0	0	0	0	0	0	0	0	0	0	0	0	0	0	0	0	0	0	0	0	0	0	0	0	0	0
Root;Bacteria;Firmicutes_C;Negativicutes;Veillonellales;Veillonellaceae;Veillonella;unclassified_Veillonella	JQ457856.1.1415	1	6	1	0	0	0	0	1	3	0	0	0	0	0	0	0	0	0	0	1	1	0	0	0	0	0	0	1	0	0	0	2	2	0	1	0	0	0	0	0	1	0	0	0	0	0	0	0	0	0	0	1	0	0	1	4	0	0	0	0	0	0	1	0	6	6	0	0	0	0	1	0	0	0	0	2	0	0	0	0	0	0	0	0	0	0	0	0	0	0	0	0	0	0	0	0	0	1	0	0	0	4	0	2	0	0	0	0	0	0	0	0	0	1	0	0	0	0	0	0	0	0	5	8	0	0	0	0	1	0	0	0	0	0	0	0	0	0	0	0	0	0	0	0	0	0	0	0	0	0	0	0	0	0	0	0	0	0	0	0	0	0	0	2	0	0	0	0	0	4	4	0	0	0	0	0	0	0	0	9	0	0	2	0	0	0	0	0	0	0	0	1	0	0	0	0	0	0	0	0	0	0	0	0	0	0	0	0	1	0	0	0	0	0	0	0	0	0	1	0	0	0	2	0	0	0	0	0	0	1	0	0	0	1	4	0	0	0	0	0	1	0	0	0	0	2	0	0	0	0	0	0	0	0	0	0	0	0	0	0	0	1	0	1	0	0	0	0	0	0	0	1	0	0	0	0	3	1	0	2	0	0	1	0	0	0	0	0	0	0	0	0	0	0	10	0	0	0	0	0	0	0	0	0	1	0	0	2	0	0	1	1	11	2	1	0	0	0	0	0	0	0	0	1	0	0	0	0	0	0	1	0	0	1	0	3	0	0	0	1	2	0	0	0	0	0	1	0	0	0	0	0	0	0	0	0	0	0	1	0	0	0	0	6	0	0	3	0	0	1	1	0	0
Root;Bacteria;Firmicutes;Bacilli;Staphylococcales;Gemellaceae;Gemella;unclassified_Gemella	JF139977.1.1370	0	0	0	0	0	0	0	0	0	0	0	0	0	0	0	0	0	0	0	0	0	0	0	0	0	0	0	0	0	0	0	0	1	0	0	0	0	2	0	0	1	0	0	0	0	0	0	0	0	0	0	0	1	0	2	1	0	0	0	0	0	0	0	0	0	0	0	0	0	0	0	0	1	0	0	0	0	0	0	0	0	0	0	0	0	0	0	0	0	0	0	0	0	0	0	0	0	0	0	0	0	0	0	0	0	2	0	0	0	0	2	0	0	0	0	0	0	0	0	0	0	0	0	0	1	0	0	0	0	0	0	0	0	0	0	0	0	0	0	0	0	0	0	0	0	0	0	0	0	0	0	0	0	0	0	0	0	0	0	0	0	0	0	0	0	1	0	0	0	0	0	0	0	0	0	0	0	0	0	0	0	0	0	0	0	0	0	0	0	0	0	0	0	0	0	0	0	0	0	0	0	0	2	0	0	0	0	0	0	0	0	0	0	0	0	0	0	0	0	0	0	0	0	0	0	0	0	0	0	0	0	0	0	0	0	0	0	0	0	0	0	0	0	0	0	0	0	0	0	0	0	0	0	0	0	0	0	0	0	0	0	0	0	0	0	0	0	0	0	0	0	0	0	0	0	0	0	0	0	0	0	0	0	0	0	0	0	0	0	0	0	0	0	0	0	0	0	0	0	0	0	0	0	0	0	0	0	0	0	0	0	0	0	0	0	0	0	0	0	0	0	0	0	0	1	0	0	0	0	0	0	0	0	0	0	0	0	0	0	0	0	0	0	0	0	0	0	0	0	0	0	0	0	0	0	0	0	0	0	0	0	0	0	0	0	0	1	0	0	0	0	0	0
Root;Bacteria;Bacteroidota;Bacteroidia;Bacteroidales;Bacteroidaceae;Bacteroides;Bacteroides_caccae	EF398285.1.1490	0	0	0	0	0	0	0	0	0	0	0	0	0	0	0	0	0	0	0	0	0	0	0	0	0	0	0	0	0	0	0	0	0	0	0	0	0	0	0	0	0	0	0	0	0	0	0	0	0	0	0	0	0	0	0	0	0	0	0	0	0	0	0	0	0	0	0	0	0	0	0	0	0	0	0	0	0	0	0	0	0	0	0	0	0	0	0	0	0	0	0	0	0	0	0	0	0	0	0	0	0	0	0	0	0	0	0	0	0	0	0	0	0	0	0	0	0	0	0	0	0	0	0	0	0	0	0	0	0	0	0	0	0	0	0	0	0	0	0	0	0	0	0	0	0	0	0	0	0	0	0	0	0	0	0	0	0	0	0	0	0	0	0	0	0	0	0	0	0	0	0	0	0	0	0	0	0	2	0	0	0	0	0	0	0	0	0	0	0	0	0	0	0	0	0	0	0	0	0	0	0	0	0	0	0	0	0	0	0	0	0	0	0	0	0	0	0	0	0	0	0	0	0	0	0	0	0	0	0	0	0	0	0	0	0	0	0	0	0	0	0	0	0	0	0	0	0	0	0	0	0	0	0	0	0	0	0	0	0	0	0	0	0	0	0	0	0	0	0	0	0	0	0	0	0	0	0	0	0	0	0	0	0	0	0	0	0	0	0	0	0	0	0	0	0	0	0	0	0	2	0	0	0	0	0	0	0	0	0	0	0	0	0	0	0	0	0	0	0	0	0	0	0	0	0	0	0	0	0	0	0	0	0	0	0	0	0	0	0	0	0	0	0	0	0	0	0	0	0	0	0	0	0	0	0	0	0	0	0	0	0	0	0	0	0	0	0	0	0	0	0	0	0
Root;Bacteria;Actinobacteriota;Actinomycetia;Actinomycetales;Micrococcaceae;Rothia;Rothia_dentocariosa	JQ475410.1.1323	0	0	5	4	0	1	0	0	2	1	0	0	1	0	0	0	1	1	0	0	1	0	0	1	1	0	0	30	5	5	0	0	2	1	0	1	0	1	26	12	10	11	2	4	0	6	11	14	0	1	0	0	1	41	11	8	2	2	0	2	0	0	24	1	0	0	26	1	0	0	1	1	14	7	2	0	1	0	3	0	0	1	0	0	0	0	3	0	1	0	0	0	0	2	1	0	0	4	1	7	0	0	0	1	2	0	1	0	0	0	0	0	0	0	0	0	0	0	0	0	0	38	0	0	1	1	4	1	2	0	14	1	21	0	0	1	3	1	0	0	0	0	3	1	0	0	0	0	0	0	0	0	19	0	0	0	0	0	0	0	0	0	0	0	0	0	0	0	0	4	2	0	0	0	0	0	0	0	1	0	0	0	7	2	0	0	0	0	0	0	0	0	0	0	2	0	0	0	0	1	0	1	1	0	1	0	0	0	2	0	0	0	1	0	5	0	5	2	0	0	2	0	0	0	0	0	0	1	1	0	0	0	0	0	1	0	0	0	0	0	0	0	1	1	4	10	1	1	0	14	3	4	0	0	0	1	0	1	14	0	0	0	0	2	0	0	0	0	0	0	0	0	2	5	2	0	0	0	0	0	0	3	11	0	22	21	0	1	0	5	0	0	0	0	3	1	0	0	0	1	0	0	1	0	0	3	0	39	0	0	0	0	20	0	0	0	0	0	0	0	2	0	1	5	0	0	4	19	0	0	0	0	0	0	1	3	0	0	0	2	22	0	0	3	0	7	0	0	0	0	0	1	0	0	0	3	0	0	0	1	0	1	1	27	0	0	0	0	0	1	4	2	5
Root;Bacteria;Proteobacteria;Gammaproteobacteria;Cardiobacteriales;Cardiobacteriaceae;Cardiobacterium;Cardiobacterium_hominis	JQ455378.1.1383	0	0	0	0	0	0	0	0	0	0	0	0	0	0	0	0	0	0	0	0	0	0	0	0	0	0	0	1	0	0	0	0	0	0	0	0	0	0	0	0	0	0	0	0	0	0	0	0	0	0	0	0	0	0	0	0	0	0	0	0	0	0	0	0	0	0	0	0	0	0	0	0	0	0	0	0	0	0	0	0	0	0	0	0	0	0	0	0	0	0	0	0	0	0	0	0	0	0	0	0	0	0	0	0	0	0	0	0	0	0	0	0	0	0	0	0	0	0	0	0	0	0	0	0	0	0	0	0	0	0	0	0	0	0	0	0	0	0	0	0	0	0	0	0	0	0	0	0	0	0	0	0	0	0	0	0	0	0	0	0	0	0	0	0	0	0	0	0	0	0	0	0	0	0	0	0	0	0	0	0	0	0	0	0	0	0	0	0	0	0	0	0	0	0	0	0	0	0	0	0	0	0	0	0	0	0	0	0	0	0	0	0	0	0	0	0	0	0	0	0	0	0	0	0	0	0	0	0	0	0	0	0	0	0	0	0	0	0	0	0	0	0	0	0	0	0	0	0	0	0	0	0	0	0	0	0	0	0	0	0	0	0	0	0	0	0	0	0	0	0	0	0	0	0	0	0	0	0	0	0	0	0	0	0	0	0	0	0	0	0	0	0	0	0	0	0	0	0	0	0	0	0	0	0	0	0	0	0	0	0	0	0	0	0	0	0	0	0	0	0	0	0	0	0	0	0	0	0	0	0	0	0	0	0	0	0	0	0	0	0	0	0	0	0	0	0	0	0	0	0	0	0	0	0	0	0	0	0	0	0	0	0	0	0	0	0	0	0	0	0	0	0	0
Root;Bacteria;Proteobacteria;Gammaproteobacteria;Burkholderiales;Burkholderiaceae;Lautropia;Lautropia_mirabilis	JF146112.1.1352	0	0	0	0	0	0	0	0	0	0	0	1	0	0	1	0	0	0	0	0	0	1	0	1	0	0	0	1	0	1	0	0	0	1	0	0	0	0	0	0	4	0	0	0	0	4	1	2	0	0	0	0	0	1	2	0	1	0	0	2	0	0	0	0	3	0	0	0	0	1	5	0	1	0	1	4	0	1	0	0	2	0	74	0	0	0	0	0	0	0	0	46	68	0	0	0	3	0	0	0	0	0	0	1	3	0	0	1	1	1	0	1	0	0	9	1	0	0	0	0	0	0	0	0	0	0	0	0	4	0	0	0	0	0	0	0	0	0	0	0	0	0	0	2	2	0	0	0	0	0	0	0	0	0	0	0	3	1	0	0	0	0	2	0	1	0	0	0	0	1	0	0	0	0	0	0	0	0	0	0	0	0	0	0	0	4	5	0	1	0	0	0	0	0	1	0	0	0	0	1	0	0	1	0	0	0	1	0	1	0	2	0	0	0	0	0	0	0	0	0	1	0	1	0	0	0	0	0	0	0	0	0	2	0	0	0	15	0	3	0	0	0	0	1	0	0	0	0	0	12	0	1	0	0	0	0	0	0	0	0	0	0	0	0	0	0	0	0	0	0	0	0	0	0	1	0	0	1	0	0	0	3	2	0	0	1	0	54	1	0	2	0	0	0	1	0	0	0	1	0	0	0	3	0	0	0	0	0	0	2	0	0	0	0	0	0	0	0	0	0	0	0	0	3	0	0	0	3	0	0	12	0	3	2	0	1	0	2	0	0	0	0	0	0	1	0	1	1	0	0	39	1	0	0	0	0	0	0	0	0	0	0	1	0	0	0	0	0	0	0	1	7	0
Root;Bacteria;Bacteroidota;Bacteroidia;Bacteroidales;Bacteroidaceae;Bacteroides;Bacteroides_eggerthii	EF400745.1.1488	0	0	0	0	0	0	0	0	0	0	0	0	0	0	0	0	1	0	0	0	0	0	0	0	0	0	0	0	0	0	0	0	0	0	0	0	0	0	0	0	0	0	0	0	0	0	0	0	0	0	0	0	0	0	0	0	0	0	0	0	0	0	0	0	0	0	0	0	0	0	0	0	0	0	0	0	0	0	0	0	0	0	0	0	0	0	0	0	0	0	0	0	0	0	0	0	0	0	0	0	0	0	0	0	0	0	0	0	0	0	0	0	0	0	0	0	0	0	0	0	0	0	0	0	0	0	0	0	0	0	0	0	0	0	0	0	0	0	0	0	0	0	0	0	0	0	0	0	0	0	0	0	0	0	0	0	0	0	0	1	0	0	0	0	0	0	0	0	0	0	0	0	0	0	0	0	0	0	0	0	0	0	0	0	0	0	0	0	0	0	0	0	0	0	0	0	0	0	0	0	0	0	0	0	0	0	0	0	0	0	0	0	0	0	0	0	0	0	0	0	0	0	0	0	0	0	0	0	0	0	0	0	0	0	0	0	0	0	0	0	0	0	0	0	0	0	0	0	0	0	0	0	0	0	0	0	0	0	0	0	0	0	0	0	0	0	0	0	0	0	0	0	0	0	0	0	0	0	0	0	0	0	0	0	0	0	0	0	0	0	0	0	0	0	0	0	0	0	0	0	0	0	0	0	0	0	0	0	0	0	0	0	0	0	0	0	0	0	0	0	0	0	0	0	0	0	0	0	0	0	0	0	0	0	0	0	0	0	0	0	0	0	0	0	0	0	0	0	0	0	0	0	0	0	0	0	0	0	0	0	0	0	0	0	0	0	0	0	0	0	0	0	0
Root;Bacteria;Proteobacteria;Gammaproteobacteria;Enterobacterales;Pasteurellaceae;Haemophilus;unclassified_Haemophilus	JQ470979.1.1411	0	0	0	1	0	0	0	1	0	0	0	0	0	0	0	0	0	0	0	0	0	0	0	0	0	0	0	0	0	0	0	0	0	0	0	0	1	0	0	0	0	0	0	0	0	0	0	0	0	0	0	0	0	0	1	0	0	0	0	0	0	0	1	0	0	0	1	0	0	0	0	0	0	0	0	0	0	0	0	0	0	0	0	0	0	0	0	0	0	0	0	0	0	0	0	0	0	0	0	0	0	0	0	0	0	1	0	1	0	0	1	0	0	0	0	0	0	0	0	0	0	0	0	0	0	0	0	0	0	0	0	0	0	0	0	0	0	0	0	0	0	0	0	0	0	0	0	0	0	0	0	0	1	0	0	0	0	0	0	0	0	0	0	0	0	0	0	0	0	0	0	0	0	0	0	0	0	0	0	0	0	0	0	0	0	0	0	0	0	0	0	0	0	0	0	0	0	0	0	0	0	0	0	0	0	0	0	0	0	0	0	0	0	0	0	0	0	0	0	1	0	0	0	0	0	0	0	0	0	0	0	0	0	0	0	0	0	0	0	0	0	0	0	0	0	0	0	0	0	1	0	0	0	0	0	0	0	0	0	0	0	0	0	0	0	0	0	0	0	0	0	0	0	0	0	0	1	0	0	0	1	0	0	0	0	0	0	0	0	0	0	0	0	1	0	0	0	0	0	0	0	0	0	0	0	0	0	0	0	0	0	0	0	0	1	0	0	0	0	0	0	0	0	0	0	0	0	0	0	0	0	0	0	0	0	0	0	0	0	0	0	0	0	0	0	0	0	0	0	0	0	0	0	0	0	0	0	0	0	0	0	0	0	1	0	0	0	0	0	0	0	0	0
Root;Bacteria;Fusobacteriota;Fusobacteriia;Fusobacteriales;Leptotrichiaceae;Leptotrichia;unclassified_Leptotrichia	HE681370.1.1507	0	0	0	0	0	0	0	0	0	0	0	0	0	0	0	0	0	0	0	0	0	0	0	0	87	0	0	0	0	0	0	107	0	0	0	0	0	0	0	0	0	0	0	0	0	0	0	0	17	0	0	0	0	0	0	0	0	0	0	0	0	0	0	0	0	0	0	0	0	0	0	0	0	0	0	0	0	0	0	0	0	0	0	0	0	0	0	0	0	0	0	0	0	0	0	0	0	0	0	0	0	2	0	0	0	0	0	0	0	0	0	0	0	0	0	0	0	0	0	0	0	0	0	0	0	0	0	0	0	0	0	23	4	0	0	0	0	0	0	0	0	0	0	0	0	0	0	0	0	0	0	0	0	0	0	0	0	0	0	0	0	0	0	0	0	0	0	0	0	0	0	0	0	0	0	0	0	0	0	0	0	0	0	0	0	0	0	0	0	0	0	0	0	0	0	0	0	0	12	0	0	0	0	0	0	0	0	0	0	0	0	0	0	0	0	0	0	0	0	0	0	0	0	0	249	9	0	0	0	0	0	0	0	0	0	0	0	0	0	0	0	0	0	0	0	0	0	0	0	0	0	0	0	0	0	0	0	0	0	0	0	0	0	0	0	0	0	0	0	0	0	0	0	0	0	0	0	0	0	0	0	0	0	6	0	0	0	0	0	0	0	0	0	0	0	0	0	15	0	0	0	0	0	0	14	0	0	0	0	0	0	0	0	0	0	0	0	0	0	0	0	0	0	0	0	0	0	0	0	0	0	0	0	0	0	0	0	0	0	0	0	0	0	0	0	0	0	0	0	0	0	0	0	0	0	0	0	0	0	0	0	0	0	0	0	0	0	0	0	0	0	0	0
Root;Bacteria;Actinobacteriota;Actinomycetia;Actinomycetales;Actinomycetaceae;Actinomyces;unclassified_Actinomyces	JF116772.1.1370	0	0	4	4	1	1	9	9	2	3	2	8	7	2	3	6	7	4	2	1	1	3	4	7	1	1	0	14	22	0	0	0	0	0	0	0	5	20	24	5	3	3	6	14	2	0	9	0	1	3	0	4	2	8	3	1	1	0	1	4	0	0	61	4	3	4	3	1	1	0	1	1	3	0	3	0	3	2	14	2	2	0	1	1	0	4	1	0	0	0	0	0	0	1	0	0	0	2	0	1	0	0	0	1	7	0	0	2	0	0	4	0	1	0	0	0	1	0	1	2	0	21	1	2	0	0	6	1	3	0	7	0	5	1	0	0	0	1	0	0	0	0	0	1	3	1	0	0	0	0	0	3	0	0	0	4	4	0	1	15	1	1	0	1	0	0	0	0	0	1	0	0	0	0	0	0	0	15	0	0	0	0	0	1	0	0	0	1	0	0	0	0	0	0	0	0	1	0	0	0	0	1	1	0	0	2	1	0	0	0	0	2	0	0	1	0	1	2	0	0	0	0	4	1	1	0	0	2	1	1	0	0	0	27	1	0	0	0	0	0	0	0	2	1	0	9	5	0	3	2	7	3	1	1	0	3	0	7	1	0	0	0	2	47	0	0	0	0	5	1	0	0	0	0	0	0	0	0	1	1	5	32	7	0	4	7	0	3	6	2	1	0	0	0	2	0	0	1	0	8	0	1	0	0	1	7	0	116	0	0	0	0	37	2	2	0	1	0	0	0	2	0	5	8	4	0	2	22	0	1	0	0	1	1	1	0	1	0	0	0	45	0	5	6	0	3	1	1	0	0	0	1	0	0	1	1	2	0	12	3	2	4	0	6	0	2	2	0	0	0	2	25	0
Root;Bacteria;Firmicutes;Bacilli;Lactobacillales;Streptococcaceae;Streptococcus;unclassified_Streptococcus	AY186077.1.1387	0	0	0	0	0	0	0	0	0	0	0	0	1	0	1	0	1	0	0	0	0	1	0	1	0	0	1	1	0	3	0	0	0	0	1	0	0	0	5	0	13	1	4	4	1	4	0	5	1	1	2	2	0	8	0	0	0	1	1	1	0	0	2	4	5	2	7	2	0	8	2	0	1	1	1	0	0	2	1	0	4	0	0	0	0	0	1	0	0	0	0	0	3	0	0	0	0	1	0	0	0	1	0	0	0	0	0	1	0	0	0	1	0	0	0	0	0	0	0	0	0	1	0	2	0	3	1	13	2	0	2	1	10	0	0	2	1	4	0	0	0	0	0	0	4	0	0	0	2	0	0	0	0	1	0	1	0	0	0	1	0	0	1	0	3	0	0	0	0	3	2	0	0	0	0	0	0	1	1	4	0	0	1	0	1	0	0	0	0	0	1	0	0	2	1	1	0	0	0	4	1	2	0	0	0	0	0	0	0	1	1	0	0	0	0	0	0	0	0	0	1	0	1	0	1	0	0	0	0	0	0	0	1	8	1	0	0	0	0	0	0	0	1	2	0	4	0	0	0	3	2	6	0	0	1	0	0	2	0	3	0	0	0	2	0	0	0	0	1	0	1	0	0	0	0	0	0	0	0	0	1	13	4	0	1	6	0	0	1	3	7	0	1	1	0	2	0	0	0	0	0	0	0	0	3	0	0	6	0	0	0	0	4	1	0	0	0	0	1	0	4	0	2	3	1	0	1	27	1	4	8	0	5	4	1	1	0	2	0	0	1	0	1	0	3	0	0	2	0	0	0	7	2	0	2	0	0	0	0	0	0	2	0	5	0	0	1	0	0	0	0	11	3
Root;Bacteria;Actinobacteriota;Actinomycetia;Actinomycetales;Micrococcaceae;Rothia;Rothia_dentocariosa	JQ452745.1.1338	0	0	0	0	0	0	0	0	0	0	0	0	0	0	0	0	0	0	0	0	0	0	0	0	0	0	0	0	0	0	0	0	0	0	0	0	0	0	0	0	1	0	0	0	0	0	0	0	0	0	0	0	0	1	1	0	0	0	0	0	0	0	1	0	0	0	0	0	0	0	0	0	0	0	0	0	0	0	0	0	0	0	0	0	0	0	0	0	0	0	0	0	0	0	0	0	0	0	0	0	0	0	0	0	0	0	0	0	0	0	0	0	0	0	0	0	0	0	0	0	0	0	0	0	0	0	0	0	0	0	0	0	0	0	0	0	0	0	0	0	0	0	0	0	0	0	0	0	0	0	0	0	0	0	0	0	0	0	0	0	0	0	0	0	0	0	0	0	0	0	0	0	0	0	0	0	0	0	0	0	0	0	0	0	0	0	0	0	0	0	0	0	0	0	0	0	0	0	0	0	0	0	0	0	0	0	0	0	0	0	0	0	0	0	0	0	0	0	0	0	0	0	0	0	0	0	0	0	0	0	0	0	0	0	0	0	0	0	0	0	0	0	0	0	0	0	0	0	0	1	0	0	0	0	0	0	0	0	0	0	0	0	0	0	0	0	0	0	0	0	0	0	0	0	0	0	0	0	0	0	0	0	0	0	0	0	0	0	0	0	0	0	0	0	0	0	0	0	0	0	0	0	0	0	0	0	0	0	0	0	0	0	0	0	0	0	0	0	0	0	0	0	0	0	0	0	0	0	0	0	0	0	0	0	0	0	0	0	0	0	0	0	0	0	0	0	0	0	0	0	0	0	0	0	0	0	0	0	0	0	0	0	0	1	0	0	0	0	0	0	0	0	0
Root;Bacteria;Fusobacteriota;Fusobacteriia;Fusobacteriales;Leptotrichiaceae;Leptotrichia_A;Leptotrichia_A_sp000469505	HQ778324.1.1415	0	0	0	0	0	0	0	0	0	0	0	0	0	0	0	0	0	0	0	0	0	0	0	0	0	0	0	0	0	0	0	0	0	0	0	0	0	0	0	0	0	0	0	0	0	0	0	0	0	0	0	0	0	0	0	0	0	0	0	0	0	0	0	0	0	0	0	0	0	0	0	0	0	0	0	0	0	0	0	0	0	0	0	0	0	0	0	0	0	0	0	0	0	0	0	0	0	0	0	0	0	0	0	0	0	0	0	0	0	0	0	0	0	0	0	0	0	0	0	0	0	0	0	0	0	0	0	0	0	0	0	0	0	0	0	0	0	0	0	0	0	0	0	0	0	0	0	0	0	0	0	0	0	0	0	0	0	0	0	1	0	0	0	0	0	0	0	0	0	0	0	0	0	0	0	0	0	0	0	0	0	0	0	0	0	0	0	0	0	0	0	0	0	0	0	0	0	0	0	0	0	0	0	0	0	0	0	0	0	0	0	0	0	0	0	0	0	0	0	0	0	0	0	0	0	0	0	0	0	0	0	0	0	0	0	0	0	0	0	0	0	0	0	0	0	0	0	0	0	0	0	0	0	0	0	0	0	0	0	0	0	0	0	0	0	0	0	0	0	0	0	0	0	0	0	0	0	0	0	0	0	0	0	0	0	0	0	0	0	0	0	0	0	0	0	0	0	0	0	0	0	0	0	0	0	0	0	0	0	0	0	0	0	0	0	0	0	0	0	0	0	0	0	0	0	0	0	0	0	0	0	0	0	0	0	0	0	0	0	0	0	0	0	0	0	0	0	0	0	0	0	0	0	0	0	0	0	0	0	0	0	0	0	0	0	0	0	0	0	0	0	0	0
Root;Bacteria;Firmicutes_A;Clostridia;Lachnospirales;Lachnospiraceae;Oribacterium;Oribacterium_parvum	HM120212.1.1397	0	0	0	0	0	0	0	0	0	0	0	0	0	0	0	0	0	0	0	0	0	0	0	0	0	0	0	0	0	0	0	0	0	0	0	0	0	0	0	0	0	0	0	0	0	0	0	0	0	0	0	0	0	0	0	0	0	0	0	0	0	0	0	0	0	0	0	0	0	0	0	0	0	0	0	0	0	0	0	0	0	0	0	0	0	0	0	0	0	0	0	0	0	0	0	0	0	0	0	0	0	0	0	0	0	0	0	0	0	0	0	0	0	0	0	0	0	0	0	0	0	0	0	0	0	0	0	0	0	0	0	0	0	0	0	0	0	0	0	0	0	0	0	0	0	0	0	0	0	0	0	0	0	0	0	0	0	0	0	0	0	0	0	0	0	8	0	0	0	0	0	0	0	0	0	0	0	0	0	0	0	0	0	0	0	0	0	0	0	0	0	0	0	0	0	0	0	0	0	0	0	0	0	0	0	0	0	0	0	0	0	0	0	0	0	0	0	0	0	0	0	0	0	0	0	0	0	0	0	0	0	0	0	0	0	0	0	0	0	0	0	0	0	0	0	0	0	0	0	0	0	0	0	0	0	0	0	0	0	0	0	0	0	0	0	0	0	0	0	0	0	0	0	0	0	0	0	0	0	0	0	0	0	0	0	0	0	0	0	0	0	0	0	0	0	0	0	0	0	0	0	0	0	0	0	0	0	0	0	0	0	0	0	0	0	0	0	0	0	0	0	0	0	0	0	0	0	0	0	0	0	0	0	0	1	0	0	0	0	0	0	0	0	0	0	0	0	0	0	0	0	0	0	0	1	0	0	0	0	0	0	0	0	0	0	0	0	0	0	0	0	0	0
Root;Bacteria;Proteobacteria;Gammaproteobacteria;Enterobacterales;Enterobacteriaceae;Citrobacter_A;unclassified_Citrobacter_A	FN562933.1.1417	0	0	0	0	0	0	0	0	0	0	0	0	0	0	0	0	0	0	0	0	0	0	0	0	0	0	0	9	8	0	0	0	0	0	0	0	0	0	0	0	0	0	0	0	0	0	0	0	0	0	0	0	0	0	0	0	0	0	0	0	0	0	0	0	0	0	0	0	0	0	0	0	0	0	0	0	0	0	0	0	0	0	0	0	0	0	0	0	1	0	0	0	0	0	0	0	0	0	0	0	0	0	0	0	0	0	0	0	0	0	0	0	0	0	0	0	0	0	0	0	0	0	0	0	0	0	0	0	0	0	0	0	0	0	0	0	0	0	0	0	0	0	0	0	0	0	0	0	0	0	0	0	0	0	0	0	0	0	0	0	0	0	0	0	0	0	0	0	0	0	0	0	0	0	0	0	0	0	0	0	0	0	0	0	0	0	0	0	0	0	0	0	0	0	0	0	0	0	0	0	0	0	0	0	0	0	0	0	0	0	0	0	0	0	0	0	0	0	0	0	0	0	0	0	0	0	0	0	0	0	0	0	0	0	0	0	0	0	0	0	0	0	0	0	0	0	0	0	0	0	0	0	0	0	0	0	0	0	0	0	0	0	0	0	0	0	0	0	0	0	0	0	0	0	0	0	0	0	0	0	0	0	0	0	0	0	0	0	0	0	0	0	0	0	0	0	0	0	0	0	0	0	0	0	0	0	0	0	0	0	0	0	0	0	0	0	0	0	0	0	0	0	0	0	0	0	0	0	0	0	0	0	0	0	0	0	0	0	0	0	0	0	0	0	0	0	0	0	0	0	0	0	0	0	0	0	0	0	0	0	0	0	0	0	0	0	0	0	0	0	0	0	0
