#
record	seqId	1928.SRS011175.SRX020666.SRR044910	1928.SRS011175.SRX020669.SRR045292	1928.SRS011289.SRX020666.SRR044982	1928.SRS011289.SRX020669.SRR045353	1928.SRS011373.SRX020666.SRR044979	1928.SRS011373.SRX020669.SRR045350	1928.SRS011433.SRX020666.SRR044933	1928.SRS011433.SRX020669.SRR045315	1928.SRS011470.SRX020666.SRR044918	1928.SRS011470.SRX020669.SRR045299	1928.SRS011496.SRX020666.SRR047478	1928.SRS011496.SRX020669.SRR045290	1928.SRS011520.SRX020666.SRR044927	1928.SRS011520.SRX020669.SRR045309	1928.SRS011547.SRX020666.SRR044932	1928.SRS011547.SRX020669.SRR045314	1928.SRS011571.SRX020666.SRR044960	1928.SRS011571.SRX020669.SRR045336	1928.SRS011604.SRX020666.SRR044976	1928.SRS011604.SRX020669.SRR045347	1928.SRS011638.SRX020666.SRR044977	1928.SRS011638.SRX020669.SRR045348	1928.SRS011671.SRX020666.SRR044981	1928.SRS011671.SRX020669.SRR045352	1928.SRS013141.SRX019639.SRR041062	1928.SRS013203.SRX019681.SRR040955	1928.SRS013255.SRX019639.SRR040743	1928.SRS013474.SRX019692.SRR041809	1928.SRS013474.SRX019696.SRR041884	1928.SRS013516.SRX019683.SRR041063	1928.SRS013516.SRX019694.SRR041892	1928.SRS013569.SRX020681.SRR048266	1928.SRS013664.SRX019690.SRR041547	1928.SRS013729.SRX019690.SRR041587	1928.SRS013788.SRX020680.SRR048121	1928.SRS014367.SRX020558.SRR048944	1928.SRS014424.SRX020551.SRR045538	1928.SRS014424.SRX020560.SRR043637	1928.SRS014554.SRX020555.SRR045723	1928.SRS014605.SRX020555.SRR045730	1928.SRS014677.SRX020551.SRR045548	1928.SRS014677.SRX020560.SRR043592	1928.SRS014764.SRX020558.SRR043770	1928.SRS014821.SRX020555.SRR045707	1928.SRS014875.SRX020558.SRR043774	1928.SRS014921.SRX020555.SRR045702	1928.SRS014966.SRX020576.SRR047650	1928.SRS015035.SRX020535.SRR044098	1928.SRS015131.SRX020555.SRR045679	1928.SRS015188.SRX020558.SRR043788	1928.SRS015245.SRX020535.SRR049850	1928.SRS015311.SRX020558.SRR043757	1928.SRS015368.SRX020535.SRR044115	1928.SRS015409.SRX020555.SRR045683	1928.SRS015472.SRX020545.SRR044736	1928.SRS015472.SRX020564.SRR047454	1928.SRS015530.SRX020573.SRR047410	1928.SRS015576.SRX020535.SRR043981	1928.SRS015635.SRX020573.SRR044239	1928.SRS015683.SRX020573.SRR044278	1928.SRS015722.SRX020573.SRR044208	1928.SRS015788.SRX020573.SRR044275	1928.SRS015835.SRX020562.SRR044704	1928.SRS015884.SRX020558.SRR043748	1928.SRS015931.SRX020510.SRR044583	1928.SRS015931.SRX020520.SRR044613	1928.SRS015980.SRX020573.SRR047419	1928.SRS016016.SRX020529.SRR049447	1928.SRS016016.SRX020573.SRR044214	1928.SRS016074.SRX020522.SRR044411	1928.SRS016131.SRX020522.SRR044397	1928.SRS016168.SRX020573.SRR044263	1928.SRS016239.SRX020522.SRR044440	1928.SRS016283.SRX020535.SRR044114	1928.SRS016333.SRX020522.SRR044405	1928.SRS016364.SRX019682.SRR040931	1928.SRS016426.SRX019688.SRR041386	1928.SRS016476.SRX019686.SRR041238	1928.SRS016543.SRX019683.SRR041150	1928.SRS016543.SRX019694.SRR041699	1928.SRS016610.SRX019686.SRR041205	1928.SRS016669.SRX019691.SRR041632	1928.SRS016726.SRX019682.SRR040989	1928.SRS016779.SRX019688.SRR041397	1928.SRS016880.SRX019692.SRR041944	1928.SRS016880.SRX019696.SRR041802	1928.SRS016942.SRX019681.SRR040963	1928.SRS017029.SRX019691.SRR041515	1928.SRS017090.SRX019687.SRR041219	1928.SRS017142.SRX019684.SRR041060	1928.SRS017142.SRX019695.SRR041990	1928.SRS017230.SRX019688.SRR041367	1928.SRS017292.SRX019686.SRR041229	1928.SRS017363.SRX019687.SRR041316	1928.SRS017420.SRX019683.SRR041026	1928.SRS017420.SRX019694.SRR041895	1928.SRS017481.SRX019687.SRR041305	1928.SRS017547.SRX019683.SRR041108	1928.SRS017547.SRX019694.SRR041975	1928.SRS017667.SRX019683.SRR041006	1928.SRS017667.SRX019694.SRR041725	1928.SRS017727.SRX019687.SRR041319	1928.SRS017790.SRX019639.SRR040699	1928.SRS017847.SRX019691.SRR041578	1928.SRS017904.SRX019688.SRR041490	1928.SRS017961.SRX019690.SRR041640	1928.SRS018023.SRX019639.SRR040709	1928.SRS018102.SRX019683.SRR041072	1928.SRS018102.SRX019694.SRR041907	1928.SRS018159.SRX019682.SRR040864	1928.SRS018216.SRX019639.SRR040739	1928.SRS018276.SRX019687.SRR041357	1928.SRS018339.SRX019691.SRR041644	1928.SRS018396.SRX019688.SRR041455	1928.SRS018453.SRX019684.SRR041113	1928.SRS018453.SRX019695.SRR041900	1928.SRS018515.SRX019639.SRR040725	1928.SRS018605.SRX020530.SRR045936	1928.SRS018605.SRX020576.SRR047653	1928.SRS018753.SRX020522.SRR044442	1928.SRS018805.SRX020530.SRR045800	1928.SRS018805.SRX020576.SRR046136	1928.SRS018999.SRX020510.SRR044587	1928.SRS018999.SRX020520.SRR044617	1928.SRS019109.SRX020545.SRR044760	1928.SRS019109.SRX020564.SRR044733	1928.SRS019261.SRX020522.SRR044409	1928.SRS019580.SRX020551.SRR045500	1928.SRS019580.SRX020560.SRR043597	1928.SRS019673.SRX020530.SRR045878	1928.SRS019673.SRX020576.SRR046204	1928.SRS019771.SRX020535.SRR044112	1928.SRS019908.SRX020522.SRR044380	1928.SRS020016.SRX019683.SRR041027	1928.SRS020016.SRX019694.SRR041880	1928.SRS020145.SRX020680.SRR048134	1928.SRS020145.SRX020683.SRR048377	1928.SRS020202.SRX020680.SRR048149	1928.SRS020259.SRX019683.SRR041074	1928.SRS020259.SRX019694.SRR042006	1928.SRS020316.SRX019684.SRR041182	1928.SRS020316.SRX019695.SRR041813	1928.SRS020376.SRX019691.SRR041595	1928.SRS020439.SRX019682.SRR040871	1928.SRS020496.SRX022230.SRR058093	1928.SRS020553.SRX019684.SRR041073	1928.SRS020553.SRX019695.SRR041672	1928.SRS020610.SRX022230.SRR058093	1928.SRS020667.SRX022230.SRR058093	1928.SRS020724.SRX022239.SRR058109	1928.SRS020781.SRX022235.SRR058095	1928.SRS020837.SRX022230.SRR058093	1928.SRS020895.SRX019691.SRR041649	1928.SRS020952.SRX022239.SRR058109	1928.SRS021009.SRX022235.SRR058095	1928.SRS021091.SRX022230.SRR058093	1928.SRS021135.SRX022230.SRR058093	1928.SRS021201.SRX022239.SRR058109	1928.SRS021267.SRX022239.SRR058109	1928.SRS021330.SRX022235.SRR058095	1928.SRS021390.SRX022239.SRR058109	1928.SRS021453.SRX022239.SRR058109	1928.SRS021510.SRX019690.SRR041635	1928.SRS021567.SRX020679.SRR048089	1928.SRS021627.SRX020679.SRR048051	1928.SRS021690.SRX022235.SRR058095	1928.SRS021750.SRX022231.SRR058120	1928.SRS021816.SRX022235.SRR058095	1928.SRS021879.SRX022235.SRR058095	1928.SRS021936.SRX020682.SRR048303	1928.SRS021996.SRX019683.SRR041186	1928.SRS021996.SRX019694.SRR041678	1928.SRS022059.SRX022231.SRR058120	1928.SRS022119.SRX019690.SRR041549	1928.SRS022185.SRX022231.SRR058120	1928.SRS022251.SRX022231.SRR058120	1928.SRS022317.SRX022231.SRR058120	1928.SRS022380.SRX022226.SRR058089	1928.SRS022440.SRX020680.SRR048195	1928.SRS022506.SRX020680.SRR048177	1928.SRS022572.SRX022226.SRR058089	1928.SRS022572.SRX022237.SRR058114	1928.SRS022635.SRX019692.SRR041670	1928.SRS022635.SRX019696.SRR041794	1928.SRS022695.SRX022226.SRR058089	1928.SRS022761.SRX022226.SRR058089	1928.SRS022761.SRX022237.SRR058114	1928.SRS022824.SRX022223.SRR058086	1928.SRS022884.SRX022226.SRR058089	1928.SRS022950.SRX020683.SRR048417	1928.SRS023013.SRX020679.SRR048062	1928.SRS023013.SRX020683.SRR048365	1928.SRS023073.SRX020679.SRR048116	1928.SRS023132.SRX022226.SRR058089	1928.SRS023202.SRX019692.SRR041688	1928.SRS023202.SRX019696.SRR041760	1928.SRS023268.SRX022223.SRR058086	1928.SRS023328.SRX022223.SRR058086	1928.SRS023391.SRX022223.SRR058086	1928.SRS023448.SRX020680.SRR048163	1928.SRS023514.SRX020681.SRR048229	1928.SRS023514.SRX020683.SRR048394	1928.SRS023571.SRX019686.SRR041208	1928.SRS023631.SRX019683.SRR041085	1928.SRS023631.SRX019694.SRR041718	1928.SRS023697.SRX022223.SRR058086	1928.SRS023760.SRX019681.SRR040971	1928.SRS023817.SRX021470.SRR052699	1928.SRS023877.SRX020681.SRR048213	1928.SRS023877.SRX020683.SRR048389	1928.SRS023940.SRX019690.SRR041533	1928.SRS023997.SRX019681.SRR040933	1928.SRS024054.SRX019681.SRR040882	1928.SRS024120.SRX019686.SRR041199	1928.SRS024177.SRX019683.SRR041097	1928.SRS024177.SRX019694.SRR041788	1928.SRS024234.SRX019692.SRR041692	1928.SRS024234.SRX019696.SRR042000	1928.SRS024291.SRX019692.SRR041853	1928.SRS024291.SRX019696.SRR041779	1928.SRS024357.SRX019684.SRR041110	1928.SRS024357.SRX019695.SRR041767	1928.SRS024414.SRX019683.SRR041107	1928.SRS024414.SRX019694.SRR041950	1928.SRS024480.SRX019684.SRR041126	1928.SRS024480.SRX019695.SRR041675	1928.SRS024537.SRX020680.SRR048182	1928.SRS024594.SRX019639.SRR040733	1928.SRS024651.SRX019687.SRR041252	1928.SRS024708.SRX021470.SRR052699	1928.SRS042087.SRX021470.SRR052699	1928.SRS042585.SRX020685.SRR048564	1928.SRS042680.SRX020685.SRR048514	1928.SRS042857.SRX020514.SRR046688	1928.SRS043032.SRX020531.SRR047616	1928.SRS043032.SRX020544.SRR047578	1928.SRS043034.SRX019688.SRR041418	1928.SRS043924.SRX021470.SRR052699	1928.SRS044192.SRX022227.SRR058090	1928.SRS044297.SRX022036.SRR057609	1928.SRS044339.SRX022227.SRR058090	1928.SRS044435.SRX020530.SRR045855	1928.SRS044435.SRX020576.SRR046194	1928.SRS044630.SRX020681.SRR048252	1928.SRS044683.SRX020686.SRR048583	1928.SRS044700.SRX020665.SRR046266	1928.SRS044702.SRX020518.SRR047221	1928.SRS044901.SRX020665.SRR047669	1928.SRS045215.SRX020563.SRR046393	1928.SRS045364.SRX020533.SRR046838	1928.SRS045387.SRX020558.SRR043789	1928.SRS045460.SRX020518.SRR047219	1928.SRS045567.SRX020686.SRR048605	1928.SRS045771.SRX022227.SRR058090	1928.SRS046408.SRX022222.SRR058085	1928.SRS046495.SRX019685.SRR041140	1928.SRS046495.SRX019697.SRR041946	1928.SRS046514.SRX020518.SRR047207	1928.SRS046586.SRX020665.SRR049373	1928.SRS046703.SRX020684.SRR048497	1928.SRS046929.SRX022036.SRR057609	1928.SRS046956.SRX021470.SRR052699	1928.SRS047088.SRX020686.SRR048617	1928.SRS047158.SRX020514.SRR046775	1928.SRS047180.SRX020533.SRR049498	1928.SRS047280.SRX022036.SRR057609	1928.SRS047280.SRX022240.SRR058096	1928.SRS047554.SRX022036.SRR057609	1928.SRS047554.SRX022240.SRR058096	1928.SRS047584.SRX019682.SRR040848	1928.SRS047658.SRX022036.SRR057609	1928.SRS047760.SRX022036.SRR057609	1928.SRS047765.SRX020686.SRR048650	1928.SRS048195.SRX020687.SRR048699	1928.SRS048237.SRX020542.SRR046369	1928.SRS048240.SRX022222.SRR058085	1928.SRS048891.SRX020688.SRR048763	1928.SRS049196.SRX020681.SRR048279	1928.SRS049196.SRX020683.SRR048409	1928.SRS049323.SRX020687.SRR048662	1928.SRS049521.SRX020518.SRR047203	1928.SRS049622.SRX020533.SRR046797	1928.SRS049648.SRX020533.SRR049506	1928.SRS049990.SRX022222.SRR058085	1928.SRS050114.SRX020533.SRR046862	1928.SRS050262.SRX020533.SRR049534	1928.SRS050408.SRX020684.SRR048469	1928.SRS050493.SRX020518.SRR047198	1928.SRS050617.SRX020514.SRR049507	1928.SRS050958.SRX020533.SRR046650	1928.SRS051849.SRX020514.SRR046840	1928.SRS052060.SRX022221.SRR058084	1928.SRS052060.SRX022222.SRR058085	1928.SRS052098.SRX022036.SRR057609	1928.SRS052199.SRX020686.SRR048635	1928.SRS052230.SRX020535.SRR049837	1928.SRS052249.SRX022222.SRR058085	1928.SRS052265.SRX020684.SRR048438	1928.SRS052408.SRX020685.SRR048551	1928.SRS052454.SRX020518.SRR047194	1928.SRS052615.SRX022227.SRR058090	1928.SRS052615.SRX022240.SRR058096	1928.SRS052630.SRX020685.SRR048538	1928.SRS052640.SRX022227.SRR058090	1928.SRS052681.SRX022242.SRR058098	1928.SRS052682.SRX020518.SRR047199	1928.SRS053059.SRX020686.SRR048595	1928.SRS053216.SRX020531.SRR046049	1928.SRS053216.SRX020544.SRR045920	1928.SRS053288.SRX022221.SRR058084	1928.SRS053288.SRX022227.SRR058090	1928.SRS053569.SRX020684.SRR048454	1928.SRS054669.SRX020531.SRR049351	1928.SRS055161.SRX020551.SRR047539	1928.SRS055161.SRX020560.SRR043634	1928.SRS055211.SRX021470.SRR052699	1928.SRS055211.SRX022237.SRR058114	1928.SRS055278.SRX022221.SRR058084	1928.SRS055278.SRX022227.SRR058090	1928.SRS055432.SRX020685.SRR048526	1928.SRS055461.SRX020558.SRR043765	1928.SRS055625.SRX019682.SRR040935	1928.SRS056167.SRX020684.SRR048483	1928.SRS056396.SRX020514.SRR046722	1928.SRS056493.SRX020514.SRR046772	1928.SRS056498.SRX020530.SRR045803	1928.SRS056498.SRX020576.SRR046185	1928.SRS057046.SRX020533.SRR049495	1928.SRS057051.SRX022036.SRR057609	1928.SRS057051.SRX022240.SRR058096	1928.SRS057069.SRX020531.SRR046048	1928.SRS057069.SRX020544.SRR049342	1928.SRS057450.SRX020551.SRR045509	1928.SRS057450.SRX020560.SRR043618	1928.SRS057569.SRX020665.SRR046271	1928.SRS058210.SRX020681.SRR048240	1928.SRS058242.SRX022222.SRR058085	1928.SRS058495.SRX020687.SRR048687	1928.SRS058746.SRX019681.SRR040932	1928.SRS058791.SRX020665.SRR046292	1928.SRS062468.SRX020579.SRR049558	1928.SRS062517.SRX022237.SRR058114	1928.SRS062615.SRX022237.SRR058114	1928.SRS062618.SRX020689.SRR048784	1928.SRS062886.SRX020689.SRR048838	1928.SRS062994.SRX020579.SRR049564	1928.SRS063318.SRX022237.SRR058114	1928.SRS063383.SRX022221.SRR058084	1928.SRS063383.SRX022222.SRR058085	1928.SRS063481.SRX022222.SRR058085	1928.SRS063509.SRX020689.SRR048859	1928.SRS063513.SRX020528.SRR046892	1928.SRS063628.SRX022237.SRR058114	1928.SRS063829.SRX020579.SRR047079	1928.SRS064079.SRX020528.SRR046812	1928.SRS064281.SRX020665.SRR047671	1928.SRS064291.SRX020528.SRR046902	1928.SRS064595.SRX022237.SRR058114	1928.SRS064672.SRX022221.SRR058084	1928.SRS064672.SRX022227.SRR058090	1928.SRS064707.SRX020689.SRR048802	1928.SRS064713.SRX020528.SRR046744	1928.SRS064733.SRX020689.SRR048820	1928.SRS064792.SRX020579.SRR049540	1928.SRS064910.SRX020579.SRR049586	1928.SRS065037.SRX020528.SRR049518	1928.SRS065151.SRX020665.SRR046318	1928.SRS065172.SRX022237.SRR058114	1928.SRS065236.SRX020528.SRR049489	1928.SRS065336.SRX020528.SRR046567	1928.SRS065435.SRX020579.SRR047090	1928.SRS065630.SRX020579.SRR049573	1928.SRS065634.SRX020684.SRR048425
Root;Bacteria;Firmicutes_C;Negativicutes;Veillonellales;Veillonellaceae;Veillonella;unclassified_Veillonella	JQ457925.1.1419	0	0	0	0	0	0	0	0	0	0	0	0	0	0	0	0	0	0	0	0	0	0	0	0	0	0	0	0	0	0	0	0	0	0	0	0	0	0	0	0	0	0	0	0	0	0	0	0	0	0	0	0	0	0	0	0	0	0	0	0	0	0	0	0	0	0	0	0	0	0	0	0	0	0	0	0	0	0	0	0	0	0	0	0	0	0	0	0	0	0	0	0	0	0	0	0	0	0	0	0	0	0	0	2	0	0	0	0	0	0	0	0	0	0	0	0	0	0	0	0	0	0	0	0	0	0	0	0	0	0	0	0	0	0	0	0	0	0	0	0	0	0	0	0	0	0	0	0	0	0	0	0	0	0	0	0	0	0	0	0	0	0	0	0	0	0	0	0	0	0	0	0	0	0	0	0	0	0	0	0	0	0	0	0	0	0	0	0	0	0	0	0	0	0	0	0	0	0	0	0	0	0	0	0	0	0	0	0	0	0	0	0	0	0	0	0	0	0	0	0	0	0	0	0	0	0	0	0	0	0	0	0	0	0	0	0	0	0	0	0	0	0	0	0	0	0	0	0	0	0	0	0	0	0	0	0	0	0	0	0	0	0	0	0	0	0	0	0	0	0	0	0	0	0	0	0	0	0	0	0	0	0	0	0	0	0	0	0	0	0	0	0	0	0	0	0	0	0	0	0	0	0	0	0	0	0	0	0	0	0	0	0	0	0	0	0	0	0	0	0	0	0	0	0	0	0	0	0	0	0	0	0	0	0	0	0	0	0	0	0	0	0	0	0	0	0	0	0	0	0	0	0	0	0	0	0	0	0	0	0	0	0	0	0	0	0	1	0	0	0	0	0	0
Root;Bacteria;Firmicutes_C;Negativicutes;Veillonellales;Veillonellaceae;Veillonella;unclassified_Veillonella	HQ757995.1.1471	0	0	0	0	0	0	0	0	0	0	0	0	0	0	0	0	0	0	0	0	0	0	0	0	0	0	0	0	0	0	0	0	0	0	0	0	0	0	0	0	0	0	0	0	0	0	0	0	0	0	0	0	0	0	0	0	0	0	0	0	0	0	0	0	0	0	0	0	0	0	0	0	0	0	0	0	0	0	0	0	0	0	0	0	0	0	0	0	0	0	0	0	0	0	0	0	0	0	0	0	0	0	0	0	0	0	0	0	0	0	0	0	0	0	0	0	0	0	0	0	0	0	0	0	0	0	0	0	0	0	0	0	0	0	0	0	0	0	0	0	0	0	0	0	0	1	0	0	0	0	0	0	0	0	0	0	0	0	0	0	0	0	0	0	0	0	0	0	0	0	0	0	0	0	0	0	0	0	0	0	0	0	0	0	0	0	0	0	0	0	0	0	0	0	0	0	0	0	0	0	0	0	0	0	0	0	0	0	0	0	0	0	0	0	0	0	0	0	0	0	0	0	0	0	0	0	0	0	0	0	0	0	0	0	0	0	0	0	0	0	0	0	0	0	0	0	0	0	0	0	0	0	0	0	0	0	0	0	0	0	0	0	0	0	0	0	0	0	0	0	0	0	0	0	0	0	0	0	0	0	0	0	0	0	0	0	0	0	0	0	0	0	0	0	0	0	0	0	0	0	0	0	0	0	0	0	0	0	0	0	0	0	0	0	0	0	0	0	0	0	0	0	0	0	0	0	0	0	0	0	0	0	0	0	0	0	0	0	0	0	0	0	0	0	0	0	0	0	0	0	0	0	0	0	0	0	0	0	0	0	0	0	0	0	0	0	0	0	0	0	0	0	0
Root;Bacteria;Proteobacteria;Gammaproteobacteria;Enterobacterales;Pasteurellaceae;Haemophilus_D;unclassified_Haemophilus_D	JF117067.1.1365	0	0	1	0	1	0	1	0	0	0	1	1	3	4	0	2	30	32	0	0	8	12	8	5	1	0	1	0	1	2	0	2	8	1	0	1	1	1	25	0	0	0	21	0	20	37	0	5	0	9	0	1	0	184	4	4	5	0	0	0	5	0	1	24	7	9	0	9	4	0	43	6	15	2	3	0	3	0	18	0	0	0	29	11	0	0	0	10	0	0	0	1	0	0	0	0	19	15	0	1	0	0	0	3	5	0	1	42	1	8	0	10	6	0	9	0	2	0	0	1	0	8	2	5	1	0	0	3	0	0	1	12	2	3	0	30	14	7	0	0	0	0	0	0	1	0	0	2	3	27	23	1	0	0	0	0	0	31	0	0	0	17	6	3	22	11	1	0	0	4	1	0	35	0	1	11	2	62	1	0	16	12	61	62	0	0	0	0	0	0	0	0	28	8	11	14	9	1	0	2	1	0	0	0	0	0	57	0	1	1	0	0	52	0	1	0	0	0	13	10	3	0	7	0	0	0	0	12	0	5	2	0	0	36	31	0	0	19	0	0	34	0	7	0	3	0	0	1	8	19	3	82	9	1	0	0	0	24	0	3	3	5	5	52	0	0	0	0	0	3	3	0	7	3	0	0	0	1	5	0	4	0	2	0	3	276	2	16	0	23	29	7	1	82	16	0	147	0	0	8	1	3	0	0	36	0	0	0	0	0	1	0	95	0	0	0	0	4	0	14	0	1	43	10	15	0	5	2	34	49	0	0	2	9	0	0	3	5	10	78	0	0	5	2	1	0	1	1	0	6	0	0	19	2	6	1	3	1	23	1	0	0	9	27	0	0	1	0	0	0	4	28	0
Root;Bacteria;Firmicutes_C;Negativicutes;Veillonellales;Veillonellaceae;Veillonella;unclassified_Veillonella	JQ467193.1.1406	0	0	0	0	0	0	0	0	0	0	0	0	0	0	0	0	0	0	0	0	0	0	0	0	0	0	0	0	0	0	0	0	0	0	0	0	0	0	0	0	0	0	0	0	0	0	0	0	0	0	0	0	0	0	0	0	0	0	0	0	0	0	0	0	0	0	0	0	0	0	0	0	0	0	0	0	0	0	0	0	0	0	0	0	0	0	0	0	0	0	0	0	0	0	0	0	0	0	0	0	0	0	0	0	0	0	0	0	0	0	0	0	0	0	0	0	0	0	0	0	0	0	0	0	0	0	0	0	0	0	0	0	0	0	0	0	0	0	0	0	0	0	0	0	0	0	0	0	0	0	0	0	0	0	0	0	0	0	0	0	0	0	0	0	0	0	0	0	0	0	0	0	0	0	0	0	0	0	0	0	0	0	0	0	0	0	0	0	0	0	0	0	0	0	0	0	0	0	0	0	0	0	0	0	0	0	0	0	0	0	1	0	0	0	0	0	0	0	0	0	0	0	0	0	0	0	0	0	0	0	0	0	0	0	0	0	0	0	0	0	0	0	0	0	0	0	0	0	0	0	0	0	0	0	0	0	0	0	0	0	0	0	0	0	0	0	0	0	0	0	0	0	0	0	0	0	0	0	0	0	0	0	0	0	0	0	0	0	0	0	0	0	0	0	0	0	0	0	0	0	0	0	0	0	1	0	0	0	0	0	0	0	0	0	1	0	0	0	0	0	0	0	0	0	0	0	0	0	0	0	0	0	0	0	0	0	0	1	0	0	2	0	0	0	0	0	0	0	0	1	0	0	0	0	0	0	0	0	0	0	0	0	0	0	0	0	0	0	0	0	0	0	0
Root;Bacteria;Proteobacteria;Gammaproteobacteria;Enterobacterales;Pasteurellaceae;Haemophilus_A;unclassified_Haemophilus_A	JF240805.1.1363	0	0	0	0	0	0	0	0	0	0	0	0	0	0	0	0	0	0	0	0	0	0	0	0	0	0	0	0	0	0	0	0	0	0	0	0	0	0	0	0	0	0	0	0	0	0	0	0	0	0	0	0	0	0	1	0	0	0	0	0	0	0	0	0	0	0	0	0	0	0	0	0	0	0	0	0	0	0	0	0	0	0	0	0	0	0	0	2	0	0	0	0	0	0	0	0	0	0	0	0	0	0	0	0	0	0	0	0	0	0	0	0	0	0	0	0	0	0	0	0	0	0	0	0	0	0	0	0	0	0	0	0	0	0	0	0	0	0	0	0	0	0	0	0	0	0	0	0	0	0	0	0	0	0	0	0	0	0	0	0	0	0	0	0	0	0	0	0	0	0	0	0	0	0	0	0	0	0	0	0	0	0	0	0	0	0	0	0	0	0	0	0	0	0	0	0	0	0	0	0	0	0	0	0	0	0	0	0	0	0	0	0	0	0	0	0	0	0	0	0	0	0	0	0	0	0	0	0	0	0	0	0	0	0	0	0	0	0	0	0	0	0	0	0	0	0	0	0	0	0	0	0	0	0	0	0	0	0	0	0	0	0	0	0	0	0	0	0	0	0	0	0	0	0	0	0	0	0	0	0	0	0	0	0	0	0	0	0	0	0	0	0	0	0	0	0	0	0	0	0	0	0	0	0	0	0	0	0	0	0	0	0	0	0	0	0	0	0	0	0	0	0	0	0	0	0	0	0	0	0	0	0	0	0	0	0	0	0	0	0	0	0	0	1	0	0	0	0	0	0	0	0	0	0	0	0	0	0	0	0	0	0	0	0	0	0	0	0	0	0	0	0	0
Root;Bacteria;Actinobacteriota;Actinomycetia;Actinomycetales;Micrococcaceae;Rothia;Rothia_dentocariosa	JQ463168.1.1384	0	0	25	24	4	2	2	0	22	16	0	0	2	4	3	3	5	9	3	1	1	1	0	2	0	0	0	72	114	3	0	16	3	2	7	6	0	5	61	28	14	37	97	21	20	17	152	70	1	65	0	63	10	152	157	140	80	28	26	33	2	4	648	16	5	6	627	3	9	5	74	51	241	42	32	2	1	5	8	0	8	1	2	3	0	0	4	1	1	1	0	0	1	8	8	0	1	9	0	12	0	3	0	5	2	0	6	0	0	0	0	0	7	0	0	0	0	0	9	2	0	369	0	0	14	14	99	3	2	0	186	9	214	2	0	12	37	27	0	0	1	0	9	1	0	0	0	0	0	0	0	0	41	0	0	0	0	0	0	0	0	0	1	9	1	0	0	0	0	46	2	0	0	0	0	0	0	0	18	27	0	0	21	17	0	0	0	0	0	0	2	4	0	0	1	1	0	0	0	11	15	16	13	1	0	0	8	0	7	0	0	0	5	0	2	0	1	6	1	0	3	0	2	0	0	0	1	4	6	0	0	1	1	10	5	0	0	0	0	0	0	0	4	18	20	31	32	1	7	21	155	31	1	0	0	0	0	19	44	11	0	0	6	107	0	0	0	0	0	1	0	0	15	154	1	0	2	0	8	8	3	15	35	0	39	67	1	8	6	17	21	0	0	0	10	5	0	6	1	27	0	0	14	0	0	33	0	135	0	0	0	0	123	0	0	0	0	0	0	2	58	0	37	186	5	0	18	55	0	0	1	0	0	0	9	71	0	0	4	8	32	0	0	44	0	10	0	0	0	0	0	16	0	1	6	8	0	0	0	0	0	11	7	71	4	8	0	0	1	14	7	0	86
Root;Bacteria;Firmicutes_C;Negativicutes;Veillonellales;Veillonellaceae;Veillonella;unclassified_Veillonella	KF271073.1.1485	0	0	0	0	0	0	0	0	0	0	0	0	0	0	0	0	0	0	0	0	0	0	0	0	0	0	0	0	0	0	0	0	0	0	0	0	0	0	0	0	0	0	0	0	0	0	0	0	0	0	0	0	0	0	0	1	0	0	0	0	0	0	0	0	0	0	0	0	0	0	0	0	0	0	0	0	0	0	0	0	0	0	0	0	0	0	0	0	0	0	0	0	0	0	0	0	0	0	0	0	0	0	0	0	0	0	0	0	0	0	0	0	0	0	0	0	0	0	0	0	0	0	0	0	0	0	0	0	0	0	0	0	0	0	0	0	0	0	0	0	0	0	0	0	0	0	0	0	0	0	0	0	0	0	0	0	0	0	0	0	0	0	0	0	0	0	0	0	0	0	0	0	0	0	0	0	0	0	0	0	0	0	0	0	0	0	0	0	0	0	0	0	0	0	0	0	0	0	0	0	0	0	0	0	0	0	0	0	0	0	0	0	0	0	0	0	0	0	1	0	0	0	0	0	0	0	0	0	0	0	0	0	0	0	0	0	0	0	0	0	0	0	0	0	0	0	0	0	0	0	0	0	0	0	0	0	0	0	0	0	0	0	0	0	0	0	0	0	0	0	0	0	0	0	0	0	0	0	0	0	0	0	0	0	0	0	0	0	0	0	0	0	0	0	0	0	0	0	0	0	0	0	0	0	0	0	0	0	0	0	0	0	0	0	0	0	0	0	0	0	0	0	0	0	0	0	0	0	0	0	0	0	0	0	0	0	0	1	0	0	0	0	0	0	0	0	0	0	0	0	0	0	0	0	0	0	0	0	0	0	0	0	0	1	0	0	0	0	0	0	0	0	0
Root;Bacteria;Firmicutes_C;Negativicutes;Veillonellales;Veillonellaceae;Veillonella;unclassified_Veillonella	HQ807487.1.1390	0	0	0	0	0	0	0	1	0	1	0	0	0	0	1	0	0	0	0	0	1	1	0	0	0	0	0	0	0	0	0	0	1	1	0	0	0	0	0	0	0	0	0	1	0	0	0	0	0	0	0	1	0	0	0	0	0	0	0	0	0	0	1	2	2	0	0	1	0	1	0	1	0	0	0	2	0	0	0	0	0	0	0	0	0	0	0	0	0	0	0	0	0	0	0	0	1	0	0	0	0	0	0	0	0	0	0	0	0	0	0	1	0	0	0	0	0	0	0	0	0	4	2	1	0	0	2	1	0	0	0	0	0	0	0	0	0	0	0	0	0	0	0	1	0	0	0	0	0	0	0	0	0	0	0	0	0	0	0	0	0	0	0	0	0	0	0	0	1	0	0	0	0	0	0	0	0	0	0	1	0	1	1	0	0	1	0	0	0	0	0	0	1	1	0	0	0	0	0	1	0	0	0	0	0	0	0	0	0	0	2	0	1	0	0	0	0	0	0	0	0	0	0	0	0	0	1	0	0	1	0	1	0	0	1	0	0	0	0	0	0	0	0	0	0	0	5	0	0	2	0	0	0	0	0	0	0	0	0	0	0	0	0	0	0	0	1	0	0	0	0	0	0	0	0	0	3	0	0	1	1	0	0	0	0	0	3	0	0	0	0	1	0	0	2	0	0	0	0	1	0	0	0	0	0	0	0	1	0	0	0	0	0	6	6	0	0	0	0	0	0	0	1	1	1	0	0	0	0	1	0	0	0	0	0	2	0	0	0	0	3	0	0	1	0	0	0	1	0	0	0	0	0	0	0	0	1	0	0	0	0	0	0	1	0	1	0	0	0	0	2	0	1
Root;Bacteria;Firmicutes_C;Negativicutes;Veillonellales;Veillonellaceae;Veillonella;unclassified_Veillonella	AM420280.1.1426	0	0	0	0	0	0	0	0	0	0	0	0	0	0	0	0	0	0	0	0	0	0	0	0	0	0	0	0	0	0	0	0	0	0	0	0	0	0	0	0	0	0	0	0	0	0	0	0	0	0	0	0	0	0	0	0	0	0	0	0	0	0	0	0	0	0	0	0	0	0	0	0	0	0	0	0	0	0	0	0	0	0	0	0	0	0	0	0	0	0	0	0	0	0	0	0	0	0	0	0	0	0	0	0	0	0	0	0	0	0	0	0	0	0	0	0	0	0	0	0	0	0	0	0	0	0	0	0	0	0	0	0	0	0	0	0	0	0	0	0	0	0	0	0	0	0	0	0	0	0	0	0	0	0	0	0	0	0	0	0	0	0	0	0	0	1	0	0	0	0	0	0	0	0	0	0	0	0	0	0	0	0	0	0	0	0	0	0	0	0	0	0	0	1	0	0	0	0	0	0	0	0	0	0	0	0	0	0	0	0	0	0	0	0	0	0	0	1	0	0	0	0	0	0	0	0	0	0	0	0	0	0	0	0	0	0	0	0	0	0	0	0	0	0	0	0	0	0	0	0	0	0	0	0	0	0	0	0	0	0	0	0	0	0	1	0	0	0	0	0	0	0	0	0	0	0	0	0	0	0	0	0	0	0	0	0	0	0	0	0	0	0	0	0	0	0	0	0	0	0	0	0	0	0	0	0	0	0	0	0	0	0	0	0	0	0	0	0	0	0	0	0	0	0	0	0	0	0	0	0	0	0	0	0	0	0	0	0	0	0	0	0	0	0	0	0	0	0	0	0	0	0	0	0	3	0	0	0	0	0	0	0	0	0	0	0	0	0	0	0	0	0	0
Root;Bacteria;Firmicutes_C;Negativicutes;Veillonellales;Veillonellaceae;Veillonella;unclassified_Veillonella	JQ448065.1.1401	0	0	0	0	0	0	1	0	0	0	0	0	0	0	0	0	0	0	0	0	0	0	0	0	0	0	0	0	0	0	0	0	0	0	0	1	0	0	1	0	0	0	0	0	0	0	0	0	0	0	0	0	0	0	0	0	0	0	0	0	0	0	0	0	0	0	0	0	0	0	0	0	0	0	0	0	0	0	0	0	0	0	0	0	0	0	0	0	0	0	0	0	0	0	0	0	0	0	0	0	0	0	0	0	0	0	0	0	0	0	0	0	0	0	0	0	0	0	0	0	0	0	0	0	0	0	0	0	0	0	0	0	0	0	0	0	0	0	0	0	0	0	1	0	0	0	0	0	0	0	0	0	0	0	0	0	0	0	0	0	0	0	0	0	0	2	0	0	0	0	0	0	0	0	0	0	0	0	0	0	0	0	2	1	0	0	0	0	0	0	0	0	0	0	0	0	0	0	0	0	0	0	0	0	0	0	0	0	0	0	0	0	0	0	0	0	0	0	0	0	0	0	0	0	0	0	0	0	0	0	0	0	0	0	0	0	0	0	0	0	0	0	0	0	0	0	0	0	0	0	0	0	0	0	0	0	0	0	0	0	0	0	0	0	2	0	0	0	0	1	0	0	0	0	0	0	0	0	0	0	0	0	0	0	0	0	0	0	0	0	0	0	0	0	0	0	0	0	0	0	0	0	0	0	0	0	0	0	0	0	0	0	0	0	0	0	0	0	0	0	0	0	0	0	0	0	0	0	0	0	0	0	0	0	0	0	0	2	0	0	0	0	0	16	0	0	0	0	0	0	0	0	0	0	11	0	0	0	0	0	0	0	0	0	0	0	0	0	0	0	0	0	0
Root;Bacteria;Actinobacteriota;Actinomycetia;Actinomycetales;Micrococcaceae;Rothia;Rothia_dentocariosa	JQ468013.1.1397	0	0	14	18	0	2	0	1	5	7	0	0	0	2	0	0	4	4	1	0	1	0	2	0	0	0	0	0	14	0	1	0	0	0	0	0	0	2	5	5	1	4	2	1	2	3	2	0	0	1	0	1	0	21	5	10	1	0	2	4	0	0	36	0	0	0	16	1	0	0	2	2	3	0	1	0	2	0	0	0	1	0	0	0	0	0	1	0	1	0	0	0	1	1	0	0	0	1	0	0	0	0	0	3	0	0	0	0	0	0	2	0	0	0	0	0	0	0	0	0	0	7	0	0	1	1	2	0	1	0	5	0	8	0	0	1	0	0	0	0	0	0	0	0	2	0	0	0	0	0	0	0	2	0	0	0	0	0	0	0	0	0	0	0	0	0	0	0	0	1	0	0	0	0	0	0	0	0	0	0	0	0	0	0	0	0	0	0	0	0	0	0	0	0	0	1	0	0	0	0	0	1	0	0	0	0	3	0	1	0	0	0	2	0	1	0	0	0	0	0	0	0	0	0	0	0	0	1	1	0	0	1	0	0	0	0	0	0	0	0	0	0	0	1	1	2	5	0	0	0	4	6	1	0	0	0	0	0	2	0	0	0	0	2	0	0	0	0	0	0	0	0	1	19	0	0	0	0	0	0	0	0	2	0	0	2	0	2	0	0	1	0	0	0	1	0	0	0	0	2	0	0	0	0	0	8	0	5	0	0	0	0	1	0	0	0	0	0	0	1	1	0	1	9	0	0	0	2	0	0	0	0	0	0	0	2	0	0	2	0	5	0	0	7	2	1	0	0	0	0	0	0	0	0	1	0	1	0	0	0	1	0	1	4	0	0	0	0	0	2	1	0	1
Root;Bacteria;Actinobacteriota;Actinomycetia;Mycobacteriales;Mycobacteriaceae;Corynebacterium;Corynebacterium_matruchotii	JQ451787.1.1399	4	8	0	1	27	19	8	10	5	5	17	19	1	5	6	10	0	0	9	7	3	0	40	27	3	1	2	0	0	4	0	5	1	0	58	0	1	0	1	5	0	0	0	31	1	0	5	8	8	2	1	4	5	0	0	0	0	2	3	0	1	0	3	1	0	0	0	2	0	0	0	2	7	0	3	2	0	17	0	0	1	6	0	5	4	2	16	0	0	13	0	0	17	0	29	1	0	2	0	3	0	6	4	1	6	1	0	0	0	55	2	0	1	2	1	0	0	0	0	1	0	4	1	0	0	0	0	0	0	0	0	0	3	6	0	0	0	6	0	0	4	0	2	0	0	0	0	0	1	18	0	264	4	3	13	0	0	2	6	31	39	0	1	0	0	0	1	3	2	74	2	0	6	1	1	6	6	0	0	72	8	27	3	4	5	6	6	15	16	0	1	13	0	0	4	10	59	1	2	23	2	11	1	0	0	4	0	6	0	0	0	0	1	19	9	0	13	6	0	0	9	0	1	0	1	0	5	2	1	5	9	1	0	1	28	0	1	88	5	7	16	0	7	5	13	7	10	3	8	11	1	10	3	67	6	0	0	14	8	2	0	2	1	0	0	0	1	2	10	17	0	0	2	0	7	0	3	1	5	4	144	10	0	1	16	0	2	9	7	2	1	20	5	1	17	5	0	7	3	11	33	62	2	1	13	21	4	0	0	42	15	6	0	2	1	3	8	177	45	0	0	86	0	57	3	0	4	1	0	0	4	0	0	0	37	3	17	37	11	1	21	4	11	0	6	16	6	143	15	0	5	2	9	8	1	55	0	1	12	5	0	18	3	1	10	21	65	34	0	9	173	0	10
Root;Bacteria;Actinobacteriota;Actinomycetia;Actinomycetales;Micrococcaceae;Kocuria;Kocuria_palustris	JQ977053.1.1422	0	0	0	0	0	0	0	0	0	0	0	0	0	0	0	0	0	0	0	0	0	0	0	0	0	0	0	0	0	0	0	0	0	0	0	0	0	0	0	0	0	0	0	0	0	0	0	0	0	0	0	0	0	0	0	0	0	0	0	0	0	0	0	0	0	0	1	0	0	0	0	0	0	0	0	0	0	0	0	0	0	0	0	0	0	0	0	0	0	0	0	0	0	0	0	0	0	0	0	0	0	0	0	0	0	0	0	0	0	0	0	0	0	0	0	0	0	0	0	0	0	0	0	0	0	0	0	0	0	0	0	0	0	0	0	0	0	0	0	0	0	0	0	0	0	0	0	0	0	0	0	0	0	0	0	0	0	0	0	0	0	0	0	0	0	0	0	0	0	0	0	0	0	0	0	0	0	0	0	0	0	0	0	0	0	0	0	0	0	0	0	0	0	0	0	0	0	0	0	0	0	0	0	0	0	0	0	0	0	0	0	0	0	0	0	0	0	0	0	0	0	0	0	0	0	0	0	0	0	0	0	0	0	0	0	0	0	0	0	0	0	0	0	0	0	0	0	0	0	0	0	0	0	0	0	0	0	0	0	0	0	0	0	0	0	0	0	0	0	0	0	0	0	0	0	0	0	0	0	0	0	0	0	0	0	0	0	0	0	0	0	0	0	0	0	0	0	0	0	0	0	0	0	0	0	0	0	0	0	0	0	0	0	0	0	0	0	0	0	0	0	0	0	0	0	0	0	0	0	0	0	0	0	0	0	0	0	0	0	0	0	0	0	0	0	0	0	0	0	0	0	0	0	0	0	0	0	0	0	0	0	0	0	0	0	0	0	0	0	0	0	0	0
Root;Bacteria;Firmicutes_C;Negativicutes;Veillonellales;Veillonellaceae;Veillonella;unclassified_Veillonella	FJ470463.1.1526	2	0	0	0	0	0	1	0	0	1	0	0	0	0	0	0	0	0	0	0	0	0	0	0	0	0	0	0	0	0	0	0	1	1	1	0	0	0	0	0	0	0	0	1	0	0	0	0	2	0	1	5	0	0	0	0	0	1	0	0	0	0	0	3	0	1	0	1	0	0	0	0	0	0	0	3	0	1	0	0	0	3	0	0	0	1	0	0	0	1	0	0	0	1	0	0	0	0	0	1	0	0	1	0	0	0	0	0	0	0	0	4	0	0	1	0	0	0	0	0	0	1	0	1	0	0	1	0	0	0	0	0	0	0	0	0	0	0	2	0	0	0	0	0	0	2	0	0	0	0	0	0	0	0	0	0	0	0	0	0	0	0	0	0	0	0	0	0	0	6	0	0	0	1	0	0	0	0	0	0	2	1	0	0	0	1	0	0	0	0	4	1	0	0	0	0	0	0	0	0	2	1	0	0	0	0	0	1	1	4	6	0	0	1	0	0	1	2	0	2	1	0	0	0	0	0	3	0	7	0	0	0	0	0	1	0	1	0	0	0	0	0	3	1	0	0	1	0	0	0	0	0	0	0	0	1	0	0	0	0	0	0	0	0	0	0	0	0	1	0	0	0	0	0	0	0	4	0	0	0	21	0	0	0	0	0	1	0	0	0	0	1	0	0	0	0	0	0	0	0	0	0	0	2	7	12	2	0	0	6	1	0	0	0	0	0	0	4	1	0	0	0	0	0	0	0	0	0	0	0	0	0	0	0	0	0	0	0	0	0	1	0	1	0	0	5	0	0	0	0	0	0	0	0	0	0	0	0	0	0	0	0	0	0	0	4	1	0	0	4	14	0	5
Root;Bacteria;Proteobacteria;Gammaproteobacteria;Enterobacterales;Pasteurellaceae;Haemophilus;unclassified_Haemophilus	JQ448690.1.1386	0	0	0	0	0	0	1	0	0	0	0	0	0	0	0	0	0	0	0	0	0	0	0	0	0	0	0	0	0	0	0	0	0	0	0	0	0	0	0	0	0	0	0	0	0	0	0	0	0	0	0	0	0	0	0	0	0	0	0	0	0	0	0	0	0	0	0	0	0	0	0	0	0	0	0	0	0	0	0	0	0	0	0	0	0	0	0	0	0	0	0	0	0	0	0	0	0	0	0	0	0	0	0	0	0	0	0	0	0	0	0	0	0	0	0	0	0	0	0	0	0	0	0	0	0	0	0	0	0	0	0	0	0	0	0	0	0	0	0	0	0	0	0	0	0	0	0	0	0	0	0	0	0	0	0	0	0	0	0	0	0	0	0	0	0	0	0	0	0	0	0	0	0	0	0	0	0	0	0	0	0	0	0	0	0	0	0	0	0	0	0	0	0	0	0	0	0	0	0	0	0	0	0	0	0	0	0	0	0	0	0	0	0	0	0	0	0	0	0	0	0	0	0	0	0	0	0	0	0	0	0	0	0	0	0	0	0	0	0	0	0	0	0	0	0	0	0	0	0	0	0	0	0	0	0	0	0	0	0	0	0	0	0	0	0	0	0	0	0	0	0	0	0	0	0	0	0	0	0	0	0	0	0	0	0	0	0	0	0	0	0	0	0	0	0	0	0	0	0	0	0	0	0	0	0	0	0	0	0	0	0	0	0	0	0	0	0	0	0	0	0	0	0	0	0	0	0	0	0	0	0	0	0	0	0	0	0	0	0	0	0	0	0	0	0	0	0	0	0	0	0	0	0	0	0	0	0	0	0	0	0	0	0	0	0	0	0	0	0	0	0	0	0
Root;Bacteria;Proteobacteria;Gammaproteobacteria;Burkholderiales;Neisseriaceae;Neisseria;Neisseria_elongata	JN175349.1.1416	6	5	328	420	10	14	0	0	0	1	5	8	0	0	103	132	4	2	5	10	4	4	7	9	8	3	15	9	12	5	0	13	18	0	6	1	0	0	114	48	78	64	200	44	7	114	49	90	24	13	0	0	7	30	21	14	12	18	46	5	23	97	203	29	560	607	16	113	66	50	152	12	62	24	29	0	0	74	3	1	30	6	0	8	25	27	17	12	32	13	0	16	3	0	110	8	13	11	1	1	0	65	9	3	26	59	0	30	1	33	36	35	13	14	8	0	10	0	66	33	0	14	30	21	16	14	14	162	207	0	181	82	93	7	0	10	14	16	20	0	10	1	0	10	0	0	0	0	2	8	78	16	2	1	3	1	1	0	0	0	0	5	85	9	24	0	13	2	0	59	18	0	38	0	0	3	0	0	15	0	0	0	4	0	15	4	4	10	17	0	19	17	0	2	59	72	14	2	0	0	0	0	254	4	1	51	0	4	1	3	67	0	11	10	10	2	10	9	0	0	48	2	1	0	0	0	20	88	41	4	0	13	48	42	3	0	2	11	13	5	66	0	2	19	39	0	54	140	14	157	5	245	9	6	1	6	2	80	21	63	15	7	88	67	0	0	0	0	9	2	3	3	60	22	0	2	0	1	0	0	45	97	4	0	1	247	1	36	209	390	0	3	0	42	0	13	0	0	19	11	2	11	3	0	27	22	18	0	0	95	7	2	15	2	6	4	0	62	4	0	81	27	1	200	0	0	55	65	2	36	107	0	1	2	137	36	0	1	10	2	0	1	0	0	2	14	15	100	10	0	8	387	10	49	31	62	1	0	375	43	3	183	0	54	199	15	25	47	1	15	17	27	0
Root;Bacteria;Actinobacteriota;Actinomycetia;Actinomycetales;Micrococcaceae;Rothia;Rothia_dentocariosa	JQ455502.1.1378	0	0	2	0	0	0	0	0	1	2	0	0	0	0	0	0	0	0	0	0	1	0	1	0	0	0	0	0	0	0	0	0	0	0	0	0	0	0	0	0	0	0	0	0	0	0	0	0	0	0	0	0	0	0	0	0	0	0	0	0	0	0	3	0	0	0	0	1	0	0	0	0	0	0	0	0	0	0	0	0	0	0	0	0	0	0	0	0	0	0	0	0	0	0	0	0	0	0	0	0	0	0	0	0	0	0	0	0	0	0	0	0	0	0	0	0	0	0	0	0	0	1	0	0	0	0	0	0	0	0	0	1	0	0	0	0	0	0	0	0	0	0	0	0	0	0	0	0	0	0	0	0	0	0	0	0	0	0	0	0	0	0	0	0	0	0	0	0	0	0	0	1	0	0	0	0	0	0	0	0	0	0	0	0	0	0	0	0	0	0	0	0	0	0	0	0	0	0	0	0	0	0	0	0	0	0	0	0	0	0	0	0	0	0	0	0	0	0	0	0	0	0	0	0	0	0	0	0	0	0	0	0	0	0	0	0	0	0	0	0	0	0	0	0	0	0	0	0	0	1	0	0	0	0	0	0	0	0	0	0	0	0	0	0	0	0	0	0	0	0	0	0	0	0	1	0	0	0	0	0	0	0	0	0	0	0	0	0	0	0	0	0	0	0	0	0	0	0	0	0	0	0	0	0	0	0	0	1	0	0	0	0	0	0	0	0	0	0	0	0	0	0	0	5	0	0	0	0	0	0	0	0	0	0	0	0	0	0	0	0	0	0	0	0	0	0	0	0	0	0	0	1	0	0	0	0	0	0	0	0	0	0	0	0	0	0	0	0	0	0	0	0	0
Root;Bacteria;Actinobacteriota;Actinomycetia;Actinomycetales;Micrococcaceae;Rothia;Rothia_dentocariosa	JQ462373.1.1304	0	0	33	28	3	5	1	1	24	28	1	2	1	1	1	3	7	18	0	1	1	1	0	1	0	0	0	22	32	1	2	2	1	0	0	5	1	2	26	10	17	23	62	4	12	3	49	15	2	25	0	26	3	58	84	77	25	8	4	11	1	0	267	6	6	1	202	2	2	0	23	13	105	13	13	0	4	1	1	4	0	1	0	4	0	0	1	0	1	0	0	0	0	1	2	2	1	2	2	6	2	0	0	2	1	0	0	0	0	0	0	0	2	1	0	0	0	0	0	2	0	145	1	0	11	5	47	2	0	0	78	2	117	2	0	18	2	6	0	0	0	0	1	0	2	0	0	0	0	0	5	0	9	0	0	0	1	0	1	1	0	0	1	4	2	0	0	0	0	22	1	1	0	1	0	0	0	2	2	10	0	0	3	6	0	0	0	0	0	0	0	1	1	0	1	2	0	0	0	1	5	12	0	0	0	0	5	0	2	2	0	0	2	0	1	0	1	2	0	1	0	0	0	0	0	0	0	3	1	5	0	0	1	8	1	0	0	3	0	0	0	0	2	6	3	13	14	1	2	8	79	16	1	0	0	1	1	6	23	1	0	0	1	42	0	0	0	0	0	1	1	0	1	52	5	1	2	0	1	1	1	5	7	0	21	12	0	0	3	2	12	0	0	0	4	0	0	0	0	5	0	0	0	0	0	4	0	62	0	0	0	0	42	0	0	0	0	0	0	0	24	0	8	94	4	0	8	12	0	0	1	0	0	0	2	17	0	1	4	2	13	0	0	14	0	4	0	1	0	0	0	4	0	0	2	6	2	0	2	0	3	2	3	13	0	9	0	0	0	3	1	0	8
Root;Bacteria;Actinobacteriota;Actinomycetia;Mycobacteriales;Mycobacteriaceae;Corynebacterium;Corynebacterium_matruchotii	JQ451711.1.1392	26	22	0	5	99	79	40	48	41	44	94	81	8	9	122	107	5	2	51	42	6	3	91	56	78	7	62	1	1	7	0	42	0	24	403	3	5	14	16	25	4	5	0	243	8	35	3	160	44	1	15	1	2	34	3	2	0	109	0	17	155	16	4	13	0	0	3	29	22	8	1	82	174	6	39	187	415	12	1	0	119	7	0	256	47	89	118	79	1	182	0	43	0	0	72	0	1	15	0	69	0	28	17	8	41	13	0	1	0	13	17	16	4	47	1	0	16	0	11	304	0	0	29	31	0	0	54	4	7	0	0	38	22	0	0	0	0	28	124	0	139	1	99	38	0	17	0	110	44	150	0	61	34	99	26	38	4	0	189	176	28	0	0	2	1	0	22	1	23	70	53	0	0	508	1	27	0	0	1	17	1	1	42	49	5	71	58	122	25	0	353	296	21	7	3	3	7	0	0	168	60	91	13	8	0	232	127	321	0	0	18	0	81	0	12	0	107	146	10	13	151	0	9	0	3	0	70	152	15	47	27	62	105	31	277	0	25	458	85	20	0	0	196	705	22	221	93	55	13	261	133	74	19	32	116	228	2	240	11	122	0	11	91	6	0	8	29	11	27	40	0	18	5	0	12	1	100	28	46	4	200	130	0	0	5	19	16	102	11	78	1	164	25	0	27	5	0	50	22	7	60	79	177	0	443	297	246	0	0	33	6	7	25	8	15	46	34	43	4	0	1	8	0	3	101	0	26	24	0	2	22	0	17	20	31	227	96	792	123	0	189	69	35	0	15	10	73	503	73	0	0	53	24	244	2	28	1	1	1	0	375	3	33	52	7	31	75	0	0	432	94	0	651
Root;Bacteria;Proteobacteria;Gammaproteobacteria;Enterobacterales;Pasteurellaceae;Haemophilus_D;Haemophilus_D_parainfluenzae_N	FM995704.1.1414	1	2	95	120	1	3	4	5	18	15	2	0	28	14	56	74	688	854	2	5	63	69	11	14	57	1	2	20	13	54	0	4	41	13	1	25	15	18	122	17	77	85	68	13	182	407	53	37	5	49	7	3	54	513	307	235	92	2	209	1	28	8	499	419	61	52	7	24	21	4	393	185	131	81	2	0	0	1	22	0	6	25	139	36	1	0	4	181	0	4	0	3	32	13	61	0	238	71	0	29	0	8	15	25	3	24	6	382	0	11	40	57	109	22	99	0	6	0	1	1	0	83	26	28	19	10	3	73	96	0	977	30	5	22	0	26	23	8	1	0	0	0	21	3	1	2	0	3	4	18	44	3	24	3	1	0	3	5	0	0	6	153	81	33	81	73	14	0	0	158	28	0	6	144	1	7	0	14	20	3	127	39	145	161	4	0	0	3	3	0	0	0	31	14	70	74	14	16	0	3	1	1	3	0	0	3	63	0	4	7	30	7	58	0	18	0	0	2	8	11	15	0	40	0	18	0	0	17	7	7	2	12	20	272	46	0	2	24	0	7	12	0	25	4	28	2	6	15	10	132	205	233	27	3	0	0	0	66	80	83	140	14	34	273	0	0	0	0	0	53	3	0	72	277	23	1	17	13	23	0	11	86	66	0	18	666	21	108	0	147	333	2	0	25	107	9	14	9	8	32	0	3	21	0	19	127	1	25	0	8	0	3	208	0	0	0	0	18	1	76	57	22	55	63	294	0	26	72	79	227	11	0	79	114	12	5	0	6	41	131	2	0	2	16	41	2	1	3	0	0	27	60	23	6	224	11	22	1	1160	189	3	8	18	154	8	0	46	0	0	2	10	54	0
Root;Bacteria;Campylobacterota;Campylobacteria;Campylobacterales;Campylobacteraceae;Campylobacter_B;Campylobacter_B_gracilis	JQ476855.1.1374	0	0	0	1	0	1	1	2	0	0	0	0	0	0	0	1	0	0	0	0	1	0	0	0	0	0	0	0	0	1	0	0	0	0	0	0	0	1	0	1	0	0	0	0	0	0	0	0	2	0	0	0	0	0	0	0	0	0	0	0	0	0	0	0	0	0	0	1	0	0	0	0	0	0	1	0	0	0	0	0	0	0	0	0	1	0	1	0	1	0	0	0	0	0	0	0	0	0	0	0	0	0	2	0	0	0	0	0	0	0	0	0	0	0	0	0	0	0	0	0	0	0	0	0	0	0	0	0	0	0	0	0	0	0	0	0	0	0	0	0	0	0	0	0	0	0	0	0	0	0	0	0	1	0	0	0	0	0	0	0	0	0	0	0	0	0	0	0	0	0	0	0	0	0	0	0	0	0	0	0	0	0	0	0	0	0	0	0	0	0	0	1	0	0	0	0	0	0	0	0	0	0	0	2	0	0	0	0	1	0	0	0	0	0	0	0	0	3	0	0	1	0	0	0	0	0	0	0	1	0	0	0	0	0	0	0	0	0	0	0	1	0	0	1	1	1	2	0	0	0	0	0	0	0	0	0	0	1	2	1	0	0	0	0	0	0	0	0	0	0	0	0	2	0	0	0	0	0	0	0	0	1	0	0	1	0	0	0	0	0	0	0	0	0	2	0	0	0	0	0	0	0	1	0	0	0	0	0	0	0	0	0	0	0	0	0	0	0	0	0	2	0	0	0	0	0	0	0	0	0	0	0	0	0	0	0	0	0	0	0	0	0	0	0	0	0	0	0	0	0	2	0	0	0	0	0	0	0	0	0	1	0	0	0	1	0	0	0	0	0	3	0	1
Root;Bacteria;Firmicutes_C;Negativicutes;Veillonellales;Veillonellaceae;Veillonella;unclassified_Veillonella	GU413690.1.1212	1	0	0	0	0	0	0	0	0	0	0	0	0	0	0	0	0	0	0	0	0	0	0	0	0	0	0	0	0	0	0	0	0	0	0	1	0	0	0	0	0	0	0	0	0	1	0	0	0	0	0	0	0	0	0	0	0	0	0	0	0	0	0	0	0	0	0	0	0	0	0	0	0	0	0	0	0	0	0	0	0	0	0	0	0	1	0	0	1	0	0	0	0	0	0	0	0	0	0	0	0	0	0	0	0	0	1	0	0	0	0	0	0	0	0	0	0	0	0	0	0	0	0	0	0	0	0	0	0	0	0	0	0	0	0	0	0	0	0	0	0	0	0	0	0	0	0	0	0	0	0	0	0	0	0	0	0	0	0	0	0	0	0	0	0	0	0	0	0	0	0	0	0	0	0	0	0	0	0	0	0	0	0	1	0	0	0	0	0	0	1	0	0	0	0	0	0	0	0	0	0	0	0	0	0	0	0	0	0	0	0	0	0	0	0	0	1	0	0	0	0	0	0	0	0	0	0	0	0	0	0	0	0	0	0	0	0	0	0	0	0	0	0	0	0	0	0	0	0	0	0	0	0	0	0	0	0	0	0	0	0	0	0	0	3	0	0	0	0	0	0	0	0	0	0	0	0	0	0	0	0	0	0	0	0	0	0	0	0	0	0	0	0	0	0	0	0	0	0	0	0	0	0	0	0	0	0	0	0	0	0	0	0	0	0	0	0	0	0	0	0	0	0	1	0	0	0	0	0	0	0	0	0	0	0	0	0	0	0	0	0	0	0	0	0	1	0	0	0	0	0	0	0	0	81	0	0	0	0	0	0	0	0	1	0	0	0	0	0	0	0	0	0
Root;Bacteria;Proteobacteria;Gammaproteobacteria;Enterobacterales;Pasteurellaceae;Haemophilus_D;unclassified_Haemophilus_D	HQ766686.1.1437	0	0	3	2	0	0	0	0	0	0	0	1	0	0	1	1	11	11	0	0	0	0	0	0	0	0	0	0	0	0	0	1	0	0	0	2	2	0	0	1	1	0	0	0	1	0	1	0	1	5	0	0	1	0	2	1	0	0	2	0	0	0	5	5	0	0	0	0	0	0	1	0	1	0	0	0	0	0	0	0	1	0	7	1	0	0	0	2	0	0	0	0	0	0	0	0	7	0	0	0	0	0	0	2	0	0	0	1	0	0	1	1	0	2	0	0	0	0	0	0	0	0	0	0	0	0	0	0	0	0	9	0	0	0	0	0	0	0	0	0	0	0	1	0	1	0	0	0	0	0	0	1	0	0	0	0	0	0	0	0	1	3	0	2	1	6	0	0	0	0	0	0	0	1	0	0	1	1	0	0	1	3	0	0	0	0	1	0	0	0	0	0	0	0	3	2	0	1	0	0	0	1	0	0	0	1	0	0	2	1	2	4	9	0	0	0	0	0	1	0	0	0	0	0	0	0	0	0	0	0	0	0	1	0	0	0	0	0	0	1	0	0	0	1	0	0	0	0	0	1	2	0	1	0	0	0	0	0	1	0	1	0	1	0	0	0	0	0	0	21	0	0	1	20	1	0	2	5	4	0	0	0	2	0	0	2	1	5	0	4	0	0	0	0	0	0	1	0	0	0	0	1	1	0	1	1	0	0	0	0	0	2	1	0	0	0	0	0	0	2	0	2	0	2	0	0	0	3	2	19	0	0	0	0	0	0	0	0	10	0	1	0	0	0	1	0	0	0	0	0	0	1	2	0	50	0	0	0	6	4	1	0	0	3	0	0	0	0	0	0	0	1	0
Root;Bacteria;Proteobacteria;Gammaproteobacteria;Burkholderiales;Neisseriaceae;Eikenella;Eikenella_exigua	JQ469111.1.1399	0	0	0	0	0	0	0	0	0	0	0	0	0	0	0	0	0	0	0	0	0	0	0	0	0	0	0	0	0	0	0	0	0	0	0	0	0	0	0	0	0	0	0	0	0	0	0	0	1	0	0	0	0	0	0	0	0	0	0	0	0	0	0	0	0	0	1	0	0	0	0	0	0	0	0	0	0	0	0	0	0	0	0	0	0	0	0	0	0	0	0	0	0	0	0	0	0	0	0	0	0	0	0	2	0	1	0	0	0	0	0	0	0	0	0	0	0	0	0	0	0	0	0	0	0	0	0	0	0	0	0	0	0	0	0	0	0	0	0	0	0	0	0	0	0	0	0	1	0	0	0	0	0	0	0	0	0	0	0	0	0	0	1	0	0	0	0	0	0	0	0	0	0	0	0	0	0	0	0	0	0	0	0	0	0	0	0	0	0	0	0	0	0	0	0	0	0	0	0	0	0	0	0	0	0	0	0	0	0	0	0	0	0	0	0	0	0	0	0	0	0	0	0	0	0	0	0	1	0	0	0	0	2	0	0	0	0	0	0	0	0	0	0	0	0	0	0	0	0	0	0	0	0	0	0	0	0	0	0	1	0	0	0	0	0	0	0	0	0	0	0	0	0	0	0	0	0	0	0	0	0	0	0	0	0	0	0	0	0	0	0	0	0	0	0	0	0	0	0	0	0	0	0	0	0	0	0	0	0	0	0	0	0	0	0	0	0	0	0	0	0	0	0	0	5	0	0	0	0	0	0	0	0	0	0	0	0	0	0	0	0	0	0	0	0	0	0	0	0	0	0	0	0	1	0	0	0	0	0	0	0	0	0	0	0	3	0	0	0	0	0	0	0
Root;Bacteria;Firmicutes_C;Negativicutes;Veillonellales;Veillonellaceae;Veillonella;unclassified_Veillonella	JQ456698.1.1395	5	9	16	15	7	6	21	26	3	8	2	8	2	6	9	10	29	40	0	4	0	3	3	7	20	19	6	3	0	13	0	14	13	29	20	1	0	0	41	0	35	24	3	5	22	0	5	0	64	2	88	103	0	0	33	30	20	48	2	1	43	17	10	43	105	107	0	19	4	21	1	52	2	8	0	82	0	11	0	0	26	87	15	29	2	0	1	5	3	45	0	11	16	48	1	0	12	21	0	18	0	26	10	20	0	2	11	10	0	5	42	48	0	70	23	0	3	0	36	31	0	64	55	47	7	2	81	23	11	0	118	0	0	4	0	1	2	5	0	0	10	0	114	84	2	101	0	1	1	10	0	45	1	1	5	24	1	0	68	0	0	0	1	15	21	1	2	7	13	565	52	0	54	23	0	1	0	19	17	31	26	13	70	76	11	0	0	0	4	0	49	36	3	6	3	3	56	1	1	7	19	28	209	7	0	9	31	53	15	24	68	29	126	0	2	0	4	7	210	216	27	0	415	1	13	0	10	1	28	0	5	22	17	17	39	0	2	46	0	0	50	0	5	15	6	28	75	0	0	5	3	43	8	4	44	0	0	84	22	2	5	7	3	140	1	1	2	0	0	13	4	3	3	0	0	0	79	9	8	65	50	133	18	5	1	41	80	19	39	19	28	16	3	0	33	0	30	16	2	42	1	10	26	3	284	540	0	20	0	5	0	6	185	122	125	0	0	10	0	2	241	0	1	38	65	0	18	0	0	2	25	0	51	144	3	23	4	232	4	32	40	1	0	480	4	9	0	0	0	23	20	30	0	20	2	1	18	13	458	94	45	0	110	629	3	25	43	7	0	106	108	3	12
Root;Bacteria;Actinobacteriota;Actinomycetia;Actinomycetales;Micrococcaceae;Rothia;Rothia_dentocariosa	JQ452769.1.1357	0	0	1	1	0	0	0	0	1	0	0	0	0	1	0	0	0	0	0	0	0	0	0	0	0	0	0	0	0	0	0	0	0	0	0	0	0	0	0	0	0	0	0	0	0	0	0	0	0	0	0	0	0	0	2	1	0	0	0	0	0	0	8	0	0	0	0	0	0	0	0	0	0	0	0	0	0	0	0	0	0	0	0	0	0	0	0	0	0	0	0	0	0	0	0	0	0	0	0	0	0	0	0	0	0	0	0	0	0	0	0	0	0	0	0	0	0	0	0	0	0	1	0	0	0	0	0	0	0	0	1	0	0	0	0	0	0	0	0	0	0	0	0	0	0	0	0	0	0	0	0	0	0	0	0	0	0	0	0	0	0	0	0	0	0	0	0	0	0	0	0	0	0	0	0	0	0	0	0	0	0	0	0	0	0	0	0	0	0	0	0	0	0	0	0	0	0	0	0	0	0	0	0	0	0	0	0	0	0	0	0	0	0	0	0	0	0	0	0	0	0	0	0	0	0	0	0	0	0	0	0	0	0	0	0	0	0	0	0	0	0	0	0	0	0	0	0	0	0	0	0	0	0	0	0	0	0	0	0	0	0	0	0	0	0	0	0	0	0	0	0	0	0	0	0	0	0	0	0	0	0	0	0	0	0	0	0	0	0	0	0	0	0	0	0	0	0	0	0	0	0	0	0	0	0	0	0	0	0	0	0	0	0	0	0	0	0	0	0	0	0	0	0	0	0	0	0	0	0	0	0	0	0	0	0	0	0	0	0	0	0	0	0	0	0	0	0	0	0	0	0	0	0	0	0	0	0	0	0	0	0	0	0	0	0	0	0	0	0	0	0	0	0
Root;Bacteria;Actinobacteriota;Actinomycetia;Mycobacteriales;Mycobacteriaceae;Corynebacterium;Corynebacterium_matruchotii	JQ475425.1.1237	0	0	0	0	0	0	0	0	0	0	2	0	0	0	1	0	0	0	0	0	0	0	0	0	0	0	0	0	0	0	0	0	0	0	0	0	0	1	0	1	0	0	0	2	0	0	0	1	0	0	0	0	0	0	1	0	0	3	0	0	3	0	0	1	0	0	0	1	1	0	1	0	0	0	0	0	0	0	0	0	0	0	0	0	0	4	0	0	0	0	0	0	0	0	0	0	0	0	0	0	0	0	0	0	0	0	0	0	0	0	0	1	0	0	0	0	0	0	0	3	0	0	0	0	0	0	0	0	0	0	0	0	1	0	0	0	0	0	1	0	0	0	1	0	0	0	0	0	0	0	0	0	0	0	0	0	0	0	0	0	0	0	0	0	0	0	0	0	0	1	0	0	0	0	0	0	0	0	0	0	0	0	1	2	1	0	0	0	0	0	0	0	0	0	0	0	0	0	0	0	0	0	0	0	0	4	0	0	0	0	0	0	0	0	0	0	1	2	0	1	0	0	0	0	0	0	0	1	0	0	1	0	0	0	0	0	0	1	0	0	0	0	0	0	0	2	0	1	0	0	2	2	0	0	82	0	0	0	1	0	0	0	0	0	0	0	0	2	0	0	0	0	0	0	0	0	0	0	0	0	0	0	0	0	0	0	0	0	0	0	0	1	2	0	0	0	0	1	0	0	0	0	0	0	5	0	4	0	0	0	0	0	0	0	1	1	0	1	0	0	0	0	0	0	7	0	1	0	2	0	2	0	0	0	0	1	2	0	0	0	0	0	1	0	0	1	0	0	0	0	0	0	0	0	0	0	0	0	0	0	0	0	0	1	0	0	3	0	0	0	3	0	3
Root;Bacteria;Firmicutes_A;Clostridia;Lachnospirales;Lachnospiraceae;Anaerostipes;Anaerostipes_hadrus_A	DQ806156.1.1393	0	0	0	0	0	0	0	0	0	0	0	0	0	0	0	0	0	0	0	0	0	0	0	0	0	0	0	0	0	0	0	0	0	0	0	0	0	0	0	0	0	0	0	0	0	0	0	0	0	0	0	0	0	0	0	0	0	0	0	0	0	0	0	0	0	0	0	0	0	0	0	0	0	0	0	0	0	0	0	0	0	0	0	0	0	0	0	0	0	0	0	0	0	0	0	0	0	0	0	0	0	0	0	0	0	0	0	0	0	0	0	0	0	0	0	0	0	0	0	0	0	0	0	0	0	0	0	0	0	0	0	0	0	0	0	0	0	0	0	0	0	0	0	0	0	0	0	0	0	0	0	0	0	0	0	0	0	0	0	0	0	0	0	0	0	0	0	0	0	0	0	0	0	0	0	0	0	1	0	0	0	0	0	0	0	0	0	0	0	0	0	0	0	0	0	0	0	0	0	0	0	0	0	0	0	0	0	0	0	0	0	0	0	0	0	0	0	0	0	0	0	0	0	0	0	0	0	0	0	0	0	0	0	0	0	0	0	0	0	0	0	0	0	0	0	0	0	0	0	0	0	0	0	0	0	0	0	0	0	0	0	0	0	0	0	0	0	0	0	0	0	0	0	0	0	0	0	0	0	0	0	0	0	0	0	0	0	0	0	0	0	0	0	0	0	0	0	0	0	0	0	0	0	0	0	0	0	0	0	0	0	0	0	0	0	0	0	0	0	0	0	0	0	0	0	0	0	0	0	0	0	0	0	0	0	0	0	0	0	0	0	0	0	0	0	0	0	0	0	0	0	0	0	0	0	0	0	0	0	0	0	0	0	0	0	0	0	0	0	0	0	0	0
Root;Bacteria;Proteobacteria;Gammaproteobacteria;Enterobacterales;Pasteurellaceae;Haemophilus_D;unclassified_Haemophilus_D	EU767381.1.1373	0	0	19	30	0	0	0	0	1	1	0	0	0	0	0	0	102	147	0	1	1	1	0	0	2	0	0	2	3	0	0	2	1	4	0	4	5	0	5	0	9	0	15	0	12	10	12	5	0	0	0	4	0	10	23	9	12	0	10	1	6	19	5	37	1	0	6	0	0	0	6	3	10	36	0	1	0	0	0	0	2	1	18	2	0	0	0	26	0	1	0	4	3	1	1	0	3	2	0	0	0	0	3	75	0	2	1	8	0	2	20	0	4	3	5	0	2	0	0	0	0	7	1	2	3	2	2	23	3	0	8	3	0	2	0	1	1	2	0	0	0	0	0	1	5	0	0	0	1	3	1	1	3	0	0	0	0	0	0	0	0	1	0	1	22	52	0	6	0	20	1	0	0	1	0	2	1	6	1	0	2	0	1	7	2	1	0	0	0	0	0	0	1	1	31	37	0	0	0	2	0	0	3	0	0	1	23	0	2	2	63	0	14	0	1	0	0	0	0	0	0	0	1	0	1	0	0	1	1	0	0	0	0	4	1	0	2	4	0	0	1	0	0	2	0	0	0	2	0	9	6	28	4	2	0	0	0	29	1	5	11	1	0	7	0	0	0	0	0	11	0	0	26	31	0	0	65	1	6	0	2	46	35	0	0	6	0	3	0	65	4	3	0	1	3	0	2	0	1	1	1	2	0	0	0	1	0	3	0	9	0	0	4	0	0	0	0	1	0	2	19	2	1	1	0	0	1	3	3	7	0	0	0	4	0	1	0	1	1	3	0	0	1	0	22	0	0	0	0	0	4	3	2	3	10	2	9	0	41	7	0	1	0	6	0	3	0	0	0	0	0	1	0
Root;Bacteria;Proteobacteria;Gammaproteobacteria;Enterobacterales;Pasteurellaceae;Haemophilus_D;unclassified_Haemophilus_D	JQ467015.1.1402	0	0	1	0	0	0	0	0	0	0	0	0	0	0	0	1	0	0	0	0	1	1	0	0	0	0	0	0	0	0	0	0	0	0	0	0	0	1	1	0	1	0	0	0	0	1	1	0	0	0	0	0	0	0	1	1	0	0	0	0	0	0	0	0	1	0	0	0	0	0	0	0	0	0	0	0	0	0	0	0	0	0	1	0	0	0	0	0	0	0	0	0	0	0	0	0	0	0	0	0	0	0	0	0	0	0	0	4	0	0	1	0	0	0	0	0	0	0	0	0	0	0	0	0	0	0	0	0	0	0	1	0	0	0	0	0	0	0	0	0	0	0	0	0	1	0	0	0	0	0	0	0	0	0	0	0	8	0	0	0	0	1	0	0	0	0	0	0	0	7	0	0	0	0	0	0	0	0	0	0	0	0	0	0	0	0	0	0	1	0	0	0	0	0	0	1	0	0	0	0	0	0	0	0	0	0	1	0	0	0	1	0	0	0	0	0	0	0	1	1	0	0	0	0	0	0	0	0	0	0	0	0	0	0	0	0	0	0	0	0	0	0	0	1	0	0	1	0	0	0	1	0	0	0	0	0	0	0	0	0	0	1	0	0	0	0	0	0	0	0	0	0	0	4	2	1	0	0	0	0	1	0	0	0	0	0	0	0	0	0	0	3	2	0	0	1	0	0	0	0	0	1	0	0	2	0	0	0	0	0	0	0	0	0	0	0	0	0	0	0	1	0	0	0	0	0	0	0	1	2	0	0	1	0	0	0	0	0	1	1	0	0	0	0	0	0	0	2	0	0	0	0	0	0	0	0	0	0	0	0	0	0	1	0	0	0	0	0	0	0	0	0	0
Root;Bacteria;Firmicutes_C;Negativicutes;Veillonellales;Veillonellaceae;Veillonella;unclassified_Veillonella	JQ466033.1.1349	0	0	0	0	0	0	0	0	0	0	0	0	0	0	0	0	0	0	0	0	0	0	0	0	0	0	0	0	0	0	0	0	0	0	0	0	0	0	0	0	0	0	0	0	0	0	0	0	0	0	0	0	0	0	0	0	0	0	0	0	0	0	0	0	0	0	0	0	0	0	0	0	0	0	0	0	0	0	0	0	0	0	0	0	0	0	0	0	0	0	0	0	0	0	0	0	0	0	0	0	0	0	0	0	0	0	0	0	0	0	0	0	0	0	0	0	0	0	0	0	0	0	0	0	0	0	0	0	0	0	0	0	0	0	0	0	0	0	0	0	0	0	0	0	0	0	0	0	0	0	0	0	0	0	0	0	0	0	0	0	0	0	0	0	0	0	0	0	0	1	0	0	0	0	0	0	0	0	0	0	0	0	0	0	0	0	0	0	0	0	0	0	0	0	0	0	0	0	0	0	0	0	0	0	0	0	0	0	0	0	0	0	0	0	0	0	0	0	0	0	0	0	0	0	0	0	0	0	0	0	0	0	0	0	0	0	0	0	0	0	0	0	0	0	0	0	0	0	2	0	0	0	0	0	0	0	0	0	0	0	0	0	0	0	0	0	0	0	1	0	0	0	0	0	0	0	0	0	0	0	0	0	1	0	0	0	0	0	0	0	0	1	0	0	0	0	0	0	0	0	0	0	0	0	0	0	0	0	0	1	0	0	0	0	1	0	0	0	0	0	0	0	0	0	0	0	0	0	0	0	0	0	0	0	0	0	0	0	0	0	1	0	0	1	0	0	0	0	0	0	0	0	0	0	0	0	0	0	0	0	0	0	0	0	0	0	0	0	0	0	0	0	0
Root;Bacteria;Actinobacteriota;Actinomycetia;Actinomycetales;Micrococcaceae;Rothia;Rothia_dentocariosa	JQ453043.1.1383	0	0	13	24	4	4	0	0	8	12	0	0	0	0	1	0	10	9	1	2	0	0	1	2	0	0	0	4	24	2	0	2	1	0	0	1	0	1	8	9	7	8	12	3	3	4	18	4	2	4	0	2	1	36	29	21	3	4	1	2	0	0	87	3	2	0	51	1	1	3	1	4	14	2	1	1	2	3	1	0	7	0	0	5	0	0	3	0	0	0	0	0	2	2	0	0	0	1	0	2	1	1	1	0	3	0	2	0	0	0	0	0	1	0	0	0	0	0	3	0	0	31	0	0	2	2	3	3	2	0	17	3	8	1	0	0	1	1	0	0	0	0	1	0	0	0	0	0	0	0	0	0	10	0	0	0	0	0	0	0	0	0	0	0	0	0	0	0	0	2	2	0	0	0	0	0	0	0	1	0	0	0	0	2	0	0	0	0	0	0	1	0	0	0	1	0	0	0	0	0	2	0	16	0	0	0	2	0	0	1	0	0	5	0	0	0	1	2	0	0	1	0	0	0	0	0	0	4	1	0	0	0	0	0	0	0	0	0	0	0	0	0	0	3	2	2	9	0	3	3	12	9	0	0	0	1	0	3	4	1	0	0	1	2	0	0	0	0	0	0	0	0	0	26	3	0	1	0	1	1	0	8	12	0	11	5	0	1	0	1	3	0	0	0	8	0	0	0	2	9	0	0	9	0	0	8	0	16	0	0	0	0	11	0	0	0	0	0	0	2	2	0	7	13	0	0	3	15	0	0	0	0	0	0	0	5	0	0	2	0	6	0	0	27	0	1	0	0	0	0	0	1	0	0	2	1	0	0	0	0	0	5	3	5	2	2	0	0	0	1	0	0	14
Root;Bacteria;Proteobacteria;Gammaproteobacteria;Burkholderiales;Neisseriaceae;Neisseria;Neisseria_elongata	JQ456388.1.1325	0	0	0	1	0	0	0	0	0	0	0	0	0	0	0	0	0	0	0	0	0	0	0	0	0	0	0	0	0	0	0	0	0	0	0	0	0	0	0	0	0	0	1	0	0	0	0	0	0	0	0	0	0	0	0	0	0	0	0	0	0	0	0	0	1	0	0	0	0	1	0	0	0	0	0	0	0	0	0	0	0	0	0	0	0	0	0	0	0	0	0	0	0	0	0	0	0	0	0	0	0	0	0	0	0	0	0	0	0	0	0	0	0	0	0	0	0	0	0	0	0	0	0	0	0	0	0	0	0	0	0	0	1	0	0	0	0	0	0	0	0	0	0	0	0	0	0	0	0	0	0	0	0	0	0	0	0	0	0	0	0	0	0	0	0	0	0	0	0	0	0	0	0	0	0	0	0	0	0	0	0	0	0	0	0	0	0	0	0	0	0	0	0	0	0	0	0	0	0	0	0	0	0	0	0	0	0	0	0	0	0	0	0	0	0	0	0	0	0	0	0	0	0	0	0	0	0	0	0	0	0	0	0	0	0	0	0	0	0	1	0	0	0	0	0	0	0	0	0	0	0	0	0	0	0	0	0	0	0	0	1	0	0	0	0	0	0	0	0	0	0	0	0	0	0	0	0	0	0	0	0	1	0	0	0	2	0	0	0	0	0	0	0	1	0	0	0	0	0	0	0	0	0	0	0	0	0	0	0	1	0	0	0	0	0	0	0	0	0	0	0	0	0	0	0	0	0	0	0	0	0	0	0	0	0	0	0	0	0	1	0	0	0	0	0	0	0	0	0	0	0	0	0	0	0	0	0	0	2	0	0	0	0	0	0	0	0	0	0	1	0	0	0
Root;Bacteria;Proteobacteria;Gammaproteobacteria;Burkholderiales;Burkholderiaceae;Diaphorobacter;Diaphorobacter_nitroreducens	HQ681980.1.1394	0	0	0	0	0	0	0	0	0	0	0	0	0	0	0	0	0	0	0	0	0	0	0	0	0	0	0	0	0	0	0	0	0	0	0	0	0	0	0	0	0	0	0	0	0	0	0	4	0	0	3	0	0	0	0	0	0	0	0	0	0	0	0	0	0	0	3	0	0	0	0	0	0	0	0	0	0	0	0	0	0	0	0	0	0	0	0	0	0	0	0	0	0	0	0	0	0	0	0	0	0	0	0	0	0	0	0	0	0	0	0	0	0	0	0	0	0	0	0	1	0	0	0	0	0	0	2	0	0	0	0	0	0	0	0	0	0	0	0	0	0	0	0	0	0	0	0	0	0	1	0	0	0	0	0	0	0	0	0	0	0	0	0	0	0	0	0	0	0	0	0	0	0	0	0	0	0	0	0	0	0	0	0	0	0	0	0	0	0	0	0	0	0	0	0	0	0	0	0	4	0	0	0	0	0	0	0	0	0	0	0	0	0	0	0	0	0	0	0	0	0	0	0	0	0	0	0	0	0	0	0	0	0	0	0	0	0	0	0	0	0	0	0	0	0	0	0	0	0	0	0	0	0	0	0	0	0	0	0	0	0	0	0	0	0	0	0	0	0	0	0	0	0	0	0	0	0	0	0	1	0	0	0	0	0	0	0	0	0	0	0	0	0	0	0	0	0	0	0	0	0	0	0	0	0	0	0	0	0	0	0	0	0	0	0	0	0	0	0	0	0	0	0	0	0	0	0	0	0	0	0	0	0	0	0	0	0	0	0	0	0	0	0	0	0	0	0	0	0	0	0	0	0	0	0	0	0	0	0	0	0	0	0	0	0	0	0	0	0	0	0	13	0
Root;Bacteria;Firmicutes_A;Clostridia;Lachnospirales;Lachnospiraceae;Anaerostipes;unclassified_Anaerostipes	BAAZ01003002.1.1241	0	0	0	0	0	0	0	0	0	0	0	0	0	0	0	0	0	0	0	0	0	0	0	0	0	0	0	0	0	0	0	0	0	0	0	0	0	0	0	0	0	0	0	0	0	0	0	0	0	0	0	0	0	0	0	0	0	0	0	0	0	0	0	0	0	0	0	0	0	0	0	0	0	0	0	0	0	0	0	0	0	0	0	0	0	0	0	0	0	0	0	0	0	0	0	0	0	0	0	0	0	0	0	0	0	0	0	0	0	0	0	0	0	0	0	0	0	0	0	0	0	0	0	0	0	0	0	0	0	0	0	0	0	0	0	0	0	0	0	0	0	0	0	0	0	0	0	0	0	0	0	0	0	0	0	0	0	0	0	0	0	0	0	0	0	0	0	0	0	0	0	0	0	0	0	0	0	1	0	0	0	0	0	0	0	0	0	0	0	0	0	0	0	0	0	0	0	0	0	0	0	0	0	0	0	0	0	0	0	0	0	0	0	0	0	0	0	0	0	0	0	0	0	0	0	0	0	0	0	0	0	0	0	0	0	0	0	0	0	0	0	0	0	0	0	0	0	0	0	0	0	0	0	0	0	0	0	0	0	0	0	0	0	0	0	0	0	0	0	0	0	0	0	0	0	0	0	0	0	0	0	0	0	0	0	0	0	0	0	0	0	0	0	0	0	0	0	0	0	0	0	0	0	0	0	0	0	0	0	0	0	0	0	0	0	0	0	0	0	0	0	0	0	0	0	0	0	0	0	0	0	0	0	0	0	0	0	0	0	0	0	0	0	0	0	0	0	0	0	0	0	0	0	0	0	0	0	0	0	0	0	0	0	0	0	0	0	0	0	0	0	0	0
Root;Bacteria;Firmicutes_C;Negativicutes;Veillonellales;Veillonellaceae;Veillonella;unclassified_Veillonella	JQ466233.1.1394	5	6	2	1	9	8	18	18	2	4	5	8	7	10	19	8	0	1	0	0	3	5	15	7	25	6	7	0	0	0	0	4	4	53	6	6	0	0	6	10	92	60	1	1	0	8	7	0	100	3	422	19	1	2	72	50	28	26	1	4	35	72	3	62	78	69	0	15	3	2	29	35	43	13	1	11	18	21	8	0	25	35	27	5	5	5	5	19	1	61	0	8	2	135	20	0	24	35	0	18	0	12	0	9	9	3	18	3	0	3	23	18	8	104	17	0	4	0	19	14	0	399	33	34	7	14	41	150	176	0	56	8	0	34	0	13	12	0	61	0	3	0	244	26	1	23	0	0	4	4	0	5	21	2	3	1	55	3	58	0	2	1	10	1	0	9	7	0	7	123	36	0	1	52	0	2	2	24	2	52	4	4	18	18	37	0	0	0	0	0	46	79	0	1	6	8	34	0	0	6	41	46	7	14	0	6	128	6	1	2	80	17	3	2	2	0	2	9	39	46	43	0	165	0	61	0	8	1	24	0	2	214	13	48	15	0	3	29	0	5	2	0	1	7	3	286	23	3	168	19	2	9	4	11	7	46	0	45	38	4	9	21	58	46	0	0	4	0	0	2	0	2	0	2	0	0	1037	14	8	162	108	168	35	5	42	40	78	45	216	0	17	15	1	1	9	0	5	22	3	14	1	0	5	1	39	126	11	404	0	1	0	10	6	8	9	1	2	16	1	3	148	2	7	78	109	0	3	0	0	0	16	0	73	147	41	17	2	67	10	55	49	0	9	169	0	50	3	0	0	15	0	24	0	22	11	19	8	0	494	101	20	1	105	1820	18	58	3	1	0	40	97	0	236
Root;Bacteria;Proteobacteria;Gammaproteobacteria;Enterobacterales;Pasteurellaceae;Haemophilus;unclassified_Haemophilus	HQ680854.1.1393	0	0	3	7	0	0	0	0	0	0	0	0	0	0	0	0	0	0	0	0	0	0	0	0	0	0	0	0	0	1	0	0	1	0	0	0	2	0	0	0	0	0	0	1	0	3	0	0	0	1	0	1	0	0	2	5	57	0	0	2	0	1	0	0	0	0	0	0	0	0	0	0	2	0	0	0	0	1	0	0	0	0	0	0	0	0	0	0	0	0	0	0	1	0	0	0	0	1	0	1	0	2	0	0	0	0	0	5	0	1	1	0	0	0	0	0	0	0	0	2	0	1	0	0	2	1	0	1	1	0	0	0	0	0	0	0	1	1	0	0	0	0	0	4	0	0	0	0	0	0	0	0	0	0	0	0	0	0	0	0	1	0	0	0	2	0	0	0	0	3	6	0	0	0	0	0	0	0	0	0	0	0	0	0	0	0	0	0	0	0	0	0	1	0	1	0	0	0	0	0	0	0	0	0	0	0	0	0	0	0	0	0	0	0	0	0	0	0	0	0	0	0	0	0	0	0	0	0	0	0	0	0	0	0	0	0	0	0	0	0	0	0	0	0	0	0	1	0	0	1	0	0	0	0	0	2	0	0	0	0	0	0	0	0	0	0	0	0	0	0	0	0	0	0	0	0	0	0	0	0	0	0	0	0	0	0	0	0	0	0	0	0	0	0	0	0	0	0	0	1	0	0	0	0	0	0	0	0	0	0	0	0	0	1	0	0	0	0	0	2	0	0	0	0	0	0	1	4	0	0	1	0	0	0	0	0	0	0	0	0	0	0	0	0	0	0	0	5	0	0	1	0	0	0	0	0	0	0	0	0	0	0	0	0	0	0	0	0	0	0	0	0	0
Root;Bacteria;Firmicutes_C;Negativicutes;Veillonellales;Veillonellaceae;Veillonella;unclassified_Veillonella	JQ460060.1.1314	0	0	0	0	0	1	0	0	0	0	0	0	0	1	0	1	0	0	0	0	0	0	0	0	0	0	0	0	0	0	0	0	0	2	0	2	0	0	0	0	1	5	0	0	0	0	0	0	0	0	1	1	0	0	5	1	0	0	0	0	1	3	0	0	1	0	0	0	0	0	0	3	0	0	0	0	1	0	0	0	0	1	1	0	0	0	0	0	0	1	0	0	0	2	1	0	0	0	0	0	0	0	0	0	1	0	0	0	0	0	0	1	0	2	0	0	0	0	0	0	0	7	0	0	0	0	0	0	2	0	0	0	0	0	0	0	1	0	2	0	0	0	2	1	0	1	0	0	0	1	1	0	0	0	0	0	6	0	0	0	0	0	0	0	0	8	0	0	0	38	0	0	0	0	1	0	0	3	0	1	0	0	0	0	1	0	0	1	0	0	14	16	0	0	0	1	6	0	1	0	2	2	0	0	0	1	24	0	0	0	1	2	1	0	0	0	0	0	3	0	1	0	0	0	2	0	0	0	0	0	0	14	0	1	0	0	0	3	0	0	0	0	0	0	0	9	1	3	11	0	1	0	0	0	0	1	0	1	0	0	1	1	3	0	0	0	0	0	0	0	0	0	0	0	0	0	17	0	1	5	1	10	8	2	0	3	1	2	2	1	0	4	1	0	0	0	0	0	0	0	0	0	0	0	0	5	0	0	0	0	0	0	0	0	0	0	1	4	0	0	2	0	1	0	0	0	0	0	0	0	0	0	1	0	1	0	0	4	0	1	0	0	2	0	0	2	0	0	0	5	0	4	0	0	0	1	0	0	59	9	0	0	1	56	0	0	0	0	0	0	1	0	1
Root;Bacteria;Proteobacteria;Gammaproteobacteria;Enterobacterales;Pasteurellaceae;Haemophilus;unclassified_Haemophilus	JF236401.1.1363	0	0	0	0	0	0	0	0	0	0	0	0	0	0	0	0	0	0	0	0	0	0	0	0	0	0	0	0	0	0	0	0	0	0	0	6	0	0	0	0	0	0	0	0	0	0	1	0	0	0	0	0	0	0	5	1	0	0	0	0	0	0	0	0	0	0	0	0	0	0	0	0	0	0	0	0	0	0	0	0	0	0	0	0	0	0	0	0	0	0	0	0	0	0	0	0	0	0	0	0	0	0	0	0	0	0	0	0	0	0	0	0	0	0	0	0	0	0	0	1	0	0	0	0	0	0	0	0	0	0	0	0	0	0	0	0	0	1	1	0	0	0	0	0	0	0	0	0	0	0	0	0	0	0	0	0	0	0	0	0	0	0	0	0	0	0	0	0	0	0	0	0	0	0	0	0	0	0	0	1	0	0	0	0	0	0	0	0	0	0	0	0	0	0	0	0	0	0	0	0	0	0	0	0	0	0	0	0	0	0	0	0	0	0	0	0	0	0	0	0	0	0	0	0	0	0	0	0	0	0	0	0	0	0	1	0	0	0	0	0	0	0	0	0	0	0	0	0	0	0	0	0	0	0	0	0	0	0	0	0	0	0	0	0	0	0	0	0	0	0	0	0	0	0	0	0	0	0	0	0	0	0	0	0	0	0	0	0	0	0	0	0	0	0	0	0	0	0	0	0	0	0	0	0	0	0	1	0	0	0	0	0	0	0	0	0	0	0	0	0	0	0	0	0	0	0	0	0	0	0	0	0	0	0	0	0	0	0	0	0	0	0	0	0	0	0	0	1	0	0	0	0	0	0	0	0	0	0	0	0	0	0	0	0	0	0	0	0	0	0	0	0	0
Root;Bacteria;Proteobacteria;Gammaproteobacteria;Burkholderiales;Neisseriaceae;Eikenella;Eikenella_corrodens	AZGQ01000004.321752.323280	23	25	39	41	7	10	0	1	2	4	10	12	9	19	15	10	2	0	6	23	5	10	10	6	7	12	29	3	8	13	0	2	5	64	2	0	60	64	49	40	10	10	2	89	4	41	25	2	28	95	5	1	11	3	10	8	16	16	0	27	16	22	97	26	11	10	21	55	17	7	8	4	38	39	50	12	2	9	19	0	3	29	7	8	5	3	5	4	7	10	0	7	6	0	13	0	13	11	0	4	0	14	2	8	12	20	0	3	0	15	3	7	13	4	19	1	15	0	14	73	0	14	14	13	18	5	7	32	20	0	31	25	28	4	0	59	154	9	19	0	6	0	2	13	2	19	0	10	3	14	32	43	13	4	7	3	0	19	1	37	47	0	38	13	11	2	15	1	8	21	6	1	28	9	5	9	11	3	17	4	5	2	14	20	11	2	2	0	33	0	8	10	3	0	5	10	12	1	1	18	9	18	50	20	2	2	2	7	3	2	46	5	2	68	1	0	1	0	25	19	4	0	10	0	12	0	8	18	11	8	0	85	12	37	8	0	7	23	11	13	7	0	23	11	17	0	74	59	31	26	16	41	14	2	4	4	1	71	9	39	14	13	27	30	0	1	6	2	2	16	17	2	14	20	2	5	1	12	21	7	15	9	0	7	0	11	4	0	19	32	19	15	2	0	13	9	1	0	46	10	6	12	5	0	99	11	45	19	0	65	11	6	0	110	125	1	1	102	11	23	54	8	6	10	69	0	28	18	10	19	154	0	1	2	38	5	6	46	6	22	37	3	21	4	1	17	0	20	3	5	9	37	20	25	4	66	6	8	17	2	15	6	39	30	25	23	94	2	0	13	3	9	23
Root;Bacteria;Actinobacteriota;Actinomycetia;Mycobacteriales;Mycobacteriaceae;Corynebacterium;Corynebacterium_durum	JQ452591.1.1371	0	0	0	0	0	0	0	0	0	0	0	0	0	0	0	0	0	0	1	0	0	0	0	0	0	0	0	0	0	0	0	0	0	0	0	0	0	0	0	0	0	0	2	0	0	0	0	0	0	0	0	0	0	0	0	0	0	0	0	0	0	0	0	0	0	0	0	0	0	0	0	0	0	0	1	0	0	0	0	0	0	0	0	1	0	0	0	0	0	0	0	0	0	0	0	0	0	0	0	0	0	0	0	0	0	0	0	0	0	0	0	0	0	1	0	0	0	0	0	0	0	0	0	1	0	0	0	0	1	0	0	0	0	0	0	0	0	0	0	0	0	0	0	0	0	0	0	0	0	0	0	0	0	0	0	0	0	0	0	0	0	0	0	0	0	0	0	0	0	0	0	0	0	0	0	0	0	0	0	0	0	0	0	0	0	0	0	0	0	0	1	0	0	0	0	0	0	0	0	0	0	0	0	0	0	0	0	0	0	0	0	0	0	0	0	0	0	0	0	0	0	0	0	0	0	0	0	0	0	0	0	0	0	0	0	0	0	0	0	0	0	0	0	0	0	0	0	0	0	0	0	0	0	0	0	0	0	0	0	0	0	0	0	0	0	0	0	0	0	0	0	0	0	0	0	0	0	0	0	0	0	0	0	0	0	0	0	0	0	0	0	0	0	1	0	0	0	0	0	1	0	1	0	0	0	0	0	1	0	0	0	0	0	0	0	0	0	0	0	0	0	0	0	0	0	0	0	0	0	0	0	0	0	0	1	0	0	0	0	0	0	0	0	1	0	0	0	0	0	0	0	0	0	0	0	0	0	0	0	0	0	0	1	2	0	0	0	0	0	0	0	0	0
Root;Bacteria;Actinobacteriota;Actinomycetia;Mycobacteriales;Mycobacteriaceae;Corynebacterium;Corynebacterium_matruchotii	JQ467292.1.1350	1	0	0	0	1	1	0	1	0	1	2	3	1	0	4	2	0	0	1	0	0	0	3	4	0	0	1	0	0	0	0	0	0	0	0	0	0	0	0	0	0	0	0	0	0	0	0	1	1	0	0	0	0	0	1	0	0	0	0	0	0	0	0	0	0	0	0	7	0	0	0	0	2	0	0	0	0	0	0	0	0	0	0	0	5	8	0	0	0	1	0	0	0	0	0	0	0	1	0	0	0	0	0	0	0	0	0	0	0	0	0	0	0	0	0	0	0	0	0	3	0	0	1	0	0	0	0	0	0	0	0	0	0	0	0	0	0	1	0	0	0	0	0	0	0	0	0	0	0	0	0	1	0	0	0	0	0	0	0	8	0	0	0	0	0	0	1	0	0	0	0	0	0	2	0	0	0	0	0	0	0	0	2	4	1	0	0	2	0	0	1	0	0	0	0	0	0	0	0	0	0	1	0	0	0	0	0	0	0	0	0	0	0	0	0	0	2	15	0	0	0	0	0	0	0	0	1	2	0	0	0	0	2	0	0	0	0	0	0	0	0	0	0	0	3	0	1	0	0	0	0	1	0	0	0	0	0	0	0	0	0	0	4	0	0	0	0	0	0	0	0	0	0	0	0	0	0	0	1	0	1	0	0	0	0	0	0	0	2	0	0	1	0	0	0	0	0	2	0	0	0	0	3	0	1	2	4	0	0	1	0	0	0	0	1	0	0	0	0	0	0	0	0	0	17	0	0	0	0	2	0	0	0	0	0	0	1	2	0	0	0	0	0	0	0	0	0	1	0	0	0	0	0	3	0	1	0	0	0	0	0	0	0	0	0	1	1	0	0	6	2	0	1
Root;Bacteria;Actinobacteriota;Actinomycetia;Mycobacteriales;Mycobacteriaceae;Corynebacterium;Corynebacterium_matruchotii	JF193379.1.1369	1	2	0	0	121	141	1	1	7	4	30	26	2	3	23	15	0	1	1	0	2	0	15	18	7	41	4	1	0	54	1	22	69	2	248	1	4	2	7	31	0	0	0	74	1	12	11	4	22	16	0	0	0	0	2	0	0	19	0	0	2	45	1	1	0	0	0	17	18	0	2	0	1	0	0	16	3	8	0	0	12	1	0	82	46	44	88	0	195	6	0	10	0	0	2	0	0	72	0	1	0	19	23	1	1	0	1	0	0	3	3	2	0	18	21	0	37	0	0	6	0	1	0	0	0	0	3	0	0	0	0	0	2	0	0	1	1	6	2	0	0	0	300	25	0	0	0	0	18	46	0	305	0	37	5	4	0	67	4	20	158	1	13	0	1	0	11	0	0	197	51	0	129	0	0	2	2	0	0	44	12	44	34	33	12	2	6	7	74	0	8	23	0	1	43	56	14	0	0	6	0	0	0	10	0	15	0	7	0	1	3	0	36	0	111	0	73	77	6	13	1	0	1	0	0	0	44	10	194	1	21	3	1	0	55	0	9	48	0	7	245	0	0	297	0	30	3	37	2	25	17	13	1	94	17	0	0	51	43	16	0	1	32	0	0	0	6	1	4	0	0	19	0	0	0	0	170	13	19	0	21	22	1	4	137	5	5	11	2	0	9	8	0	39	1	1	0	18	13	31	3	24	10	2	10	2	60	0	0	126	39	85	0	4	6	9	6	347	59	0	7	4	0	3	38	0	115	7	0	11	20	0	0	0	2	152	35	1	119	3	10	2	38	0	0	113	10	9	2	0	0	0	9	16	1	56	5	0	9	3	45	1	39	18	63	49	273	67	0	36	54	0	29
Root;Bacteria;Actinobacteriota;Actinomycetia;Mycobacteriales;Mycobacteriaceae;Corynebacterium;Corynebacterium_matruchotii	JQ452545.1.1417	39	35	0	1	150	186	83	86	18	8	145	157	9	9	31	40	1	2	65	81	6	3	185	201	60	9	22	0	0	63	0	20	16	58	157	0	12	13	9	39	2	7	0	250	10	17	7	97	106	10	17	59	26	0	6	3	0	70	78	0	32	42	1	22	0	0	3	18	14	11	1	142	227	6	97	12	4	244	0	0	74	56	0	40	18	31	18	1	25	105	0	13	245	0	244	0	0	23	0	45	0	58	68	10	76	11	1	0	0	62	12	10	9	66	9	0	18	0	12	38	0	38	1	7	0	0	19	1	3	0	0	2	30	34	0	0	1	12	12	0	22	0	67	0	0	22	0	2	8	71	0	231	63	11	27	4	3	7	29	88	104	0	3	0	0	1	8	2	1	112	71	0	25	0	0	8	17	0	2	157	39	40	19	14	24	33	6	54	47	0	45	18	1	4	28	32	52	5	3	66	5	26	7	23	0	57	1	15	0	0	33	1	1	237	115	0	39	47	3	1	57	0	23	0	0	0	18	33	15	0	8	47	27	3	229	0	23	79	15	26	34	0	42	24	40	46	85	45	53	46	115	103	11	87	61	2	0	209	18	27	1	0	19	4	0	1	3	2	7	28	0	11	17	0	14	1	23	6	10	0	1120	78	0	4	90	2	24	87	27	43	9	48	14	23	46	38	0	91	32	37	32	79	66	3	251	205	46	0	0	138	33	27	1	13	15	7	5	314	51	0	9	146	0	103	38	0	74	5	0	0	32	0	0	6	112	1	44	72	10	1	162	8	17	0	52	90	15	190	36	1	12	6	7	70	1	188	4	0	17	3	0	94	84	29	58	90	133	90	0	43	925	0	41
Root;Bacteria;Actinobacteriota;Actinomycetia;Mycobacteriales;Mycobacteriaceae;Corynebacterium;Corynebacterium_matruchotii	JQ457847.1.1403	7	7	0	0	112	131	0	0	28	32	67	77	45	42	85	94	3	2	1	2	0	0	46	48	10	67	41	0	2	7	0	71	1	32	206	0	15	27	12	45	1	9	0	260	78	67	10	28	13	2	2	0	5	10	14	11	0	148	0	0	105	0	8	221	0	0	0	68	29	21	5	3	0	7	12	4	3	41	0	0	62	9	17	1	37	77	128	4	2	27	0	5	0	0	0	0	1	71	0	7	0	113	51	2	1	20	0	0	0	18	0	10	0	56	11	0	9	0	3	372	0	0	0	0	0	0	61	1	1	0	0	6	50	0	0	1	0	11	31	0	8	0	180	72	0	0	0	0	11	1	0	32	0	0	7	1	2	2	16	61	15	8	4	0	0	0	21	0	2	335	3	0	1	297	0	0	2	0	0	91	39	7	19	41	31	0	1	13	19	0	76	85	1	7	64	65	28	0	30	3	0	1	9	53	0	24	8	47	0	2	9	0	44	0	18	0	53	118	40	67	1	0	2	0	0	0	35	61	0	0	22	6	2	7	0	0	1	27	0	2	1	0	6	400	1	90	19	118	2	26	245	102	0	5	18	7	0	2	33	70	0	2	70	1	0	0	2	5	10	0	0	3	0	0	0	0	59	18	84	0	144	12	0	20	35	6	5	70	8	0	6	1	0	1	51	6	0	37	7	15	1	5	82	0	154	4	138	1	0	33	7	5	7	22	33	2	3	108	3	0	3	6	0	1	437	0	20	3	31	62	40	0	0	0	2	82	34	5	137	1	24	9	22	0	0	140	11	1	2	3	0	0	1	27	2	62	13	0	1	0	203	0	0	64	106	17	84	13	0	162	122	0	225
Root;Bacteria;Proteobacteria;Gammaproteobacteria;Enterobacterales;Pasteurellaceae;Haemophilus;Haemophilus_seminalis	EU185432.1.1376	0	0	0	0	0	0	0	1	0	0	0	0	0	0	0	0	0	0	0	0	0	0	0	0	0	0	0	0	0	0	0	0	0	0	0	4	0	0	0	0	0	0	0	0	0	0	0	0	0	0	0	0	0	0	1	2	0	0	0	0	0	0	3	0	0	0	0	0	0	0	0	0	0	0	0	0	0	0	0	0	0	0	1	0	0	0	0	0	0	0	0	0	0	0	1	0	0	1	0	0	0	0	0	0	0	0	0	0	0	0	1	0	0	0	0	0	0	0	0	0	0	0	0	0	0	0	0	0	0	0	0	0	0	0	0	0	0	0	0	0	0	0	0	0	0	0	0	0	0	0	0	0	0	0	0	0	0	0	0	0	0	0	0	0	0	2	0	0	0	0	0	0	0	0	0	0	0	0	0	2	0	1	0	0	0	0	0	0	0	0	0	0	0	0	0	0	0	0	0	0	0	0	0	0	0	0	0	0	0	0	0	0	0	0	0	0	0	0	3	0	0	0	0	0	0	0	0	0	0	0	0	0	0	0	0	0	0	0	0	0	0	0	0	0	0	0	0	0	0	0	0	0	0	0	0	0	0	0	0	1	0	0	0	1	0	0	0	0	0	0	0	0	0	0	0	0	2	0	0	0	0	0	0	0	0	1	0	0	0	0	0	0	0	0	0	0	0	0	0	0	0	0	0	0	0	0	0	0	0	0	0	0	0	1	0	0	0	0	0	0	1	0	0	0	0	0	0	0	0	0	0	0	0	0	0	0	0	0	0	0	0	0	0	0	0	0	0	0	0	0	0	0	0	0	0	0	0	0	0	0	0	0	0	1	0	0	0	0	0	0	0	0	0
Root;Bacteria;Proteobacteria;Gammaproteobacteria;Enterobacterales;Pasteurellaceae;Haemophilus_D;unclassified_Haemophilus_D	JF105591.1.1361	0	0	0	0	4	2	0	0	0	0	0	0	0	0	0	1	0	1	0	0	1	3	0	0	0	0	0	0	0	11	0	0	0	0	0	0	0	0	0	0	0	0	0	0	0	2	0	0	1	3	0	0	0	0	0	0	0	0	0	0	0	0	1	1	1	0	0	0	4	0	1	4	0	0	0	0	0	0	0	0	0	0	0	0	0	0	0	1	0	0	0	8	0	0	0	0	1	0	0	0	0	0	0	1	16	0	0	1	0	0	0	0	0	0	2	0	0	0	0	0	0	1	2	0	0	0	0	0	0	0	1	0	0	0	0	0	0	1	0	0	0	0	0	0	0	0	0	0	1	1	0	1	0	0	0	0	0	0	0	0	0	4	0	1	1	0	0	0	0	0	0	0	0	0	0	1	0	0	0	0	0	0	0	1	0	0	0	0	0	0	0	0	1	0	28	41	0	0	0	0	0	0	0	0	0	0	0	0	0	0	0	0	0	0	1	0	0	0	28	44	0	0	0	0	4	0	0	0	0	0	0	0	0	0	0	0	0	0	0	0	0	0	0	1	0	0	4	0	0	0	28	0	0	0	0	0	0	0	0	6	0	0	0	0	0	0	0	0	0	0	0	0	2	0	0	0	0	0	0	0	0	0	0	0	0	2	0	0	0	0	0	1	0	0	0	0	0	0	0	18	0	0	0	0	0	0	0	0	0	0	0	0	0	0	0	0	0	0	0	0	0	0	3	0	1	0	0	0	5	2	0	0	0	0	0	0	0	0	0	1	0	0	0	0	0	0	0	0	0	0	0	0	0	0	0	2	0	0	0	0	0	0	0	4	0	0	0	0	0	0	0	0	0
Root;Bacteria;Actinobacteriota;Actinomycetia;Mycobacteriales;Mycobacteriaceae;Corynebacterium;Corynebacterium_pseudodiphtheriticum	JF153205.1.1353	0	0	0	0	0	0	0	0	0	0	0	0	0	0	0	0	0	0	0	0	0	0	0	0	0	0	0	0	0	0	0	0	0	0	0	0	0	0	0	0	0	0	0	0	0	0	0	0	0	0	0	0	0	0	0	0	0	0	0	0	0	0	0	0	0	0	0	0	0	0	0	0	0	0	0	0	0	0	0	0	0	0	0	0	0	0	0	0	0	0	0	0	0	0	0	0	0	0	0	0	0	0	0	0	0	0	0	0	0	0	0	0	0	0	0	0	0	0	0	0	0	0	0	0	0	0	0	0	0	0	0	0	0	0	0	0	0	0	0	0	0	0	0	0	0	0	0	0	0	0	0	0	0	0	0	0	0	0	0	0	0	0	0	0	0	0	0	0	0	0	0	0	0	0	0	0	0	0	0	0	0	0	0	0	0	0	0	0	0	0	0	0	0	0	0	0	0	0	0	0	0	0	0	0	0	0	0	0	0	0	0	0	0	0	0	0	0	0	0	0	0	0	0	0	0	0	0	0	0	0	0	0	0	0	0	0	0	0	0	0	0	0	0	0	0	0	0	0	0	0	0	0	0	0	0	0	0	0	0	0	0	0	0	0	0	0	0	0	0	0	0	0	0	0	0	0	0	0	0	0	0	0	0	0	0	0	0	0	0	0	0	0	0	0	0	0	0	0	0	0	0	0	0	0	0	0	0	0	0	0	0	0	0	0	0	0	0	0	0	0	0	0	0	0	0	0	0	0	0	0	0	0	0	0	0	0	0	0	0	0	0	0	0	0	0	0	0	0	0	0	0	0	0	0	0	0	0	0	0	0	0	0	0	0	1	0	0	0	0	0	0	0	0
Root;Bacteria;Proteobacteria;Gammaproteobacteria;Enterobacterales;Pasteurellaceae;Haemophilus_D;unclassified_Haemophilus_D	JQ464944.1.1400	0	0	0	0	0	0	0	0	0	0	0	0	0	0	0	0	0	0	0	0	0	0	0	0	0	0	0	0	0	0	0	0	0	0	0	0	0	0	0	0	0	0	0	0	0	0	0	0	0	0	0	0	0	0	0	0	0	0	0	0	0	0	0	0	0	0	0	0	0	0	0	0	0	0	0	0	0	0	0	0	0	0	0	0	0	0	0	0	0	0	0	0	0	0	0	0	0	0	0	0	0	0	0	0	0	0	0	0	0	0	0	0	0	0	0	0	0	0	0	0	0	0	0	0	0	0	0	0	0	0	0	0	0	0	0	0	0	0	0	0	0	0	0	0	0	0	0	0	0	0	0	0	0	0	0	0	0	0	0	0	0	0	0	0	0	0	0	0	0	0	0	0	0	0	0	0	0	0	0	0	0	0	0	0	0	0	0	0	0	0	0	0	0	0	0	0	0	0	0	0	0	0	0	0	0	0	0	0	0	0	0	0	0	0	0	0	0	0	0	0	0	0	0	0	0	0	0	0	0	0	0	0	0	0	0	0	0	0	0	0	0	0	0	0	0	0	0	0	0	0	0	0	0	0	0	0	0	0	0	0	0	0	0	0	0	0	0	0	0	0	0	0	0	0	0	0	0	0	0	0	0	0	0	0	0	0	0	0	0	0	0	0	0	0	0	0	0	0	0	0	0	0	0	0	0	0	0	0	0	0	0	0	0	0	0	0	0	0	0	0	0	0	0	0	0	0	0	0	0	0	0	0	1	0	0	0	0	0	0	0	0	0	0	0	0	0	0	0	0	0	0	0	0	0	0	0	0	0	0	0	0	0	0	0	0	0	0	0	0	0	0	0	0
Root;Bacteria;Proteobacteria;Gammaproteobacteria;Enterobacterales;Pasteurellaceae;Haemophilus_D;unclassified_Haemophilus_D	EU767330.1.1363	0	0	17	20	0	0	0	0	0	0	0	0	2	2	0	0	109	103	1	1	1	1	0	0	6	0	1	2	2	1	0	0	4	0	0	1	0	0	11	0	0	4	4	0	6	19	5	1	0	1	0	0	0	9	13	4	1	0	4	0	0	2	1	14	1	2	0	2	0	0	9	1	4	3	0	0	1	0	0	0	1	2	20	3	0	0	0	7	0	0	0	0	3	2	0	0	9	1	0	0	0	0	0	15	0	2	1	10	0	0	14	4	3	1	3	0	0	0	0	0	0	1	1	1	3	1	0	1	12	0	3	0	0	0	0	1	5	2	0	0	0	0	1	1	1	0	0	1	2	0	0	0	1	0	0	0	0	0	0	0	0	0	5	1	16	18	3	0	1	35	1	0	0	2	0	0	0	1	3	0	0	0	9	1	0	0	0	0	0	0	0	0	2	1	3	12	0	0	0	0	0	0	0	0	0	1	5	0	1	1	7	0	10	0	0	0	0	0	0	0	0	0	3	0	1	0	0	2	0	0	0	1	0	2	0	0	0	1	0	0	0	0	2	0	2	3	0	2	0	11	5	10	2	0	0	0	0	6	0	4	1	1	0	2	0	0	0	0	0	4	0	0	6	19	2	0	13	4	5	0	0	20	10	0	2	21	0	5	0	12	6	1	1	4	5	0	0	0	1	1	0	0	1	0	0	0	0	2	0	1	0	0	3	0	0	0	0	1	0	4	4	0	0	1	1	0	2	2	2	7	0	0	0	0	0	0	0	0	4	12	0	0	1	0	8	1	0	0	0	0	1	1	1	1	2	1	0	0	7	0	0	1	0	3	0	0	3	0	0	0	1	4	0
Root;Bacteria;Firmicutes_C;Negativicutes;Veillonellales;Veillonellaceae;Veillonella;unclassified_Veillonella	JQ465868.1.1424	2	2	2	0	0	0	0	0	0	0	0	0	0	0	0	0	0	0	0	0	0	0	0	0	0	0	0	0	0	0	0	0	0	0	1	0	0	0	0	0	0	0	0	0	0	0	0	0	0	0	0	0	0	0	0	0	0	0	0	0	0	0	0	0	0	0	0	0	1	0	0	0	0	0	0	0	0	0	0	0	0	0	0	0	0	0	0	0	0	0	0	0	0	0	0	0	0	0	0	0	0	2	0	3	0	0	0	0	0	0	0	0	0	3	0	0	0	0	0	0	0	0	0	1	0	0	0	0	0	0	0	0	0	0	0	0	0	0	0	0	0	0	0	0	0	0	0	0	0	0	0	0	0	0	0	0	0	0	0	0	0	0	0	1	0	0	0	0	0	1	0	0	0	0	0	0	0	0	0	0	0	0	0	0	0	0	0	0	0	0	0	0	0	0	0	0	0	0	0	0	0	1	0	0	0	0	0	0	0	0	0	0	0	0	0	0	0	0	0	0	0	0	0	0	0	0	0	0	0	0	0	0	0	0	0	0	0	0	0	0	0	0	0	0	0	0	0	0	0	0	0	0	0	0	0	0	0	0	0	0	0	0	0	0	0	0	0	0	0	0	0	0	0	0	0	0	0	0	0	0	0	0	0	0	0	0	0	0	0	0	0	0	0	0	6	0	0	0	0	0	0	0	0	0	0	0	0	0	0	0	0	1	0	0	0	0	0	0	0	0	0	0	0	0	0	0	0	0	0	0	0	0	0	0	0	0	0	0	0	0	1	0	0	0	0	0	0	0	0	0	0	0	0	0	0	0	0	0	0	0	0	0	0	0	0	0	10	0	0	0	0	0	0
Root;Bacteria;Proteobacteria;Gammaproteobacteria;Enterobacterales;Pasteurellaceae;Haemophilus;unclassified_Haemophilus	JQ468585.1.1397	0	0	0	0	0	0	0	0	0	0	0	0	0	0	0	0	0	0	0	0	0	0	0	0	0	0	0	0	0	0	0	0	0	0	0	0	0	0	0	0	0	0	0	0	0	0	0	0	0	0	0	0	0	0	0	0	0	0	0	0	0	0	0	0	0	0	0	0	0	0	0	0	0	0	0	0	0	0	0	0	0	0	0	0	0	0	0	0	0	0	0	0	0	0	0	0	0	0	0	0	0	0	0	0	0	0	0	0	0	0	1	0	0	0	0	0	0	0	0	0	0	0	0	0	0	0	0	0	0	0	0	0	0	0	0	0	0	0	0	0	0	0	0	0	0	0	0	0	0	0	0	0	0	0	0	0	0	0	0	0	0	0	0	0	0	0	0	0	0	0	0	0	0	0	0	0	0	0	0	0	0	0	0	0	0	0	0	0	0	0	0	0	0	0	0	0	0	0	0	0	0	0	0	0	0	0	0	0	0	0	0	0	0	0	0	0	0	0	0	0	0	0	0	0	0	0	0	0	0	0	0	0	0	0	0	0	0	0	0	0	0	0	0	0	0	0	0	0	0	0	0	0	0	0	0	0	0	0	0	0	0	0	0	0	0	0	0	0	0	0	0	0	0	0	0	0	0	0	0	0	0	0	0	0	0	0	0	0	0	0	0	0	0	0	0	0	0	0	0	0	0	0	0	0	0	0	0	0	0	0	0	0	0	0	0	0	0	0	0	0	0	0	0	0	0	0	0	0	0	0	0	0	0	0	0	0	0	0	0	0	0	0	0	0	0	0	0	0	0	0	0	0	0	0	0	0	0	0	0	0	0	0	0	0	0	0	0	0	0	0	0	0	0
Root;Bacteria;Proteobacteria;Gammaproteobacteria;Burkholderiales;Neisseriaceae;Eikenella;unclassified_Eikenella	JQ451970.1.1379	0	0	0	0	0	0	0	0	0	0	0	0	0	0	0	0	0	0	0	0	0	0	1	1	0	0	0	0	0	0	0	0	0	4	0	0	0	0	0	0	0	0	0	0	0	0	0	0	4	0	0	0	0	0	0	0	0	0	0	0	0	0	0	0	0	0	0	0	0	0	0	0	0	0	0	0	0	0	0	0	0	0	0	0	0	0	0	0	0	0	0	0	1	0	0	0	0	0	0	0	0	0	0	0	0	0	0	0	0	0	0	0	0	0	0	0	3	0	0	0	0	0	0	0	0	0	0	0	0	0	0	0	0	0	0	0	0	0	0	0	0	0	0	2	0	0	0	0	0	0	0	0	0	0	0	0	0	0	0	8	0	0	0	0	0	0	0	0	0	0	0	0	0	0	0	0	0	0	0	0	0	0	0	0	0	0	0	0	0	0	0	0	0	0	0	0	0	0	0	0	0	0	0	0	0	0	0	0	0	0	1	0	0	1	0	0	0	0	0	0	0	0	0	0	0	0	0	0	0	0	0	0	0	0	0	0	0	0	0	0	0	0	0	0	1	0	0	0	0	0	0	0	0	0	0	0	0	0	0	0	0	0	0	0	0	0	0	1	0	0	0	0	0	0	0	0	0	0	0	0	0	0	0	0	0	0	0	0	0	0	0	0	0	0	0	0	0	0	0	0	0	0	0	0	0	0	0	0	0	0	0	0	0	0	0	0	0	0	0	0	0	0	0	0	0	0	0	0	0	0	0	0	0	0	0	0	0	0	0	0	0	0	0	0	0	1	0	0	0	0	0	0	0	0	0	0	0	0	0	0	0	0	1	0	0	1	0	0	0	0	0	0	1
Root;Bacteria;Proteobacteria;Gammaproteobacteria;Burkholderiales;Burkholderiaceae;Sutterella;Sutterella_wadsworthensis	HQ747752.1.1442	0	0	0	0	0	0	0	0	0	0	0	0	0	0	0	0	0	0	0	0	0	0	0	0	0	0	0	0	0	0	0	0	0	0	0	0	0	1	0	0	0	0	0	0	0	0	0	0	0	0	0	0	0	0	0	0	0	0	0	0	0	0	0	0	0	0	0	0	0	0	0	0	0	0	0	0	0	0	0	0	0	0	0	0	0	0	0	0	0	0	0	0	0	0	0	0	0	0	0	0	0	0	0	0	0	0	0	0	0	0	0	0	0	0	0	0	0	0	0	0	0	0	0	0	0	0	0	0	0	0	0	0	0	0	0	0	0	0	0	0	0	0	0	0	0	0	0	0	0	0	0	0	0	0	0	0	0	0	0	0	0	0	0	0	0	0	0	0	0	0	0	0	0	0	0	0	0	0	0	0	0	0	0	0	0	0	0	0	0	0	0	0	0	0	0	0	0	0	0	0	0	0	0	0	0	0	0	0	0	0	0	0	0	0	0	0	0	0	0	0	0	0	0	0	0	0	0	0	0	0	0	0	0	0	0	0	0	0	0	0	0	0	0	0	0	0	0	0	0	0	0	0	0	0	0	0	0	0	0	0	0	0	0	0	0	0	0	0	0	0	0	0	0	0	0	0	0	0	0	0	0	0	0	0	0	0	0	0	0	0	0	0	0	0	0	0	0	0	0	0	0	0	0	0	0	0	0	0	0	0	0	0	0	0	0	0	0	0	0	0	0	0	0	0	0	0	0	0	0	0	0	0	0	0	0	0	0	0	0	0	0	0	0	0	0	0	0	0	0	3	0	0	0	0	0	0	0	0	0	0	0	0	0	0	0	0	0	0	0	0	0	0	0
Root;Bacteria;Proteobacteria;Gammaproteobacteria;Xanthomonadales;Xanthomonadaceae;Stenotrophomonas;unclassified_Stenotrophomonas	EU535719.1.1397	0	0	0	0	0	0	0	0	0	0	0	0	0	0	0	0	0	0	0	0	0	0	0	0	0	0	0	0	0	0	0	0	0	0	0	0	0	0	0	0	0	0	0	0	0	0	0	0	0	0	0	0	0	0	0	0	0	0	0	0	0	0	0	0	0	0	0	0	0	0	0	0	0	0	0	0	0	0	0	0	0	0	0	0	0	0	0	0	0	0	0	0	0	0	0	0	0	0	0	0	0	0	0	0	0	0	0	0	0	0	0	0	0	0	0	0	0	0	0	0	0	0	0	0	0	0	0	0	0	0	0	0	0	0	0	0	0	0	0	0	0	0	0	0	0	0	0	0	0	0	0	0	0	0	0	0	0	0	0	0	0	0	0	0	0	0	0	0	0	0	0	0	0	0	0	0	0	0	0	0	0	0	0	0	0	0	0	0	0	0	0	0	0	0	0	0	0	0	0	0	0	0	0	0	0	0	0	0	0	0	0	0	0	0	0	0	0	0	0	0	0	0	0	0	0	0	0	0	0	0	0	0	0	0	0	0	0	0	0	0	0	0	0	0	0	0	0	0	0	0	4	0	0	0	0	0	0	0	0	0	0	0	0	0	5	0	0	0	0	0	0	0	0	0	0	0	0	0	0	0	0	0	0	0	0	0	0	0	0	0	0	0	0	0	0	0	0	0	0	0	0	0	0	0	0	0	0	0	0	0	0	0	0	0	0	0	0	0	0	0	0	0	0	0	0	0	0	0	0	0	0	0	0	0	0	0	0	0	0	0	0	0	0	0	0	0	0	0	0	0	0	0	0	0	0	0	0	0	0	0	0	0	0	0	0	0	0	0	0	0	0	0	0
Root;Bacteria;Actinobacteriota;Actinomycetia;Mycobacteriales;Mycobacteriaceae;Corynebacterium;Corynebacterium_durum	JQ456184.1.1331	0	0	43	39	24	20	0	0	0	0	2	0	5	11	8	17	0	0	25	23	1	3	14	16	9	21	3	60	63	0	2	16	3	0	58	0	6	6	11	103	39	29	230	42	30	130	96	10	9	40	0	11	2	87	13	11	0	23	12	41	2	15	41	18	49	57	8	41	11	7	2	6	42	0	28	2	173	82	0	0	17	2	6	77	43	48	46	20	0	5	1	9	51	1	41	31	3	7	7	8	5	1	3	8	107	0	2	7	9	7	5	0	0	21	9	1	4	0	8	5	0	37	19	24	2	4	26	31	34	0	2	15	226	5	3	13	20	3	0	1	2	1	0	2	60	0	0	5	21	6	10	9	31	1	27	15	64	32	37	59	0	54	6	4	0	1	19	5	5	40	9	4	23	6	0	8	0	110	35	8	2	4	17	10	7	3	3	131	6	0	7	19	0	91	29	29	30	11	0	39	6	6	70	3	0	122	19	12	0	0	0	1	0	1	0	0	21	40	4	5	20	5	22	13	0	0	0	13	9	46	0	62	7	28	40	0	5	55	2	0	1	0	6	35	1	0	59	19	1	88	1	6	4	26	23	39	12	116	7	5	9	0	21	6	0	1	4	9	40	8	26	2	37	11	9	58	0	11	18	6	6	11	0	0	2	17	0	32	32	73	1	16	3	77	1	4	1	1	18	19	1	10	29	0	24	4	0	34	0	16	1	1	15	2	5	1	2	1	0	5	15	6	1	60	6	0	5	26	14	65	4	0	1	1	102	22	2	0	17	0	48	0	4	34	52	18	0	55	2	1	0	139	33	16	4	39	1	1	253	48	4	16	16	67	41	4	18	2	0	52	3	13	9
Root;Bacteria;Actinobacteriota;Actinomycetia;Mycobacteriales;Mycobacteriaceae;Corynebacterium;Corynebacterium_durum	JQ452519.1.1326	0	0	18	12	1	3	0	1	0	0	2	3	5	5	5	3	0	0	9	12	3	1	11	4	9	9	2	32	37	1	0	13	4	0	67	0	0	0	8	10	16	11	23	30	0	15	29	14	2	15	0	25	0	84	10	8	0	17	77	14	0	22	14	0	0	2	1	19	5	1	0	21	23	0	39	1	84	6	0	0	27	5	1	2	2	0	1	12	0	8	2	4	29	1	13	1	1	0	0	1	0	1	0	14	25	0	0	15	2	2	0	0	0	8	2	0	3	0	18	24	0	0	2	0	3	1	17	27	20	0	1	0	15	2	1	0	0	40	0	0	4	0	1	1	15	0	0	0	2	0	0	0	5	0	1	12	89	0	4	7	0	4	4	1	0	0	6	0	1	14	7	1	0	0	0	2	0	1	51	12	0	1	1	1	3	3	3	16	7	0	0	8	0	48	1	6	5	0	0	54	9	21	46	0	0	7	13	0	2	1	0	0	2	3	0	0	1	5	0	0	19	3	14	0	0	0	10	9	1	2	1	35	4	23	2	0	2	22	1	0	0	0	4	10	0	0	11	9	0	4	0	0	0	1	3	27	7	1	1	4	6	0	0	49	0	0	0	1	3	4	7	0	8	6	18	59	0	3	5	5	6	3	0	0	21	5	0	9	2	12	9	4	1	2	2	0	4	0	2	3	0	0	4	0	0	1	0	64	0	3	1	1	0	0	0	3	0	0	0	8	1	10	0	6	26	0	26	12	0	1	33	0	0	0	27	2	1	0	0	0	3	0	0	0	14	13	0	38	4	1	0	33	16	4	0	9	3	1	8	0	1	31	2	135	8	3	11	0	0	55	0	11	1
Root;Bacteria;Firmicutes_C;Negativicutes;Veillonellales;Veillonellaceae;Veillonella;unclassified_Veillonella	GQ338714.1.1521	0	0	0	0	0	0	0	0	0	0	0	0	0	0	0	0	0	0	0	0	0	0	0	0	0	0	0	0	0	0	0	0	0	0	0	0	0	0	0	0	0	0	0	0	0	0	0	0	0	0	0	0	0	0	0	0	0	0	0	0	0	0	0	0	0	0	0	0	0	0	0	0	0	0	0	0	0	0	0	0	0	0	0	0	0	0	0	0	0	0	0	0	0	0	0	0	0	0	0	0	0	0	0	0	0	0	0	0	0	0	0	0	0	0	0	0	0	0	0	0	0	0	0	0	0	0	0	0	0	0	0	0	0	0	0	0	0	0	0	0	0	0	0	0	0	0	0	0	0	0	0	0	0	0	0	0	0	0	0	0	0	0	0	0	0	0	0	0	0	1	0	0	0	0	0	0	0	0	0	0	0	0	0	0	0	0	0	0	0	0	0	0	0	0	0	0	0	0	0	0	0	0	0	0	0	0	0	0	0	0	0	0	0	0	0	0	0	0	0	0	0	0	0	0	0	0	0	0	0	0	0	0	0	0	0	0	0	0	0	0	0	0	0	0	0	0	0	0	0	0	0	0	0	0	0	0	0	0	0	0	0	0	0	0	0	0	0	0	0	0	0	0	0	0	0	0	0	0	0	0	0	0	0	0	0	0	0	0	0	0	0	0	0	0	0	0	0	0	0	0	0	0	0	0	0	0	0	0	0	0	0	0	0	0	0	0	0	0	0	0	0	0	0	0	0	0	0	0	0	0	0	0	0	0	0	0	0	1	0	0	1	0	0	0	0	0	0	0	0	0	0	0	0	0	0	0	0	0	0	0	0	0	0	0	0	0	0	0	0	0	1	0	0
Root;Bacteria;Actinobacteriota;Actinomycetia;Mycobacteriales;Mycobacteriaceae;Corynebacterium;Corynebacterium_durum	AMEM01000002.1.1339	0	0	13	15	6	2	0	0	1	0	1	2	3	1	2	3	0	0	5	5	3	1	1	5	2	4	2	19	22	1	0	3	5	0	36	0	0	0	8	14	17	15	25	24	4	30	27	10	3	14	0	9	0	56	6	6	0	9	39	11	0	26	11	1	7	7	2	14	8	1	0	11	15	0	22	0	74	3	0	0	21	2	1	1	1	1	1	5	1	6	0	2	29	0	7	1	0	0	1	1	0	0	0	5	22	0	2	0	1	4	1	0	1	11	0	0	4	0	11	8	0	1	2	4	2	0	6	28	13	0	1	3	25	4	1	2	2	30	1	0	2	0	1	1	3	0	0	0	0	2	2	0	5	0	0	3	32	1	1	4	0	1	2	4	0	0	5	0	0	18	5	1	2	1	0	1	0	6	12	7	0	0	3	1	0	2	0	11	1	0	9	2	0	30	4	7	2	0	0	29	4	6	26	0	0	6	5	1	1	0	0	0	0	0	0	0	1	0	0	1	24	1	12	2	2	0	1	8	1	4	0	22	1	13	8	0	0	12	2	1	1	0	6	6	0	0	3	5	1	8	0	2	0	2	3	14	5	14	2	2	2	0	3	37	0	0	1	1	7	3	1	0	4	8	2	32	0	0	3	1	3	0	0	0	8	4	0	7	0	14	1	2	0	3	0	0	1	2	3	6	0	1	10	0	1	3	0	32	0	2	1	0	1	1	0	0	0	1	0	11	1	6	0	9	13	0	16	12	0	3	14	0	0	0	20	3	5	0	1	0	1	0	0	9	17	9	0	20	3	4	0	24	5	2	0	6	1	0	71	5	1	12	3	105	14	0	8	0	0	22	0	6	2
Root;Bacteria;Firmicutes_C;Negativicutes;Veillonellales;Veillonellaceae;Veillonella;unclassified_Veillonella	JQ465727.1.1352	0	0	0	0	0	0	0	0	0	0	0	0	0	0	0	0	0	0	0	0	0	0	0	0	0	0	0	0	0	0	0	0	0	0	0	0	0	0	0	0	0	0	0	0	0	0	0	0	0	0	0	0	0	0	0	0	0	0	0	0	0	0	0	0	0	0	0	0	0	0	0	0	0	0	0	0	0	0	0	0	0	0	0	0	0	0	0	0	0	0	0	0	0	0	0	0	0	0	0	0	0	0	0	0	0	0	0	0	0	0	0	0	0	0	0	0	0	0	0	0	0	0	0	0	0	0	0	0	0	0	0	0	0	0	0	0	0	0	0	0	0	0	0	0	0	0	0	0	0	0	0	0	0	0	0	0	0	0	0	0	0	0	0	0	0	0	0	0	0	1	0	0	0	0	0	0	0	0	0	0	0	0	0	0	0	0	0	0	0	0	0	0	0	0	0	0	0	0	0	0	0	0	0	0	0	0	0	0	0	0	0	0	0	0	0	0	0	0	0	0	0	0	0	0	0	0	0	0	0	0	0	0	0	0	0	0	0	0	0	0	0	0	0	0	0	0	0	0	0	0	0	0	0	0	0	0	0	0	0	0	0	0	0	0	0	0	0	0	0	0	0	0	0	0	0	0	0	0	0	0	0	0	0	0	0	0	0	0	0	0	0	0	0	0	0	0	0	0	0	0	0	0	0	0	0	0	0	0	0	0	0	0	0	0	0	0	0	0	0	0	0	0	0	0	0	0	0	0	0	0	0	0	0	0	0	0	0	0	0	0	0	0	0	0	0	0	0	0	0	0	0	0	0	0	0	0	0	0	0	0	0	0	0	1	0	0	0	0	0	0	0	0	0
Root;Bacteria;Proteobacteria;Gammaproteobacteria;Enterobacterales;Pasteurellaceae;Haemophilus;Haemophilus_seminalis	HQ783974.1.1454	0	0	0	0	0	0	0	0	0	0	0	0	0	0	0	0	0	0	0	1	0	0	0	0	0	0	0	0	0	0	0	0	0	0	0	0	0	0	0	0	0	0	0	0	0	0	0	0	0	0	0	0	0	0	0	0	0	0	0	0	0	0	0	0	0	0	0	0	0	0	0	0	0	0	0	0	0	0	0	0	0	0	0	0	0	0	0	0	0	0	0	0	0	0	0	0	0	0	0	0	0	0	0	0	0	0	0	0	0	0	0	0	0	0	0	0	0	0	0	0	0	0	0	0	0	0	0	0	0	0	0	0	0	0	0	0	0	0	0	0	0	0	0	0	0	0	0	0	0	0	0	0	0	0	0	0	0	0	0	0	0	0	0	0	0	0	0	0	0	0	0	0	0	0	0	0	0	0	0	0	0	0	0	0	0	0	0	0	0	0	0	0	0	0	0	0	0	0	0	0	0	0	0	0	0	0	0	0	0	0	0	0	0	0	0	0	0	0	0	0	0	0	0	0	0	0	0	0	0	0	0	0	0	0	0	0	0	0	0	0	0	0	0	0	0	0	0	0	0	0	0	0	0	0	0	0	0	0	0	0	0	0	0	0	0	0	0	0	0	0	0	0	0	0	0	0	0	0	0	0	0	0	0	0	0	0	0	0	0	0	0	0	0	0	0	0	0	0	0	0	0	0	0	0	0	0	0	0	0	0	0	0	0	0	0	0	0	0	0	0	0	0	0	0	0	0	0	0	0	0	0	0	0	0	0	0	0	0	0	0	0	0	0	0	0	0	0	0	0	0	0	0	0	0	0	0	0	0	0	0	0	0	0	0	0	0	0	0	0	0	0	0	0
Root;Bacteria;Proteobacteria;Gammaproteobacteria;Enterobacterales;Pasteurellaceae;Haemophilus_D;unclassified_Haemophilus_D	HQ807565.1.1438	0	0	0	0	0	0	0	0	0	0	0	0	0	0	0	0	0	0	0	0	0	0	0	0	0	0	0	0	0	0	0	0	0	0	0	0	0	0	0	0	0	0	0	0	0	0	0	0	0	0	0	0	0	0	0	0	0	0	0	0	0	0	0	1	0	0	0	0	0	0	0	0	0	0	0	0	0	0	0	0	0	0	0	0	0	0	0	0	0	0	0	0	0	0	0	0	0	0	0	0	0	0	0	0	0	0	0	0	0	0	0	0	0	0	0	0	0	0	0	0	0	0	0	0	0	0	0	0	0	0	0	0	0	0	0	0	0	0	0	0	0	0	0	0	0	0	0	0	0	0	0	0	0	0	0	0	0	0	0	0	0	0	0	0	0	0	0	0	0	0	0	0	0	0	0	0	0	0	0	0	0	0	0	0	0	0	0	0	0	0	0	0	0	0	0	0	0	0	0	0	0	0	0	0	0	0	0	0	0	0	0	0	0	0	0	0	0	0	0	0	0	0	0	0	0	0	0	0	0	0	0	0	0	0	0	0	0	0	0	0	0	0	0	0	0	0	0	0	0	0	0	0	0	0	0	0	0	1	0	0	0	0	0	0	0	0	0	0	0	0	0	0	0	0	0	0	0	0	0	0	0	0	0	0	0	0	0	0	0	0	0	0	0	0	0	0	0	0	0	0	0	0	0	0	0	0	0	0	0	0	0	0	0	0	0	0	0	0	0	0	0	0	0	0	0	0	0	0	0	0	0	0	0	0	0	0	0	0	0	0	0	0	0	0	0	0	0	0	0	0	0	0	0	0	0	0	0	0	0	0	0	0	0	0	0	0	0	0	0	0	0	0	0
Root;Bacteria;Actinobacteriota;Actinomycetia;Mycobacteriales;Mycobacteriaceae;Corynebacterium;Corynebacterium_matruchotii	JF089031.1.1367	0	0	0	0	0	0	0	0	0	0	0	0	0	1	0	0	0	0	0	0	0	0	25	22	3	1	0	0	0	0	0	8	0	0	0	0	0	0	0	0	0	0	0	0	0	0	0	0	6	0	0	0	2	6	0	0	0	0	0	0	0	0	0	0	0	0	0	0	0	0	0	0	0	0	0	0	0	0	0	0	0	0	0	0	0	0	1	1	0	0	0	1	20	0	0	0	0	0	0	0	0	48	3	0	0	0	0	0	0	0	0	0	0	1	0	0	0	0	0	0	0	0	0	0	0	0	0	0	0	0	0	0	0	0	0	0	0	0	0	0	0	0	0	0	0	0	0	0	0	0	0	0	0	25	0	0	0	0	0	0	0	0	0	0	0	0	1	0	0	0	0	0	0	0	0	0	0	0	0	0	0	0	0	0	0	30	23	0	0	0	0	0	0	0	0	0	3	61	0	0	0	0	0	0	0	0	0	0	0	0	0	0	0	4	0	0	0	0	0	0	0	0	0	0	0	0	0	1	0	0	0	0	0	1	0	0	1	0	43	0	0	0	0	0	0	0	0	0	0	0	0	0	0	5	0	0	0	0	0	0	0	0	3	0	0	0	0	0	0	0	0	0	0	0	0	0	0	6	14	0	0	0	0	0	0	0	0	0	0	0	2	0	0	0	0	3	0	0	1	0	0	0	0	2	0	0	0	0	0	0	0	0	0	0	0	0	0	0	0	0	0	1	0	0	0	0	0	0	0	0	0	0	0	0	0	0	0	0	0	0	0	0	0	0	0	0	0	25	6	0	2	0	1	9	0	15	0	0	0	0	0	3	0	0	0	1	47	0	0	27	0	0	0
Root;Bacteria;Firmicutes_C;Negativicutes;Veillonellales;Veillonellaceae;Veillonella;unclassified_Veillonella	JQ468513.1.1420	7	4	11	10	16	14	69	84	225	252	40	46	11	15	70	51	58	118	14	20	28	37	7	9	38	28	23	82	88	72	0	30	123	112	154	1	0	0	63	12	73	50	0	68	49	8	156	63	58	7	328	469	8	4	27	26	135	63	23	0	131	18	71	137	241	255	61	453	203	38	211	180	55	6	2	287	17	64	147	0	19	31	25	34	16	17	8	3	6	77	0	46	53	91	10	0	28	73	0	41	0	143	75	14	39	34	27	7	0	4	132	77	40	192	190	0	13	0	86	86	1	536	285	311	3	3	756	132	168	0	175	2	2	21	0	53	69	14	32	0	7	0	312	424	0	156	0	6	7	62	1	67	33	10	13	22	42	36	468	23	6	20	7	26	25	3	34	7	37	2576	238	0	151	117	3	14	4	28	122	883	85	69	105	122	37	23	8	0	13	0	194	238	128	498	10	8	4	57	21	233	123	135	169	37	0	17	415	39	28	41	145	46	375	10	4	0	17	20	133	160	60	0	327	0	45	0	45	13	64	89	11	79	19	36	165	0	14	81	11	11	202	0	19	74	14	359	169	25	242	45	17	174	9	63	51	16	0	27	23	25	24	41	10	406	0	1	9	27	98	17	13	23	2	9	0	0	938	49	77	238	282	114	62	58	51	279	141	109	154	54	21	45	6	6	120	12	16	67	7	91	4	10	90	7	844	916	6	210	0	317	48	23	641	317	333	15	10	34	2	0	417	0	71	195	500	0	63	18	99	318	7	0	57	117	47	264	16	536	62	169	453	2	62	886	62	41	77	235	34	40	87	32	91	58	74	26	41	1	709	120	106	19	246	1277	11	33	32	14	1	60	310	39	231
Root;Bacteria;Actinobacteriota;Actinomycetia;Mycobacteriales;Mycobacteriaceae;Corynebacterium;Corynebacterium_durum	JF131342.1.1354	0	0	13	23	9	4	0	0	0	0	3	4	3	5	10	9	0	0	3	7	0	0	5	4	2	9	1	43	54	3	1	20	2	0	43	2	9	5	5	98	32	28	293	44	46	102	107	14	9	48	0	1	0	24	6	4	0	15	4	14	4	19	12	35	56	75	28	15	10	1	2	11	30	1	8	3	29	39	0	0	11	2	2	6	16	27	70	2	0	8	0	0	15	1	32	2	1	8	1	1	0	1	1	5	10	0	2	2	0	7	1	1	0	3	3	0	1	0	21	3	0	46	15	13	0	1	37	32	20	0	1	10	147	1	0	6	8	0	0	0	0	0	0	3	11	0	0	0	4	2	0	5	8	1	2	0	9	16	2	16	0	34	0	6	2	0	14	1	1	21	3	1	5	3	0	2	1	11	24	1	3	0	8	12	9	0	0	12	2	0	12	23	0	62	22	10	0	1	0	17	2	8	27	0	0	9	6	7	0	0	0	0	2	1	1	0	14	16	6	2	12	0	11	0	0	0	2	9	0	4	0	9	0	7	47	0	0	10	0	1	1	0	6	86	0	0	46	19	0	80	3	4	2	17	7	13	0	42	8	2	8	0	8	0	0	0	2	7	10	4	12	0	15	10	0	29	0	14	17	2	6	13	0	0	4	19	0	24	44	28	0	2	0	57	0	2	2	1	2	11	0	0	2	0	2	0	0	13	0	5	2	0	15	4	2	0	0	0	0	0	6	13	0	79	1	0	4	5	10	15	3	0	0	0	136	62	0	0	10	0	35	0	1	3	23	8	0	34	5	0	0	37	14	14	3	35	0	0	68	12	6	7	3	21	25	3	12	0	0	12	2	5	9
Root;Bacteria;Proteobacteria;Gammaproteobacteria;Enterobacterales;Pasteurellaceae;Haemophilus_D;unclassified_Haemophilus_D	JQ456231.1.1256	0	0	15	9	13	3	0	0	1	0	0	0	6	7	21	12	9	11	0	0	15	24	2	1	0	43	0	5	5	15	0	0	22	6	3	4	163	181	65	1	89	106	44	5	25	98	37	48	27	3	65	0	4	1	20	12	40	2	14	3	12	13	1	48	23	15	2	4	1	49	127	47	21	7	4	16	5	29	5	0	2	0	66	2	0	5	0	33	0	14	0	1	2	4	21	0	40	3	0	0	0	2	3	89	1	93	10	116	0	7	115	18	35	4	14	0	2	0	146	53	0	4	15	10	18	20	7	60	115	0	12	5	3	18	0	0	0	43	20	0	0	0	4	3	322	22	0	5	4	19	13	3	16	0	43	0	920	3	0	0	0	183	4	26	47	4	23	3	5	433	16	0	12	6	1	117	2	0	2	48	19	4	7	9	11	7	0	1	63	0	0	0	15	42	79	103	19	17	5	0	0	0	1	10	0	31	65	0	0	4	81	1	15	0	3	0	0	0	87	96	14	0	6	0	7	0	4	3	0	13	3	2	0	21	0	0	0	15	2	13	8	0	4	17	6	2	81	1	0	38	259	11	18	0	0	1	0	40	0	73	13	10	0	0	0	1	0	0	0	1	0	0	56	333	22	198	1	1	4	3	42	43	38	3	0	8	5	36	3	20	29	83	13	31	13	1	23	2	1	20	5	8	7	0	32	0	11	8	0	2	0	2	0	15	21	0	0	13	5	8	154	13	6	17	0	0	15	0	86	216	2	0	17	51	0	0	0	150	25	5	1	0	16	0	29	0	2	23	5	56	1	7	33	14	16	10	3	0	1	1	2	6	19	41	0	5	12	0	0	1	21	14	1
Root;Bacteria;Campylobacterota;Campylobacteria;Campylobacterales;Campylobacteraceae;Campylobacter_B;Campylobacter_B_gracilis	JQ468963.1.1376	22	27	16	19	36	44	18	22	22	28	17	24	10	7	30	33	12	11	21	23	14	15	6	0	29	5	5	11	14	64	0	17	5	41	26	0	20	51	4	74	0	0	0	17	51	4	31	12	76	77	32	187	0	0	0	0	7	22	0	8	55	19	49	41	75	66	29	62	41	8	1	10	13	21	46	48	17	30	29	0	28	23	0	4	46	52	47	5	57	44	0	16	18	16	5	0	0	8	0	44	1	51	12	29	7	35	44	0	0	30	1	36	34	4	11	0	36	0	8	7	0	100	2	1	4	4	46	0	2	0	7	46	0	24	1	35	60	68	8	0	5	0	5	11	0	17	0	4	0	0	0	0	7	0	0	0	1	1	0	1	0	0	36	31	34	0	3	0	0	216	27	0	1	5	0	0	0	0	39	0	1	0	10	13	1	0	2	0	1	0	48	44	83	0	11	22	0	0	0	30	118	107	33	7	0	0	52	1	33	20	25	7	23	21	47	0	57	73	28	25	21	0	2	0	34	0	26	60	72	0	0	23	38	0	37	0	35	0	0	0	0	0	0	87	43	80	108	51	2	4	7	4	0	0	1	20	1	11	78	52	0	0	8	11	0	0	0	0	1	9	0	2	12	9	19	0	20	56	101	34	100	14	6	0	15	1	136	13	58	11	1	0	0	0	98	1	1	20	14	9	0	0	42	1	5	61	44	23	0	0	0	27	39	27	42	0	0	0	0	48	24	15	103	10	15	0	31	18	0	0	42	0	12	13	24	34	0	25	32	17	12	0	0	12	1	44	0	0	0	0	103	12	0	11	3	60	73	0	1	0	11	35	20	90	38	29	8	0	0	30	47	4	168
Root;Bacteria;Actinobacteriota;Actinomycetia;Actinomycetales;Micrococcaceae;Rothia;Rothia_dentocariosa	JQ453458.1.1382	0	0	0	1	0	0	0	0	0	0	0	0	0	0	0	0	0	0	0	0	0	0	0	0	0	0	0	1	0	0	0	0	0	0	0	0	0	0	2	0	0	0	2	0	0	0	0	0	0	0	0	0	0	1	0	0	0	0	0	0	0	0	1	0	0	0	0	0	0	0	0	0	0	1	0	0	0	0	0	0	0	0	0	0	0	0	0	0	0	0	0	0	0	0	0	0	0	0	0	0	0	0	0	0	0	0	1	0	0	0	0	0	0	0	0	0	0	0	0	0	0	0	0	0	0	0	0	0	0	0	0	0	1	0	0	0	0	0	0	0	0	0	0	0	0	0	0	0	0	0	0	0	1	0	0	0	0	0	0	0	0	0	0	0	0	0	0	0	0	0	0	0	0	0	0	0	0	0	0	0	0	0	0	0	0	0	0	0	0	0	0	0	0	0	0	0	0	0	0	0	0	0	0	0	0	0	0	0	0	0	0	0	0	0	0	0	0	0	0	0	0	0	0	0	0	0	0	0	0	0	0	0	0	0	0	0	0	0	0	0	0	0	0	0	0	0	0	0	1	0	1	2	0	0	0	0	0	0	1	0	0	0	0	0	0	0	0	0	0	0	0	0	1	0	0	0	0	0	0	0	0	0	0	0	0	0	0	0	0	0	0	0	0	0	0	0	0	0	0	0	0	0	1	0	0	0	0	0	0	0	0	0	0	0	0	0	0	0	0	0	0	0	0	0	0	0	0	0	0	0	0	0	0	0	0	0	0	0	0	0	0	0	0	0	0	0	0	0	0	0	0	1	0	0	0	0	0	0	0	0	0	0	0	0	0	0	0	0	0	0	0	0	1
Root;Bacteria;Firmicutes_C;Negativicutes;Veillonellales;Veillonellaceae;Veillonella;unclassified_Veillonella	HQ757500.1.1466	0	0	0	0	0	0	1	0	0	0	1	0	0	0	0	0	0	0	0	0	0	0	0	0	0	0	0	0	0	1	0	0	0	0	0	11	0	0	0	0	0	0	0	0	0	0	0	0	0	0	0	2	0	0	1	0	0	0	0	0	0	0	0	2	0	0	0	0	0	0	0	0	0	0	0	0	0	0	0	0	0	0	0	0	2	1	0	0	1	0	0	0	0	0	0	0	0	0	0	0	0	0	0	3	0	0	17	0	0	0	0	0	0	0	0	0	0	0	0	0	0	0	0	1	0	0	0	0	0	0	0	0	0	0	0	0	0	0	1	0	0	0	0	0	0	0	0	0	0	0	0	0	0	0	0	0	0	0	2	0	0	0	0	0	0	33	0	0	0	0	0	0	0	0	0	0	0	0	0	0	0	0	0	1	0	0	0	0	0	0	0	1	1	12	0	0	0	0	1	0	0	0	0	0	0	0	0	0	0	0	0	0	0	0	1	0	3	7	0	0	2	0	0	0	0	0	0	1	0	0	0	0	0	0	0	0	0	1	0	0	0	0	0	0	0	0	0	1	0	0	0	0	0	0	1	0	0	1	0	0	0	0	0	0	85	0	0	0	0	0	0	0	0	0	0	0	5	0	0	0	0	0	0	0	0	1	0	0	0	0	0	1	0	1	0	0	0	1	0	2	0	0	0	0	1	2	0	1	0	0	0	0	0	0	0	0	0	0	0	0	0	0	0	1	0	0	0	0	0	0	0	0	1	2	0	2	0	0	0	0	0	0	0	0	0	13	0	0	0	0	0	0	0	0	359	0	0	0	0	0	0	0	0	0	0	0	1	0	0	0	2	0	0
Root;Bacteria;Proteobacteria;Gammaproteobacteria;Enterobacterales;Pasteurellaceae;Haemophilus_A;Haemophilus_A_sputorum	JF058250.1.1351	0	0	2	0	0	0	0	0	0	0	0	0	0	0	0	0	0	0	0	0	0	1	2	0	0	2	0	3	9	0	0	0	0	0	1	9	0	0	0	0	0	0	0	0	0	0	0	1	1	3	0	0	0	0	2	0	0	0	0	0	0	0	0	1	0	1	0	0	0	0	0	0	1	0	0	0	0	0	0	0	0	1	0	0	0	0	0	0	0	3	0	0	0	0	0	0	0	0	0	0	0	0	1	0	0	0	0	1	0	0	0	0	0	1	8	0	0	0	0	0	0	0	0	0	0	0	1	0	0	0	1	2	1	0	0	0	0	0	0	0	0	0	0	1	1	0	0	0	0	1	0	0	3	0	0	0	2	0	0	0	0	0	0	2	9	3	2	0	0	2	0	0	0	3	0	0	0	0	0	0	0	0	0	0	0	0	0	0	0	0	0	0	0	0	0	0	0	0	0	0	0	0	0	0	0	1	0	0	0	0	0	0	0	0	0	0	0	0	0	0	1	0	1	0	0	0	0	0	0	0	0	0	0	0	0	0	1	0	0	0	0	0	0	0	0	0	0	0	0	0	0	0	0	0	0	0	0	0	0	1	0	0	1	0	0	0	0	0	0	1	1	0	1	3	0	0	0	0	0	0	0	0	0	0	0	0	0	0	0	1	0	0	0	0	0	0	0	0	0	0	0	5	0	0	0	0	0	0	0	3	0	0	0	0	0	0	0	0	0	0	0	0	0	1	0	0	1	0	0	3	0	0	0	0	0	0	0	0	0	0	0	0	0	0	0	0	0	0	0	0	0	3	0	0	0	0	0	0	0	0	0	0	0	0	0	0	0	0	0	0	0	0	0
Root;Bacteria;Proteobacteria;Gammaproteobacteria;Enterobacterales;Pasteurellaceae;Haemophilus_D;unclassified_Haemophilus_D	JQ455258.1.1386	0	0	0	0	0	0	0	0	0	0	0	0	0	0	0	0	1	1	0	0	1	0	0	0	0	0	0	0	0	3	0	0	2	0	0	0	0	0	0	0	0	0	0	0	1	4	0	0	0	0	0	0	0	1	0	0	1	0	0	0	0	0	1	2	0	0	0	0	0	0	4	0	1	1	0	0	0	0	0	0	0	0	11	0	0	0	0	1	0	0	0	0	0	0	0	0	7	0	0	1	0	0	0	0	0	0	0	20	0	1	1	0	0	0	0	0	0	0	0	0	0	0	0	0	0	0	0	0	0	0	1	0	0	0	0	0	0	0	0	0	0	0	0	0	0	1	0	0	0	0	0	0	0	0	0	0	0	0	0	0	0	6	4	0	2	1	0	0	0	0	0	0	0	1	0	0	0	0	1	0	2	2	0	0	0	0	0	0	0	0	0	0	0	0	0	0	0	0	0	0	0	0	0	0	0	0	1	0	0	1	0	0	0	0	0	0	0	0	0	0	0	0	2	0	0	0	0	0	0	0	0	2	0	2	0	0	0	0	0	0	0	0	0	0	0	0	0	0	0	2	5	3	0	0	0	0	0	1	1	2	0	0	0	0	0	0	0	0	0	0	0	0	0	0	0	0	0	1	1	0	0	0	0	0	0	1	0	7	0	4	6	0	0	0	0	0	0	0	0	0	0	0	0	0	1	0	0	0	0	0	0	0	0	0	0	0	0	0	0	0	0	0	0	1	0	0	0	0	5	36	0	0	1	1	0	0	0	1	0	0	0	0	0	0	0	0	0	0	0	0	0	2	0	0	4	0	0	0	1	1	0	1	0	2	0	0	0	0	0	0	0	1	0
Root;Bacteria;Proteobacteria;Gammaproteobacteria;Enterobacterales;Pasteurellaceae;Haemophilus;unclassified_Haemophilus	JQ471193.1.1440	0	1	5	11	0	0	10	12	0	1	0	0	1	5	0	1	7	5	4	4	3	2	2	2	0	0	0	0	0	4	0	2	7	5	0	142	4	3	0	12	7	1	0	1	2	0	23	3	0	13	1	0	0	0	91	67	49	0	1	3	0	6	32	2	0	1	5	3	5	3	3	0	1	0	10	4	0	8	0	0	1	0	15	0	0	0	0	3	0	10	0	4	0	73	15	0	0	1	0	1	0	9	8	24	0	4	18	24	0	1	82	0	1	1	7	0	0	0	1	1	0	1	0	0	4	6	0	0	2	0	17	4	0	0	0	8	2	14	0	0	0	0	0	2	16	0	0	1	0	3	0	2	73	0	0	0	12	3	1	0	5	2	0	0	0	27	0	1	0	1	14	0	1	0	0	1	0	0	0	58	1	2	0	1	0	0	0	0	1	0	0	0	0	3	0	0	0	1	0	0	36	17	2	2	0	0	0	0	6	7	1	0	0	0	1	0	0	1	39	43	1	0	4	0	0	0	1	0	0	0	1	0	5	0	0	0	0	2	2	0	1	0	0	0	1	0	0	0	0	30	6	1	1	6	0	5	0	28	0	67	2	8	1	24	5	0	0	0	0	3	0	0	0	3	0	0	88	8	25	0	4	0	0	1	1	7	1	1	3	7	1	0	0	15	1	0	1	1	0	2	0	1	2	5	1	0	0	0	0	0	0	0	0	0	5	0	0	0	0	1	6	1	22	3	8	0	0	0	1	2	1	0	0	0	1	0	1	16	0	5	0	0	0	5	1	0	0	3	0	0	0	2	3	0	0	0	0	1	15	0	5	3	4	50	0	0	0	0	0	0	0	7	0
Root;Bacteria;Proteobacteria;Gammaproteobacteria;Enterobacterales;Pasteurellaceae;Haemophilus;unclassified_Haemophilus	JF136336.1.1350	0	0	0	0	0	0	0	0	0	0	0	0	0	0	0	0	0	0	0	0	0	0	0	0	0	0	0	0	0	0	0	0	0	0	0	0	0	0	0	0	0	0	0	0	0	0	0	0	0	0	0	0	0	0	0	0	0	0	0	0	0	0	0	0	0	0	0	0	0	0	0	0	0	0	0	0	0	0	0	0	0	0	0	0	0	0	0	0	0	0	0	0	0	0	0	0	0	0	0	0	0	0	0	0	0	0	0	0	0	0	0	0	0	0	0	0	0	0	0	0	0	0	0	0	0	0	0	0	0	0	0	0	0	0	0	0	0	0	0	0	0	0	0	0	0	0	0	0	0	0	0	0	0	0	0	0	1	0	0	0	0	0	0	0	0	0	0	0	0	0	0	0	0	0	0	0	0	0	0	0	0	0	0	0	0	0	0	0	0	0	0	0	0	0	0	0	0	0	0	0	0	0	0	0	0	0	0	0	0	0	0	0	0	0	0	0	0	0	0	0	0	0	0	0	0	0	0	0	0	0	0	0	0	0	0	0	0	0	0	0	0	0	0	0	0	0	0	0	0	0	0	0	0	0	0	0	0	0	0	0	0	0	0	0	0	0	0	0	0	0	0	0	0	0	0	0	0	0	0	0	0	0	0	0	0	0	0	0	0	0	0	0	0	0	0	0	0	0	0	0	0	0	0	0	0	0	0	0	0	0	0	0	0	0	0	0	0	0	0	0	0	0	0	0	0	0	0	0	0	0	0	0	0	0	0	0	0	0	0	0	0	0	0	0	0	0	0	0	0	0	0	0	0	0	0	0	0	0	0	0	0	0	0	0	0	0	0	0	0	0	0	0	0
Root;Bacteria;Firmicutes_C;Negativicutes;Veillonellales;Veillonellaceae;Veillonella;unclassified_Veillonella	JQ467834.1.1286	0	0	0	0	0	0	0	0	0	0	0	0	0	0	0	0	0	0	0	0	0	0	0	0	0	0	0	0	0	0	0	0	0	0	0	0	0	0	0	0	0	0	0	0	0	0	0	0	0	0	0	0	0	0	0	0	0	0	0	0	0	0	0	0	0	0	0	0	0	0	0	0	0	0	0	0	0	0	0	0	0	0	0	0	0	0	0	0	0	0	0	0	0	0	0	0	0	0	0	0	0	0	0	0	0	0	0	0	0	0	0	0	0	0	0	0	0	0	0	0	0	0	0	0	0	0	0	0	0	0	0	0	0	0	0	0	0	0	0	0	0	0	0	0	0	0	0	0	0	0	0	0	0	0	0	0	0	0	0	0	0	0	0	0	1	0	0	0	0	1	0	0	0	0	0	0	0	0	0	0	0	0	0	0	0	0	0	0	0	0	0	0	0	1	0	0	0	0	0	0	0	0	0	0	0	0	0	0	0	0	0	0	0	0	0	0	0	0	0	0	0	0	0	0	0	0	0	0	0	0	0	0	0	0	0	0	0	0	0	0	0	0	0	0	0	0	0	0	0	0	0	0	0	0	0	0	0	0	0	0	0	0	0	0	0	0	0	0	0	0	0	0	0	0	0	0	1	0	0	0	0	0	0	0	0	0	0	0	0	0	0	0	0	0	0	0	0	0	0	0	0	0	0	0	0	0	0	0	0	0	0	0	0	0	0	0	0	0	0	0	0	0	0	0	0	0	0	0	0	0	0	0	0	0	0	0	0	0	0	0	0	0	0	0	0	0	0	0	0	0	0	0	0	0	0	0	0	0	0	0	0	0	0	0	0	0	0	0	0	0	0	0	0
Root;Bacteria;Proteobacteria;Gammaproteobacteria;Enterobacterales;Pasteurellaceae;Haemophilus_D;unclassified_Haemophilus_D	JQ456203.1.1331	0	0	0	0	0	0	0	0	0	0	0	0	1	0	0	0	1	4	0	0	0	0	0	0	0	0	0	0	0	0	0	0	0	0	0	0	0	0	0	0	0	0	1	0	0	2	0	1	0	0	0	0	0	15	0	0	0	0	0	0	1	0	0	2	0	1	0	0	0	0	3	0	1	0	0	0	0	0	0	0	0	0	2	0	0	0	0	1	0	0	0	0	0	0	0	0	0	2	0	0	0	0	0	0	0	0	0	4	0	1	0	2	0	0	1	0	0	0	0	0	0	0	1	1	0	0	0	0	0	0	0	0	0	1	0	8	1	2	0	0	0	0	0	0	0	0	0	0	0	3	0	0	0	0	0	0	0	10	1	0	0	0	0	0	1	0	0	0	0	0	0	0	2	0	0	2	0	34	0	0	2	0	2	10	0	0	0	1	0	0	0	0	2	0	0	0	2	0	0	0	0	0	0	0	0	0	12	0	0	0	0	0	5	0	0	0	0	0	2	4	0	0	0	0	0	0	0	1	0	0	0	0	0	0	1	0	0	8	0	0	0	0	0	0	0	0	0	0	2	1	0	9	0	0	0	0	0	0	0	0	1	0	0	3	0	0	0	0	0	0	0	0	0	0	0	0	0	0	1	0	0	0	0	0	1	11	0	1	0	1	3	8	1	11	2	0	22	0	0	0	0	0	0	0	6	0	0	0	0	0	0	0	6	0	0	0	0	0	0	0	0	2	0	0	0	0	1	0	0	0	0	0	0	0	0	0	0	0	0	7	0	0	0	1	0	0	0	0	0	1	0	0	0	0	0	0	0	0	9	0	0	0	1	0	0	0	0	0	0	0	0	3	0
Root;Bacteria;Proteobacteria;Gammaproteobacteria;Burkholderiales;Neisseriaceae;Neisseria;Neisseria_elongata	GQ068444.1.1362	1	3	171	207	2	7	0	0	0	0	1	2	0	0	75	43	0	0	6	2	0	1	0	0	0	5	13	4	1	4	0	8	10	0	6	0	0	0	25	18	18	32	76	16	1	37	10	54	8	7	0	0	7	7	2	3	5	11	3	3	19	42	66	14	110	134	11	32	17	17	32	10	16	16	13	0	0	69	0	0	23	3	6	7	13	12	32	7	8	8	0	22	3	0	57	23	7	5	0	0	0	59	2	1	16	17	0	15	1	49	8	19	4	13	0	0	8	0	14	12	0	1	8	10	2	3	0	73	89	0	61	28	17	3	0	5	10	5	4	4	3	0	0	11	8	0	0	0	7	53	232	53	1	3	8	10	5	4	0	0	0	11	23	10	14	1	18	4	0	65	5	1	12	0	0	3	0	3	9	0	2	1	0	0	12	9	7	53	44	0	20	22	0	8	6	15	63	26	2	0	4	2	181	3	0	356	0	19	3	3	16	0	23	3	5	0	6	1	0	0	15	0	0	0	0	0	6	48	17	24	9	8	15	7	0	0	5	16	20	19	45	0	3	24	16	0	25	99	7	164	4	73	3	4	2	4	0	29	7	9	24	24	30	19	0	1	3	4	12	7	5	5	23	15	0	13	2	0	0	0	37	72	8	2	1	145	1	19	56	361	1	10	0	112	0	7	0	0	6	1	9	17	1	0	85	11	3	0	0	76	18	0	5	1	2	2	1	87	11	0	19	41	1	45	0	0	18	59	27	56	50	0	0	0	48	61	0	1	15	3	0	2	0	0	1	7	43	97	8	2	4	140	12	41	9	32	1	0	632	92	0	41	0	30	113	13	7	104	0	15	7	10	0
Root;Bacteria;Proteobacteria;Gammaproteobacteria;Enterobacterales;Pasteurellaceae;Haemophilus_A;Haemophilus_A_parahaemolyticus	JF131062.1.1361	0	0	0	0	1	0	2	0	8	7	0	0	0	0	1	1	221	292	0	0	3	1	0	0	0	9	0	11	7	12	0	0	0	1	1	25	0	0	45	0	4	3	1	1	18	5	0	4	1	8	0	0	0	5	21	7	111	0	0	0	0	13	0	22	5	8	0	15	11	1	10	0	16	0	0	1	16	0	0	0	1	3	8	31	0	0	0	15	0	20	0	5	1	4	0	0	4	1	0	0	0	0	0	25	1	0	0	19	0	26	0	0	0	0	9	0	0	0	0	1	0	0	0	0	0	0	3	0	2	0	0	0	0	0	0	6	0	2	0	0	0	0	0	0	4	0	0	0	0	0	11	0	41	0	1	0	0	0	0	0	0	0	0	0	1	1	0	0	0	0	0	0	0	0	0	0	0	6	1	5	0	0	0	0	0	1	0	0	0	0	0	0	1	8	9	13	0	0	0	10	10	10	1	0	0	11	5	0	0	0	2	0	6	0	6	0	0	0	26	38	1	0	4	0	0	0	0	0	0	3	1	0	4	0	0	0	1	0	1	1	0	0	0	0	0	0	0	0	0	12	5	0	45	0	0	11	0	0	0	7	1	0	0	4	0	0	0	0	0	64	0	0	16	7	0	0	0	0	0	1	2	0	12	0	0	31	0	0	0	1	0	0	0	0	0	0	0	0	0	0	0	0	0	0	23	0	0	3	0	0	0	0	0	0	0	0	0	0	0	0	0	14	3	12	0	0	1	1	1	5	2	0	0	1	2	0	0	0	0	0	0	0	4	185	4	0	0	4	0	0	0	15	0	6	85	1	0	0	23	2	0	69	0	0	0	3	0	0	0	0	0	4	0
Root;Bacteria;Actinobacteriota;Actinomycetia;Actinomycetales;Micrococcaceae;Rothia;Rothia_dentocariosa	JQ474796.1.1382	0	0	0	0	0	0	0	0	0	0	0	0	0	0	0	0	0	0	0	0	0	0	0	0	0	0	0	0	0	0	0	0	0	0	0	0	0	0	0	0	0	0	0	0	0	0	0	1	0	0	0	0	0	0	1	0	0	0	0	0	0	0	0	0	0	0	0	0	0	0	0	0	0	0	0	0	0	0	0	0	0	0	0	0	0	0	0	0	0	0	0	0	0	0	0	0	0	0	0	0	0	0	0	0	0	0	0	0	0	0	0	0	0	0	0	0	0	0	0	0	0	0	0	0	0	0	0	0	0	0	0	0	3	0	0	0	0	0	0	0	0	0	0	0	0	0	0	0	0	0	0	0	0	0	0	0	0	0	0	0	0	0	0	0	0	0	0	0	0	0	0	0	0	0	0	0	0	0	0	0	0	0	0	0	0	0	0	0	0	0	0	0	0	0	0	0	0	0	0	0	0	0	0	0	0	0	0	0	0	0	0	0	0	0	0	0	0	0	0	0	0	0	0	0	0	0	0	0	0	0	0	0	0	0	0	0	0	0	0	0	0	0	0	0	0	0	0	0	0	0	0	0	0	0	0	0	0	0	0	0	0	0	0	0	0	0	0	0	0	0	0	0	0	0	0	0	0	0	0	0	0	0	0	0	1	0	0	0	0	0	0	0	0	0	0	0	0	0	0	0	0	0	0	0	0	0	0	0	0	0	0	0	0	0	0	0	0	0	0	0	0	0	0	1	0	0	0	0	0	0	0	0	0	0	0	0	0	0	0	0	0	0	0	0	0	0	0	0	0	0	0	0	0	0	0	0	0	0	0	0	0	0	0	0	0	0	0	0	0	0	0	0	0
Root;Bacteria;Firmicutes_C;Negativicutes;Veillonellales;Veillonellaceae;Veillonella;unclassified_Veillonella	FJ557325.1.1390	0	0	0	0	0	0	0	0	0	0	0	0	0	0	0	1	0	0	0	0	0	0	0	0	0	0	0	0	0	0	0	0	0	0	0	0	0	0	0	0	0	0	0	0	0	0	0	0	0	0	0	0	0	0	0	0	0	0	0	0	0	0	0	0	0	0	0	0	0	0	0	0	0	0	0	0	0	0	0	0	0	0	0	0	0	0	0	0	0	0	0	0	0	0	0	0	0	0	0	0	0	0	0	0	0	0	0	0	0	0	0	0	0	0	0	0	0	0	0	0	0	0	0	0	0	0	0	0	0	0	0	0	0	0	0	0	0	0	0	0	0	0	0	0	0	0	0	0	0	0	0	0	0	0	0	0	0	0	0	0	0	0	0	0	0	1	0	0	0	0	0	0	0	0	0	0	0	0	0	0	0	0	0	0	0	0	0	0	0	0	0	0	0	0	0	0	0	0	0	0	0	0	0	0	0	0	0	0	0	0	0	0	0	0	0	0	0	0	0	0	0	0	0	0	0	0	0	0	0	0	0	0	0	0	0	0	0	0	0	0	0	0	0	0	0	0	0	0	0	0	0	0	0	0	0	0	0	0	0	0	0	0	0	0	15	0	0	0	0	0	0	0	0	0	0	0	0	0	0	0	0	0	0	1	0	0	0	0	0	0	0	0	0	0	0	0	0	0	0	0	0	0	0	0	0	0	0	0	0	0	0	0	0	0	0	0	0	0	0	0	0	0	0	0	0	0	0	2	0	0	0	0	0	0	0	0	0	0	0	0	0	0	0	0	0	0	0	0	0	0	0	0	0	0	6	0	0	0	0	0	0	0	0	0	0	0	0	0	0	0	0	0	0
Root;Bacteria;Actinobacteriota;Actinomycetia;Actinomycetales;Micrococcaceae;Rothia;Rothia_dentocariosa	JF188434.1.1345	0	0	0	0	0	0	0	0	1	1	0	0	0	0	0	0	0	1	0	0	0	0	0	0	0	0	0	45	0	1	0	0	0	0	0	0	1	0	3	3	4	5	0	2	0	3	14	21	0	0	0	0	1	10	0	0	0	8	0	0	0	0	1	0	0	0	0	0	0	0	0	0	1	13	0	0	10	0	8	4	0	0	0	3	2	0	0	0	1	1	0	0	0	3	4	0	0	2	1	5	4	0	0	0	15	0	0	0	0	0	0	0	1	0	0	0	0	0	0	0	0	43	0	0	0	0	0	1	0	0	23	4	1	2	1	0	2	4	0	0	2	0	0	0	0	0	0	0	0	0	0	0	17	0	0	0	0	0	0	0	0	0	2	0	0	0	0	0	0	1	3	0	0	0	0	0	0	0	0	1	0	0	10	0	0	0	0	0	0	0	0	0	0	0	0	0	0	0	0	0	2	0	0	0	0	0	0	0	0	0	0	0	0	0	0	2	5	0	2	0	0	0	0	0	0	0	0	0	0	0	0	0	0	0	0	0	0	0	0	0	0	0	0	2	1	5	0	0	0	14	0	0	0	0	0	3	0	0	11	1	0	0	1	0	0	0	0	0	0	0	0	0	0	0	0	0	0	0	0	0	0	7	9	0	24	18	0	0	0	5	0	0	0	0	0	2	0	2	0	0	0	0	0	0	0	0	0	7	0	0	0	0	9	0	0	0	0	0	0	0	0	0	7	0	0	0	1	27	0	0	0	0	0	0	0	1	0	0	0	1	16	0	0	0	0	3	0	0	0	0	0	0	1	1	0	0	0	0	0	0	0	0	0	31	2	0	0	0	0	0	3	2	5
Root;Bacteria;Proteobacteria;Gammaproteobacteria;Enterobacterales;Pasteurellaceae;Haemophilus_D;unclassified_Haemophilus_D	EF511181.1.1499	0	0	13	13	9	14	0	0	0	2	1	1	9	7	23	39	15	12	2	1	21	28	3	2	8	37	1	8	8	38	0	0	22	12	0	4	213	217	81	0	122	134	56	7	40	129	40	74	52	11	74	0	5	5	35	25	47	5	19	4	12	32	1	51	44	38	1	5	2	72	174	61	32	10	9	13	10	53	8	0	23	0	65	2	4	3	0	24	0	19	0	2	8	7	30	0	56	5	0	3	0	1	3	63	2	244	11	227	0	10	118	34	26	9	48	0	4	0	135	68	0	1	25	10	38	36	12	111	116	0	8	3	1	27	0	0	1	31	35	0	0	0	5	1	126	33	0	1	3	15	14	5	24	0	26	0	536	4	0	0	0	92	7	21	34	10	12	3	0	376	50	0	5	8	0	38	2	1	5	31	19	7	7	6	11	3	1	1	20	0	0	0	9	37	107	123	15	3	2	0	0	0	3	32	0	8	87	0	2	1	150	0	26	0	1	0	2	2	108	110	22	0	17	0	11	0	1	4	2	22	4	2	3	42	2	0	0	10	3	10	9	0	5	47	12	1	79	4	0	41	315	11	18	0	0	0	0	40	0	87	13	13	0	0	0	0	1	0	0	4	0	0	84	203	18	131	1	2	1	2	41	73	40	1	0	15	8	40	4	28	82	21	4	32	25	3	7	2	5	35	2	2	13	0	11	0	9	11	0	1	0	7	0	24	22	0	0	4	2	20	204	8	15	38	1	0	14	5	61	138	2	0	41	48	0	2	0	68	31	10	0	0	9	0	46	0	1	5	3	32	2	5	23	16	10	14	4	0	1	0	1	11	38	48	0	9	14	0	0	1	29	23	2
Root;Bacteria;Proteobacteria;Gammaproteobacteria;Burkholderiales;Neisseriaceae;Neisseria;Neisseria_elongata	JQ467330.1.1363	0	0	11	9	0	0	0	0	0	0	0	0	0	0	0	2	0	0	0	0	0	0	0	0	0	0	0	0	0	0	0	0	0	0	0	0	0	0	1	0	1	1	4	1	0	2	0	2	0	0	0	0	0	0	1	0	0	0	0	0	0	0	1	0	2	3	0	1	0	0	0	0	2	0	0	0	0	1	0	0	2	0	0	0	0	0	0	0	0	0	0	0	0	0	1	0	0	0	0	0	0	1	0	0	0	1	0	0	0	0	1	0	0	0	0	0	0	0	0	0	0	0	0	0	0	0	0	0	2	0	1	1	0	0	0	0	0	0	0	0	0	0	0	0	0	0	0	0	0	0	1	0	0	0	0	0	0	0	0	0	0	0	0	0	1	0	0	0	0	0	0	0	0	0	0	0	0	0	0	0	0	0	0	0	0	0	1	0	1	0	0	1	0	0	0	0	0	0	0	0	0	0	3	0	0	8	0	0	0	0	1	0	0	0	0	0	0	0	0	0	0	0	0	0	0	0	0	1	0	0	0	0	0	0	0	0	0	0	0	3	2	0	0	0	0	0	0	2	0	1	0	0	0	0	2	0	0	1	0	1	2	0	0	0	0	0	0	0	0	0	0	0	1	0	0	3	0	0	0	0	1	0	0	0	0	3	0	0	1	8	0	0	0	15	0	1	0	0	1	0	0	0	0	0	1	0	0	0	0	3	0	0	0	0	0	0	0	4	0	0	0	0	1	2	0	0	0	0	6	0	0	0	0	0	0	0	0	0	0	0	0	0	0	0	1	1	2	2	2	0	0	3	0	1	0	0	0	0	9	3	0	2	0	0	4	0	0	2	0	0	0	0	0
Root;Bacteria;Actinobacteriota;Actinomycetia;Mycobacteriales;Mycobacteriaceae;Corynebacterium;Corynebacterium_matruchotii	JQ466260.1.1419	7	13	0	1	20	36	43	56	16	25	68	72	5	8	46	68	1	2	29	38	2	0	70	71	8	0	17	0	0	5	0	2	1	15	24	0	15	7	6	9	0	5	0	92	4	25	1	17	21	0	2	0	1	1	8	2	0	22	0	2	21	9	2	12	0	0	0	37	8	6	2	24	48	2	15	7	5	16	0	0	12	3	0	12	21	70	1	4	0	37	0	4	0	0	30	0	0	15	0	11	0	0	6	2	20	3	0	0	0	0	7	17	0	22	1	0	4	0	6	38	0	1	2	3	0	1	5	4	1	0	0	2	5	0	0	0	0	1	13	0	10	0	31	1	0	5	0	1	3	19	0	5	12	7	22	6	0	0	29	89	2	0	0	0	0	0	32	0	23	4	7	0	2	0	0	4	0	0	0	1	0	0	4	38	6	18	2	124	2	0	23	15	2	4	0	0	0	0	0	14	4	10	2	5	0	82	0	24	0	0	8	0	2	0	4	0	12	99	3	6	21	0	5	0	0	0	5	33	1	2	6	31	21	1	35	0	3	68	7	15	2	0	39	5	24	21	37	27	22	5	34	48	3	9	14	14	0	78	10	15	0	5	18	2	0	6	6	1	2	0	1	2	11	0	3	0	0	2	12	0	48	3	0	0	0	0	7	43	15	5	0	133	15	2	0	0	0	16	3	4	59	58	65	0	234	79	67	1	0	21	1	0	1	16	11	5	6	1	1	0	0	0	0	1	81	0	5	0	0	0	10	0	2	1	9	1	24	15	2	1	48	2	5	0	12	1	7	16	1	0	0	2	11	27	1	5	3	0	0	0	10	0	9	23	12	15	26	0	0	34	36	0	47
Root;Bacteria;Firmicutes_C;Negativicutes;Veillonellales;Veillonellaceae;Veillonella;unclassified_Veillonella	HQ799394.1.1459	0	0	0	0	0	0	0	0	0	0	0	0	0	0	0	0	0	0	0	0	0	0	0	0	0	0	0	0	0	0	0	0	0	0	0	1	0	0	0	0	0	0	0	0	0	0	0	0	0	0	0	2	0	0	0	0	0	0	0	0	0	0	0	0	0	0	0	0	0	0	0	0	0	0	0	0	0	0	0	0	0	0	0	0	0	0	0	0	0	0	0	0	0	0	0	0	0	0	0	0	0	0	0	0	0	0	0	0	0	0	0	0	0	0	0	0	0	0	0	0	0	0	0	0	0	0	0	0	0	0	0	0	0	0	0	0	0	0	0	0	0	0	0	0	0	0	0	0	0	0	0	0	0	0	0	0	0	0	0	0	0	0	0	0	0	0	0	0	0	0	0	0	0	0	0	0	0	0	0	0	0	0	0	0	0	0	0	0	0	0	1	0	1	0	0	0	0	0	0	0	0	0	0	0	0	0	0	0	0	0	0	0	0	0	0	0	0	0	0	0	0	0	0	0	0	0	0	0	0	0	0	0	0	0	0	0	0	0	0	0	0	0	0	0	0	0	0	0	0	0	0	0	0	0	0	0	0	0	0	0	0	0	0	0	9	0	0	0	0	0	0	0	0	0	0	0	0	0	0	0	0	0	0	0	0	0	0	0	0	0	0	0	0	0	0	0	0	0	0	0	0	0	0	0	0	0	0	0	0	0	0	0	0	0	0	0	0	0	0	0	0	0	0	0	0	0	0	0	0	0	0	0	0	0	0	3	0	0	0	0	0	0	0	0	0	0	0	0	0	0	0	0	0	0	67	0	0	0	0	0	0	0	0	0	0	0	0	0	0	0	0	0	0
Root;Bacteria;Firmicutes_C;Negativicutes;Veillonellales;Veillonellaceae;Veillonella;unclassified_Veillonella	JQ460182.1.1421	0	0	0	0	0	0	0	0	1	0	0	0	0	0	0	0	0	0	0	0	0	0	0	0	0	0	0	0	0	0	0	0	0	0	0	0	0	0	0	0	0	0	0	0	0	0	0	0	0	0	0	0	0	0	0	0	0	0	0	0	0	0	0	0	0	0	0	0	0	0	0	0	0	0	0	0	0	0	0	0	0	0	0	0	0	0	0	0	0	0	0	0	0	0	0	0	0	0	0	0	0	0	0	0	0	0	0	0	0	0	0	0	0	0	0	0	0	0	0	0	0	0	0	0	0	0	0	0	0	0	0	0	0	0	0	0	0	0	0	0	0	0	0	0	0	0	0	0	0	0	0	0	0	0	0	0	0	0	0	0	0	0	0	0	0	11	0	0	0	0	0	0	0	0	0	0	0	0	0	0	0	0	0	0	0	0	0	0	0	0	0	1	0	0	0	0	0	0	0	0	0	0	0	0	0	0	0	0	0	0	0	0	0	0	0	0	0	0	0	0	0	0	0	0	0	0	0	0	0	0	0	0	0	0	0	0	0	1	0	0	0	0	0	0	0	0	0	0	0	2	0	0	0	0	0	0	0	0	0	0	0	0	0	0	15	0	0	0	0	0	0	0	0	0	0	0	1	0	0	0	0	0	0	0	0	0	0	0	0	0	0	0	0	0	0	0	0	0	0	0	0	0	0	0	0	0	0	0	0	0	0	0	0	0	0	0	0	0	0	0	0	0	0	0	0	0	0	0	0	0	0	0	0	0	0	0	0	0	0	0	0	0	0	0	0	0	0	0	0	0	0	0	0	0	4	0	0	0	0	0	0	0	0	0	0	0	0	0	0	0	0	0	0
Root;Bacteria;Proteobacteria;Gammaproteobacteria;Enterobacterales;Pasteurellaceae;Haemophilus_D;unclassified_Haemophilus_D	JF071157.1.1362	0	0	0	0	0	0	0	0	0	0	0	0	0	0	0	0	2	1	0	0	0	0	0	0	0	0	0	0	0	0	0	0	0	0	0	0	0	0	0	0	0	0	0	0	0	0	0	0	0	0	0	0	0	0	0	0	0	0	0	0	0	0	0	0	0	0	0	0	0	0	0	0	0	0	0	0	0	0	0	0	0	0	0	0	0	0	0	0	0	0	0	0	0	0	0	0	0	0	0	0	0	0	0	0	0	0	0	0	0	0	0	0	0	0	0	0	0	0	0	0	0	0	0	0	0	0	0	0	0	0	0	0	0	0	0	0	0	0	0	0	0	0	0	0	0	0	0	0	0	0	0	0	0	0	0	0	0	0	0	0	0	0	0	0	0	0	0	0	0	0	0	0	0	0	0	0	0	0	0	0	0	0	0	0	0	0	0	0	0	0	0	0	0	0	0	0	0	0	0	0	0	0	0	0	0	0	0	0	0	0	0	0	0	0	0	0	0	0	0	0	0	0	0	0	0	0	0	0	0	0	0	0	0	0	0	0	0	0	0	0	0	0	0	0	0	0	0	0	0	0	0	0	0	0	0	0	0	0	0	0	0	0	0	0	0	0	0	0	0	0	0	0	0	0	0	0	0	0	0	0	0	0	0	0	0	0	0	0	0	0	0	0	0	0	0	0	0	0	0	0	0	0	0	0	0	0	0	0	0	0	0	0	0	0	0	0	0	0	0	0	0	0	0	0	0	0	0	0	0	0	0	0	0	0	0	0	0	0	0	0	0	0	0	0	0	0	0	0	0	0	0	0	0	0	0	0	0	0	0	0	0	0	0	0	0	0	0	0	0	0	0	0	0
Root;Bacteria;Firmicutes_C;Negativicutes;Veillonellales;Veillonellaceae;Veillonella;unclassified_Veillonella	GQ158076.1.1476	0	0	0	0	0	0	1	3	0	0	0	0	0	0	1	0	0	0	0	0	0	0	0	0	0	0	0	0	0	0	0	0	0	0	0	0	0	0	1	1	0	0	0	0	0	0	0	0	0	0	0	0	0	0	0	0	0	0	0	0	0	0	0	0	0	0	0	0	0	0	0	0	0	0	0	0	0	0	0	0	0	0	0	0	0	0	0	0	0	0	0	0	0	0	1	0	0	0	0	0	0	0	0	0	0	0	0	0	0	0	0	3	0	0	0	0	0	0	0	0	0	0	0	0	0	0	0	0	0	0	0	0	0	0	0	0	0	0	0	0	0	0	0	0	0	0	0	0	0	0	0	0	0	0	0	0	0	0	0	0	0	0	0	0	0	8	0	0	0	1	0	0	0	0	0	0	0	0	0	0	0	0	4	2	0	0	0	0	0	0	0	0	1	0	0	0	0	0	0	0	1	0	0	0	0	0	0	1	0	0	0	0	0	0	0	0	0	0	0	0	0	0	0	0	0	0	0	0	0	0	0	1	0	0	1	0	0	0	0	0	0	0	0	0	0	0	0	0	0	1	0	1	0	0	0	0	0	0	0	0	0	0	0	0	1	0	0	0	0	0	0	0	0	0	0	0	0	0	0	0	0	0	0	0	0	0	0	0	0	0	0	0	0	0	0	0	0	0	0	0	0	0	0	0	0	4	0	0	0	0	0	0	0	0	1	0	0	0	0	0	1	0	0	0	0	0	0	0	0	0	0	0	0	0	0	1	0	4	0	0	0	0	0	24	0	1	0	0	0	0	0	0	0	0	31	0	0	0	1	0	1	0	3	0	0	0	0	0	0	0	0	0	0
Root;Bacteria;Actinobacteriota;Actinomycetia;Mycobacteriales;Mycobacteriaceae;Corynebacterium;Corynebacterium_matruchotii	JQ451240.1.1400	0	0	0	0	1	3	0	3	0	1	2	1	0	0	0	0	0	0	1	1	0	0	3	3	0	0	0	0	0	0	0	0	0	1	1	0	1	0	0	1	0	0	0	2	0	1	0	1	1	0	0	0	0	0	0	0	0	0	0	0	0	0	0	0	0	0	0	1	0	0	0	0	0	0	0	0	0	1	0	0	0	1	0	0	0	0	0	0	0	1	0	0	0	0	3	0	0	0	0	1	0	0	0	0	0	0	0	0	0	0	0	0	0	0	0	0	0	0	0	0	0	1	0	0	0	0	1	0	0	0	0	0	0	0	0	0	0	0	0	0	0	0	0	0	0	0	0	0	0	0	0	0	0	0	2	0	0	0	0	0	1	0	0	0	0	0	0	1	0	0	1	0	0	0	0	0	0	0	0	0	0	0	0	0	0	0	0	0	0	0	1	0	0	0	0	0	0	1	0	0	0	0	1	0	0	0	0	0	0	0	0	0	0	2	0	0	0	0	0	0	0	0	0	0	0	0	0	1	0	0	0	0	0	0	0	0	0	0	0	0	0	0	0	0	1	0	0	0	0	0	0	2	0	0	1	1	0	0	0	0	0	0	1	0	0	0	0	0	0	0	0	0	0	0	0	0	0	0	0	0	4	0	0	0	0	0	0	0	1	0	0	0	0	0	0	0	0	0	0	0	0	2	0	0	0	3	0	0	0	0	0	0	0	0	0	0	0	0	0	0	0	0	0	0	1	0	0	0	0	0	0	0	1	0	0	0	0	0	0	0	0	0	0	0	0	0	0	0	0	0	0	0	0	0	0	0	0	0	1	0	0	0	0	0	0	0	1	1	0	0	2	0	0
Root;Bacteria;Proteobacteria;Gammaproteobacteria;Enterobacterales;Pasteurellaceae;Haemophilus_A;Haemophilus_A_parahaemolyticus	HQ742926.1.1451	0	0	0	0	0	0	0	0	0	0	0	0	0	0	0	0	4	2	0	0	0	0	0	0	0	0	0	0	0	0	0	0	0	0	0	0	0	0	0	0	0	0	0	1	0	0	0	0	0	0	0	0	0	0	0	0	0	0	0	0	0	0	0	0	0	0	0	0	0	0	0	0	0	0	0	0	0	0	0	0	0	0	0	0	0	0	0	0	0	0	0	0	0	0	0	0	0	0	0	0	0	0	0	0	0	0	0	0	0	1	0	0	0	0	0	0	0	0	0	0	0	0	0	0	0	0	0	0	0	0	0	0	0	0	0	0	0	0	0	0	0	0	0	0	0	0	0	0	0	0	0	0	0	0	0	0	0	0	0	0	0	0	0	0	0	0	0	0	0	0	0	0	0	0	0	0	0	0	0	0	0	0	0	0	0	0	0	0	0	0	0	0	0	0	0	0	0	0	0	0	0	0	0	0	0	0	0	0	0	0	0	0	0	0	0	0	0	0	0	1	0	0	0	0	0	0	0	0	0	0	0	0	0	0	0	0	0	0	0	0	0	0	0	0	0	0	0	0	0	0	0	0	0	0	0	0	0	0	0	0	0	0	0	0	0	0	0	0	0	0	0	0	0	0	0	0	0	0	0	0	0	0	0	0	0	0	0	0	0	0	0	0	0	0	0	0	0	0	0	0	0	0	0	0	1	0	0	0	0	0	0	0	0	0	0	0	0	0	0	0	0	0	0	0	0	0	0	0	0	0	0	0	0	0	0	0	0	0	0	0	0	0	0	1	0	0	0	0	0	0	0	0	0	0	0	0	0	0	0	0	0	0	0	0	0	0	0	0	0	0	0	0	0
Root;Bacteria;Proteobacteria;Gammaproteobacteria;Enterobacterales;Pasteurellaceae;Haemophilus_D;unclassified_Haemophilus_D	JQ461335.1.1385	0	0	1	0	0	0	0	0	0	0	1	0	0	4	0	0	10	8	0	1	10	6	2	1	1	0	1	5	1	1	0	1	1	1	0	1	0	1	8	0	1	2	10	0	8	21	1	4	0	3	0	0	0	56	4	6	6	0	11	0	2	0	1	12	2	3	0	3	3	0	17	15	10	1	1	0	1	0	9	0	0	0	16	1	0	0	0	4	0	1	0	0	2	0	0	0	5	3	0	0	0	0	2	6	1	3	0	23	0	0	0	2	7	0	23	0	1	0	0	0	0	1	1	2	0	1	0	2	4	0	5	1	0	0	0	5	4	1	0	0	1	0	1	1	0	1	0	0	4	12	3	0	1	0	0	0	0	10	0	0	0	0	2	0	4	4	3	0	0	18	1	0	15	0	0	8	1	32	0	0	8	1	21	31	0	0	0	0	0	0	0	0	5	3	7	9	3	2	0	0	0	0	0	0	0	1	6	0	0	0	1	0	10	0	0	0	0	0	4	3	2	0	3	0	0	0	0	4	2	4	1	1	2	35	7	0	0	12	0	0	5	0	6	0	3	0	0	0	0	9	2	29	3	0	0	0	0	2	0	1	1	1	3	10	0	0	0	0	0	0	0	0	15	15	1	0	1	0	4	0	1	1	0	0	3	65	1	10	0	6	5	1	0	10	10	0	25	0	1	13	0	1	0	0	10	0	0	0	0	0	0	0	37	0	0	0	0	2	0	0	0	0	5	1	5	0	4	2	1	2	1	0	8	9	0	1	0	4	10	25	0	0	9	1	0	0	0	0	0	2	2	1	2	2	1	4	2	0	5	1	2	1	2	13	0	0	0	0	0	0	1	10	0
Root;Bacteria;Proteobacteria;Gammaproteobacteria;Enterobacterales;Pasteurellaceae;Haemophilus;unclassified_Haemophilus	JF117747.1.1361	0	0	2	6	0	0	0	0	0	0	0	0	0	1	0	0	0	1	1	1	0	0	0	0	0	1	0	1	3	1	0	0	9	0	0	0	6	6	1	0	0	0	0	1	0	27	4	2	3	2	0	1	0	6	374	358	43	0	0	3	3	26	97	0	0	0	0	0	3	3	0	1	0	0	0	0	0	0	0	0	0	2	1	0	0	0	0	1	0	0	0	0	9	0	0	0	9	1	0	1	0	5	0	3	0	1	3	21	0	4	9	0	0	0	1	0	0	0	0	2	0	0	0	0	18	7	0	0	1	0	68	0	0	0	0	1	0	3	0	0	0	0	0	2	2	0	0	0	0	11	0	0	15	0	0	0	0	0	0	0	3	0	0	0	14	10	12	1	0	3	3	0	0	0	0	0	0	0	2	5	2	0	0	2	0	0	0	0	5	0	0	0	0	0	0	1	0	0	0	1	0	0	1	0	0	0	0	0	0	2	0	0	2	0	0	0	0	0	1	0	1	0	0	0	0	0	0	0	10	0	0	3	1	7	0	0	0	1	0	0	0	0	5	0	0	0	11	6	0	1	38	0	5	0	0	0	0	0	0	0	2	14	0	0	0	0	0	0	0	4	9	0	0	0	0	0	0	7	27	0	3	0	0	0	1	1	0	0	0	0	4	0	0	0	0	0	0	0	1	8	2	2	2	0	6	0	0	2	0	4	1	2	0	0	3	0	0	0	0	3	6	9	0	3	0	0	14	9	1	1	5	0	0	0	0	0	0	0	0	0	0	0	0	8	1	0	0	11	0	0	10	0	0	1	145	0	0	0	5	3	1	2	0	0	0	0	1	0	0	0	2	3	0
Root;Bacteria;Proteobacteria;Gammaproteobacteria;Enterobacterales;Pasteurellaceae;Haemophilus_D;unclassified_Haemophilus_D	JQ453474.1.1347	0	0	0	0	0	0	0	0	0	0	0	0	0	0	0	0	0	0	0	0	0	0	0	0	0	0	0	0	0	1	0	0	2	0	0	0	0	0	0	0	0	0	0	0	1	10	0	0	0	0	0	0	0	0	0	0	0	0	0	0	0	0	0	3	0	0	0	0	0	0	8	0	1	0	0	0	0	0	0	0	0	0	2	0	0	0	0	6	0	0	0	0	0	0	0	0	5	0	0	1	0	0	0	0	0	0	0	13	0	1	0	0	7	0	0	0	0	0	0	0	0	0	0	0	0	0	0	0	0	0	0	0	0	0	0	0	0	0	0	0	0	0	0	0	0	0	0	0	0	0	0	0	0	0	0	0	0	0	0	0	0	3	2	0	3	0	1	0	0	0	0	0	0	0	0	0	0	0	0	0	0	0	0	0	0	0	0	0	0	0	0	0	0	0	0	0	0	0	0	0	0	0	0	0	0	0	0	0	0	1	0	0	0	0	0	0	0	0	0	0	0	0	0	0	0	0	0	0	0	0	0	0	1	0	0	0	0	0	0	0	0	0	0	0	0	0	0	0	0	0	1	1	0	0	0	0	0	0	0	0	0	0	0	0	0	0	0	0	0	0	0	0	0	0	0	0	0	0	0	0	0	0	0	0	0	0	0	1	0	1	5	0	0	0	0	0	0	0	0	0	0	0	0	0	0	0	0	0	0	0	0	0	0	0	0	0	0	0	0	0	0	1	0	1	1	0	0	0	2	2	0	0	0	0	0	0	0	0	0	0	0	0	0	0	0	0	0	0	0	0	0	0	0	0	0	0	0	0	0	0	0	0	0	0	0	0	0	0	0	0	0	0	0
Root;Bacteria;Proteobacteria;Gammaproteobacteria;Enterobacterales;Pasteurellaceae;Haemophilus;unclassified_Haemophilus	JF091426.1.1366	0	0	0	0	0	0	0	0	0	0	0	0	0	0	0	0	0	0	0	0	0	1	0	0	0	0	0	0	0	0	0	0	0	0	0	0	0	0	0	0	0	0	0	0	0	0	0	0	0	0	0	0	0	0	0	0	0	0	0	0	0	0	1	0	0	0	0	0	0	0	0	0	0	0	0	0	0	0	0	0	0	0	0	0	0	0	0	1	0	0	0	0	0	1	0	0	0	0	0	0	0	0	0	0	0	0	1	0	0	0	0	0	0	0	0	0	0	0	0	0	0	0	0	0	0	0	0	0	0	0	0	0	0	0	0	0	0	0	0	0	0	0	0	0	0	0	0	0	0	0	0	0	3	0	0	0	0	0	0	0	0	0	0	0	0	1	0	0	0	0	0	0	0	0	0	0	0	0	0	0	0	0	0	0	0	0	0	0	0	0	0	0	0	0	0	0	0	0	0	0	0	0	0	0	0	0	0	0	0	0	0	0	0	0	0	0	0	0	1	1	0	0	0	0	0	0	0	0	0	0	0	0	0	0	0	0	0	0	0	0	0	0	0	0	0	0	0	0	0	1	0	0	0	0	0	0	0	0	0	1	0	0	0	0	0	0	0	0	0	0	0	0	0	0	0	0	0	0	0	0	0	0	0	0	0	0	0	0	0	0	0	0	0	2	0	0	0	0	0	0	0	0	0	0	0	0	0	0	0	0	0	0	0	0	0	0	0	0	0	0	0	0	0	0	0	0	0	0	0	0	0	0	0	0	0	0	0	0	0	0	0	0	0	0	0	0	0	0	0	0	0	0	0	0	0	0	0	0	0	0	0	0	0	0	0	0	0	0	0	0	0	0	0
Root;Bacteria;Campylobacterota;Campylobacteria;Campylobacterales;Campylobacteraceae;Campylobacter_A;Campylobacter_A_curvus	CP000767.1788521.1790233	0	0	0	0	0	0	0	0	0	0	4	0	0	0	0	0	0	0	2	2	0	0	0	0	1	0	0	0	0	0	0	1	0	0	0	0	0	4	0	0	0	0	0	0	0	0	0	0	3	0	0	0	1	0	0	0	0	1	0	0	0	0	2	0	0	0	0	0	0	0	0	0	0	0	0	0	0	0	0	0	6	1	0	0	1	0	1	0	0	0	0	0	0	0	0	0	0	0	0	0	0	0	1	0	0	0	0	0	0	0	0	1	0	0	0	0	0	0	0	0	0	0	0	0	0	0	0	0	0	0	0	0	0	0	0	0	0	1	0	0	0	0	0	0	0	0	0	0	0	0	0	0	0	0	0	0	0	0	0	0	0	0	0	0	3	0	0	0	0	0	0	0	0	0	0	0	0	0	0	0	0	0	0	0	0	0	0	0	0	0	1	0	1	0	0	0	0	0	0	0	1	0	0	0	0	0	0	0	0	0	0	0	0	0	0	0	0	0	0	0	0	0	0	0	0	0	0	0	0	0	0	0	1	0	0	0	0	0	0	0	0	0	1	0	0	0	0	3	0	0	0	0	0	0	0	0	0	0	0	0	0	0	0	0	0	0	0	0	0	0	0	0	0	7	0	0	1	0	0	0	0	1	0	0	0	0	0	0	0	1	1	0	0	0	1	12	0	4	0	0	0	0	2	0	0	0	0	0	0	0	0	0	0	19	22	0	0	0	0	0	0	0	0	0	0	0	0	0	0	0	1	0	0	0	0	0	0	0	2	0	0	0	0	0	0	0	0	0	0	0	0	0	0	0	0	0	0	0	0	0	0	0	1	0	0	1	0	0	0	0	0	0	0
Root;Bacteria;Proteobacteria;Gammaproteobacteria;Xanthomonadales;Xanthomonadaceae;Stenotrophomonas;unclassified_Stenotrophomonas	KF254497.1.1421	0	0	0	0	0	0	0	0	0	0	0	0	0	0	0	0	0	0	0	0	0	0	0	0	0	0	0	0	0	0	0	0	0	0	0	0	0	0	0	0	0	0	0	0	0	0	0	0	0	0	0	0	0	0	0	0	0	0	0	0	0	0	0	0	0	0	0	0	0	0	0	0	0	0	0	0	0	0	0	0	0	0	0	0	0	0	0	0	0	0	0	0	0	0	0	0	0	0	0	0	0	0	0	0	0	0	0	0	0	0	0	0	0	0	0	0	0	0	0	0	0	0	0	0	0	0	0	0	0	0	0	0	0	0	0	0	0	0	0	0	0	0	4	0	0	0	0	0	0	0	0	0	0	0	0	0	0	0	0	0	0	0	0	0	0	0	0	0	0	0	0	0	0	0	0	0	0	0	0	0	0	0	0	0	0	0	0	0	0	0	0	0	0	0	0	0	0	0	0	0	0	0	0	0	0	0	0	0	0	0	0	0	0	0	0	0	0	0	0	0	0	0	0	0	0	0	0	0	0	0	0	0	0	0	0	0	0	0	0	0	0	0	0	0	0	0	0	0	0	0	0	0	0	0	0	0	0	0	0	0	0	0	0	0	0	0	0	0	0	0	0	0	0	0	0	0	0	0	0	0	0	0	0	0	0	0	0	0	0	0	0	0	0	0	0	0	0	0	0	0	0	0	0	0	0	0	0	0	0	0	0	0	0	0	0	0	0	0	0	0	0	0	0	0	0	0	0	0	0	0	0	0	0	0	0	0	0	0	0	0	0	0	0	0	0	0	0	0	0	0	0	0	0	0	0	0	0	0	0	0	0	0	0	0	0	0	0	0	0	0	0	0	0
Root;Bacteria;Firmicutes_C;Negativicutes;Veillonellales;Veillonellaceae;Veillonella;unclassified_Veillonella	GQ448318.1.1256	0	0	0	0	1	0	6	10	0	0	0	1	2	0	2	1	0	0	1	1	0	3	2	1	0	2	0	0	0	0	0	0	0	8	22	0	0	0	0	0	8	7	1	0	0	0	0	0	20	0	81	3	0	0	5	4	10	0	1	0	5	7	1	26	14	15	0	2	0	0	9	6	16	2	0	0	2	6	0	0	1	7	1	0	2	0	0	1	2	3	0	0	2	37	6	0	1	8	0	5	0	8	0	1	0	0	5	0	0	0	8	2	1	18	0	0	0	0	3	14	0	0	3	7	0	2	61	11	15	0	4	0	0	2	0	7	7	0	4	0	0	0	34	9	0	6	0	0	2	8	0	0	1	6	0	2	33	2	74	0	4	0	1	1	1	0	1	2	6	257	3	0	0	2	0	3	2	13	0	127	12	6	6	6	11	0	0	0	0	0	17	27	0	10	0	0	0	0	1	0	11	21	3	1	0	1	2	10	0	0	3	11	0	0	0	0	0	3	12	14	1	0	16	0	6	0	13	0	4	0	0	0	6	6	7	0	0	3	0	0	1	0	0	1	1	12	3	0	62	0	9	4	4	13	1	3	0	4	5	0	7	5	1	0	0	1	2	0	0	0	0	7	0	0	0	0	389	4	9	72	24	20	7	2	13	19	8	3	19	0	8	0	0	2	3	0	7	5	0	0	0	1	0	0	51	104	0	12	0	2	0	1	3	2	2	0	0	0	0	0	43	0	0	25	75	0	2	1	0	1	6	0	2	4	2	2	8	18	3	3	8	0	0	44	0	22	0	0	0	12	0	1	0	1	5	3	3	0	217	41	2	0	12	623	2	14	0	2	0	15	24	1	22
Root;Bacteria;Proteobacteria;Alphaproteobacteria;Rhodobacterales;Rhodobacteraceae;Paracoccus;Paracoccus_solventivorans	AY014175.1.1450	0	0	0	0	0	0	0	0	0	0	0	0	0	0	0	0	0	0	0	0	0	0	0	0	0	0	0	0	0	0	0	0	0	0	0	0	0	0	0	0	0	0	0	0	0	0	0	0	0	0	0	0	0	0	0	0	0	0	0	0	0	0	0	0	0	0	0	0	0	0	0	0	0	0	0	0	0	0	0	0	0	0	0	0	0	0	0	0	0	0	0	0	0	0	0	0	0	0	0	0	0	0	0	0	0	0	0	0	0	0	0	0	0	0	0	0	0	0	0	0	0	0	0	0	0	0	0	0	0	0	0	0	0	0	0	0	0	0	0	0	0	0	0	0	0	0	0	0	0	0	0	0	0	0	0	0	0	0	0	0	0	0	0	0	0	0	0	0	0	0	0	0	0	0	0	0	0	0	0	0	0	0	0	0	0	0	0	0	0	0	0	0	0	0	0	0	0	0	0	0	0	0	0	0	0	0	0	0	0	0	0	0	0	0	0	0	0	0	0	0	0	0	0	0	0	0	0	0	0	0	0	0	0	0	0	0	0	0	0	0	0	0	0	0	0	0	0	0	0	0	0	0	0	0	0	0	0	0	0	0	0	0	0	0	0	0	0	0	0	0	0	0	0	0	0	0	0	0	0	0	0	0	0	0	0	0	0	0	0	0	1	0	0	0	0	0	0	0	0	0	0	0	0	0	0	0	0	0	0	0	0	0	0	0	0	0	0	0	0	0	0	0	0	0	0	0	0	0	0	0	0	0	0	0	0	0	0	0	0	0	0	0	0	0	0	0	0	0	0	0	0	0	0	0	0	0	0	0	0	0	0	0	0	0	0	0	0	0	0	0	0	0	0
Root;Bacteria;Actinobacteriota;Actinomycetia;Mycobacteriales;Mycobacteriaceae;Corynebacterium;Corynebacterium_matruchotii	JQ451707.1.1402	0	0	0	0	0	0	0	0	0	0	0	0	0	0	0	0	0	0	0	0	0	0	0	0	0	0	0	0	0	0	0	0	0	0	0	0	0	0	0	0	0	0	0	0	0	0	0	0	0	0	0	0	0	0	0	0	0	0	0	0	0	0	0	0	0	0	0	0	0	0	0	0	0	0	0	0	0	0	0	0	0	0	0	0	0	0	0	0	0	0	0	0	0	0	1	0	0	0	0	0	0	0	0	0	0	0	0	0	0	0	0	0	0	0	0	0	0	0	0	0	0	0	0	0	0	0	0	0	0	0	0	0	0	0	0	0	0	0	0	0	0	0	0	0	0	0	0	0	0	0	0	0	0	0	0	0	0	0	0	0	0	0	0	0	0	0	0	0	0	0	0	0	0	0	0	0	0	0	0	0	0	0	0	0	0	0	0	0	0	0	0	0	0	0	0	0	0	0	0	0	0	0	0	0	0	0	0	0	0	0	0	0	0	0	0	0	0	0	0	0	0	0	0	0	0	0	0	0	0	0	0	0	0	0	0	0	0	0	0	0	0	0	0	0	0	0	0	0	0	0	0	0	0	0	0	0	0	0	0	0	0	0	0	0	0	0	0	0	0	0	0	0	0	0	0	0	0	0	0	0	0	0	0	0	0	0	0	0	0	0	0	0	0	0	0	0	0	0	0	0	0	0	0	0	0	0	0	0	0	0	0	0	0	0	0	0	0	0	0	0	0	0	0	0	0	0	0	0	0	0	0	0	0	0	0	0	0	0	0	0	0	0	0	0	0	0	0	0	0	0	0	0	0	0	0	0	0	0	0	0	0	0	0	0	0	0	0	0	0	0	0	0	0
Root;Bacteria;Proteobacteria;Gammaproteobacteria;Enterobacterales;Pasteurellaceae;Haemophilus;unclassified_Haemophilus	JQ449961.1.1384	0	0	0	0	0	0	0	0	0	0	0	0	0	0	0	6	2	3	1	0	0	0	1	3	0	0	0	7	8	0	0	0	0	0	0	121	1	0	0	0	0	0	0	0	0	0	0	1	0	3	1	0	0	2	0	3	0	0	0	0	0	7	0	0	0	0	4	0	0	3	0	0	0	1	2	0	0	0	0	0	0	0	0	0	1	0	0	0	0	2	0	1	2	32	0	0	33	0	0	0	0	0	0	5	0	0	12	0	0	0	0	0	0	0	1	0	0	0	0	0	0	0	0	0	0	0	0	0	0	0	2	0	0	0	0	0	0	0	0	0	0	0	1	0	8	0	0	0	0	0	0	2	37	0	0	1	0	0	0	0	0	1	0	0	0	21	0	0	0	0	0	0	0	0	0	0	0	0	0	0	0	0	0	3	0	0	0	0	0	0	0	0	0	1	0	0	0	0	1	0	0	0	0	0	0	0	0	0	0	0	0	0	0	0	0	0	0	0	0	0	0	0	0	0	0	0	0	0	0	0	0	1	0	0	0	0	0	0	0	0	0	0	0	4	0	0	0	0	0	0	0	0	0	0	0	0	0	0	0	0	4	5	0	1	0	0	0	0	0	12	0	0	0	0	0	0	0	1	2	0	1	0	0	0	0	0	0	0	0	0	0	0	0	4	0	0	0	0	0	0	0	3	0	2	0	0	0	0	0	0	0	0	0	0	0	0	0	0	0	0	0	1	0	0	0	0	0	1	0	0	0	0	0	0	1	0	10	0	0	0	0	0	0	0	5	0	0	0	1	0	0	14	0	0	7	0	0	0	0	0	0	0	0	0	2	0	0	0	0	0	0	0	0
Root;Bacteria;Proteobacteria;Alphaproteobacteria;Rhodobacterales;Rhodobacteraceae;Paracoccus;unclassified_Paracoccus	JX075109.1.1227	0	0	0	0	0	0	0	0	0	0	0	0	0	0	0	0	0	0	0	0	0	0	0	0	0	0	0	0	0	0	0	0	0	0	0	0	0	0	0	0	0	0	0	0	0	0	0	0	0	0	0	0	0	0	1	0	0	0	0	0	0	0	0	0	0	0	0	0	0	0	0	0	0	0	0	0	0	0	0	0	0	0	0	0	0	0	0	0	0	0	0	0	0	0	0	0	0	0	0	0	0	0	0	0	0	0	0	0	0	0	0	0	0	0	0	0	0	0	0	0	0	0	0	0	0	0	0	0	0	0	0	0	0	0	0	0	0	0	0	0	0	0	0	0	0	0	0	0	0	0	0	0	0	0	0	0	0	0	0	0	0	0	0	0	0	0	0	0	0	0	0	0	0	0	0	0	0	0	0	0	0	0	0	0	0	0	0	0	0	0	0	0	0	0	0	0	0	0	0	0	0	0	0	0	0	0	0	0	0	0	0	0	0	0	0	0	0	0	0	0	0	0	0	0	0	0	0	0	0	0	0	0	0	0	0	0	0	0	0	0	0	0	0	0	0	0	0	0	0	0	0	0	0	0	0	0	0	0	0	0	0	0	0	0	0	0	0	0	0	0	0	0	0	0	0	0	0	0	0	0	0	0	0	0	0	0	0	0	0	0	0	0	0	0	0	0	0	0	0	0	0	0	0	0	0	0	0	0	0	0	0	0	0	0	0	0	0	0	0	0	0	0	0	0	0	0	0	0	0	0	0	0	0	0	0	0	0	0	0	0	0	0	0	0	0	0	0	0	0	0	0	0	0	0	0	0	0	0	0	0	0	0	0	0	0	0	0	0	0	0	0	0	0
Root;Bacteria;Proteobacteria;Gammaproteobacteria;Enterobacterales;Pasteurellaceae;Haemophilus;unclassified_Haemophilus	FW588103.1565.3084	0	0	0	0	0	0	0	0	0	0	0	0	0	0	0	0	0	0	0	0	0	0	0	0	0	0	0	0	0	0	0	0	0	0	0	0	0	0	0	0	0	0	0	0	0	0	0	0	0	0	0	0	0	0	0	0	0	0	0	0	0	0	0	0	0	0	0	0	0	0	0	0	0	0	0	0	0	0	0	0	0	0	0	0	0	0	0	0	0	0	0	0	0	0	0	0	0	0	0	0	0	0	0	0	0	0	0	0	0	0	0	0	0	0	0	0	0	0	0	0	0	0	0	0	0	0	0	0	0	0	0	0	0	0	0	0	0	0	0	0	0	0	0	0	0	0	0	0	0	0	0	0	0	0	0	0	1	0	0	0	0	0	0	0	0	0	0	0	0	0	0	0	0	0	0	0	0	0	0	0	0	0	0	0	0	0	0	0	0	0	0	0	0	0	0	0	0	0	0	0	0	0	0	0	0	0	0	0	0	0	0	0	0	0	0	0	0	0	0	0	0	0	0	0	0	0	0	0	0	0	0	0	0	0	0	0	0	0	0	0	0	0	0	0	0	0	0	0	0	0	0	0	0	0	0	0	0	0	0	0	0	0	0	0	0	0	0	0	0	0	0	0	0	0	0	0	0	0	0	0	0	0	0	0	0	0	0	0	0	0	0	0	0	0	0	0	0	0	0	0	0	0	0	0	0	0	0	0	0	0	0	0	0	0	0	0	0	0	0	0	0	0	0	0	0	0	0	0	0	0	0	0	0	0	0	0	0	0	0	0	0	0	0	0	0	0	0	0	0	0	0	0	0	0	0	0	0	0	0	0	0	0	0	0	0	0	0	0	0	0	0	0	0
Root;Bacteria;Proteobacteria;Gammaproteobacteria;Burkholderiales;Neisseriaceae;Eikenella;unclassified_Eikenella	JQ451250.1.1415	0	0	14	18	0	0	0	0	0	0	2	1	0	2	8	7	0	0	2	0	0	0	0	0	12	0	1	2	1	2	0	4	3	0	5	0	3	4	0	0	1	1	1	18	0	0	65	1	7	6	0	0	1	16	1	1	0	68	2	1	1	28	476	5	11	9	27	9	8	1	5	5	14	2	1	2	0	1	0	0	0	2	3	1	0	2	1	0	4	4	0	12	5	0	3	0	2	0	1	0	0	0	0	0	9	1	0	1	0	4	3	1	1	3	1	0	2	0	35	2	0	1	1	1	17	12	0	1	3	0	884	19	15	0	0	0	1	0	6	0	0	0	0	61	6	0	0	0	1	1	8	1	0	0	0	0	0	0	0	0	0	0	2	1	3	0	3	0	0	1	1	0	5	0	0	0	0	0	37	0	0	0	3	1	1	1	1	3	4	0	13	3	0	0	2	1	0	0	0	0	0	0	5	0	0	7	0	1	2	5	1	0	1	8	2	0	0	1	0	0	22	0	0	0	0	0	0	6	14	0	1	96	4	2	0	0	0	0	2	3	10	0	1	1	2	0	18	10	0	4	0	1	0	0	0	0	0	133	3	0	29	5	2	0	0	1	6	1	0	0	26	0	1	0	0	32	0	0	2	0	3	2	115	0	1	54	1	76	3	21	0	1	0	1	0	0	0	0	8	0	0	1	8	0	3	2	2	0	0	15	4	0	0	0	2	0	0	8	0	0	100	1	0	0	0	0	15	9	0	2	15	0	0	0	43	1	0	1	0	0	0	7	0	0	0	20	24	2	0	0	6	1	0	3	1	5	0	0	9	3	0	2	0	5	74	16	5	3	0	42	18	0	0
Root;Bacteria;Firmicutes_C;Negativicutes;Veillonellales;Veillonellaceae;Veillonella;Veillonella_rogosae	GQ037346.1.1385	0	0	0	4	0	2	0	3	0	1	1	0	1	0	11	3	0	0	0	2	0	2	0	2	0	0	0	2	0	0	0	0	4	1	0	9	2	1	0	0	0	2	0	1	1	2	0	0	0	2	2	2	0	0	6	2	5	0	0	0	2	0	0	2	0	0	0	5	2	0	0	0	0	0	0	0	1	0	1	0	3	2	0	0	1	1	1	1	0	0	0	1	1	1	7	0	2	0	0	0	0	0	1	0	0	0	1	1	0	0	3	1	0	153	5	0	0	0	0	2	0	0	2	1	1	0	7	1	0	0	4	0	0	0	0	0	0	0	0	0	0	0	0	0	0	9	0	0	0	4	0	2	5	0	0	1	1	8	0	0	1	0	1	0	0	73	0	0	0	1	0	0	4	1	0	0	0	1	0	0	0	0	1	0	0	0	0	0	1	0	0	0	0	0	0	4	1	0	0	0	0	1	3	0	0	0	2	1	0	1	0	0	4	0	0	0	2	0	0	0	0	0	0	0	0	0	0	0	0	0	1	1	0	1	0	0	0	5	0	0	0	0	0	2	2	1	0	8	0	11	1	2	2	3	0	1	0	0	1	0	0	0	0	0	0	0	1	0	0	0	0	0	1	0	0	0	44	0	3	3	0	0	0	0	0	1	1	0	0	0	1	5	0	0	0	0	0	0	0	0	0	1	0	0	5	0	0	0	0	3	0	0	0	0	1	0	0	0	0	0	0	0	4	2	0	0	1	0	0	0	1	0	0	0	0	0	0	95	1	2	1	0	4	3	0	0	0	0	0	0	0	7	0	1	11	2	0	0	26	1	11	0	1	8	0	0	0	0	0	0	1	0	0
Root;Bacteria;Bacteroidota;Bacteroidia;Flavobacteriales;Weeksellaceae;Epilithonimonas;unclassified_Epilithonimonas	JF171264.1.1345	0	0	0	0	0	0	0	0	0	0	0	0	0	0	0	0	0	0	0	0	0	0	0	0	0	0	0	0	0	0	0	0	0	0	0	0	0	0	0	0	0	0	0	0	0	0	0	0	0	0	0	0	0	0	0	0	0	0	0	0	0	0	0	0	0	0	0	0	0	0	0	0	0	0	0	0	0	0	0	0	0	0	0	0	0	0	0	0	0	0	0	0	0	0	0	0	0	0	0	0	0	0	0	0	0	0	0	0	0	0	0	0	0	0	0	0	0	0	0	0	0	0	0	0	0	0	0	0	0	0	0	0	0	0	0	0	0	0	0	0	0	0	0	0	0	0	0	0	0	0	0	0	0	0	0	0	0	0	0	0	0	0	0	0	0	0	0	0	0	0	0	0	0	0	0	0	0	0	0	0	0	0	0	0	0	0	0	0	0	0	0	0	0	0	0	0	0	0	0	1	0	0	0	0	0	0	0	0	0	0	0	0	0	0	0	0	0	0	0	0	0	0	0	0	0	0	0	0	0	0	0	0	0	0	0	0	0	0	0	0	0	0	0	0	0	0	0	0	0	0	0	0	0	0	0	0	0	0	0	0	0	0	0	0	0	0	0	0	0	0	0	0	0	0	0	0	0	0	0	0	0	0	0	0	0	0	0	0	0	0	0	0	0	0	0	0	0	0	0	0	0	0	0	0	0	0	0	0	0	0	0	0	0	0	0	0	0	0	0	0	0	0	0	0	0	0	0	0	0	0	0	0	0	0	0	0	0	0	0	0	0	0	0	0	0	0	0	0	0	0	0	0	0	0	0	0	0	0	0	0	0	0	0	0	0	0	0	0	0	0	0	0	0
Root;Bacteria;Firmicutes_C;Negativicutes;Veillonellales;Veillonellaceae;Veillonella;unclassified_Veillonella	JQ460168.1.1415	0	0	0	0	0	0	28	25	0	1	1	2	0	0	2	2	0	0	0	0	0	0	0	0	0	0	1	0	0	0	0	0	0	0	0	20	0	2	30	1	0	1	0	2	0	0	3	0	0	0	1	2	0	0	0	1	1	0	0	0	2	0	0	3	5	3	0	0	0	1	0	0	0	1	0	0	4	0	0	0	0	1	0	0	0	4	0	0	0	1	0	2	0	0	2	0	1	0	0	1	0	1	0	0	1	4	7	0	0	1	6	6	0	0	0	0	0	0	0	1	0	2	5	1	1	0	3	0	0	0	0	0	0	0	0	3	4	0	0	0	0	0	3	0	0	10	0	0	1	0	0	3	2	0	0	6	0	0	1	0	0	0	0	0	0	201	0	0	0	2	3	0	0	12	0	0	0	0	0	13	0	0	33	36	0	0	0	0	0	0	0	1	13	19	0	0	0	0	0	0	12	9	0	0	0	3	0	2	0	0	2	0	1	0	0	0	1	3	0	1	1	0	5	0	0	0	0	0	2	0	0	4	0	1	5	0	0	1	0	0	0	0	0	5	0	4	0	0	0	5	0	53	0	0	0	0	0	15	2	0	0	0	0	0	18	0	0	0	0	12	0	0	2	0	0	0	20	0	0	0	0	7	0	2	1	1	2	0	7	0	1	0	0	0	1	0	0	6	0	3	0	0	0	0	0	123	0	0	0	2	0	0	4	0	0	0	0	0	0	0	20	0	0	19	6	0	1	1	0	0	0	0	0	6	0	12	5	135	0	1	0	0	0	234	0	7	0	0	0	0	0	3	1	2	742	1	2	0	6	1	6	0	33	2	0	0	8	0	0	8	0	2	2
Root;Bacteria;Firmicutes_C;Negativicutes;Veillonellales;Veillonellaceae;Veillonella;unclassified_Veillonella	JQ453432.1.1439	1	0	0	0	0	1	0	0	5	2	0	0	0	0	1	2	1	1	1	0	0	0	0	0	0	0	0	0	0	0	0	0	0	0	0	0	0	0	0	0	2	0	0	0	0	0	0	0	1	0	0	0	0	0	0	0	0	0	0	0	0	0	0	0	0	0	0	0	0	0	0	0	0	0	0	0	0	0	0	0	0	0	0	0	0	0	0	0	0	0	0	0	0	0	0	0	0	0	0	0	0	0	0	0	0	0	1	0	0	0	0	0	0	1	0	0	0	0	0	0	0	0	0	0	0	0	0	2	0	0	1	0	0	0	0	0	0	0	0	0	0	0	0	0	0	1	0	0	0	0	0	1	0	0	0	0	0	0	0	0	0	0	0	0	0	0	0	0	0	0	0	0	1	0	0	0	0	0	0	0	0	0	0	1	0	0	0	0	0	0	1	0	0	0	0	0	0	0	0	0	0	0	0	0	0	0	1	0	0	0	0	0	0	0	0	0	0	0	0	0	0	0	0	0	0	0	0	0	0	0	0	0	0	0	0	0	0	0	0	0	0	0	0	0	0	0	0	0	0	0	0	0	0	0	0	0	0	0	0	0	0	0	0	1	0	0	0	0	0	0	0	1	0	0	0	0	1	0	0	0	0	0	0	1	0	0	0	0	0	0	0	0	0	0	0	0	0	0	0	0	0	0	0	0	2	0	0	0	0	1	0	0	0	4	2	0	0	0	0	0	0	0	0	0	0	0	0	0	0	3	0	0	0	2	0	0	0	0	0	0	1	0	0	2	0	0	0	0	0	0	1	0	0	0	0	0	0	0	0	0	1	0	0	1	0	0	0	0	0	0	0	1	0
Root;Bacteria;Actinobacteriota;Actinomycetia;Mycobacteriales;Mycobacteriaceae;Corynebacterium;Corynebacterium_matruchotii	JQ472197.1.1406	0	0	0	1	3	7	0	0	1	2	3	7	3	2	8	6	1	0	0	0	0	0	2	3	1	0	4	0	0	0	0	1	0	1	3	0	2	3	4	6	0	0	0	34	7	6	0	7	2	0	0	1	0	0	0	1	0	16	0	0	0	0	0	16	0	0	0	4	1	0	0	0	0	0	0	0	1	2	0	0	5	2	0	0	2	1	1	1	0	0	0	0	0	0	1	0	0	12	0	0	0	8	4	0	1	0	0	0	0	0	0	3	0	9	0	0	0	0	1	13	0	0	0	0	0	0	4	0	0	0	0	0	2	0	0	0	0	0	2	0	1	0	33	0	0	0	0	0	0	0	0	5	0	0	0	1	0	0	2	11	0	0	0	0	0	0	2	0	1	0	0	0	0	14	0	0	0	0	0	5	0	1	2	0	0	0	1	0	1	0	2	1	0	0	1	6	1	0	1	0	0	0	0	2	0	2	0	2	0	0	1	0	1	0	3	0	4	6	4	2	0	0	0	0	0	0	0	2	0	0	0	2	0	2	0	0	0	0	0	0	0	0	1	4	0	2	0	4	0	2	25	9	0	0	6	0	0	1	1	3	0	0	4	0	0	0	0	0	0	0	0	2	0	0	0	0	0	0	0	0	7	0	0	3	3	0	0	3	0	0	1	0	0	0	2	0	0	1	1	1	0	0	9	0	20	1	9	0	0	4	1	0	0	2	4	1	0	3	1	0	0	0	0	0	24	0	0	0	10	1	6	0	0	0	0	0	6	0	1	0	2	2	0	0	0	14	0	0	0	1	0	0	0	4	1	2	0	0	0	0	22	1	0	5	16	0	8	1	0	4	10	0	18
Root;Bacteria;Proteobacteria;Gammaproteobacteria;Enterobacterales;Pasteurellaceae;Haemophilus;unclassified_Haemophilus	JQ448691.1.1371	0	0	8	13	0	0	0	0	0	0	0	0	2	2	0	0	0	0	1	2	1	1	0	2	0	0	1	0	1	5	0	0	4	0	0	0	5	6	0	0	0	1	0	1	0	23	7	1	1	3	0	0	1	1	101	71	31	0	0	4	0	4	34	1	0	0	0	0	0	1	1	2	2	0	4	0	2	0	0	0	0	4	0	2	0	0	0	0	0	0	0	0	9	4	0	0	2	3	0	0	0	3	0	5	0	0	13	41	0	1	10	0	0	0	1	0	0	0	0	9	0	1	0	0	11	2	0	10	8	0	52	0	0	0	0	5	1	3	0	0	0	0	1	1	5	0	0	0	5	10	0	0	3	0	0	1	1	0	0	0	2	0	0	0	8	8	2	0	0	1	8	0	0	0	0	0	0	0	0	4	0	0	0	2	0	0	0	1	1	0	0	0	0	0	1	1	0	0	0	0	0	0	0	0	0	0	0	0	0	2	3	0	0	0	3	0	0	0	0	1	2	0	0	0	0	0	1	0	2	0	2	8	1	1	0	0	2	0	0	0	0	0	0	1	0	0	16	8	0	1	6	0	1	0	0	1	0	2	0	1	0	1	0	0	0	0	0	0	0	0	11	0	2	0	0	0	0	4	8	0	2	0	0	0	1	1	0	0	0	1	1	0	0	0	1	0	0	1	1	7	2	9	10	0	3	2	0	0	0	3	0	0	0	2	0	0	0	5	0	15	2	30	0	5	0	0	6	6	4	11	3	0	0	0	0	0	0	0	0	0	0	0	0	5	4	0	0	20	5	0	16	0	0	10	35	0	0	0	2	1	2	4	0	4	1	0	3	0	0	0	1	1	0
Root;Bacteria;Actinobacteriota;Actinomycetia;Actinomycetales;Micrococcaceae;Rothia;Rothia_dentocariosa	JQ452830.1.1354	0	0	2	1	0	0	0	0	0	1	0	0	0	0	0	0	0	0	0	0	0	0	0	0	0	0	0	0	0	0	0	0	0	0	0	0	0	0	0	0	0	0	0	0	0	0	0	0	0	0	0	0	0	2	0	2	1	0	0	0	0	0	4	0	1	0	1	0	0	0	0	0	1	1	0	0	0	0	1	0	0	0	0	0	0	0	0	0	0	0	0	0	0	0	0	0	0	0	0	0	0	0	0	0	0	0	0	0	0	0	0	0	0	0	0	0	0	0	0	0	0	1	0	0	0	0	0	0	0	0	0	0	1	0	0	0	1	0	0	0	0	0	0	0	0	0	0	0	0	0	0	0	0	0	0	0	0	0	0	0	0	0	0	1	0	0	0	0	0	0	0	0	0	0	0	0	0	0	0	0	0	0	0	0	0	0	0	0	0	0	0	0	0	0	0	0	0	0	0	0	0	0	0	0	0	0	0	0	0	0	0	0	0	0	0	0	0	0	0	0	0	0	0	0	0	0	0	0	0	0	0	0	0	0	0	0	0	0	0	0	0	0	0	0	0	0	0	0	1	0	1	0	0	0	0	0	0	0	1	0	0	0	0	0	0	0	0	0	0	0	0	0	0	1	0	0	0	0	0	0	0	0	0	0	0	0	0	0	0	0	0	0	0	0	0	0	0	0	0	0	0	0	0	0	0	0	0	1	0	0	0	0	1	0	0	0	0	0	0	0	0	0	0	1	0	0	0	0	0	0	0	0	0	0	0	0	0	0	0	0	0	0	0	0	0	0	0	0	0	0	0	0	0	0	0	0	0	0	0	0	0	0	0	0	0	0	0	0	0	0	0	0	0
Root;Bacteria;Proteobacteria;Gammaproteobacteria;Enterobacterales;Pasteurellaceae;Haemophilus;unclassified_Haemophilus	JQ448844.1.1391	0	0	0	0	0	0	0	0	0	0	0	0	0	0	0	0	0	0	0	0	0	0	0	0	0	0	0	0	0	0	0	0	0	0	0	0	0	0	0	0	0	0	0	0	0	0	0	0	0	0	0	0	0	0	0	0	0	0	0	0	0	0	0	0	0	0	0	0	0	0	0	0	0	0	0	0	0	0	0	0	0	0	0	0	0	0	0	0	0	0	0	0	0	0	0	0	0	0	0	0	0	0	0	0	0	0	4	0	0	0	0	0	0	0	0	0	0	0	0	0	0	0	0	0	0	0	0	0	0	0	0	0	0	0	0	0	0	0	0	0	0	0	0	0	0	0	0	0	0	0	0	0	0	0	0	0	0	0	0	0	0	0	0	0	0	0	0	0	0	0	0	0	0	0	0	0	0	0	0	0	0	0	0	0	0	0	0	0	0	0	0	0	0	0	0	0	0	0	0	0	0	0	0	0	0	0	0	0	0	0	0	0	0	0	0	0	0	0	0	0	0	0	0	0	0	0	0	0	0	0	0	0	0	0	0	0	0	0	0	0	0	0	0	0	0	0	0	0	0	0	0	0	0	0	0	0	0	0	0	0	0	0	0	0	0	0	0	0	0	0	0	0	0	0	0	0	0	0	0	0	0	0	0	0	0	0	0	0	0	0	0	0	0	0	0	0	0	0	0	0	0	0	0	0	0	0	0	0	0	0	0	0	0	0	0	0	0	0	0	0	0	0	0	0	0	0	0	0	0	0	0	0	0	0	0	0	0	0	0	0	0	0	0	0	0	0	0	0	0	0	0	0	0	0	0	0	0	0	0	0	0	0	0	0	0	0	0	0	0	0	0	0	0
Root;Bacteria;Proteobacteria;Gammaproteobacteria;Enterobacterales;Pasteurellaceae;Haemophilus_D;unclassified_Haemophilus_D	JQ453347.1.1261	0	0	0	0	0	0	0	0	0	0	0	0	0	0	0	0	0	2	0	0	0	0	0	0	0	0	0	0	0	0	0	0	0	0	0	0	0	0	0	0	0	0	0	0	0	0	0	0	0	0	0	0	0	1	0	0	0	0	0	0	0	0	0	0	0	0	0	0	0	0	0	0	0	0	0	0	0	0	0	0	0	0	0	0	0	0	0	0	0	0	0	0	0	0	0	0	0	0	0	0	0	0	0	0	0	0	0	1	0	0	0	0	0	0	0	0	0	0	0	0	0	0	0	0	0	0	0	0	0	0	0	0	0	0	0	0	0	0	0	0	0	0	0	0	0	0	0	0	0	0	0	0	0	0	0	0	0	0	0	0	0	0	0	0	0	0	0	0	0	0	0	0	0	0	0	0	0	0	0	0	0	0	0	0	0	0	0	0	0	0	0	0	0	0	0	0	0	0	0	0	0	0	0	0	0	0	0	0	0	0	0	0	0	0	0	0	0	0	0	0	0	0	0	0	0	0	0	0	0	0	0	0	0	0	0	0	0	0	0	0	0	0	0	0	0	0	0	0	0	1	0	1	0	0	0	0	0	0	0	0	0	0	0	0	0	0	0	0	0	0	0	0	0	0	0	0	0	0	0	0	0	0	0	0	0	0	0	0	0	0	0	0	0	0	0	0	0	0	0	0	0	0	0	0	0	0	0	0	0	0	0	0	0	0	0	0	0	0	0	0	0	0	0	0	0	0	0	0	0	0	0	0	0	0	0	0	0	0	0	0	0	0	0	0	0	0	0	0	0	0	0	0	0	0	0	0	0	0	0	0	0	0	0	0	0	0	0	0	0	0	0	0	0
Root;Bacteria;Actinobacteriota;Actinomycetia;Mycobacteriales;Mycobacteriaceae;Corynebacterium;Corynebacterium_durum	JF142294.1.1357	0	0	7	9	6	3	0	0	0	0	1	1	1	2	2	4	0	0	5	3	0	0	2	4	1	4	0	18	17	1	0	5	0	0	23	0	3	3	2	55	19	18	90	25	16	59	40	4	6	25	0	3	1	25	4	5	0	9	4	29	2	14	4	2	25	34	5	11	6	0	0	13	20	0	17	2	13	21	0	0	1	0	1	9	13	11	19	7	0	4	0	0	12	0	13	0	1	2	0	1	0	0	1	2	3	0	0	4	0	5	2	0	0	3	1	0	0	0	8	2	0	20	16	9	0	0	7	9	9	0	0	6	44	0	0	13	5	2	0	0	0	0	0	0	3	0	0	1	2	1	2	0	10	0	0	2	1	4	1	3	0	9	2	2	0	1	16	1	0	25	1	0	3	1	0	0	0	3	16	3	1	0	4	4	2	0	0	1	0	0	10	5	0	19	12	6	0	0	0	19	3	1	17	0	0	4	4	3	0	0	0	0	0	0	0	0	10	11	2	2	17	0	7	1	0	0	0	2	1	1	0	10	1	6	27	0	1	3	0	0	0	0	0	26	0	1	15	4	0	47	1	3	1	2	5	9	1	33	1	1	4	0	6	0	0	0	1	0	3	2	10	2	12	5	3	11	0	7	4	1	0	4	0	0	3	15	2	6	10	21	0	0	0	25	0	0	0	1	3	4	0	0	1	0	0	0	0	9	0	3	0	1	5	0	1	0	0	0	0	0	5	5	0	13	0	0	0	11	2	5	0	0	0	1	65	20	0	0	5	0	8	0	0	2	12	2	0	8	1	0	0	23	5	2	0	17	1	0	43	9	4	3	7	9	12	3	5	0	0	19	0	2	5
Root;Bacteria;Actinobacteriota;Actinomycetia;Mycobacteriales;Mycobacteriaceae;Corynebacterium;Corynebacterium_matruchotii	JQ464718.1.1343	0	0	0	0	0	0	4	4	0	0	1	0	0	0	8	0	0	0	0	0	0	0	1	3	0	0	3	0	0	0	0	0	0	0	2	0	1	0	0	2	0	0	0	4	1	0	0	1	1	0	0	0	1	0	2	0	0	10	0	0	1	0	0	2	0	0	0	0	0	0	1	5	0	0	1	0	0	1	0	0	1	1	0	1	0	1	1	0	0	2	0	2	0	0	4	0	0	1	0	0	0	0	0	0	0	0	0	0	0	0	0	1	0	0	0	0	1	0	0	2	0	0	0	0	0	0	1	0	0	0	0	1	0	1	0	0	0	0	0	0	0	0	0	0	0	0	0	0	0	0	0	1	1	0	1	0	0	0	1	13	0	0	0	0	0	0	5	0	1	0	0	0	0	0	0	0	0	0	0	1	0	0	0	0	3	3	0	23	1	0	1	2	0	0	0	0	1	0	0	1	0	0	0	0	0	36	0	3	0	0	1	0	0	0	1	0	0	1	0	0	0	0	0	0	0	0	0	8	0	0	1	0	1	0	0	0	0	4	0	0	0	0	0	1	1	1	4	2	0	0	13	6	0	0	7	0	0	2	0	0	0	0	1	0	0	0	0	0	0	0	0	0	0	0	0	0	1	0	0	0	4	1	0	0	0	0	0	2	0	0	0	5	0	0	0	0	0	1	1	0	0	3	0	0	21	4	1	0	0	8	1	0	0	0	1	0	0	0	0	0	1	0	0	1	4	0	2	0	0	0	0	0	0	0	0	0	5	0	0	0	4	0	0	0	0	0	0	0	0	0	0	0	1	8	0	1	0	0	0	0	0	0	0	1	2	0	2	0	0	2	2	0	0
Root;Bacteria;Actinobacteriota;Actinomycetia;Mycobacteriales;Mycobacteriaceae;Corynebacterium;Corynebacterium_matruchotii	JQ452700.1.1384	0	0	0	0	0	0	0	0	0	0	0	1	0	0	0	0	0	0	0	0	0	0	0	1	0	0	0	0	0	0	0	0	0	0	0	0	0	0	0	0	0	0	0	0	0	0	0	0	0	0	0	0	0	0	0	0	0	0	0	0	0	0	0	0	0	0	0	0	0	0	0	0	0	0	0	0	0	1	0	0	0	0	0	0	0	0	0	0	0	0	0	0	0	0	0	0	0	0	0	0	0	0	0	0	0	0	0	0	0	0	0	0	0	0	0	0	0	0	0	0	0	0	0	0	0	0	0	0	0	0	0	0	0	0	0	0	0	0	0	0	0	0	0	0	0	0	0	0	0	0	0	0	0	0	0	0	0	0	0	0	0	0	0	0	0	0	0	0	0	0	0	0	0	0	0	0	0	0	0	0	0	0	0	0	0	0	0	1	0	0	0	0	0	0	0	0	0	0	0	0	0	0	0	0	0	0	0	0	0	0	0	0	0	0	0	0	0	0	0	0	0	0	0	0	0	0	0	0	0	0	0	0	0	0	0	0	0	0	0	0	0	0	0	0	0	0	1	0	0	0	0	0	0	0	0	0	0	0	0	0	0	0	0	0	0	0	0	0	0	0	0	0	0	0	0	0	0	0	0	0	0	0	0	0	0	0	0	0	0	0	0	0	1	0	0	0	0	0	0	0	0	1	0	0	0	0	0	0	0	0	0	0	0	0	0	0	0	0	0	0	0	0	0	0	0	0	0	0	0	0	0	0	0	0	0	0	0	0	0	0	0	0	0	0	0	0	0	0	1	0	0	0	0	0	0	0	0	0	0	0	0	0	0	0	0	0	0	0	0	0	0	0	0
Root;Bacteria;Proteobacteria;Gammaproteobacteria;Burkholderiales;Burkholderiaceae;Sutterella;Sutterella_wadsworthensis	EU767533.1.1322	0	0	0	0	0	0	0	0	0	0	0	0	0	0	0	0	0	0	0	0	0	0	0	0	0	0	0	0	0	0	0	0	0	0	0	0	0	0	0	0	0	0	0	0	0	0	0	0	0	0	0	0	0	0	0	0	0	0	0	0	0	0	0	0	0	0	0	0	0	0	0	0	0	0	0	0	0	0	0	0	0	0	0	0	0	0	0	0	0	1	0	0	0	0	0	0	0	0	0	0	0	0	0	0	0	0	0	0	0	0	0	0	0	0	0	0	0	0	0	0	0	0	0	0	0	0	0	0	0	0	0	0	0	0	0	0	0	0	0	0	0	0	0	0	0	0	0	0	0	0	0	0	0	0	0	0	0	0	0	0	0	0	0	0	0	0	0	0	0	0	0	0	0	0	0	0	0	0	0	0	0	0	0	0	0	0	0	0	0	0	0	0	0	0	0	0	0	0	0	0	0	0	0	0	0	0	0	0	0	0	0	0	0	0	0	0	0	0	0	0	0	0	0	0	0	0	0	0	0	0	0	0	0	0	0	0	0	0	0	0	0	0	0	0	0	0	0	0	0	0	0	0	0	0	0	0	0	0	0	0	0	0	0	0	0	0	0	0	0	0	0	0	0	0	0	0	0	0	0	0	0	0	0	0	0	0	0	0	0	0	0	0	0	0	0	0	0	0	0	0	0	0	0	0	0	0	0	1	0	0	0	0	0	0	0	0	0	0	0	0	0	0	0	0	0	0	0	0	0	0	0	0	0	0	0	0	0	0	0	0	0	0	0	0	1	0	0	0	0	0	0	0	0	0	0	0	0	0	0	0	0	0	0	0	0	0	0	0	0	0	0	0	0
Root;Bacteria;Firmicutes_A;Clostridia;Lachnospirales;Lachnospiraceae;Anaerostipes;unclassified_Anaerostipes	DQ794561.1.1393	0	0	0	0	0	0	0	0	0	0	0	0	0	0	0	0	0	0	0	0	0	0	0	0	0	0	0	0	0	0	0	0	0	0	0	0	0	0	0	0	0	0	0	0	0	0	0	0	0	0	0	0	0	0	0	0	0	0	0	0	0	0	0	0	0	0	0	0	0	0	0	0	0	0	0	0	0	0	0	0	0	0	0	0	0	0	0	0	0	0	0	0	0	0	0	0	0	0	0	0	0	0	0	0	0	0	0	0	0	0	0	0	0	0	0	0	0	0	0	0	0	0	0	0	0	0	0	0	0	0	0	0	0	0	0	0	0	0	0	0	0	0	0	0	0	0	0	0	0	0	0	0	0	0	0	0	0	0	0	0	0	0	0	0	0	0	0	0	0	0	0	0	0	0	0	0	0	2	0	0	0	0	0	0	0	0	0	0	0	0	0	0	0	0	0	0	0	0	0	0	0	0	0	0	0	0	0	0	0	0	0	0	0	0	0	0	0	0	0	0	0	0	0	0	0	0	0	0	0	0	0	0	0	0	0	0	0	0	0	0	0	0	0	0	0	0	0	0	0	0	0	0	0	0	0	0	0	0	0	0	0	0	0	0	0	0	0	0	0	0	0	0	0	0	0	0	0	0	0	0	0	0	0	0	0	0	0	0	0	0	0	0	0	0	0	0	0	0	0	0	0	0	0	0	0	0	0	0	0	0	0	0	0	0	0	0	0	0	0	0	0	0	0	0	0	0	0	0	0	0	0	0	0	0	0	0	0	0	0	0	0	0	0	0	0	0	0	0	0	0	0	0	0	0	0	0	0	0	0	0	0	0	0	0	0	0	0	0	0	0	0	0	0
Root;Bacteria;Proteobacteria;Gammaproteobacteria;Xanthomonadales;Xanthomonadaceae;Stenotrophomonas;unclassified_Stenotrophomonas	HM314278.1.1366	0	0	0	0	0	0	0	0	0	0	0	0	0	0	0	0	0	0	0	0	0	0	0	0	0	0	0	0	0	0	0	0	0	0	0	0	0	0	0	0	0	0	0	0	0	0	0	0	0	0	0	0	0	0	0	0	0	0	0	0	0	0	0	0	0	0	0	0	0	0	0	0	0	0	0	0	0	0	0	0	0	0	0	0	0	0	0	0	0	0	0	0	0	0	0	0	0	0	0	0	0	0	0	0	0	0	0	0	0	0	0	0	0	0	0	0	0	0	0	0	0	0	0	0	0	0	0	0	0	0	0	0	0	0	0	0	0	0	0	0	0	0	0	0	0	0	0	0	0	0	0	0	0	0	0	0	0	0	0	0	0	0	0	0	0	0	0	0	0	0	0	0	0	0	0	0	0	0	0	0	0	0	0	0	0	0	0	0	0	0	0	0	0	0	0	0	0	0	0	0	0	0	0	0	0	0	0	0	0	0	0	0	0	0	0	0	0	0	0	0	0	0	0	0	0	0	0	0	0	0	0	0	0	0	0	0	0	0	0	0	0	0	0	0	0	0	0	0	0	0	2	0	0	0	0	0	0	0	0	0	0	0	0	0	0	0	0	0	0	0	0	0	0	0	0	0	0	0	0	0	0	0	0	0	0	0	0	0	0	0	0	0	0	0	0	0	0	0	0	0	0	0	0	0	0	0	0	0	0	0	0	0	0	0	0	0	0	0	0	0	0	0	0	0	0	0	0	0	0	0	0	0	0	0	0	0	0	0	0	0	0	0	0	0	0	0	0	0	0	0	0	0	0	0	0	0	0	0	0	0	0	0	0	0	0	0	0	0	0	0	0	0	0
Root;Bacteria;Proteobacteria;Gammaproteobacteria;Xanthomonadales;Xanthomonadaceae;Stenotrophomonas;unclassified_Stenotrophomonas	JX392999.1.1443	0	0	0	0	0	0	0	0	0	0	0	0	0	0	0	0	0	0	0	0	0	0	0	0	0	0	0	0	0	0	0	0	0	0	0	0	0	0	0	0	0	0	0	0	0	0	0	0	0	0	0	0	0	0	0	0	0	0	0	0	0	0	0	0	0	0	0	0	0	0	0	0	0	0	0	0	0	0	0	0	0	0	0	0	0	0	0	0	0	0	0	0	0	0	0	0	0	0	0	0	0	0	0	0	0	0	0	0	0	0	0	0	0	0	0	0	0	0	0	0	0	0	0	0	0	0	0	0	0	0	0	0	0	0	0	0	0	0	0	0	0	0	2	0	0	0	0	0	0	0	0	0	0	0	0	0	0	0	0	0	0	0	0	0	0	0	0	0	0	0	0	0	0	0	0	0	0	0	0	0	0	0	0	0	0	0	0	0	0	0	0	0	0	0	0	0	0	0	0	0	0	0	0	0	0	0	0	0	0	0	0	0	0	0	0	0	0	0	0	0	0	0	0	0	0	0	0	0	0	0	0	0	0	0	0	0	0	0	0	0	0	0	0	0	0	0	0	0	0	0	0	0	0	0	0	0	0	0	0	0	0	0	0	0	0	0	0	0	0	0	0	0	0	0	0	0	0	0	0	0	0	0	0	0	0	0	0	0	0	0	0	0	0	0	0	0	0	0	0	0	0	0	0	0	0	0	0	0	0	0	0	0	0	0	0	0	0	0	0	0	0	0	0	0	0	0	0	0	0	0	0	0	0	0	0	0	0	0	0	0	0	0	0	0	0	0	0	0	0	0	0	0	0	0	0	0	0	0	0	0	0	0	0	0	0	0	0	0	0	0	0	0	0
Root;Bacteria;Proteobacteria;Gammaproteobacteria;Enterobacterales;Pasteurellaceae;Haemophilus_D;unclassified_Haemophilus_D	JQ452653.1.1393	0	0	0	0	1	1	0	0	0	0	0	0	0	0	0	0	1	0	0	0	0	0	0	0	0	0	0	0	0	0	0	0	0	0	0	0	0	1	0	0	1	0	0	0	0	0	0	0	0	0	0	0	0	0	0	0	0	0	0	0	0	0	0	0	0	0	0	0	0	0	0	0	0	0	0	0	0	0	0	0	0	0	0	0	0	0	0	0	0	0	0	0	0	0	0	0	0	0	0	0	0	0	0	0	0	0	0	1	0	0	0	0	0	0	0	0	0	0	0	0	0	0	0	0	0	0	0	0	0	0	0	0	0	0	0	0	0	0	0	0	0	0	0	0	0	0	0	0	0	0	0	0	0	0	0	0	0	0	0	0	0	0	0	0	0	0	0	0	0	0	0	0	0	0	0	0	0	0	0	0	0	0	0	0	0	0	0	0	0	0	0	0	0	0	0	0	0	0	0	0	0	0	0	0	0	0	0	0	0	0	0	0	0	0	0	0	0	0	0	0	0	0	0	0	0	0	0	0	0	0	0	0	0	0	0	0	0	0	0	0	0	0	0	0	0	0	0	0	0	0	1	0	0	0	0	0	0	0	0	0	0	0	0	0	0	0	0	0	0	0	0	0	0	0	0	0	0	0	0	0	0	0	0	0	0	0	0	0	0	0	0	0	0	0	0	0	0	0	0	0	0	0	0	0	0	0	0	0	0	0	0	0	0	0	0	0	0	0	0	0	0	0	0	0	0	0	0	0	0	0	0	0	0	0	0	0	0	0	0	0	0	0	0	0	0	0	0	0	0	0	0	0	0	0	0	0	0	0	0	0	0	0	0	0	0	0	0	0	0	0	0	0	0
Root;Bacteria;Campylobacterota;Campylobacteria;Campylobacterales;Campylobacteraceae;Campylobacter_A;Campylobacter_A_curvus	AF550650.1.1555	1	1	0	0	0	0	11	10	0	0	0	0	0	0	0	0	0	0	0	0	0	0	0	0	0	0	0	0	0	0	0	0	2	0	1	0	0	0	3	0	0	0	0	0	7	0	0	0	1	0	0	0	21	0	0	0	0	0	0	0	0	0	6	7	0	0	3	0	0	0	0	0	0	0	0	0	0	0	0	0	0	0	0	0	0	0	4	0	0	0	0	6	1	3	0	0	0	0	0	0	0	0	1	0	0	0	0	0	0	0	1	7	0	0	0	0	0	0	0	0	0	5	0	0	5	3	0	0	0	0	0	0	1	0	0	0	0	2	0	0	0	0	0	0	0	0	0	0	0	0	0	0	0	0	0	0	0	0	0	0	0	0	1	0	0	0	0	0	0	0	0	0	0	2	0	0	1	0	0	0	0	0	0	0	0	0	0	0	0	0	0	0	0	0	0	0	0	0	0	0	2	2	0	0	0	0	0	0	0	0	0	0	0	12	0	0	0	0	0	0	0	0	0	0	0	0	2	0	0	0	1	0	2	0	0	0	0	0	0	0	0	0	0	0	1	0	0	0	0	0	0	0	0	0	0	0	0	0	1	1	0	0	0	0	0	0	0	0	0	0	0	0	0	0	0	0	0	0	0	0	0	0	0	0	0	0	0	0	0	0	0	0	0	0	0	19	0	0	0	0	0	0	0	0	1	0	1	0	0	0	0	0	0	0	0	1	0	0	0	0	0	0	0	0	2	0	0	0	0	0	1	0	0	0	0	0	0	2	2	0	0	0	0	0	0	1	0	0	0	0	0	0	0	0	0	0	2	0	0	0	0	1	2	0	0	0	0	0	0	0	0	2	0
Root;Bacteria;Proteobacteria;Gammaproteobacteria;Burkholderiales;Neisseriaceae;Eikenella;unclassified_Eikenella	JQ471026.1.1395	2	7	0	0	0	0	0	0	7	4	2	1	1	4	6	2	0	0	4	1	0	1	2	0	2	0	2	0	2	3	0	1	9	4	3	0	8	8	1	3	0	0	6	1	1	16	69	0	4	17	0	2	8	1	1	1	0	26	28	5	0	15	32	2	5	3	0	0	0	0	1	4	5	2	13	3	0	24	0	0	52	0	0	0	49	59	0	0	0	4	0	7	5	0	39	0	0	1	1	0	0	9	2	0	0	1	0	1	0	0	1	0	0	1	3	0	2	0	27	1	0	1	2	1	4	6	0	0	0	0	10	62	34	0	0	0	0	1	2	0	0	0	0	1	1	0	0	1	0	1	0	7	10	1	6	0	1	2	0	5	0	0	75	1	0	0	0	3	3	1	1	0	1	0	0	0	0	1	5	0	0	5	27	18	0	0	0	0	0	0	7	8	0	0	1	3	0	6	0	0	1	0	1	0	0	0	0	0	28	62	25	0	0	12	5	1	19	24	5	2	2	0	0	0	0	0	0	3	6	0	12	3	1	40	0	0	13	0	0	2	0	0	7	0	0	8	81	36	0	6	14	0	0	0	1	0	0	12	5	8	1	0	3	2	0	0	6	0	0	0	6	5	2	3	0	1	0	0	0	0	11	17	42	1	1	12	2	5	1	27	0	0	0	2	6	2	0	1	3	0	4	5	0	1	25	16	44	0	0	10	0	0	0	0	0	0	0	2	1	0	31	0	0	0	0	0	3	1	0	0	4	0	0	0	6	0	0	0	0	0	0	3	9	0	1	9	47	10	3	0	10	4	0	0	0	73	0	0	7	1	2	43	7	7	81	5	5	3	0	11	17	0	0
Root;Bacteria;Proteobacteria;Gammaproteobacteria;Burkholderiales;Neisseriaceae;Eikenella;unclassified_Eikenella	L06165.1.1489	0	0	0	0	0	0	0	0	0	0	1	0	0	0	0	0	0	0	0	0	0	0	0	0	0	0	0	0	0	0	0	3	0	0	0	0	0	0	0	0	0	0	0	0	0	0	0	0	0	0	0	0	0	0	0	0	0	0	0	0	0	0	0	0	0	0	0	0	0	0	0	0	0	0	0	0	0	0	0	0	0	0	0	0	0	0	0	0	0	0	0	0	0	0	0	0	0	0	0	0	0	0	0	0	0	0	26	0	0	0	0	0	0	0	0	0	0	0	0	0	0	0	0	0	0	0	0	0	0	0	0	0	0	0	0	0	0	1	0	0	0	0	0	0	0	0	0	0	0	0	0	0	0	0	0	0	0	0	0	0	0	0	0	0	2	0	0	0	0	0	0	0	0	0	0	0	0	0	0	0	0	0	0	0	0	0	0	0	0	0	0	0	0	0	0	0	0	8	0	0	0	0	0	0	0	0	0	0	0	2	0	0	0	0	0	0	0	0	0	0	0	0	0	0	0	0	0	0	0	0	0	0	0	1	0	0	0	0	0	0	0	0	0	0	0	0	0	0	0	0	0	0	0	0	0	0	0	0	0	0	0	0	0	0	0	0	0	0	0	0	0	0	0	0	0	0	0	6	16	0	0	0	0	0	0	0	0	0	0	0	0	7	0	0	0	0	0	0	0	0	0	0	0	0	0	0	0	0	0	0	0	0	0	0	0	0	0	0	0	0	0	0	0	0	0	0	1	0	0	0	0	0	0	0	0	0	0	0	0	0	0	0	0	0	0	0	0	0	0	0	0	0	0	0	0	0	0	0	0	0	0	0	0	0	0	0	1	0	0	0	0	0	0
Root;Bacteria;Campylobacterota;Campylobacteria;Campylobacterales;Campylobacteraceae;Campylobacter_B;Campylobacter_B_gracilis	HQ744818.1.1425	4	5	1	1	6	6	4	5	0	2	3	2	1	0	1	3	1	1	1	4	0	0	1	1	1	0	0	2	1	1	0	0	0	0	1	0	0	0	0	2	0	0	0	0	2	0	1	0	10	3	0	4	0	0	0	0	0	2	0	0	1	1	6	2	5	2	0	2	0	0	0	0	1	0	3	3	2	4	5	0	2	1	0	1	0	6	3	0	3	1	0	3	0	1	0	0	0	4	0	1	0	0	1	0	1	0	1	0	0	2	0	3	3	0	0	0	2	0	1	0	0	1	0	0	0	0	1	0	0	0	0	0	0	1	0	0	5	0	2	0	0	0	0	0	0	1	0	0	0	0	0	0	1	0	0	0	0	0	0	0	0	0	0	2	2	0	0	0	1	6	0	0	0	0	0	1	0	0	0	0	0	0	0	1	0	0	0	0	0	0	1	3	2	0	0	0	0	0	0	1	5	3	0	1	0	1	4	1	0	2	0	2	1	1	0	0	10	6	1	4	2	0	0	0	1	0	2	1	11	1	0	4	2	1	2	0	1	0	0	0	0	0	0	1	3	2	6	0	0	0	0	0	0	0	0	2	0	1	3	3	0	0	5	1	0	0	0	0	0	0	0	0	2	0	0	0	1	1	5	2	11	1	0	0	0	0	3	1	4	0	0	0	0	0	8	1	0	0	1	0	0	0	2	0	1	1	1	2	0	0	0	3	0	0	1	0	0	0	0	10	1	0	1	0	2	0	1	0	0	0	1	0	0	1	1	1	0	0	4	0	0	0	0	2	0	1	0	0	0	0	8	0	0	0	1	3	2	0	0	0	1	1	3	3	5	2	0	0	0	2	10	1	4
Root;Bacteria;Proteobacteria;Gammaproteobacteria;Enterobacterales;Pasteurellaceae;Haemophilus_D;unclassified_Haemophilus_D	JQ466170.1.1381	0	0	1	2	3	4	0	0	0	0	0	0	2	0	2	3	3	0	2	0	5	3	0	0	0	0	0	0	0	0	0	0	0	0	0	0	10	1	1	0	3	1	0	0	0	2	0	0	1	0	2	0	0	0	0	1	0	0	0	0	0	0	0	0	0	0	0	0	0	0	0	1	0	0	0	0	0	1	0	0	0	0	3	0	0	0	0	0	0	0	0	0	1	0	0	0	0	0	0	0	0	0	0	0	0	0	0	1	0	0	0	0	0	0	0	0	0	0	1	0	0	0	0	0	0	1	0	1	0	0	1	0	0	1	0	0	0	0	1	0	0	0	0	0	2	0	0	0	1	0	0	0	0	0	0	0	9	0	0	0	0	1	0	0	1	0	1	0	0	1	0	0	0	0	0	0	0	0	0	1	0	1	0	0	0	0	0	0	0	0	0	0	0	0	3	2	0	0	0	0	0	0	0	1	0	0	0	0	0	0	0	0	1	0	0	0	0	0	1	0	1	0	0	0	0	0	0	0	0	1	0	0	0	0	0	0	0	0	0	0	0	0	0	0	0	0	1	0	0	0	1	0	0	0	0	0	0	0	0	4	1	0	0	0	0	0	0	0	0	0	0	0	0	3	0	1	0	0	0	0	0	0	0	0	0	0	1	0	0	0	0	0	1	0	0	0	0	0	1	0	0	0	0	0	0	0	0	0	0	0	0	0	0	1	0	0	0	0	0	0	1	0	0	0	0	0	0	0	6	13	0	0	3	0	0	0	0	6	0	0	0	0	2	0	1	0	0	1	0	0	0	0	0	0	0	0	0	0	0	0	0	0	0	1	0	0	0	0	0	0	0	0	0
Root;Bacteria;Proteobacteria;Gammaproteobacteria;Enterobacterales;Pasteurellaceae;Haemophilus_D;Haemophilus_D_pittmaniae	AJ290754.1.1466	0	0	0	0	0	0	0	0	0	0	0	0	0	0	0	0	0	0	0	0	0	0	0	0	0	0	0	0	0	0	0	0	0	0	0	0	0	0	0	0	0	0	0	0	0	0	0	0	0	0	0	0	0	0	0	0	0	0	0	0	0	0	0	0	0	0	0	0	0	0	0	0	0	0	0	0	0	0	0	0	0	0	0	0	0	0	0	0	0	0	0	0	0	0	1	0	0	0	0	0	0	0	0	1	0	0	0	0	0	0	0	0	0	0	0	0	0	0	0	0	0	0	0	0	0	0	0	0	0	0	0	0	0	0	0	0	0	0	0	0	0	0	0	0	0	0	0	1	0	0	0	0	0	0	0	0	0	0	0	0	0	0	0	0	0	7	0	0	0	0	0	0	0	0	0	0	0	0	0	0	0	0	0	0	0	0	0	0	0	0	0	0	0	0	0	0	0	0	0	0	0	0	0	0	0	0	0	0	0	0	1	0	0	0	0	0	0	0	0	0	0	0	0	0	1	0	0	0	0	0	1	0	0	0	0	0	0	0	0	0	0	0	0	0	0	0	0	0	0	0	0	0	0	0	0	0	0	0	0	0	0	0	0	0	0	0	0	0	0	0	0	0	0	0	0	0	0	0	0	0	0	0	0	0	0	0	0	0	0	0	0	0	0	0	0	0	0	0	0	0	0	0	0	0	0	0	0	0	0	0	0	0	1	0	0	0	0	0	0	0	0	0	0	0	0	0	0	0	0	0	0	0	0	0	0	0	0	0	0	0	0	0	0	0	0	0	0	0	0	0	0	0	0	0	0	0	0	0	0	0	0	0	0	0	5	0	1	0	0	0	0	0	0
Root;Bacteria;Actinobacteriota;Actinomycetia;Actinomycetales;Micrococcaceae;Rothia;Rothia_dentocariosa	JQ453046.1.1385	0	0	0	1	0	0	1	0	0	1	1	0	0	0	0	0	0	0	0	0	0	0	0	0	0	0	0	0	0	0	0	0	0	0	0	0	0	0	0	0	0	0	0	0	0	0	0	0	0	0	0	0	0	0	1	0	0	0	0	0	0	0	0	0	0	0	0	0	0	0	0	0	0	0	0	0	0	0	0	0	0	0	0	0	0	0	0	0	0	0	0	0	0	0	0	0	0	0	0	0	0	0	1	0	0	0	0	0	0	0	0	0	0	0	0	0	0	0	0	0	0	0	0	0	0	0	0	0	0	0	0	0	0	0	0	0	0	0	0	0	0	0	0	0	0	0	0	0	0	0	0	0	0	0	0	0	0	0	0	0	0	0	0	0	0	0	0	0	0	0	0	0	0	0	0	0	0	0	0	0	0	0	0	0	0	0	0	0	0	0	0	0	0	0	0	0	0	0	0	0	0	0	0	0	0	0	0	0	0	0	0	0	0	0	0	0	0	0	0	0	0	0	0	0	0	0	0	0	0	0	0	0	0	0	0	0	0	0	0	0	0	0	0	0	0	0	0	0	0	0	0	0	0	0	0	0	0	0	0	0	0	0	0	0	0	0	0	0	0	0	0	0	0	0	0	0	0	0	0	0	0	0	0	0	0	0	0	0	0	0	0	0	0	0	0	0	0	0	0	0	0	0	0	0	0	0	0	0	0	0	0	0	0	0	0	0	0	0	0	0	0	0	0	0	0	0	0	0	0	0	0	0	0	0	0	0	0	0	0	0	0	0	0	0	0	0	0	0	0	0	0	0	0	0	0	0	0	0	0	0	0	0	0	0	0	0	0	0	0	0	0	0	0
Root;Bacteria;Firmicutes_C;Negativicutes;Veillonellales;Veillonellaceae;Veillonella;unclassified_Veillonella	JQ457940.1.1426	0	0	0	0	0	0	0	0	0	0	0	0	0	0	0	0	0	0	0	0	0	0	0	0	0	0	0	0	0	0	0	0	0	0	0	0	0	0	0	0	1	0	0	0	0	0	0	0	0	0	0	0	0	0	0	0	0	0	0	0	0	0	0	0	0	0	0	0	0	0	0	0	0	0	0	0	0	0	0	0	0	0	0	0	0	0	0	0	0	0	0	0	0	0	0	0	0	0	0	0	0	0	0	0	0	0	0	0	0	0	0	0	0	0	0	0	0	0	0	0	0	0	0	0	0	0	0	0	0	0	0	0	0	0	0	0	0	0	0	0	0	0	0	0	0	0	0	0	0	0	0	0	0	0	0	0	0	0	0	0	0	0	0	0	0	0	0	0	0	0	0	0	0	0	0	0	0	0	0	0	0	0	0	0	0	0	0	0	0	0	0	0	0	0	0	0	0	0	0	0	0	0	0	0	0	0	0	0	0	0	0	0	0	0	0	0	0	0	0	0	0	0	0	0	0	0	0	0	0	0	0	0	0	0	0	0	0	0	0	0	0	0	0	0	0	0	0	0	0	0	0	0	0	0	0	0	0	0	0	0	0	0	0	0	0	0	0	0	0	0	0	0	0	0	0	0	0	0	0	0	0	1	0	0	0	0	0	0	0	0	0	0	0	0	0	0	0	0	0	0	0	0	0	0	0	0	0	0	0	0	0	0	0	0	0	0	0	0	0	0	0	0	0	0	0	0	0	0	0	0	0	0	0	0	0	0	0	0	0	0	0	0	0	0	0	0	0	0	0	0	0	0	0	0	0	0	0	0	0	0	0	0	0	0	0	0	0	0	0	0	0	0	0
Root;Bacteria;Actinobacteriota;Actinomycetia;Mycobacteriales;Mycobacteriaceae;Corynebacterium;Corynebacterium_matruchotii	JQ448104.1.1407	0	0	0	0	0	0	0	0	0	0	0	0	0	0	0	0	0	0	0	0	0	0	0	1	0	0	0	0	0	0	0	1	0	0	1	0	0	0	0	0	0	0	0	0	0	0	0	0	0	0	0	0	0	0	0	0	0	0	0	0	0	0	0	0	0	0	0	0	1	0	0	0	0	0	0	0	0	1	0	0	0	0	0	0	0	0	0	0	0	0	0	0	1	0	0	0	0	0	0	0	0	0	0	0	0	0	0	0	0	0	0	0	0	0	0	0	0	0	0	0	0	0	0	0	0	0	0	0	0	0	0	0	0	0	0	0	0	0	0	0	0	0	0	0	0	0	0	0	0	0	0	0	0	0	0	0	0	0	0	0	0	0	0	0	0	0	0	0	0	0	0	0	0	0	0	0	0	0	0	0	0	0	0	0	0	0	0	0	0	0	0	1	0	0	0	0	0	0	0	0	0	0	0	0	0	0	0	0	0	0	0	0	0	0	0	0	0	0	0	0	0	0	0	0	0	0	0	0	0	0	0	0	0	0	0	0	0	0	0	0	0	0	0	0	0	0	0	0	0	0	0	0	0	0	0	0	0	0	0	0	0	0	0	0	0	0	0	0	0	0	0	0	0	0	0	0	0	0	0	0	0	0	0	0	0	0	0	0	0	0	0	0	0	0	0	0	0	0	0	0	0	0	0	0	0	0	0	0	0	0	0	0	0	0	0	0	0	0	0	0	0	0	0	0	1	0	0	0	0	0	0	0	0	0	0	0	0	0	0	0	0	0	0	0	0	0	0	0	0	0	0	0	0	0	0	0	0	0	0	0	0	0	0	0	0	0	0	0	0	0	0	0	0
Root;Bacteria;Campylobacterota;Campylobacteria;Campylobacterales;Campylobacteraceae;Campylobacter_B;Campylobacter_B_gracilis	JQ471841.1.1372	0	0	0	0	3	0	0	0	0	0	0	0	0	0	0	0	0	0	0	0	0	1	0	0	1	0	0	0	0	0	0	0	0	0	0	0	0	0	0	0	0	0	0	0	0	0	0	0	0	0	0	0	0	0	0	0	0	0	0	0	0	0	0	0	0	0	0	0	0	0	0	0	0	0	0	0	0	0	0	0	0	0	0	0	0	0	0	0	0	0	0	0	0	1	0	0	0	0	0	0	0	0	0	0	0	0	0	0	0	0	0	0	0	0	0	0	0	0	0	0	0	0	0	0	0	0	0	0	0	0	0	0	0	1	0	0	0	0	1	0	0	0	0	0	0	1	0	0	0	0	0	0	0	0	0	0	0	0	0	0	0	0	0	0	0	0	0	0	0	0	0	0	0	0	0	0	0	0	0	0	0	0	0	0	0	0	0	0	0	0	0	0	0	0	0	0	0	0	0	0	0	0	0	0	0	0	0	0	0	0	0	0	0	0	0	0	0	0	0	0	0	0	0	0	0	0	0	0	0	0	0	0	1	0	0	0	0	0	0	0	0	0	0	0	0	1	0	0	0	0	0	0	0	0	0	0	0	0	0	0	0	0	0	0	0	0	0	0	0	0	0	0	0	0	0	0	0	0	0	0	0	0	0	0	0	0	0	0	0	0	0	0	0	0	0	0	0	0	0	0	0	0	0	0	0	0	0	0	0	0	0	0	0	0	0	0	0	0	0	0	0	0	0	0	0	0	0	0	0	0	0	0	0	0	0	0	0	0	0	0	0	0	0	0	0	0	0	0	0	0	0	0	0	0	0	0	0	0	0	0	1	0	0	0	0	0	0	0	0	0	0	0	0
Root;Bacteria;Firmicutes_C;Negativicutes;Veillonellales;Veillonellaceae;Veillonella;unclassified_Veillonella	JQ459733.1.1395	1	1	1	2	0	2	11	14	28	28	8	4	1	4	5	12	11	13	4	4	1	8	2	1	4	9	2	17	22	12	0	3	22	21	16	1	0	0	13	1	27	12	0	10	1	2	23	10	7	0	58	59	0	0	3	6	58	8	14	0	31	11	8	10	61	50	28	45	73	5	18	46	1	0	2	27	0	33	16	0	18	8	2	11	4	4	4	1	1	10	0	6	33	19	0	0	2	6	0	6	0	11	13	6	4	7	5	0	0	0	23	21	10	30	31	0	2	0	9	9	0	63	74	64	0	0	76	60	43	0	24	0	0	2	0	5	7	1	6	0	1	0	126	40	0	21	0	0	0	3	0	6	9	0	0	1	1	3	4	0	0	1	0	6	3	0	2	0	2	246	38	0	5	40	0	1	0	0	8	53	2	2	18	4	4	0	2	0	0	0	28	17	17	7	1	0	0	2	0	15	13	11	74	3	0	1	58	0	4	6	45	7	54	6	0	0	2	4	17	20	13	0	36	0	6	0	5	1	9	3	0	17	2	4	12	0	1	3	2	0	11	0	1	5	1	69	10	4	10	5	1	27	3	1	0	1	0	2	1	9	1	0	3	53	0	0	1	0	5	2	1	0	1	1	0	0	204	7	8	46	26	22	3	5	3	38	32	11	18	5	1	0	1	0	33	0	0	14	2	8	0	0	20	1	17	92	0	14	0	12	2	1	58	142	62	0	0	0	0	0	46	0	12	21	54	0	9	1	0	10	1	0	27	28	17	18	0	63	8	19	59	0	2	196	6	2	0	8	0	2	19	6	2	9	12	3	1	1	16	3	29	3	63	197	5	4	4	2	1	5	62	7	78
Root;Bacteria;Firmicutes_C;Negativicutes;Veillonellales;Veillonellaceae;Veillonella;unclassified_Veillonella	JQ458048.1.1399	0	0	0	0	0	0	0	0	0	0	0	0	0	0	0	0	0	0	0	0	0	0	0	0	0	0	0	0	0	0	0	0	0	0	0	0	0	0	0	0	0	0	0	0	0	0	0	0	0	0	0	0	0	0	0	0	0	0	0	0	0	0	0	0	1	0	0	0	0	0	0	0	0	0	0	0	0	0	0	0	0	0	0	0	0	0	0	0	0	0	0	0	0	0	0	0	0	0	0	0	0	0	0	0	0	0	0	0	0	0	0	0	0	0	0	0	0	0	0	0	0	0	0	0	0	0	0	0	0	0	0	0	0	0	0	0	0	0	0	0	0	0	0	0	0	0	0	0	0	0	0	0	0	0	0	0	0	0	0	0	0	0	0	0	0	0	0	0	0	0	0	0	0	0	0	0	0	0	0	0	0	0	0	1	0	0	0	0	0	0	0	0	0	0	0	0	0	0	0	0	0	0	0	0	0	0	0	0	0	0	0	0	0	0	0	0	0	0	0	0	0	0	0	0	0	0	0	0	0	0	0	0	0	0	0	0	0	0	0	0	0	0	0	0	0	0	0	0	0	0	0	0	0	0	0	0	0	0	0	0	0	0	0	0	0	0	0	0	0	0	0	0	0	0	0	0	0	0	0	0	1	2	0	0	0	0	0	0	0	0	0	0	0	0	0	0	0	0	0	0	0	0	0	0	0	0	0	0	0	0	0	0	0	0	0	0	0	0	0	0	0	0	0	0	0	0	0	0	0	0	0	0	0	0	0	0	0	0	0	1	0	0	0	0	0	0	0	0	0	0	0	0	0	0	0	0	0	0	0	0	0	0	0	9	0	0	0	0	0	0	0	0	0
Root;Bacteria;Firmicutes_C;Negativicutes;Veillonellales;Veillonellaceae;Veillonella;unclassified_Veillonella	JQ460220.1.1427	0	0	0	0	0	0	0	0	0	0	0	1	0	0	0	0	0	0	0	0	0	0	0	0	0	0	0	0	0	0	0	0	0	2	0	4	0	0	0	0	0	0	0	0	0	0	0	0	0	0	0	1	0	0	1	0	0	0	0	0	0	0	0	0	0	0	0	0	0	0	0	0	0	0	0	0	0	0	0	0	0	0	0	0	1	0	0	0	0	0	0	0	0	0	0	0	0	0	0	0	0	0	0	0	0	0	3	0	0	0	0	0	0	0	0	0	0	0	0	0	0	0	0	0	0	0	0	0	0	0	0	0	0	0	0	0	0	0	0	0	0	0	0	0	0	0	0	0	0	0	0	0	0	0	0	0	0	0	0	0	0	0	0	0	0	16	0	0	0	2	0	0	0	0	0	0	0	0	0	0	0	0	0	0	0	0	0	0	0	0	1	0	0	3	0	0	0	0	0	0	0	0	0	0	0	0	0	0	0	0	0	0	0	0	0	0	0	0	0	0	0	0	0	0	0	0	0	0	0	0	0	0	0	0	0	0	0	0	0	0	0	0	0	0	0	0	0	0	0	0	0	0	0	0	0	0	0	0	0	0	0	0	0	0	14	0	0	0	0	0	0	0	0	0	0	0	5	0	0	0	0	0	0	0	0	0	2	0	0	0	0	0	0	0	0	0	0	0	0	0	0	0	0	0	0	0	0	0	0	0	0	0	0	0	0	0	0	0	0	0	0	0	0	0	0	0	0	0	0	0	0	0	0	1	0	0	0	0	0	0	0	0	0	0	0	4	0	0	0	0	0	0	0	0	67	0	0	0	0	0	1	0	0	0	0	0	0	0	0	1	0	0	0
Root;Bacteria;Firmicutes_C;Negativicutes;Veillonellales;Veillonellaceae;Veillonella;unclassified_Veillonella	JQ460082.1.1420	0	0	0	0	0	0	0	0	0	0	0	0	1	0	0	0	0	0	1	0	0	0	0	0	0	0	0	0	0	0	0	0	0	1	1	14	0	0	0	0	0	0	0	1	0	0	0	0	0	0	1	2	0	3	0	0	0	0	0	0	0	0	0	0	0	0	0	0	0	0	0	0	0	0	0	0	2	0	0	0	0	0	0	0	5	2	0	0	0	0	0	0	0	0	0	0	0	0	0	0	0	0	0	0	0	0	9	0	0	0	0	0	0	0	0	0	0	0	0	0	0	0	0	0	0	0	0	0	0	0	0	0	0	0	0	0	0	0	0	0	0	0	1	0	0	0	0	0	0	0	0	0	0	0	0	0	0	0	0	0	0	0	0	0	0	18	0	0	0	0	0	0	0	0	0	0	0	0	1	0	0	0	0	0	0	0	0	0	0	0	1	1	0	0	0	0	0	0	0	0	0	0	0	0	0	0	0	1	0	0	0	0	0	0	0	0	5	7	0	0	4	0	0	0	0	0	0	0	1	0	0	0	0	0	0	0	0	0	0	0	0	0	0	0	0	0	1	0	0	1	0	0	0	0	0	0	0	0	0	0	0	0	0	0	50	0	0	0	0	0	0	0	0	0	0	0	9	0	0	0	0	0	0	0	0	0	1	0	0	0	1	0	0	0	0	0	0	0	0	0	0	0	0	0	0	0	0	1	0	0	0	0	0	0	0	0	0	0	0	0	0	0	0	0	0	0	0	0	0	0	0	0	2	2	0	0	0	0	0	0	0	0	0	0	0	13	0	0	0	0	0	3	0	0	190	0	0	0	0	0	1	0	0	0	0	0	0	0	0	0	1	0	0
Root;Bacteria;Firmicutes_C;Negativicutes;Veillonellales;Veillonellaceae;Veillonella;unclassified_Veillonella	JQ457856.1.1415	1	6	1	0	0	0	0	1	3	0	0	0	0	0	0	0	0	0	0	1	1	0	0	0	0	0	0	1	0	0	0	2	2	0	1	0	0	0	0	0	1	0	0	0	0	0	0	0	0	0	0	1	0	0	1	4	0	0	0	0	0	0	1	0	6	6	0	0	0	0	1	0	0	0	0	2	0	0	0	0	0	0	0	0	0	0	0	0	0	0	0	0	0	0	0	0	0	1	0	0	0	4	0	2	0	0	0	0	0	0	0	0	0	1	0	0	0	0	0	0	0	0	5	8	0	0	0	0	1	0	0	0	0	0	0	0	0	0	0	0	0	0	0	0	0	0	0	0	0	0	0	0	0	0	0	0	0	0	0	0	0	0	0	2	0	0	0	0	0	4	4	0	0	0	0	0	0	0	0	9	0	0	2	0	0	0	0	0	0	0	0	1	0	0	0	0	0	0	0	0	0	0	0	0	0	0	0	0	1	0	0	0	0	0	0	0	0	0	1	0	0	0	2	0	0	0	0	0	0	1	0	0	0	1	4	0	0	0	0	0	1	0	0	0	0	2	0	0	0	0	0	0	0	0	0	0	0	0	0	0	0	1	0	1	0	0	0	0	0	0	0	1	0	0	0	0	3	1	0	2	0	0	1	0	0	0	0	0	0	0	0	0	0	0	10	0	0	0	0	0	0	0	0	0	1	0	0	2	0	0	1	1	11	2	1	0	0	0	0	0	0	0	0	1	0	0	0	0	0	0	1	0	0	1	0	3	0	0	0	1	2	0	0	0	0	0	1	0	0	0	0	0	0	0	0	0	0	0	1	0	0	0	0	6	0	0	3	0	0	1	1	0	0
Root;Bacteria;Firmicutes_C;Negativicutes;Veillonellales;Veillonellaceae;Veillonella;unclassified_Veillonella	EU763146.1.1380	0	0	0	0	0	0	0	0	0	0	0	1	0	0	0	0	0	0	0	0	0	0	0	0	0	0	0	0	0	0	0	0	0	0	0	0	0	0	0	0	0	0	0	0	0	0	0	0	0	0	0	0	0	0	0	0	0	0	0	0	0	0	0	0	0	0	0	0	0	0	0	0	0	0	0	0	0	0	0	0	0	0	0	0	0	0	0	0	0	0	0	0	0	0	0	0	0	0	0	0	0	0	0	0	0	0	0	0	0	0	0	0	0	0	0	0	0	0	0	0	0	0	1	0	0	0	0	0	0	0	0	0	0	0	0	0	0	0	0	0	0	0	0	0	0	0	0	0	0	0	0	0	0	0	0	0	0	0	0	0	0	0	0	0	0	6	0	0	0	0	0	0	0	0	0	0	0	0	0	6	0	0	0	0	0	0	0	0	0	0	0	1	0	0	0	0	0	0	0	0	2	2	0	0	0	0	0	0	0	0	0	0	0	0	0	0	0	0	0	0	0	0	0	0	0	0	0	0	0	0	0	0	0	0	0	0	0	0	0	0	0	0	0	0	0	1	0	0	0	0	0	0	0	0	0	0	0	0	0	0	0	0	0	0	0	0	0	0	0	1	0	0	0	0	0	0	0	0	0	0	0	0	0	0	0	0	0	0	0	0	0	1	0	0	0	0	0	0	0	0	0	0	0	0	0	1	0	0	0	0	0	0	0	0	0	0	0	0	0	0	0	0	0	0	0	0	0	0	0	0	0	0	1	0	0	1	0	1	0	0	0	0	0	12	0	0	0	0	0	0	0	0	0	0	11	0	0	0	1	0	0	0	0	1	0	0	0	0	0	0	0	0	0
Root;Bacteria;Actinobacteriota;Actinomycetia;Actinomycetales;Micrococcaceae;Rothia;Rothia_dentocariosa	JQ475410.1.1323	0	0	5	4	0	1	0	0	2	1	0	0	1	0	0	0	1	1	0	0	1	0	0	1	1	0	0	30	5	5	0	0	2	1	0	1	0	1	26	12	10	11	2	4	0	6	11	14	0	1	0	0	1	41	11	8	2	2	0	2	0	0	24	1	0	0	26	1	0	0	1	1	14	7	2	0	1	0	3	0	0	1	0	0	0	0	3	0	1	0	0	0	0	2	1	0	0	4	1	7	0	0	0	1	2	0	1	0	0	0	0	0	0	0	0	0	0	0	0	0	0	38	0	0	1	1	4	1	2	0	14	1	21	0	0	1	3	1	0	0	0	0	3	1	0	0	0	0	0	0	0	0	19	0	0	0	0	0	0	0	0	0	0	0	0	0	0	0	0	4	2	0	0	0	0	0	0	0	1	0	0	0	7	2	0	0	0	0	0	0	0	0	0	0	2	0	0	0	0	1	0	1	1	0	1	0	0	0	2	0	0	0	1	0	5	0	5	2	0	0	2	0	0	0	0	0	0	1	1	0	0	0	0	0	1	0	0	0	0	0	0	0	1	1	4	10	1	1	0	14	3	4	0	0	0	1	0	1	14	0	0	0	0	2	0	0	0	0	0	0	0	0	2	5	2	0	0	0	0	0	0	3	11	0	22	21	0	1	0	5	0	0	0	0	3	1	0	0	0	1	0	0	1	0	0	3	0	39	0	0	0	0	20	0	0	0	0	0	0	0	2	0	1	5	0	0	4	19	0	0	0	0	0	0	1	3	0	0	0	2	22	0	0	3	0	7	0	0	0	0	0	1	0	0	0	3	0	0	0	1	0	1	1	27	0	0	0	0	0	1	4	2	5
Root;Bacteria;Proteobacteria;Gammaproteobacteria;Enterobacterales;Pasteurellaceae;Haemophilus_D;unclassified_Haemophilus_D	EU768384.1.1367	0	0	0	0	0	0	0	0	0	0	0	0	0	0	0	0	0	0	0	0	0	0	0	0	0	0	0	0	0	0	0	0	0	0	0	0	1	0	0	0	0	0	0	0	0	0	0	0	0	1	0	0	0	0	0	0	0	0	0	0	0	0	0	0	0	0	0	0	0	0	0	0	0	0	0	0	0	0	0	0	0	0	0	0	0	0	0	0	0	0	0	0	0	0	0	0	0	0	0	0	0	0	0	0	0	0	0	0	0	0	0	0	0	0	0	0	0	0	0	0	0	0	0	0	0	0	0	0	0	0	0	0	0	0	0	0	0	0	0	0	0	0	0	0	0	0	0	0	0	0	0	0	0	0	0	0	0	0	0	0	0	0	0	0	0	10	0	0	0	0	0	0	0	0	0	0	0	0	0	0	0	0	0	0	0	0	0	0	0	0	0	0	0	0	0	0	1	0	0	0	0	0	0	0	0	0	0	0	0	0	0	0	0	0	0	0	0	0	1	1	0	0	0	0	0	0	0	0	0	0	0	0	0	0	0	0	0	0	0	0	0	0	0	1	0	0	1	0	0	1	0	0	0	0	0	0	0	0	0	0	0	0	0	0	0	0	0	0	0	0	0	0	0	0	0	0	0	0	0	0	0	0	0	0	0	0	0	0	0	0	0	0	0	0	0	0	0	0	0	0	0	0	0	0	0	0	0	0	0	0	0	0	1	0	0	0	0	0	0	0	1	0	0	0	0	0	0	0	0	0	0	0	0	0	0	0	0	0	0	0	0	0	0	0	0	0	0	0	0	0	0	0	0	0	2	0	0	0	0	0	0	0	0	0	0	0	0	0	0	0	0	0	0
Root;Bacteria;Proteobacteria;Gammaproteobacteria;Enterobacterales;Pasteurellaceae;Haemophilus_D;unclassified_Haemophilus_D	JQ455259.1.1251	0	0	0	0	0	0	0	0	0	0	0	0	0	0	0	0	1	0	0	0	0	0	1	0	0	0	0	0	0	0	0	0	0	0	0	0	0	0	0	0	0	0	0	0	0	1	0	0	0	0	0	0	0	2	0	0	0	0	0	0	0	0	0	0	0	0	0	0	0	0	0	0	0	0	0	0	0	0	1	0	0	0	0	0	0	0	0	0	0	0	0	0	0	0	0	0	1	0	0	0	0	0	0	0	0	0	0	0	0	0	0	0	0	0	0	0	0	0	0	0	0	0	0	0	0	0	0	0	0	0	0	0	0	0	0	0	0	0	0	0	0	0	0	0	0	0	0	0	0	0	0	0	0	0	0	0	0	0	0	0	0	0	0	0	0	0	0	0	0	0	0	0	0	0	0	0	0	0	0	0	0	0	0	0	0	0	0	0	0	0	0	0	0	0	0	0	0	0	0	0	0	0	0	0	0	0	0	0	0	0	0	0	0	0	0	0	0	0	0	0	0	0	0	0	0	0	0	0	0	0	0	0	0	0	0	0	0	0	0	0	0	0	0	0	0	0	0	0	0	0	0	0	0	0	0	0	0	0	0	0	0	0	0	0	0	0	0	0	0	0	0	0	0	0	0	0	0	0	0	0	0	0	0	0	0	2	0	0	0	0	0	0	0	0	1	0	0	0	0	0	0	0	0	0	0	0	0	0	0	0	0	0	1	0	0	0	0	0	0	0	0	0	0	0	0	0	0	0	0	0	0	0	0	0	0	0	0	0	0	0	0	0	0	0	0	0	0	0	0	0	0	0	0	0	0	0	0	0	0	0	0	0	0	0	0	0	0	0	0	0	0	0	0
Root;Bacteria;Proteobacteria;Gammaproteobacteria;Enterobacterales;Pasteurellaceae;Haemophilus;unclassified_Haemophilus	JQ470979.1.1411	0	0	0	1	0	0	0	1	0	0	0	0	0	0	0	0	0	0	0	0	0	0	0	0	0	0	0	0	0	0	0	0	0	0	0	0	1	0	0	0	0	0	0	0	0	0	0	0	0	0	0	0	0	0	1	0	0	0	0	0	0	0	1	0	0	0	1	0	0	0	0	0	0	0	0	0	0	0	0	0	0	0	0	0	0	0	0	0	0	0	0	0	0	0	0	0	0	0	0	0	0	0	0	0	0	1	0	1	0	0	1	0	0	0	0	0	0	0	0	0	0	0	0	0	0	0	0	0	0	0	0	0	0	0	0	0	0	0	0	0	0	0	0	0	0	0	0	0	0	0	0	0	1	0	0	0	0	0	0	0	0	0	0	0	0	0	0	0	0	0	0	0	0	0	0	0	0	0	0	0	0	0	0	0	0	0	0	0	0	0	0	0	0	0	0	0	0	0	0	0	0	0	0	0	0	0	0	0	0	0	0	0	0	0	0	0	0	0	0	1	0	0	0	0	0	0	0	0	0	0	0	0	0	0	0	0	0	0	0	0	0	0	0	0	0	0	0	0	0	1	0	0	0	0	0	0	0	0	0	0	0	0	0	0	0	0	0	0	0	0	0	0	0	0	0	0	1	0	0	0	1	0	0	0	0	0	0	0	0	0	0	0	0	1	0	0	0	0	0	0	0	0	0	0	0	0	0	0	0	0	0	0	0	0	1	0	0	0	0	0	0	0	0	0	0	0	0	0	0	0	0	0	0	0	0	0	0	0	0	0	0	0	0	0	0	0	0	0	0	0	0	0	0	0	0	0	0	0	0	0	0	0	0	1	0	0	0	0	0	0	0	0	0
Root;Bacteria;Actinobacteriota;Actinomycetia;Mycobacteriales;Mycobacteriaceae;Corynebacterium;Corynebacterium_matruchotii	JQ464588.1.1409	2	0	0	0	23	17	0	0	4	5	10	26	8	8	14	16	0	0	0	0	0	0	6	5	0	4	7	0	0	1	0	4	0	4	23	0	3	3	2	0	0	1	0	16	6	3	0	4	1	0	0	1	0	1	0	0	0	8	0	0	3	0	0	16	0	0	0	3	0	1	0	0	0	0	0	1	0	1	0	0	1	2	4	0	5	22	33	0	0	2	0	0	0	0	0	0	0	9	0	0	0	9	8	0	0	0	0	0	0	0	0	0	0	2	0	0	0	0	0	10	0	0	0	0	0	0	0	0	0	0	0	0	4	0	0	0	0	2	2	0	0	0	5	6	0	0	0	0	34	0	0	41	0	0	3	4	0	3	8	50	3	8	1	0	0	0	1	0	2	6	0	0	0	19	0	0	0	0	0	15	6	7	1	19	0	1	0	28	1	0	0	4	0	0	5	6	72	0	38	0	0	0	0	1	0	49	0	24	0	0	1	0	17	0	2	0	10	33	6	14	0	0	0	0	0	0	1	9	0	1	13	1	0	0	0	0	0	17	0	0	0	0	0	63	0	3	2	8	0	5	5	12	0	4	19	1	0	2	0	1	0	0	4	0	0	0	0	4	4	0	0	3	0	0	0	0	11	2	0	0	16	2	0	6	7	1	0	9	1	0	3	1	0	0	9	1	0	0	0	0	0	1	5	0	81	2	11	0	0	7	2	1	0	4	1	2	3	14	2	0	1	0	0	1	85	0	4	0	24	44	1	0	0	0	0	28	15	1	35	0	2	2	21	0	0	10	5	2	0	2	0	0	0	2	0	5	3	0	0	0	8	0	0	3	2	1	9	5	0	12	7	0	9
Root;Bacteria;Firmicutes_C;Negativicutes;Veillonellales;Veillonellaceae;Veillonella;unclassified_Veillonella	EU764527.1.1303	0	1	0	0	0	0	0	0	0	0	0	0	0	0	0	0	0	0	0	0	0	0	0	0	0	0	0	0	0	0	0	0	0	0	0	0	0	0	1	0	0	0	0	0	0	0	0	0	0	0	0	0	0	0	0	0	0	0	0	0	0	0	0	0	0	0	0	0	0	0	0	0	0	0	0	0	0	0	0	0	0	1	0	0	0	0	0	0	0	0	0	0	0	0	0	0	0	0	0	0	0	0	0	0	0	0	0	0	0	0	0	0	0	0	0	0	0	0	0	0	0	0	0	0	0	0	0	0	0	0	0	0	0	0	0	0	0	0	0	0	0	0	0	0	0	2	0	0	0	0	0	0	0	0	0	0	0	0	0	0	0	0	0	0	0	1	0	0	0	0	0	0	0	0	0	0	0	0	0	0	0	0	0	0	0	0	0	0	0	0	0	0	0	0	0	0	0	0	0	0	0	0	0	0	0	0	0	0	1	0	0	0	0	0	0	0	0	0	0	0	0	0	1	0	0	0	0	0	0	0	0	0	0	0	0	0	0	0	0	0	0	0	0	0	0	0	0	0	0	0	0	0	0	0	0	0	0	1	0	0	0	0	0	0	0	0	0	0	0	0	0	0	0	0	0	0	0	0	0	0	0	0	0	0	0	0	0	0	0	0	0	0	0	0	0	0	0	0	0	0	0	0	0	0	0	3	0	0	0	0	0	0	0	0	0	0	0	0	0	0	0	0	0	0	0	0	0	0	0	0	0	0	0	0	0	0	0	0	0	0	0	0	0	1	0	0	0	0	0	0	0	0	0	0	4	0	0	0	0	0	0	0	0	0	0	0	0	0	0	0	0	0	0
Root;Bacteria;Actinobacteriota;Actinomycetia;Actinomycetales;Micrococcaceae;Rothia;Rothia_dentocariosa	JQ452745.1.1338	0	0	0	0	0	0	0	0	0	0	0	0	0	0	0	0	0	0	0	0	0	0	0	0	0	0	0	0	0	0	0	0	0	0	0	0	0	0	0	0	1	0	0	0	0	0	0	0	0	0	0	0	0	1	1	0	0	0	0	0	0	0	1	0	0	0	0	0	0	0	0	0	0	0	0	0	0	0	0	0	0	0	0	0	0	0	0	0	0	0	0	0	0	0	0	0	0	0	0	0	0	0	0	0	0	0	0	0	0	0	0	0	0	0	0	0	0	0	0	0	0	0	0	0	0	0	0	0	0	0	0	0	0	0	0	0	0	0	0	0	0	0	0	0	0	0	0	0	0	0	0	0	0	0	0	0	0	0	0	0	0	0	0	0	0	0	0	0	0	0	0	0	0	0	0	0	0	0	0	0	0	0	0	0	0	0	0	0	0	0	0	0	0	0	0	0	0	0	0	0	0	0	0	0	0	0	0	0	0	0	0	0	0	0	0	0	0	0	0	0	0	0	0	0	0	0	0	0	0	0	0	0	0	0	0	0	0	0	0	0	0	0	0	0	0	0	0	0	0	1	0	0	0	0	0	0	0	0	0	0	0	0	0	0	0	0	0	0	0	0	0	0	0	0	0	0	0	0	0	0	0	0	0	0	0	0	0	0	0	0	0	0	0	0	0	0	0	0	0	0	0	0	0	0	0	0	0	0	0	0	0	0	0	0	0	0	0	0	0	0	0	0	0	0	0	0	0	0	0	0	0	0	0	0	0	0	0	0	0	0	0	0	0	0	0	0	0	0	0	0	0	0	0	0	0	0	0	0	0	0	0	0	0	1	0	0	0	0	0	0	0	0	0
Root;Bacteria;Proteobacteria;Gammaproteobacteria;Xanthomonadales;Xanthomonadaceae;Stenotrophomonas;unclassified_Stenotrophomonas	DQ912808.1.1449	0	0	0	0	0	0	0	0	0	1	0	0	0	0	0	0	0	0	0	0	0	0	0	0	0	0	0	0	0	0	0	0	0	0	0	0	0	0	0	0	0	0	0	0	0	0	0	0	0	0	0	0	0	0	0	0	0	0	0	0	0	0	0	0	0	0	0	0	0	0	0	0	0	0	0	0	0	0	0	0	0	0	0	1	0	0	0	0	0	0	0	0	0	0	0	0	0	0	0	0	0	0	0	0	0	0	0	0	0	0	0	0	0	0	0	0	0	0	0	0	0	0	0	0	0	0	0	0	0	0	0	0	0	0	0	0	0	0	0	0	0	0	4	0	0	0	0	0	0	0	0	0	0	0	0	0	0	0	0	0	0	0	0	0	0	0	0	0	0	0	0	0	0	0	0	0	0	0	0	0	0	0	0	0	0	0	0	0	0	0	0	0	0	0	0	0	0	0	0	0	0	0	0	0	0	0	0	0	0	0	0	0	0	0	0	0	0	0	0	0	0	0	0	0	0	0	0	0	0	0	0	0	0	0	0	0	0	0	0	0	0	0	0	0	0	0	0	0	0	0	1	0	0	0	0	0	0	0	0	0	0	0	0	0	0	0	0	0	0	0	0	0	0	0	0	0	0	0	0	0	0	0	0	0	0	0	0	0	0	0	0	0	0	0	0	0	0	0	0	0	0	0	0	0	0	0	0	0	0	0	0	0	0	0	0	0	0	0	0	0	0	0	0	0	0	0	0	0	0	0	0	0	0	0	0	0	0	0	0	0	0	0	0	0	0	0	0	0	0	0	0	0	0	0	0	0	0	0	0	0	0	0	0	0	0	0	0	0	0	0	0	0	0
Root;Bacteria;Actinobacteriota;Actinomycetia;Actinomycetales;Micrococcaceae;Rothia;Rothia_dentocariosa	JQ468465.1.1385	0	0	79	84	8	10	1	4	47	56	1	4	2	6	3	7	10	21	3	4	1	1	2	2	1	2	0	54	100	4	0	12	5	1	1	2	2	2	110	29	36	44	85	22	19	23	157	65	3	42	3	30	13	235	192	117	80	29	22	33	2	7	666	16	4	6	713	12	6	1	45	69	142	39	27	2	18	2	20	0	9	4	2	5	0	0	16	0	2	1	0	1	3	13	8	0	1	7	1	14	2	5	1	3	14	0	8	0	0	1	1	1	9	1	0	0	1	0	10	2	0	374	2	1	11	17	70	3	4	0	166	19	144	2	0	11	18	22	0	0	1	0	6	0	0	0	0	0	0	0	2	1	80	0	0	0	0	0	0	0	0	0	4	10	0	0	0	0	0	25	9	1	0	0	0	0	0	0	9	33	0	0	17	19	0	0	0	0	0	0	3	1	1	0	1	3	0	0	0	8	15	8	25	1	1	0	18	0	7	1	0	0	7	0	10	0	3	5	0	4	6	1	8	1	0	0	0	10	12	0	0	2	0	6	7	0	0	0	0	0	0	0	1	11	21	22	40	1	11	33	130	65	1	0	0	7	0	22	33	3	0	0	9	76	0	0	0	0	0	2	0	0	13	134	8	0	2	0	3	3	2	13	39	0	66	63	0	9	8	13	18	0	0	1	20	3	0	0	2	41	0	0	34	0	0	49	0	173	0	0	0	1	125	3	1	0	0	0	0	2	37	1	37	182	5	0	12	63	0	0	2	0	0	0	2	51	0	0	3	5	41	0	0	113	1	13	0	0	0	0	0	18	0	1	12	7	5	0	0	0	10	7	10	27	7	13	0	0	0	17	5	2	46
Root;Bacteria;Actinobacteriota;Actinomycetia;Mycobacteriales;Mycobacteriaceae;Corynebacterium;Corynebacterium_matruchotii	JX011433.1.1258	0	0	0	0	0	0	0	0	0	0	0	0	0	1	0	0	0	0	0	0	0	0	3	2	0	1	0	0	0	0	0	5	0	0	0	0	0	0	0	0	0	0	0	0	0	0	0	0	0	0	0	0	0	1	0	0	0	0	0	0	0	0	0	0	0	0	0	0	0	0	0	0	0	0	0	0	0	0	0	0	0	0	0	0	0	0	0	0	0	0	0	0	2	0	0	0	0	0	0	0	0	3	0	0	0	0	0	0	0	0	0	0	0	0	0	0	0	0	0	0	0	0	0	0	0	0	0	0	0	0	0	0	0	0	0	0	0	0	0	0	0	0	0	0	0	0	0	0	0	0	0	0	0	8	0	0	0	0	0	0	0	0	0	0	0	0	0	0	0	0	0	0	0	0	0	0	0	0	0	0	0	0	0	0	0	31	40	0	0	0	0	0	0	0	0	0	55	83	0	0	0	0	0	0	0	0	0	0	0	0	0	0	0	1	0	0	0	0	0	0	0	0	0	0	0	0	0	0	0	0	0	0	0	1	0	0	0	0	63	0	0	0	0	0	0	0	0	0	0	0	0	0	0	7	0	0	0	0	0	0	0	0	1	0	0	0	0	0	0	0	0	0	0	0	0	0	0	5	9	0	0	0	0	0	0	0	0	0	0	0	0	0	0	0	1	0	0	0	0	0	0	0	0	0	0	0	0	0	0	0	0	0	0	0	0	0	0	0	0	0	0	0	0	0	0	0	0	0	0	0	0	0	0	0	0	0	0	0	0	0	0	0	0	0	0	0	0	23	2	0	1	0	0	1	0	0	0	0	0	0	0	1	0	0	0	1	1	0	0	3	0	0	0
Root;Bacteria;Actinobacteriota;Actinomycetia;Mycobacteriales;Mycobacteriaceae;Corynebacterium;Corynebacterium_durum	JQ456402.1.1320	2	0	19	17	11	12	0	1	0	0	0	1	4	12	0	0	0	0	21	29	1	1	25	22	0	35	1	1	1	1	0	13	8	0	161	0	10	11	21	36	33	36	251	15	7	158	102	22	1	97	0	20	1	112	39	35	0	18	15	148	1	53	35	10	77	76	14	36	26	8	8	34	85	1	112	0	22	39	0	0	3	1	13	33	6	11	5	6	2	1	0	1	53	1	56	8	5	15	1	0	0	2	1	11	43	0	4	8	3	18	0	2	1	7	7	0	2	0	3	3	0	19	51	67	1	3	4	42	35	0	1	27	156	5	3	31	78	7	0	0	0	0	0	0	14	0	0	0	12	5	3	4	35	1	0	11	2	18	18	21	0	22	17	3	0	1	25	2	1	54	12	1	23	1	0	7	0	54	57	4	2	1	3	5	8	0	1	23	14	0	3	2	0	90	35	47	0	2	0	65	8	16	50	0	0	41	24	17	1	3	0	1	2	3	0	0	9	5	2	5	1	0	28	6	1	0	1	14	9	1	0	48	3	52	110	0	0	43	2	0	0	0	11	0	0	2	1	38	0	67	0	3	14	20	23	17	5	104	8	2	14	0	51	0	0	0	1	7	14	13	46	0	49	37	7	38	1	14	31	13	4	8	0	0	3	46	0	3	0	137	0	10	2	132	1	3	0	2	10	14	0	2	26	0	2	2	0	107	0	22	1	0	14	6	1	0	0	1	0	3	25	3	0	21	2	0	11	54	1	12	14	0	1	2	107	11	3	0	4	1	13	0	0	33	40	20	0	19	1	0	0	127	11	23	1	0	2	1	431	64	8	25	13	37	41	0	25	0	0	67	2	12	0
