gtdb_id	NCBI_ID	aceticAcid	aceticAcidScore	aob	aobScore	aSaccharolytic	aSaccharolyticScore	autoCo2	autoCo2Score	butanol	butanolScore	butyricAcid	butyricAcidScore	dGlucose	dGlucoseScore	dLacticAcid	dLacticAcidScore	ethanol	ethanolScore	fermentative	fermentativeScore	fixingN2	fixingN2Score	formicAcid	formicAcidScore	halophilic	halophilicScore	hydrogen	hydrogenScore	indole	indoleScore	isobutyricAcid	isobutyricAcidScore	isovalericAcid	isovalericAcidScore	lLacticAcid	lLacticAcidScore	methanotroph	methanotrophScore	NOB	NOBScore	nonFermentative	nonFermentativeScore	phototrophy	phototrophyScore	psychrophilic	psychrophilicScore	rAcetoin	rAcetoinScore	saccharolytic	saccharolyticScore	succinicAcid	succinicAcidScore	sulfateReducer	sulfateReducerScore	symbiont	symbiontScore	T3SS	T3SSScore	T6SS	T6SSScore	thermophilic	thermophilicScore	anaerobe	anaerobeScore	aerobe	aerobeScore
GCF_000187895.1	310297	YES	0.8668	NO	0.7274	NO	0.8831	NO	0.7079	NO	0.7298	NO	0.7221	NO	0.5720	NO	0.5830	NO	0.8172	YES	0.8746	NO	0.6007	NO	0.7576	NO	0.5900	YES	0.5642	YES	0.6773	YES	0.8161	YES	0.8528	NO	0.8393	NO	0.8317	NO	0.5493	NO	0.8842	NO	0.8311	NO	0.8649	NO	0.8466	YES	0.8210	YES	0.8405	NO	0.8508	NO	0.8466	NO	0.8747	NO	0.8284	NO	0.8347	YES	0.8645	NO	0.8451
GCF_006384255.1	2582921	YES	0.8200	NO	0.6425	NO	0.8440	YES	0.7414	NO	0.8411	NO	0.7383	NO	0.5540	NO	0.8102	NO	0.8368	YES	0.6783	NO	0.7177	NO	0.7738	NO	0.7554	NO	0.8001	YES	0.5569	NO	0.8554	NO	0.8451	YES	0.6362	NO	0.8567	NO	0.7840	NO	0.8865	NO	0.8333	NO	0.8712	NO	0.7627	NO	0.5496	YES	0.5988	NO	0.8621	NO	0.8608	NO	0.8092	NO	0.8695	NO	0.8836	YES	0.7455	YES	0.6476
GCF_003043945.1	712466	YES	0.8621	NO	0.6568	NO	0.8533	NO	0.6347	NO	0.8388	NO	0.8090	NO	0.7742	NO	0.7590	NO	0.8516	YES	0.8533	NO	0.8085	NO	0.7427	NO	0.7374	NO	0.8124	NO	0.5598	YES	0.7331	YES	0.7993	NO	0.8261	NO	0.8027	NO	0.6786	NO	0.8865	NO	0.8405	NO	0.8623	NO	0.7985	YES	0.8559	YES	0.8589	NO	0.8654	NO	0.6055	NO	0.8635	NO	0.8363	NO	0.8545	YES	0.8809	NO	0.6463
GCF_000220255.1	60133	YES	0.8688	NO	0.5939	NO	0.8627	NO	0.7185	NO	0.8489	NO	0.7855	NO	0.7807	NO	0.8401	NO	0.8634	YES	0.8683	NO	0.7917	NO	0.7130	NO	0.6810	NO	0.8204	YES	0.6508	NO	0.5602	YES	0.8475	NO	0.7542	NO	0.7801	NO	0.5671	NO	0.8865	NO	0.8409	NO	0.8606	NO	0.8540	YES	0.8384	YES	0.8676	NO	0.8391	YES	0.6145	NO	0.8784	NO	0.8310	NO	0.7900	YES	0.8813	NO	0.8239
GCF_007990525.1	157688	YES	0.8426	NO	0.6608	NO	0.8770	YES	0.5390	NO	0.7386	NO	0.6155	NO	0.6833	NO	0.8322	NO	0.6999	YES	0.8170	NO	0.7873	NO	0.7683	NO	0.7890	NO	0.8312	NO	0.6382	NO	0.8412	NO	0.7757	YES	0.6207	NO	0.8524	NO	0.8035	NO	0.8676	NO	0.8237	NO	0.8835	NO	0.7904	YES	0.8310	NO	0.6553	NO	0.8010	NO	0.8619	NO	0.8697	NO	0.8630	NO	0.6898	YES	0.8744	YES	0.7090
GCF_014334325.1	2766702	YES	0.8082	NO	0.6256	NO	0.8512	YES	0.5351	NO	0.6860	YES	0.5265	NO	0.6110	NO	0.7403	NO	0.6438	YES	0.7960	NO	0.6658	NO	0.6224	NO	0.7015	NO	0.7603	NO	0.5304	NO	0.8093	NO	0.8026	YES	0.5950	NO	0.8692	NO	0.8036	NO	0.8865	NO	0.7638	NO	0.8766	NO	0.7879	YES	0.7558	NO	0.5478	NO	0.7670	NO	0.7594	NO	0.8693	NO	0.8592	NO	0.8375	YES	0.8784	NO	0.6277
GCF_014297285.1	2763042	YES	0.8257	NO	0.7379	NO	0.8309	YES	0.6532	NO	0.8142	YES	0.7899	NO	0.5070	NO	0.7029	NO	0.7147	YES	0.8430	NO	0.5686	NO	0.5234	NO	0.7136	NO	0.5812	NO	0.7972	NO	0.8231	NO	0.8313	NO	0.5260	NO	0.8687	NO	0.8017	NO	0.8792	NO	0.8427	NO	0.8575	NO	0.8653	YES	0.7313	NO	0.6856	NO	0.8278	NO	0.7630	NO	0.8364	NO	0.8073	NO	0.8147	YES	0.8846	YES	0.6041
GCF_001425485.1	1736375	YES	0.5789	NO	0.8295	NO	0.8655	YES	0.5044	NO	0.8460	NO	0.8056	YES	0.5654	NO	0.6914	YES	0.5969	NO	0.5337	NO	0.8363	NO	0.7825	NO	0.6238	NO	0.8180	NO	0.7236	NO	0.8177	NO	0.8355	YES	0.6832	NO	0.8698	NO	0.7024	NO	0.8563	NO	0.7744	NO	0.8785	NO	0.6692	NO	0.5851	NO	0.7388	NO	0.8302	NO	0.8742	NO	0.8588	NO	0.6041	NO	0.8744	NO	0.8077	YES	0.8827
GCF_001591845.1	1579	NO	0.7995	NO	0.5971	NO	0.8841	NO	0.6385	NO	0.7771	NO	0.8439	NO	0.7691	YES	0.7240	NO	0.7076	YES	0.8628	NO	0.8033	NO	0.8055	NO	0.8238	NO	0.8408	NO	0.8714	NO	0.8478	NO	0.8646	YES	0.8320	NO	0.8653	NO	0.7816	NO	0.8865	NO	0.8253	NO	0.8773	NO	0.7549	YES	0.8694	NO	0.8289	NO	0.8315	YES	0.6497	NO	0.8423	NO	0.8227	NO	0.8641	YES	0.8846	YES	0.8733
GCF_003860215.1	2491045	YES	0.8323	NO	0.6545	NO	0.5419	YES	0.7729	NO	0.7672	NO	0.7181	NO	0.6670	NO	0.6951	NO	0.6139	YES	0.5200	YES	0.5058	NO	0.7907	NO	0.6232	NO	0.7243	NO	0.5703	NO	0.7800	NO	0.6950	YES	0.5849	NO	0.8421	NO	0.7938	NO	0.8232	NO	0.7777	NO	0.8269	NO	0.8577	NO	0.7288	NO	0.6418	NO	0.5583	NO	0.8512	NO	0.8405	NO	0.8685	NO	0.8390	YES	0.8690	NO	0.8637
GCA_013333255.2	1871037	YES	0.8271	NO	0.5763	NO	0.6772	NO	0.5737	NO	0.7777	NO	0.8153	NO	0.7234	NO	0.7873	NO	0.7698	YES	0.7764	NO	0.8169	NO	0.8398	NO	0.8220	NO	0.8651	NO	0.6072	NO	0.5204	YES	0.6127	NO	0.7142	NO	0.7590	NO	0.7307	NO	0.8702	NO	0.8012	NO	0.8170	NO	0.6621	YES	0.5822	YES	0.6966	NO	0.8472	YES	0.6926	NO	0.8695	NO	0.8617	NO	0.7887	YES	0.8053	YES	0.8295
GCF_002015035.1	735	YES	0.7502	NO	0.6464	NO	0.8118	YES	0.6797	NO	0.8295	NO	0.8645	NO	0.6506	NO	0.8014	NO	0.8385	NO	0.5480	NO	0.8134	NO	0.7235	NO	0.7984	NO	0.8341	NO	0.5692	NO	0.8482	NO	0.8622	YES	0.6325	NO	0.7202	NO	0.7903	NO	0.8605	NO	0.8540	NO	0.8614	NO	0.7804	NO	0.6159	YES	0.5376	NO	0.8604	NO	0.7912	NO	0.7966	NO	0.8675	NO	0.8710	YES	0.6812	YES	0.8124
GCF_000295095.1	1288391	YES	0.8374	NO	0.6640	NO	0.8841	NO	0.6762	NO	0.7346	NO	0.8595	NO	0.5796	NO	0.7587	NO	0.7640	YES	0.8063	NO	0.7502	YES	0.5148	NO	0.7305	NO	0.8775	NO	0.7956	NO	0.7859	NO	0.8052	YES	0.8074	NO	0.8232	NO	0.7467	NO	0.8562	NO	0.8257	NO	0.8827	NO	0.6694	YES	0.8588	YES	0.5407	NO	0.8562	NO	0.8672	NO	0.8444	NO	0.8276	NO	0.8079	YES	0.7916	YES	0.8602
GCF_003614945.1	1585976	YES	0.8310	NO	0.7485	NO	0.5367	NO	0.6403	NO	0.8296	NO	0.8263	NO	0.5340	NO	0.7860	NO	0.8469	YES	0.5477	NO	0.7926	NO	0.7993	NO	0.7460	NO	0.8702	NO	0.5653	NO	0.5214	YES	0.5572	NO	0.7314	NO	0.8260	NO	0.7315	NO	0.8758	NO	0.7850	NO	0.8468	NO	0.6919	NO	0.5092	YES	0.6659	NO	0.8087	NO	0.5423	NO	0.8656	NO	0.8784	NO	0.8231	YES	0.7223	YES	0.8725
GCF_017798005.1	2820817	YES	0.8260	NO	0.7185	NO	0.7945	YES	0.7584	NO	0.8411	NO	0.8081	YES	0.5277	NO	0.8075	NO	0.7685	YES	0.5575	NO	0.7443	NO	0.7384	NO	0.8018	NO	0.8177	NO	0.5061	NO	0.8343	NO	0.8476	YES	0.5593	NO	0.6811	NO	0.6904	NO	0.8515	NO	0.8416	NO	0.8452	NO	0.7697	NO	0.7012	YES	0.5549	NO	0.8511	NO	0.8626	NO	0.8188	NO	0.8666	NO	0.8777	YES	0.7835	YES	0.8155
GCF_000315545.1	999423	YES	0.8395	NO	0.5552	NO	0.7299	YES	0.7772	NO	0.7849	NO	0.7299	NO	0.7638	NO	0.7045	NO	0.7620	YES	0.7927	NO	0.5983	NO	0.7267	NO	0.6739	YES	0.5779	NO	0.6995	NO	0.8067	NO	0.7105	YES	0.6801	NO	0.7966	NO	0.6776	NO	0.8698	NO	0.5157	NO	0.8515	NO	0.7547	YES	0.5376	NO	0.7746	NO	0.8434	NO	0.8278	NO	0.8372	NO	0.8136	NO	0.7517	YES	0.8726	NO	0.8149
GCF_001190745.1	824	YES	0.6143	NO	0.8017	YES	0.5539	YES	0.8103	NO	0.7758	NO	0.7419	NO	0.5335	NO	0.5453	NO	0.7666	YES	0.5249	NO	0.8015	NO	0.8421	NO	0.7303	NO	0.7973	NO	0.6225	NO	0.8094	NO	0.7454	NO	0.5784	NO	0.8190	NO	0.6966	NO	0.8244	NO	0.7597	NO	0.8753	NO	0.8460	NO	0.6135	NO	0.6430	NO	0.8560	NO	0.8647	NO	0.8474	NO	0.8419	NO	0.8289	YES	0.8420	NO	0.7539
GCF_000613725.1	407975	YES	0.8024	NO	0.6032	NO	0.7197	NO	0.6759	NO	0.8476	NO	0.7726	NO	0.6519	NO	0.7447	NO	0.8211	YES	0.8555	NO	0.8029	NO	0.7235	NO	0.6822	NO	0.8178	YES	0.6007	YES	0.6683	YES	0.7483	NO	0.8033	NO	0.7432	NO	0.5818	NO	0.8758	NO	0.8405	NO	0.8546	NO	0.7908	YES	0.7979	YES	0.8710	NO	0.8701	NO	0.6091	NO	0.8811	NO	0.8666	NO	0.8352	YES	0.8813	NO	0.6222
GCF_000374505.1	328813	YES	0.8614	NO	0.7797	NO	0.8451	NO	0.7084	NO	0.7894	NO	0.8444	YES	0.7160	NO	0.7661	NO	0.8369	YES	0.8556	NO	0.7617	NO	0.7660	NO	0.8046	NO	0.7255	YES	0.6135	YES	0.7727	YES	0.5363	NO	0.8500	NO	0.8288	NO	0.7370	NO	0.8751	NO	0.8324	NO	0.7098	NO	0.8490	YES	0.8447	YES	0.7656	NO	0.8612	NO	0.7348	NO	0.8756	NO	0.8500	NO	0.8011	YES	0.8563	N/A	0.5379
GCF_002000985.1	315405	YES	0.8557	NO	0.6268	NO	0.8841	NO	0.6930	NO	0.7944	NO	0.8733	NO	0.7617	NO	0.8460	YES	0.6934	YES	0.8522	NO	0.7975	YES	0.6990	NO	0.7891	NO	0.8590	NO	0.8776	NO	0.8809	NO	0.8777	YES	0.8375	NO	0.8508	NO	0.7968	NO	0.8865	NO	0.8458	NO	0.8835	YES	0.6798	YES	0.8542	NO	0.8577	NO	0.8210	NO	0.8619	NO	0.7722	NO	0.8161	NO	0.8491	YES	0.8787	YES	0.8674
GCF_013410305.1	61592	NO	0.5795	NO	0.6590	NO	0.8831	NO	0.5461	NO	0.8283	NO	0.8536	NO	0.6017	NO	0.7897	NO	0.6797	YES	0.8145	NO	0.7248	NO	0.7601	NO	0.6806	NO	0.8479	NO	0.8365	NO	0.8703	NO	0.8426	YES	0.5608	NO	0.8091	NO	0.7416	NO	0.8747	NO	0.7223	NO	0.8594	NO	0.6520	YES	0.7742	NO	0.8183	NO	0.8347	NO	0.8672	NO	0.8089	NO	0.8040	NO	0.8461	N/A	0.5745	YES	0.8677
GCF_014195585.1	671218	YES	0.8640	NO	0.5777	NO	0.7730	NO	0.6915	NO	0.6081	NO	0.7860	NO	0.6801	NO	0.8005	NO	0.8629	YES	0.8252	NO	0.7310	NO	0.7118	NO	0.6746	NO	0.7497	YES	0.5733	YES	0.6781	YES	0.8105	NO	0.8237	NO	0.7944	NO	0.6383	NO	0.8742	NO	0.7641	NO	0.8537	NO	0.8619	YES	0.8100	YES	0.8692	NO	0.8698	NO	0.5435	NO	0.8529	NO	0.8631	NO	0.7980	YES	0.8779	NO	0.8123
GCF_009557455.1	2662363	YES	0.8306	NO	0.6800	NO	0.8391	NO	0.7449	NO	0.8131	NO	0.7817	NO	0.5371	NO	0.6638	NO	0.8386	YES	0.7619	NO	0.7402	NO	0.7994	NO	0.7743	NO	0.6283	NO	0.5638	NO	0.5036	YES	0.6574	NO	0.8828	NO	0.7933	NO	0.7455	NO	0.8837	NO	0.8564	NO	0.8448	NO	0.8578	YES	0.8020	YES	0.8287	NO	0.8443	NO	0.7986	NO	0.8811	NO	0.8196	NO	0.8361	YES	0.8823	N/A	0.5719
GCF_001697145.1	1328	YES	0.8545	NO	0.6302	NO	0.8838	NO	0.5382	NO	0.8540	NO	0.8678	NO	0.6409	NO	0.8569	YES	0.5160	YES	0.8675	NO	0.8205	YES	0.6968	NO	0.7893	NO	0.8621	NO	0.8612	NO	0.8771	NO	0.8732	YES	0.8064	NO	0.8630	NO	0.7974	NO	0.8865	NO	0.8206	NO	0.8841	YES	0.7055	YES	0.8690	NO	0.8688	NO	0.8301	NO	0.5918	NO	0.7945	NO	0.8265	NO	0.8252	YES	0.8832	YES	0.8494
GCF_000469505.1	712359	YES	0.7899	NO	0.6237	NO	0.6359	YES	0.5258	NO	0.5856	YES	0.6241	NO	0.5832	NO	0.8433	NO	0.7458	YES	0.7624	NO	0.7260	NO	0.5722	NO	0.7909	NO	0.7224	YES	0.6614	NO	0.8221	NO	0.7668	YES	0.5622	NO	0.8498	NO	0.7615	NO	0.8780	NO	0.8508	NO	0.8669	NO	0.8082	YES	0.7139	NO	0.6893	NO	0.8182	NO	0.8537	NO	0.8594	NO	0.7936	NO	0.7687	YES	0.8751	YES	0.6245
GCF_000158275.2	76859	YES	0.8284	NO	0.6615	NO	0.8570	YES	0.5336	YES	0.8263	YES	0.8572	NO	0.7449	NO	0.8550	NO	0.8534	YES	0.8621	NO	0.7645	NO	0.8430	NO	0.7365	NO	0.8042	YES	0.7817	NO	0.8485	NO	0.7970	NO	0.7863	NO	0.8380	NO	0.7746	NO	0.8846	NO	0.7866	NO	0.8677	NO	0.8634	YES	0.8194	NO	0.8000	NO	0.8039	YES	0.5399	NO	0.8747	NO	0.8229	NO	0.8142	YES	0.8846	N/A	0.5640
GCF_002951835.1	72	YES	0.8066	NO	0.8277	NO	0.7197	YES	0.6282	NO	0.8546	NO	0.8307	NO	0.5110	NO	0.6694	NO	0.8164	YES	0.5844	NO	0.8649	NO	0.8143	NO	0.8018	NO	0.8825	NO	0.7336	NO	0.8564	NO	0.8376	YES	0.6245	NO	0.8554	NO	0.6631	NO	0.8664	NO	0.8389	NO	0.7462	NO	0.7195	NO	0.6182	NO	0.6940	NO	0.8117	NO	0.8105	NO	0.8128	NO	0.8554	NO	0.8749	YES	0.6789	YES	0.8169
GCF_000614105.1	189723	YES	0.7659	NO	0.5903	NO	0.7366	NO	0.5216	NO	0.6941	NO	0.7764	NO	0.7349	NO	0.6824	NO	0.8694	YES	0.8560	NO	0.8153	NO	0.6509	NO	0.6102	NO	0.8447	NO	0.5626	YES	0.6451	YES	0.6662	NO	0.7763	NO	0.6779	NO	0.5666	NO	0.8758	NO	0.8174	NO	0.8625	NO	0.7972	YES	0.8333	YES	0.8453	NO	0.8645	YES	0.6411	NO	0.8811	NO	0.8383	NO	0.8238	YES	0.8741	NO	0.6895
GCF_006546835.1	544581	YES	0.7939	NO	0.6694	NO	0.8656	NO	0.7028	NO	0.8499	NO	0.8731	YES	0.5869	NO	0.6609	NO	0.7504	YES	0.8072	NO	0.8035	YES	0.5705	NO	0.7435	NO	0.8632	NO	0.8146	NO	0.8456	NO	0.8756	YES	0.7219	NO	0.8261	NO	0.6569	NO	0.8865	NO	0.7920	NO	0.8747	NO	0.7343	YES	0.8437	NO	0.5344	NO	0.8461	NO	0.8672	NO	0.8239	NO	0.8263	NO	0.8072	YES	0.7590	YES	0.8737
GCF_000220065.1	712620	YES	0.8541	NO	0.5698	NO	0.8819	NO	0.5864	NO	0.8011	NO	0.8166	NO	0.7371	NO	0.7964	YES	0.6942	YES	0.8764	NO	0.8205	YES	0.5951	NO	0.7667	NO	0.8769	NO	0.8768	NO	0.8672	NO	0.8783	YES	0.8359	NO	0.8519	NO	0.7649	NO	0.8865	NO	0.8294	NO	0.8841	NO	0.5016	YES	0.8643	NO	0.8598	NO	0.8493	YES	0.5960	NO	0.7945	NO	0.8158	NO	0.8112	YES	0.8832	YES	0.8466
GCF_000296465.1	487174	YES	0.8559	NO	0.6132	NO	0.7452	NO	0.6978	NO	0.7791	NO	0.7519	NO	0.6327	NO	0.7021	NO	0.8546	YES	0.7410	YES	0.5202	NO	0.7360	NO	0.7004	NO	0.6766	NO	0.5816	YES	0.7528	YES	0.7503	NO	0.8606	NO	0.7224	NO	0.6248	NO	0.8539	NO	0.8286	NO	0.8375	NO	0.8466	YES	0.7634	YES	0.8104	NO	0.8457	NO	0.7516	NO	0.8639	NO	0.7970	NO	0.8379	YES	0.8638	N/A	0.5690
GCF_000011065.1	818	YES	0.8629	NO	0.7155	NO	0.8371	NO	0.7376	NO	0.7260	NO	0.8518	NO	0.5936	YES	0.7414	NO	0.8697	YES	0.8704	NO	0.5205	NO	0.5812	NO	0.5899	YES	0.8510	YES	0.7580	YES	0.8732	YES	0.8620	NO	0.8798	NO	0.7799	NO	0.6109	NO	0.8865	NO	0.8048	NO	0.8310	NO	0.8492	YES	0.8466	YES	0.8651	NO	0.8604	NO	0.8637	NO	0.8756	NO	0.7320	NO	0.8438	YES	0.8570	NO	0.8116
GCF_001404655.1	649756	YES	0.8038	NO	0.6525	NO	0.8759	YES	0.6706	NO	0.5737	YES	0.7003	YES	0.6719	NO	0.6745	NO	0.6891	YES	0.8648	YES	0.5907	NO	0.7110	NO	0.7906	NO	0.6023	NO	0.7046	NO	0.8301	NO	0.7893	YES	0.7267	NO	0.7718	NO	0.7621	NO	0.8865	NO	0.8020	NO	0.8603	NO	0.8732	YES	0.8321	NO	0.7790	NO	0.8349	NO	0.8621	NO	0.8582	NO	0.8057	NO	0.8551	YES	0.8657	YES	0.6590
GCF_019052365.1	363265	YES	0.8672	NO	0.5437	NO	0.8504	NO	0.6661	NO	0.8195	NO	0.7044	NO	0.6344	NO	0.7514	NO	0.8641	YES	0.8513	NO	0.6368	NO	0.7097	NO	0.7455	NO	0.7806	NO	0.5105	YES	0.6244	YES	0.8031	NO	0.8284	NO	0.7848	YES	0.5128	NO	0.8813	NO	0.8312	NO	0.8732	NO	0.8407	YES	0.8401	YES	0.8779	NO	0.8514	YES	0.5747	NO	0.8811	NO	0.8511	NO	0.8713	YES	0.8809	NO	0.6767
GCA_900538555.1	348578	YES	0.8353	NO	0.6381	NO	0.8436	NO	0.6159	NO	0.8169	NO	0.6887	NO	0.7078	NO	0.7704	NO	0.8635	YES	0.8638	NO	0.5388	NO	0.6767	NO	0.6818	YES	0.5748	YES	0.5929	YES	0.7316	YES	0.8087	NO	0.7940	NO	0.7877	NO	0.6655	NO	0.8670	NO	0.7864	NO	0.7536	NO	0.8542	YES	0.7853	YES	0.8394	NO	0.8698	YES	0.5955	NO	0.8584	NO	0.8121	NO	0.8400	YES	0.8609	NO	0.8051
GCA_018223375.1	2830654	YES	0.8444	NO	0.7528	NO	0.8600	YES	0.6128	NO	0.7954	YES	0.8513	YES	0.5726	NO	0.7776	NO	0.7596	YES	0.8462	NO	0.6228	YES	0.5375	NO	0.5629	NO	0.6568	NO	0.7597	NO	0.8292	NO	0.8001	NO	0.5526	NO	0.8381	NO	0.8077	NO	0.8865	NO	0.8200	NO	0.8745	NO	0.8453	YES	0.7655	NO	0.7250	NO	0.8613	NO	0.7950	NO	0.7841	NO	0.8389	NO	0.8194	YES	0.8613	N/A	0.5591
GCF_014054985.1	505	YES	0.7556	NO	0.8275	YES	0.5325	YES	0.6469	NO	0.8319	NO	0.8144	NO	0.5537	NO	0.7897	NO	0.7431	YES	0.5816	NO	0.8494	NO	0.8328	NO	0.7582	NO	0.8635	NO	0.6898	NO	0.8433	NO	0.8213	YES	0.6557	NO	0.7636	NO	0.7044	NO	0.8223	NO	0.8196	NO	0.8557	NO	0.8247	NO	0.6292	NO	0.6064	NO	0.8111	NO	0.8340	NO	0.8221	NO	0.8346	NO	0.8456	YES	0.6605	YES	0.7609
GCA_000154325.1	39492	YES	0.8056	NO	0.6321	NO	0.8712	NO	0.5563	NO	0.7576	NO	0.5912	NO	0.5014	NO	0.7221	NO	0.5451	YES	0.7925	NO	0.5828	YES	0.6092	NO	0.6711	NO	0.5583	NO	0.6903	NO	0.7873	NO	0.7680	YES	0.5343	NO	0.7596	NO	0.6891	NO	0.8692	NO	0.8578	NO	0.8621	NO	0.8327	YES	0.7990	NO	0.5170	NO	0.8449	NO	0.7576	NO	0.8565	NO	0.7919	NO	0.7805	YES	0.8744	NO	0.8323
GCF_001559795.1	1162717	YES	0.6678	NO	0.6160	NO	0.8317	YES	0.5545	NO	0.6594	NO	0.6447	NO	0.5688	NO	0.8155	NO	0.6679	YES	0.8476	NO	0.8205	NO	0.6795	NO	0.8204	NO	0.8003	NO	0.7392	NO	0.8291	NO	0.7767	YES	0.5845	NO	0.8214	NO	0.7496	NO	0.8846	NO	0.8030	NO	0.8841	NO	0.7606	YES	0.8205	NO	0.6013	NO	0.8462	YES	0.7666	NO	0.8089	NO	0.8144	NO	0.8369	YES	0.8678	YES	0.8526
GCF_003860125.1	2491047	YES	0.8032	NO	0.7075	NO	0.7363	YES	0.7102	NO	0.7505	NO	0.6185	NO	0.7197	NO	0.7976	NO	0.6339	YES	0.7487	NO	0.6982	NO	0.7228	NO	0.5438	NO	0.5917	NO	0.5981	NO	0.7528	NO	0.6275	NO	0.6056	NO	0.8652	NO	0.8208	NO	0.8769	NO	0.8218	NO	0.8781	NO	0.7951	YES	0.6588	NO	0.5738	NO	0.7629	NO	0.7791	NO	0.8701	NO	0.8485	NO	0.5452	YES	0.8846	NO	0.8378
GCF_000154105.1	46503	YES	0.8495	NO	0.6611	NO	0.8627	NO	0.6376	NO	0.7606	NO	0.8591	NO	0.7290	NO	0.7298	NO	0.8665	YES	0.8686	NO	0.5083	NO	0.7553	NO	0.6060	NO	0.5597	NO	0.6329	YES	0.7879	YES	0.8557	NO	0.8694	NO	0.7570	NO	0.6334	NO	0.8865	NO	0.8243	NO	0.8664	NO	0.8643	YES	0.8604	YES	0.8832	NO	0.8632	NO	0.8535	NO	0.8755	NO	0.8187	NO	0.8398	YES	0.8757	NO	0.6623
GCF_002998925.1	114527	YES	0.7023	NO	0.7186	YES	0.5524	YES	0.6112	NO	0.7032	YES	0.6443	NO	0.5310	NO	0.7703	NO	0.7327	YES	0.6993	YES	0.5260	NO	0.5766	NO	0.7485	NO	0.6846	NO	0.7431	NO	0.7335	NO	0.6902	NO	0.5055	NO	0.7467	NO	0.7437	NO	0.8828	NO	0.8081	NO	0.8503	NO	0.7919	YES	0.5085	NO	0.6711	NO	0.8194	YES	0.5719	NO	0.8562	NO	0.8268	NO	0.7960	YES	0.8846	NO	0.6232
GCF_003252755.1	729	YES	0.7908	NO	0.6306	NO	0.8395	YES	0.7829	NO	0.8165	NO	0.8283	NO	0.6108	NO	0.8370	NO	0.7914	YES	0.6522	NO	0.7079	NO	0.7531	NO	0.7745	NO	0.8235	YES	0.5659	NO	0.8497	NO	0.8578	YES	0.6107	NO	0.7230	NO	0.7682	NO	0.8352	NO	0.8510	NO	0.8233	NO	0.7440	NO	0.6297	YES	0.6569	NO	0.8333	NO	0.8623	NO	0.7954	NO	0.8666	NO	0.8674	YES	0.7836	YES	0.7852
GCF_000269605.1	230143	YES	0.6573	NO	0.5498	NO	0.8762	NO	0.5288	NO	0.7877	NO	0.8188	NO	0.7415	NO	0.7721	YES	0.6742	YES	0.8573	NO	0.8401	NO	0.5345	NO	0.8158	NO	0.8394	NO	0.8536	NO	0.8649	NO	0.8369	YES	0.7888	NO	0.8089	NO	0.7103	NO	0.8865	NO	0.8280	NO	0.8266	NO	0.7648	YES	0.8620	NO	0.5207	NO	0.8517	YES	0.7195	NO	0.8027	NO	0.7987	NO	0.8268	YES	0.8709	YES	0.7417
GCF_900291955.1	2086583	YES	0.8008	NO	0.5696	NO	0.8323	YES	0.6531	NO	0.8086	NO	0.6337	NO	0.5667	NO	0.8072	NO	0.5310	YES	0.7844	NO	0.6522	YES	0.5921	NO	0.7586	NO	0.7528	NO	0.8413	NO	0.8361	NO	0.8497	YES	0.5933	NO	0.7479	NO	0.6935	NO	0.8717	NO	0.8336	NO	0.8651	NO	0.8621	YES	0.7947	NO	0.6519	NO	0.8602	NO	0.8742	NO	0.8743	NO	0.8181	NO	0.8069	YES	0.8720	YES	0.6462
GCF_000238055.2	1501329	YES	0.8276	NO	0.7326	NO	0.8438	NO	0.6140	NO	0.8008	NO	0.6068	YES	0.5724	NO	0.7815	NO	0.6630	YES	0.8380	NO	0.7570	NO	0.6404	NO	0.7354	NO	0.6941	NO	0.6130	NO	0.7663	NO	0.7824	YES	0.5865	NO	0.8387	NO	0.7890	NO	0.8825	NO	0.8422	NO	0.8779	NO	0.8483	YES	0.7793	NO	0.8073	NO	0.8464	NO	0.5794	NO	0.8095	NO	0.8508	NO	0.8109	YES	0.8800	N/A	0.5903
GCF_013394085.1	1613	YES	0.7199	NO	0.6675	NO	0.8831	NO	0.6012	NO	0.8360	NO	0.8704	NO	0.7601	YES	0.7426	YES	0.7093	YES	0.8707	NO	0.8350	NO	0.8487	NO	0.8299	NO	0.8826	NO	0.8744	NO	0.8552	NO	0.8626	YES	0.8231	NO	0.8190	NO	0.7707	NO	0.8865	NO	0.8003	NO	0.8835	NO	0.7313	YES	0.8717	NO	0.8721	NO	0.8480	YES	0.5210	NO	0.8175	NO	0.8257	NO	0.8706	YES	0.8846	YES	0.8823
GCA_905373475.1	2044936	YES	0.8244	NO	0.6018	NO	0.6044	NO	0.6156	NO	0.7739	YES	0.5095	NO	0.5923	NO	0.8157	NO	0.8503	YES	0.7253	NO	0.7090	NO	0.6971	NO	0.7234	NO	0.7819	YES	0.5266	YES	0.6260	YES	0.6474	NO	0.7756	NO	0.7657	NO	0.6056	NO	0.8781	NO	0.7786	NO	0.8289	NO	0.7788	NO	0.6356	YES	0.8210	NO	0.8472	YES	0.8240	NO	0.8688	NO	0.8497	NO	0.8571	YES	0.8823	NO	0.8062
GCF_000185845.1	228604	YES	0.8630	NO	0.5985	NO	0.8648	NO	0.7013	NO	0.8410	NO	0.8155	NO	0.7382	NO	0.8121	NO	0.8674	YES	0.8671	NO	0.7895	NO	0.6653	NO	0.7571	NO	0.7927	NO	0.5676	YES	0.6794	YES	0.8203	NO	0.7918	NO	0.7349	NO	0.6206	NO	0.8865	NO	0.8317	NO	0.8676	NO	0.8069	YES	0.8258	YES	0.8785	NO	0.8587	NO	0.6139	NO	0.8811	NO	0.8298	NO	0.8049	YES	0.8739	NO	0.8080
GCF_900475315.1	483	YES	0.8083	NO	0.8307	NO	0.5230	YES	0.5234	NO	0.8358	NO	0.7970	YES	0.5688	NO	0.7053	NO	0.7621	YES	0.6423	NO	0.8494	NO	0.8187	NO	0.8363	NO	0.8620	NO	0.6588	NO	0.8581	NO	0.7995	YES	0.5491	NO	0.7648	NO	0.6088	NO	0.8749	NO	0.8158	NO	0.8721	NO	0.7793	NO	0.6227	NO	0.5312	NO	0.8429	NO	0.7959	NO	0.8379	NO	0.8671	NO	0.8255	YES	0.6804	YES	0.8067
GCF_005121165.2	2093857	YES	0.7588	NO	0.7515	NO	0.8073	YES	0.5550	NO	0.7206	YES	0.7375	NO	0.5297	NO	0.7761	NO	0.7109	YES	0.6909	NO	0.6588	NO	0.6932	NO	0.7502	NO	0.5740	NO	0.7062	NO	0.7888	NO	0.7731	NO	0.5623	NO	0.8467	NO	0.8211	NO	0.8865	NO	0.8489	NO	0.8798	NO	0.8325	YES	0.7569	NO	0.7019	NO	0.8243	NO	0.8158	NO	0.8382	NO	0.8251	NO	0.6107	YES	0.8823	N/A	0.5309
GCF_000220235.1	28133	YES	0.8688	NO	0.6498	NO	0.8598	NO	0.6049	NO	0.8489	NO	0.8288	NO	0.6776	NO	0.8454	NO	0.8657	YES	0.8702	NO	0.7726	NO	0.6411	NO	0.7200	NO	0.8322	YES	0.6680	YES	0.7199	YES	0.8369	NO	0.7131	NO	0.7349	NO	0.5918	NO	0.8865	NO	0.8327	NO	0.8602	NO	0.8366	YES	0.8408	YES	0.8759	NO	0.8533	YES	0.5310	NO	0.8743	NO	0.8394	NO	0.8101	YES	0.8744	NO	0.7992
GCF_000614025.1	596085	YES	0.8688	NO	0.6476	NO	0.8389	NO	0.6435	NO	0.8217	NO	0.6565	NO	0.7015	NO	0.8442	NO	0.8549	YES	0.8127	NO	0.7772	NO	0.7232	NO	0.7527	NO	0.8154	YES	0.6414	YES	0.7103	YES	0.8598	NO	0.7386	NO	0.7457	NO	0.5731	NO	0.8865	NO	0.8176	NO	0.8648	NO	0.8588	YES	0.8329	YES	0.8592	NO	0.8549	YES	0.6136	NO	0.8743	NO	0.8293	NO	0.8035	YES	0.8775	NO	0.8130
GCF_000160875.1	147802	NO	0.7772	NO	0.5976	NO	0.7740	NO	0.5728	NO	0.7885	NO	0.8666	NO	0.7441	NO	0.5891	NO	0.6385	YES	0.8089	NO	0.8258	NO	0.7967	NO	0.8121	NO	0.8521	NO	0.8510	NO	0.8340	NO	0.8599	YES	0.8338	NO	0.8307	NO	0.7421	NO	0.8865	NO	0.8307	NO	0.8824	NO	0.8246	YES	0.8096	NO	0.8041	NO	0.8481	YES	0.8446	NO	0.8145	NO	0.8264	NO	0.8632	YES	0.8738	YES	0.8206
GCA_003480725.1	2292288	YES	0.8381	NO	0.7572	NO	0.8664	YES	0.6618	NO	0.7239	NO	0.6196	NO	0.6171	NO	0.7093	NO	0.5397	YES	0.8649	YES	0.6269	YES	0.6068	NO	0.7116	NO	0.5600	NO	0.7199	NO	0.7777	NO	0.8376	YES	0.5861	NO	0.8202	NO	0.8031	NO	0.8846	NO	0.7683	NO	0.8700	NO	0.8231	YES	0.8225	NO	0.5811	NO	0.7653	NO	0.8692	NO	0.8279	NO	0.7669	NO	0.7990	YES	0.8748	N/A	0.5310
GCF_000723465.1	1160721	YES	0.7950	NO	0.6495	NO	0.8760	YES	0.7609	NO	0.7523	YES	0.5930	NO	0.5987	NO	0.7756	NO	0.5860	YES	0.8626	YES	0.5467	YES	0.5395	NO	0.7151	NO	0.5629	NO	0.7780	NO	0.7639	NO	0.8128	YES	0.6604	NO	0.8575	NO	0.7734	NO	0.8865	NO	0.7826	NO	0.8781	NO	0.8058	YES	0.8235	NO	0.5433	NO	0.8557	NO	0.8481	NO	0.8596	NO	0.7991	NO	0.7651	YES	0.8846	NO	0.6558
GCF_900186975.1	33011	YES	0.7516	NO	0.6254	NO	0.7259	NO	0.5845	NO	0.7449	NO	0.7871	NO	0.6535	NO	0.7559	NO	0.5978	YES	0.7176	NO	0.6917	NO	0.6126	NO	0.7949	NO	0.8228	NO	0.8519	NO	0.8719	NO	0.8598	YES	0.6500	NO	0.7996	NO	0.8003	NO	0.8828	NO	0.6606	NO	0.8515	NO	0.6685	YES	0.7730	YES	0.6530	NO	0.8370	NO	0.6714	NO	0.7963	NO	0.8163	NO	0.7986	YES	0.8071	YES	0.8488
GCF_000688415.1	37637	YES	0.5463	NO	0.7133	NO	0.7927	NO	0.6266	NO	0.8233	NO	0.8305	NO	0.6869	NO	0.7804	NO	0.8157	YES	0.7433	NO	0.8428	NO	0.7862	NO	0.7691	NO	0.8748	NO	0.8443	NO	0.8625	NO	0.8648	YES	0.6341	NO	0.7871	NO	0.6168	NO	0.8865	NO	0.7745	NO	0.8841	NO	0.6312	YES	0.7187	NO	0.7244	NO	0.8460	NO	0.8672	NO	0.8365	NO	0.8396	NO	0.8656	N/A	0.5580	YES	0.8749
GCF_900187105.1	539	YES	0.7765	NO	0.8380	NO	0.5478	NO	0.5091	NO	0.8460	NO	0.8150	NO	0.5228	NO	0.6893	NO	0.7624	YES	0.6299	NO	0.8473	NO	0.8019	NO	0.7915	NO	0.8439	NO	0.6535	NO	0.7544	NO	0.7655	YES	0.5289	NO	0.7599	NO	0.7351	NO	0.8332	NO	0.7892	NO	0.8361	NO	0.7416	NO	0.6290	NO	0.5182	NO	0.8100	NO	0.7124	NO	0.7974	NO	0.8338	NO	0.8350	YES	0.7767	YES	0.7533
GCF_000160135.1	652706	YES	0.8480	NO	0.7702	NO	0.8591	NO	0.6187	NO	0.7627	NO	0.5538	YES	0.5690	NO	0.7305	NO	0.7171	YES	0.8671	NO	0.6229	YES	0.5095	NO	0.7342	YES	0.5643	NO	0.6113	NO	0.8183	NO	0.8150	YES	0.5162	NO	0.8498	NO	0.7770	NO	0.8825	NO	0.8094	NO	0.8690	NO	0.8401	YES	0.8239	NO	0.6812	NO	0.8515	NO	0.7231	NO	0.8402	NO	0.8646	NO	0.6102	YES	0.8846	N/A	0.5953
GCF_000194985.1	309120	YES	0.7043	NO	0.6459	YES	0.5261	YES	0.5267	NO	0.7505	NO	0.6602	NO	0.7014	NO	0.7413	NO	0.7894	YES	0.7444	NO	0.8341	NO	0.8089	NO	0.7384	NO	0.8454	NO	0.7558	NO	0.8494	NO	0.8452	YES	0.5401	NO	0.7510	NO	0.7245	NO	0.8828	NO	0.8410	NO	0.8790	NO	0.8056	NO	0.5179	NO	0.7535	NO	0.8693	YES	0.7036	NO	0.8108	NO	0.8530	NO	0.8350	YES	0.8846	YES	0.7958
GCF_000257925.1	712461	YES	0.8634	NO	0.5729	NO	0.8469	NO	0.6873	NO	0.8550	NO	0.7579	NO	0.7248	NO	0.8096	NO	0.8595	YES	0.8627	NO	0.7541	NO	0.6324	NO	0.6767	NO	0.7920	YES	0.5481	YES	0.6829	YES	0.7954	NO	0.7334	NO	0.7111	NO	0.6251	NO	0.8865	NO	0.8668	NO	0.8011	NO	0.8432	YES	0.8081	YES	0.8553	NO	0.8749	YES	0.5238	NO	0.8811	NO	0.8523	NO	0.8157	YES	0.8809	NO	0.7761
GCA_003243515.1	161879	YES	0.5611	NO	0.5878	NO	0.8783	NO	0.6702	NO	0.8097	NO	0.8429	NO	0.7289	NO	0.7909	NO	0.7379	YES	0.7344	NO	0.8171	NO	0.7686	NO	0.7240	NO	0.8637	NO	0.8389	NO	0.8514	NO	0.8466	YES	0.7269	NO	0.7625	NO	0.6117	NO	0.8865	NO	0.7076	NO	0.8841	NO	0.6542	YES	0.8145	NO	0.6056	NO	0.8345	NO	0.8276	NO	0.7931	NO	0.7480	NO	0.8413	YES	0.6122	YES	0.8821
GCF_013372125.1	200	YES	0.7345	NO	0.6979	YES	0.6350	YES	0.8056	NO	0.7931	NO	0.7063	NO	0.7048	NO	0.6177	NO	0.7237	NO	0.5162	NO	0.7301	NO	0.8283	NO	0.7088	NO	0.7823	NO	0.6780	NO	0.8033	NO	0.7829	YES	0.5569	NO	0.7977	NO	0.5531	NO	0.8666	NO	0.8366	NO	0.8841	NO	0.8331	NO	0.6805	NO	0.6454	NO	0.8594	NO	0.8542	NO	0.8560	NO	0.8470	NO	0.8568	YES	0.8666	NO	0.8113
GCA_018141845.1	712982	YES	0.8510	NO	0.7407	NO	0.8472	NO	0.5873	NO	0.7356	NO	0.6653	NO	0.5305	NO	0.7961	NO	0.5784	YES	0.8385	NO	0.6707	YES	0.6645	NO	0.7206	YES	0.5481	NO	0.8209	NO	0.8459	NO	0.7902	YES	0.6054	NO	0.8386	NO	0.7850	NO	0.8846	NO	0.8445	NO	0.8642	NO	0.8606	YES	0.8250	NO	0.6542	NO	0.8682	NO	0.8130	NO	0.8471	NO	0.8280	NO	0.6759	YES	0.8696	YES	0.6182
GCF_900637655.1	28135	YES	0.8638	NO	0.6063	NO	0.8489	NO	0.7464	NO	0.8359	NO	0.8081	NO	0.7101	NO	0.7853	NO	0.8489	YES	0.8678	NO	0.7792	NO	0.7421	NO	0.7025	NO	0.7457	YES	0.5473	YES	0.6785	YES	0.7361	NO	0.8738	NO	0.7365	NO	0.6026	NO	0.8865	NO	0.8025	NO	0.8590	NO	0.8582	YES	0.8594	YES	0.8785	NO	0.8184	NO	0.5441	NO	0.8811	NO	0.8334	NO	0.7859	YES	0.8636	NO	0.8045
GCF_902506605.1	2653171	YES	0.6587	NO	0.7207	NO	0.7984	NO	0.6054	NO	0.8110	NO	0.8350	NO	0.6883	NO	0.6849	NO	0.6498	NO	0.6812	NO	0.8672	NO	0.7923	YES	0.5895	NO	0.7907	NO	0.7621	NO	0.7825	NO	0.7852	NO	0.5116	NO	0.7908	NO	0.6457	NO	0.8685	NO	0.7902	NO	0.8464	NO	0.6868	NO	0.5876	NO	0.7097	NO	0.8744	NO	0.8576	NO	0.8718	NO	0.8730	NO	0.8548	NO	0.7862	YES	0.8810
GCF_000154205.1	820	YES	0.8688	NO	0.7376	NO	0.8665	NO	0.6749	NO	0.7732	NO	0.8728	NO	0.8016	YES	0.7691	NO	0.8597	YES	0.8704	NO	0.5408	NO	0.7880	NO	0.6599	YES	0.8539	YES	0.5854	YES	0.8468	YES	0.8573	NO	0.8777	NO	0.8107	NO	0.6377	NO	0.8865	NO	0.7970	NO	0.8605	NO	0.8721	YES	0.8593	YES	0.8594	NO	0.8163	NO	0.8590	NO	0.8811	NO	0.7807	NO	0.8633	YES	0.8496	NO	0.8086
GCF_900637555.1	47671	YES	0.6555	NO	0.8533	NO	0.8044	NO	0.5141	NO	0.8440	NO	0.8325	NO	0.5096	NO	0.5842	NO	0.7205	YES	0.7315	NO	0.8499	NO	0.6456	NO	0.5590	NO	0.8744	NO	0.7291	NO	0.8301	NO	0.8069	YES	0.5413	NO	0.8082	NO	0.6297	NO	0.8660	NO	0.8367	NO	0.8635	NO	0.6590	NO	0.6478	NO	0.6860	NO	0.8509	NO	0.8645	NO	0.7163	NO	0.8494	NO	0.8819	YES	0.7566	YES	0.8740
GCF_000174775.1	281920	YES	0.8131	NO	0.6048	YES	0.6259	NO	0.6109	NO	0.7976	YES	0.7575	NO	0.7190	NO	0.8178	NO	0.8355	YES	0.5985	NO	0.7789	NO	0.8450	NO	0.7531	NO	0.8227	YES	0.6470	YES	0.8047	YES	0.8366	NO	0.8001	NO	0.8000	NO	0.6218	NO	0.8758	NO	0.8300	NO	0.8545	NO	0.8477	NO	0.6172	YES	0.8151	NO	0.8539	YES	0.6704	NO	0.8671	NO	0.8673	NO	0.7613	YES	0.8768	NO	0.6690
GCF_000159995.1	76122	YES	0.8519	NO	0.5890	NO	0.8034	NO	0.5988	NO	0.7795	NO	0.7509	NO	0.7458	NO	0.7759	NO	0.8572	YES	0.8379	NO	0.7844	NO	0.5185	NO	0.7647	NO	0.8447	YES	0.6035	YES	0.7552	YES	0.8539	NO	0.8445	NO	0.7193	NO	0.6356	NO	0.8828	NO	0.8181	NO	0.8409	NO	0.8648	YES	0.7900	YES	0.8600	NO	0.8699	NO	0.5992	NO	0.8570	NO	0.8681	NO	0.8235	YES	0.8707	NO	0.8024
GCF_001006485.1	28112	YES	0.8635	NO	0.5704	NO	0.6862	NO	0.6406	NO	0.5492	NO	0.5481	NO	0.6148	NO	0.7382	NO	0.8312	YES	0.7959	NO	0.5519	NO	0.6932	NO	0.6715	NO	0.6565	YES	0.6774	YES	0.7276	YES	0.8220	NO	0.8603	NO	0.7808	NO	0.5950	NO	0.8828	NO	0.8278	NO	0.8790	NO	0.8568	YES	0.8166	YES	0.8576	NO	0.8343	YES	0.5937	NO	0.8638	NO	0.8291	NO	0.8094	YES	0.8631	NO	0.7981
GCF_007095465.1	2508708	NO	0.6843	NO	0.5956	NO	0.8777	NO	0.6154	NO	0.7794	NO	0.8296	NO	0.7479	YES	0.6007	NO	0.6936	YES	0.8513	NO	0.8205	NO	0.7574	NO	0.7840	NO	0.8671	NO	0.8643	NO	0.8310	NO	0.8662	YES	0.7475	NO	0.8339	NO	0.7772	NO	0.8865	NO	0.8278	NO	0.8818	NO	0.8570	YES	0.8373	NO	0.8262	NO	0.8470	YES	0.7865	NO	0.8023	NO	0.8160	NO	0.8661	YES	0.8803	YES	0.8463
GCA_003481005.1	2292898	YES	0.8403	NO	0.6643	NO	0.8841	YES	0.5513	NO	0.7607	YES	0.6948	NO	0.5250	NO	0.7459	NO	0.7282	YES	0.8764	NO	0.6045	YES	0.6970	NO	0.7829	YES	0.5987	NO	0.8403	NO	0.8381	NO	0.8265	YES	0.5625	NO	0.8386	NO	0.7971	NO	0.8865	NO	0.8432	NO	0.8377	NO	0.8320	YES	0.8290	NO	0.6519	NO	0.8595	NO	0.7838	NO	0.8463	NO	0.8139	NO	0.8221	YES	0.8809	YES	0.6827
GCF_008327825.1	157691	YES	0.8399	NO	0.6436	NO	0.8818	YES	0.5160	NO	0.6980	NO	0.6151	NO	0.6333	NO	0.8147	NO	0.7220	YES	0.8110	NO	0.8165	NO	0.7620	NO	0.7835	NO	0.8288	NO	0.5267	NO	0.8426	NO	0.7563	YES	0.6199	NO	0.8524	NO	0.7690	NO	0.8865	NO	0.8670	NO	0.8634	NO	0.7421	YES	0.8191	NO	0.7501	NO	0.8296	NO	0.8251	NO	0.8706	NO	0.8711	NO	0.6945	YES	0.8744	YES	0.7679
GCF_011761945.1	68569	YES	0.6215	NO	0.6876	NO	0.8487	NO	0.6606	NO	0.8495	NO	0.8126	NO	0.6144	NO	0.7116	YES	0.5253	NO	0.6891	NO	0.8474	NO	0.7830	NO	0.5118	NO	0.8027	NO	0.6667	NO	0.7335	NO	0.7672	YES	0.5430	YES	0.5409	NO	0.6215	NO	0.8834	NO	0.8108	NO	0.8736	NO	0.6225	NO	0.5979	NO	0.6752	NO	0.8365	NO	0.8199	NO	0.8582	NO	0.8404	NO	0.8549	NO	0.8171	YES	0.8754
GCF_000466165.1	712888	YES	0.8080	NO	0.6250	NO	0.8841	NO	0.6554	NO	0.7946	NO	0.8666	NO	0.5586	NO	0.7658	NO	0.7634	YES	0.8437	NO	0.8316	NO	0.5487	NO	0.7107	NO	0.8834	NO	0.8316	NO	0.8419	NO	0.8777	YES	0.7962	NO	0.8032	NO	0.6326	NO	0.8801	NO	0.7996	NO	0.8565	NO	0.6453	YES	0.8470	NO	0.5047	NO	0.8600	NO	0.8430	NO	0.8378	NO	0.8403	NO	0.8260	YES	0.8044	YES	0.8443
GCF_018918025.1	2841526	YES	0.7274	NO	0.6544	NO	0.8133	YES	0.5852	NO	0.8225	YES	0.5976	NO	0.6035	NO	0.7755	NO	0.7642	YES	0.8067	NO	0.5957	NO	0.6868	NO	0.7256	NO	0.6758	NO	0.7019	NO	0.8331	NO	0.8002	NO	0.5686	NO	0.8039	NO	0.7362	NO	0.8865	NO	0.8269	NO	0.8824	NO	0.8456	YES	0.6187	NO	0.7234	NO	0.8366	YES	0.6323	NO	0.8249	NO	0.8023	NO	0.8083	YES	0.8846	N/A	0.5012
GCF_000186445.1	1311	YES	0.8383	NO	0.5962	NO	0.8841	NO	0.7256	NO	0.8497	NO	0.8446	NO	0.7791	NO	0.8210	YES	0.6089	YES	0.8764	NO	0.8144	YES	0.6292	NO	0.7841	NO	0.8609	NO	0.8798	NO	0.8673	NO	0.8667	YES	0.8193	NO	0.8536	NO	0.7810	NO	0.8865	NO	0.8697	NO	0.8841	YES	0.6841	YES	0.8701	NO	0.8754	NO	0.8188	YES	0.7895	NO	0.7907	NO	0.8066	NO	0.8571	YES	0.8846	YES	0.8782
GCF_008121495.1	33038	YES	0.8506	NO	0.7441	NO	0.8801	YES	0.5727	NO	0.7564	NO	0.5784	NO	0.6115	NO	0.7043	NO	0.6620	YES	0.8169	NO	0.5553	YES	0.6735	NO	0.7198	YES	0.6520	NO	0.8163	NO	0.8310	NO	0.7603	YES	0.6717	NO	0.8518	NO	0.8077	NO	0.8559	NO	0.8478	NO	0.8763	NO	0.8663	YES	0.8102	NO	0.6303	NO	0.8454	NO	0.8660	NO	0.8530	NO	0.8383	NO	0.7929	YES	0.8666	YES	0.6068
GCF_000756775.1	1499686	YES	0.5765	NO	0.8417	NO	0.6627	YES	0.6060	NO	0.8592	NO	0.8167	YES	0.5755	NO	0.5881	YES	0.5520	NO	0.7049	NO	0.7045	NO	0.7843	YES	0.5827	NO	0.8200	NO	0.7236	NO	0.8328	NO	0.8695	YES	0.7218	NO	0.7696	NO	0.6871	NO	0.8536	NO	0.8634	NO	0.8781	NO	0.7106	NO	0.8548	NO	0.7466	NO	0.8473	NO	0.8678	NO	0.6814	NO	0.7106	NO	0.8697	NO	0.6611	YES	0.8828
GCF_014385435.1	2766595	YES	0.8569	NO	0.5939	NO	0.7391	NO	0.6682	NO	0.7876	NO	0.8230	NO	0.7160	NO	0.7784	NO	0.8340	YES	0.8193	NO	0.7414	NO	0.6091	NO	0.7293	NO	0.7764	NO	0.5150	YES	0.7224	YES	0.7474	NO	0.7415	NO	0.7309	NO	0.6351	NO	0.8742	NO	0.8378	NO	0.8277	NO	0.8306	YES	0.8222	YES	0.8516	NO	0.8698	YES	0.5733	NO	0.8676	NO	0.8527	NO	0.7575	YES	0.8663	NO	0.7902
GCF_004006635.1	859	YES	0.8529	NO	0.7228	NO	0.8406	YES	0.5598	YES	0.7274	YES	0.8375	NO	0.5835	NO	0.8437	NO	0.8378	YES	0.8317	NO	0.5701	NO	0.7943	NO	0.7039	NO	0.7164	YES	0.7583	NO	0.8627	NO	0.8152	NO	0.7373	NO	0.8593	NO	0.7961	NO	0.8865	NO	0.7873	NO	0.8841	NO	0.8163	YES	0.7886	NO	0.7742	NO	0.8474	NO	0.5221	NO	0.8806	NO	0.7703	NO	0.7213	YES	0.8624	N/A	0.5876
GCF_000154845.1	310298	YES	0.8678	NO	0.6150	NO	0.8508	NO	0.6975	NO	0.7435	NO	0.8110	NO	0.5892	YES	0.5406	NO	0.8653	YES	0.8746	NO	0.5775	NO	0.6763	NO	0.7363	NO	0.6134	YES	0.7465	YES	0.7862	YES	0.8091	NO	0.8550	NO	0.8052	NO	0.5643	NO	0.8865	NO	0.8420	NO	0.8657	NO	0.8710	YES	0.8515	YES	0.8414	NO	0.8412	NO	0.8517	NO	0.8731	NO	0.7488	NO	0.8314	YES	0.8687	NO	0.8292
GCF_004365165.1	29559	NO	0.6203	NO	0.6374	YES	0.5801	YES	0.6210	NO	0.6161	NO	0.6790	NO	0.5485	NO	0.5122	NO	0.6538	NO	0.5064	NO	0.8463	NO	0.6553	NO	0.8224	NO	0.8241	NO	0.7856	NO	0.7993	NO	0.8168	YES	0.6164	NO	0.7724	NO	0.7025	NO	0.8738	NO	0.7416	NO	0.8841	NO	0.8197	NO	0.5211	YES	0.5293	NO	0.8431	YES	0.8687	NO	0.7639	NO	0.8226	NO	0.8521	YES	0.8408	YES	0.6941
GCF_013488205.1	343874	YES	0.8335	NO	0.7420	NO	0.7944	NO	0.6468	NO	0.7850	NO	0.8417	NO	0.5202	NO	0.7157	NO	0.7500	YES	0.5543	NO	0.7301	NO	0.7941	NO	0.6667	NO	0.6929	NO	0.5750	NO	0.5059	YES	0.5564	NO	0.7875	NO	0.8149	NO	0.6484	NO	0.8825	NO	0.7474	NO	0.8353	NO	0.6638	YES	0.6877	YES	0.6871	NO	0.8036	NO	0.8561	NO	0.8693	NO	0.8320	NO	0.8642	NO	0.6069	YES	0.8713
GCF_003991565.1	2093856	YES	0.8424	NO	0.6803	NO	0.8499	NO	0.6152	NO	0.8062	YES	0.5475	NO	0.7036	NO	0.7776	NO	0.8572	YES	0.8013	NO	0.6103	NO	0.8096	NO	0.6188	YES	0.7050	YES	0.7136	YES	0.8158	YES	0.7378	NO	0.8577	NO	0.8032	NO	0.5673	NO	0.8865	NO	0.8381	NO	0.8711	NO	0.8460	YES	0.7030	YES	0.7927	NO	0.8296	NO	0.6031	NO	0.8811	NO	0.7327	NO	0.8555	YES	0.8779	NO	0.8365
GCF_002959775.1	423477	YES	0.7717	NO	0.6745	NO	0.5728	YES	0.7475	NO	0.6386	NO	0.6421	NO	0.7992	YES	0.6794	NO	0.8448	YES	0.8365	NO	0.7428	NO	0.8425	NO	0.7848	YES	0.7128	YES	0.5409	NO	0.8126	NO	0.8035	YES	0.6752	NO	0.7546	NO	0.7365	NO	0.8828	NO	0.8539	NO	0.8714	NO	0.8305	YES	0.5649	NO	0.8133	NO	0.8604	NO	0.8647	NO	0.8037	NO	0.8014	NO	0.7328	YES	0.8669	YES	0.6805
GCF_000143845.1	133926	YES	0.8421	NO	0.6087	NO	0.8501	NO	0.6066	NO	0.7802	NO	0.6410	NO	0.7323	NO	0.7056	NO	0.6251	YES	0.8533	NO	0.7885	NO	0.5569	NO	0.7674	NO	0.8127	NO	0.8601	NO	0.8517	NO	0.8202	YES	0.7809	NO	0.8480	NO	0.7997	NO	0.8865	NO	0.8697	NO	0.8384	NO	0.8454	YES	0.8426	YES	0.6450	NO	0.8481	NO	0.6333	NO	0.8553	NO	0.8054	NO	0.8195	YES	0.8775	YES	0.7065
GCF_014055025.1	267212	YES	0.7055	NO	0.8534	NO	0.5617	YES	0.5279	NO	0.8439	NO	0.8152	YES	0.5454	NO	0.6598	NO	0.7548	NO	0.5344	NO	0.8536	NO	0.8421	NO	0.7065	NO	0.8505	NO	0.6805	NO	0.7504	NO	0.7537	NO	0.5684	NO	0.7364	NO	0.7110	NO	0.7633	NO	0.7795	NO	0.8411	NO	0.8071	NO	0.6735	NO	0.6232	NO	0.8319	NO	0.8742	NO	0.8551	NO	0.8597	NO	0.8687	N/A	0.5745	YES	0.8095
GCF_016820445.1	2782540	YES	0.6467	NO	0.6945	NO	0.8525	NO	0.6421	NO	0.8416	NO	0.7702	NO	0.5617	NO	0.6265	NO	0.5853	NO	0.5749	NO	0.8209	NO	0.7522	NO	0.5558	NO	0.8128	NO	0.6932	NO	0.7776	NO	0.7731	NO	0.5054	NO	0.7614	NO	0.5321	NO	0.8763	NO	0.7476	NO	0.8599	NO	0.7000	YES	0.5672	NO	0.7335	NO	0.8702	NO	0.8742	NO	0.8376	NO	0.8598	NO	0.8537	NO	0.8139	YES	0.8603
GCF_900111845.1	504	YES	0.8040	NO	0.7987	NO	0.6395	YES	0.7017	NO	0.8508	NO	0.8408	NO	0.5678	NO	0.7600	NO	0.7562	YES	0.5095	NO	0.8562	NO	0.8123	NO	0.5378	NO	0.8386	NO	0.6313	NO	0.8144	NO	0.8343	YES	0.5496	NO	0.8646	NO	0.6693	NO	0.7827	NO	0.8233	NO	0.8402	NO	0.7262	NO	0.7105	NO	0.6932	NO	0.8452	NO	0.8524	NO	0.8711	NO	0.8217	NO	0.8656	YES	0.7478	YES	0.8053
GCF_000010505.1	837	YES	0.8528	NO	0.6193	NO	0.6416	NO	0.5894	NO	0.6546	YES	0.6613	NO	0.7188	NO	0.7833	NO	0.8397	YES	0.7598	NO	0.7126	NO	0.8184	NO	0.7869	NO	0.8287	YES	0.7662	YES	0.7910	YES	0.8164	NO	0.7991	NO	0.7879	NO	0.6819	NO	0.8828	NO	0.8612	NO	0.8649	NO	0.8410	YES	0.5725	YES	0.8588	NO	0.8434	YES	0.6003	NO	0.8734	NO	0.8417	NO	0.8051	YES	0.8846	NO	0.7811
GCF_000242235.1	796942	YES	0.8444	NO	0.6586	NO	0.6118	NO	0.6245	NO	0.7904	YES	0.7764	NO	0.5826	NO	0.7502	NO	0.7266	YES	0.7862	NO	0.7256	NO	0.6206	NO	0.6795	NO	0.6724	NO	0.7069	NO	0.8374	NO	0.8181	YES	0.5891	NO	0.8512	NO	0.7690	NO	0.8643	NO	0.8152	NO	0.8706	NO	0.8466	YES	0.7348	NO	0.7149	NO	0.8708	NO	0.8339	NO	0.7917	NO	0.8088	NO	0.8153	YES	0.8846	N/A	0.5752
GCF_009495355.1	165179	YES	0.8688	NO	0.6311	NO	0.8831	NO	0.6896	NO	0.8532	NO	0.8193	NO	0.7358	NO	0.7381	NO	0.8542	YES	0.8726	NO	0.6942	NO	0.5964	NO	0.6241	NO	0.6789	YES	0.5148	YES	0.7367	YES	0.7661	NO	0.8069	NO	0.8010	NO	0.6244	NO	0.8781	NO	0.8569	NO	0.7889	NO	0.8315	YES	0.8584	YES	0.8649	NO	0.8605	NO	0.8455	NO	0.8811	NO	0.8422	NO	0.8590	YES	0.8775	NO	0.6054
GCF_003473545.1	2293024	YES	0.7872	NO	0.6212	NO	0.8628	NO	0.5262	NO	0.6436	YES	0.7325	NO	0.6346	NO	0.6111	NO	0.7080	YES	0.8255	NO	0.5487	NO	0.5128	NO	0.7188	YES	0.6283	NO	0.6328	NO	0.8160	NO	0.7653	YES	0.6494	NO	0.8630	NO	0.7763	NO	0.8818	NO	0.8523	NO	0.8645	NO	0.8361	YES	0.7649	NO	0.7024	NO	0.8596	NO	0.8742	NO	0.7969	NO	0.7798	NO	0.7918	YES	0.8551	N/A	0.5085
GCF_000160555.1	135083	YES	0.8362	NO	0.6710	NO	0.6786	YES	0.7967	NO	0.7668	NO	0.7414	NO	0.7812	NO	0.6159	NO	0.7726	YES	0.7813	NO	0.6070	NO	0.7081	NO	0.6939	NO	0.5949	NO	0.7399	NO	0.8134	NO	0.7512	YES	0.5462	NO	0.7807	NO	0.6993	NO	0.8702	NO	0.5802	NO	0.8644	NO	0.7786	YES	0.5215	NO	0.7797	NO	0.8485	NO	0.8742	NO	0.8546	NO	0.7938	NO	0.7734	YES	0.8710	NO	0.6765
GCF_016907795.1	71999	NO	0.6607	NO	0.6698	NO	0.7890	NO	0.6173	NO	0.8223	NO	0.8793	NO	0.8021	NO	0.6656	NO	0.7294	NO	0.5828	NO	0.8428	NO	0.6365	NO	0.7284	NO	0.8713	NO	0.8209	NO	0.8771	NO	0.8751	YES	0.7618	NO	0.8082	NO	0.7377	NO	0.8731	NO	0.8090	NO	0.8834	NO	0.6251	YES	0.6899	NO	0.7024	NO	0.8181	NO	0.8669	NO	0.7586	NO	0.8253	NO	0.8538	N/A	0.5367	YES	0.8840
GCF_014334335.1	2766703	YES	0.8363	YES	0.5066	NO	0.7474	NO	0.5714	NO	0.6739	NO	0.5885	YES	0.5575	NO	0.7042	NO	0.7806	YES	0.8286	NO	0.6370	YES	0.5565	NO	0.7071	NO	0.6997	YES	0.5105	NO	0.7851	NO	0.7290	YES	0.6505	NO	0.8639	NO	0.7760	NO	0.8865	NO	0.7655	NO	0.8683	NO	0.8347	YES	0.7242	YES	0.5147	NO	0.8207	NO	0.7132	NO	0.8693	NO	0.8601	NO	0.7759	YES	0.8802	NO	0.8551
GCF_000565015.1	41976	YES	0.8330	NO	0.5765	NO	0.6195	NO	0.6101	NO	0.7795	NO	0.7190	NO	0.6599	NO	0.8131	NO	0.7830	YES	0.7121	NO	0.7600	NO	0.7731	NO	0.7994	NO	0.8235	NO	0.6471	YES	0.7642	YES	0.8313	NO	0.7215	NO	0.7861	NO	0.6110	NO	0.8828	NO	0.8239	NO	0.8736	NO	0.7918	YES	0.7798	YES	0.8268	NO	0.8571	YES	0.7411	NO	0.8675	NO	0.8267	NO	0.8002	YES	0.8654	NO	0.6277
GCF_000321205.1	1470347	YES	0.8583	NO	0.6993	NO	0.8319	NO	0.6443	NO	0.8017	NO	0.7825	NO	0.5686	NO	0.6570	NO	0.8316	YES	0.8297	NO	0.5515	NO	0.8083	NO	0.7564	NO	0.6697	NO	0.5642	YES	0.6340	YES	0.6547	NO	0.8709	NO	0.7843	NO	0.7138	NO	0.8837	NO	0.8441	NO	0.8145	NO	0.8430	YES	0.8123	YES	0.8147	NO	0.8622	NO	0.5442	NO	0.8747	NO	0.8711	NO	0.8413	YES	0.8808	N/A	0.5411
GCF_003865035.1	2358141	YES	0.8218	NO	0.7223	NO	0.7618	YES	0.7585	NO	0.6208	YES	0.6679	NO	0.5669	NO	0.7515	NO	0.8345	YES	0.7690	NO	0.5537	NO	0.6762	NO	0.7374	YES	0.6311	NO	0.5804	NO	0.7002	NO	0.6756	NO	0.6075	NO	0.7742	NO	0.7295	NO	0.8419	NO	0.8408	NO	0.8622	NO	0.7827	YES	0.5739	NO	0.7400	NO	0.8240	NO	0.7759	NO	0.8561	NO	0.8114	NO	0.8183	YES	0.8739	NO	0.6871
GCF_011612265.2	43768	YES	0.5328	NO	0.6485	NO	0.8626	NO	0.6084	NO	0.8225	NO	0.8090	NO	0.7335	NO	0.7540	NO	0.7019	YES	0.7261	NO	0.7922	NO	0.7650	NO	0.7311	NO	0.8505	NO	0.8615	NO	0.8718	NO	0.8337	YES	0.6809	NO	0.8322	NO	0.6909	NO	0.8612	NO	0.7223	NO	0.8711	NO	0.6945	YES	0.7974	NO	0.7820	NO	0.8571	NO	0.7724	NO	0.8573	NO	0.8177	NO	0.8449	YES	0.6307	YES	0.8541
GCF_001553645.1	1785996	YES	0.8448	NO	0.6711	NO	0.8414	YES	0.5653	NO	0.7048	NO	0.6913	NO	0.6674	NO	0.8047	NO	0.6468	YES	0.8400	NO	0.7647	NO	0.7840	NO	0.8020	NO	0.7397	NO	0.5177	NO	0.8379	NO	0.7700	YES	0.6567	NO	0.8337	NO	0.7917	NO	0.8865	NO	0.8356	NO	0.8737	NO	0.8187	YES	0.7898	NO	0.6549	NO	0.8235	NO	0.8619	NO	0.8331	NO	0.8364	NO	0.7957	YES	0.8641	YES	0.6662
GCF_000147675.1	341694	YES	0.7642	NO	0.7441	NO	0.8571	YES	0.5738	NO	0.7964	YES	0.7536	NO	0.5807	NO	0.7727	NO	0.7302	YES	0.8034	NO	0.6526	NO	0.7861	NO	0.7713	NO	0.6476	NO	0.7390	NO	0.5641	NO	0.5051	NO	0.5747	NO	0.7955	NO	0.6897	NO	0.8865	NO	0.8454	NO	0.8781	NO	0.8169	YES	0.7843	NO	0.7529	NO	0.8589	YES	0.6663	NO	0.8376	NO	0.8393	NO	0.7765	YES	0.8775	NO	0.6192
GCF_002205645.1	431061	YES	0.5544	NO	0.8528	NO	0.8272	NO	0.5506	NO	0.8592	NO	0.8212	YES	0.5345	YES	0.5319	YES	0.6008	NO	0.6074	NO	0.7584	NO	0.7082	NO	0.5346	NO	0.7812	NO	0.7221	NO	0.7684	NO	0.8080	YES	0.5441	NO	0.6911	NO	0.6372	NO	0.8534	NO	0.7992	NO	0.8589	NO	0.7243	NO	0.7889	NO	0.6692	NO	0.8200	NO	0.8647	NO	0.7399	YES	0.8221	NO	0.8674	NO	0.6997	YES	0.8803
GCA_900104605.1	1871003	YES	0.8447	NO	0.5614	NO	0.5552	NO	0.6595	NO	0.7402	NO	0.6848	NO	0.6191	NO	0.7993	NO	0.8425	YES	0.7389	NO	0.5867	NO	0.7935	NO	0.7467	NO	0.8507	YES	0.6605	YES	0.6713	YES	0.7312	NO	0.8154	NO	0.8061	NO	0.7375	NO	0.8799	NO	0.8422	NO	0.8571	NO	0.7933	YES	0.5669	YES	0.7837	NO	0.8132	YES	0.5721	NO	0.8747	NO	0.8578	NO	0.7921	YES	0.8527	NO	0.6539
GCF_000163895.2	143361	YES	0.7404	NO	0.6552	NO	0.5919	NO	0.5025	NO	0.6039	YES	0.8266	NO	0.6690	NO	0.7590	NO	0.7958	YES	0.7208	NO	0.6557	NO	0.8115	NO	0.7087	NO	0.5366	NO	0.7654	NO	0.8331	NO	0.7887	NO	0.7261	NO	0.8498	NO	0.7974	NO	0.8738	NO	0.8250	NO	0.8818	NO	0.8358	NO	0.6126	NO	0.8165	NO	0.8648	YES	0.6309	NO	0.8498	NO	0.8504	NO	0.7978	YES	0.8664	N/A	0.5904
GCF_001298675.1	343013	YES	0.6147	NO	0.8622	NO	0.7769	YES	0.5574	NO	0.8291	NO	0.7644	NO	0.5669	NO	0.6544	YES	0.5559	NO	0.5411	NO	0.8392	NO	0.7912	NO	0.5950	NO	0.7939	NO	0.6687	NO	0.8608	NO	0.8433	YES	0.6047	NO	0.8531	NO	0.6632	NO	0.8224	NO	0.7045	NO	0.8029	NO	0.7683	NO	0.7711	NO	0.7403	NO	0.8173	NO	0.8742	NO	0.7371	NO	0.7923	NO	0.8779	N/A	0.5506	YES	0.8649
GCF_007990445.1	157687	YES	0.8124	NO	0.6787	NO	0.8488	YES	0.5357	NO	0.7057	NO	0.6969	NO	0.5706	NO	0.8336	NO	0.6457	YES	0.7801	NO	0.7963	NO	0.7434	NO	0.8000	NO	0.8341	NO	0.6828	NO	0.8131	NO	0.7608	YES	0.5739	NO	0.8586	NO	0.7689	NO	0.8818	NO	0.8292	NO	0.8693	NO	0.7548	YES	0.8248	NO	0.6370	NO	0.8296	NO	0.8619	NO	0.8504	NO	0.8553	NO	0.7501	YES	0.8775	YES	0.6996
GCF_018128325.1	1547448	YES	0.7747	NO	0.6117	NO	0.8831	NO	0.6693	NO	0.7362	NO	0.8630	NO	0.6482	NO	0.6876	NO	0.7680	YES	0.7989	NO	0.7910	NO	0.5583	NO	0.6988	NO	0.7693	NO	0.7780	NO	0.8285	NO	0.8357	YES	0.6946	NO	0.8369	NO	0.7551	NO	0.8787	NO	0.7260	NO	0.8790	NO	0.5425	YES	0.7774	YES	0.5783	NO	0.8125	NO	0.8742	NO	0.8756	NO	0.7998	NO	0.8094	YES	0.7666	YES	0.8492
GCF_000023845.1	84163	YES	0.7244	NO	0.6767	YES	0.6306	YES	0.7086	NO	0.7407	NO	0.6022	NO	0.6206	NO	0.7630	NO	0.7399	YES	0.5622	NO	0.7685	NO	0.6567	NO	0.7962	NO	0.7702	NO	0.7600	NO	0.8071	NO	0.8067	YES	0.7283	NO	0.8282	NO	0.7873	NO	0.8706	NO	0.8263	NO	0.8475	NO	0.7926	NO	0.5755	YES	0.5882	NO	0.7555	NO	0.5877	NO	0.8618	NO	0.8257	NO	0.8259	YES	0.8846	N/A	0.5449
GCF_000163055.2	652716	YES	0.8506	NO	0.5729	NO	0.8181	NO	0.6666	NO	0.8131	NO	0.7789	NO	0.7747	NO	0.8041	NO	0.8566	YES	0.8716	NO	0.7931	NO	0.6931	NO	0.7739	NO	0.8311	YES	0.5567	YES	0.6263	YES	0.8112	NO	0.7089	NO	0.8101	NO	0.6142	NO	0.8865	NO	0.8212	NO	0.8611	NO	0.8630	YES	0.8286	YES	0.8164	NO	0.8315	YES	0.6676	NO	0.8644	NO	0.8536	NO	0.8357	YES	0.8636	NO	0.7585
GCF_014287815.1	2763037	YES	0.7798	NO	0.6610	NO	0.8267	YES	0.6029	NO	0.7244	YES	0.8027	NO	0.5894	NO	0.7570	NO	0.6339	YES	0.8652	NO	0.7026	YES	0.6484	NO	0.7449	YES	0.6019	NO	0.7602	NO	0.7565	NO	0.7111	YES	0.5709	NO	0.8579	NO	0.8084	NO	0.8703	NO	0.8347	NO	0.8827	NO	0.8549	YES	0.8072	NO	0.5093	NO	0.8538	NO	0.7166	NO	0.8698	NO	0.7625	NO	0.8102	YES	0.8694	N/A	0.5995
GCF_000382445.1	204516	YES	0.8635	NO	0.6526	NO	0.8626	NO	0.6953	NO	0.8489	NO	0.8540	NO	0.7558	YES	0.6268	NO	0.8527	YES	0.8620	NO	0.5493	NO	0.7859	NO	0.6231	YES	0.6756	YES	0.5913	YES	0.7786	YES	0.8469	NO	0.8814	NO	0.7618	NO	0.5208	NO	0.8587	NO	0.8166	NO	0.7991	NO	0.8562	YES	0.8506	YES	0.8701	NO	0.8556	NO	0.8590	NO	0.8708	NO	0.7102	NO	0.8637	YES	0.8616	NO	0.6479
GCF_013327855.1	2740464	NO	0.5441	NO	0.7262	NO	0.8004	YES	0.5608	NO	0.8221	NO	0.7615	NO	0.6676	NO	0.5563	YES	0.6407	NO	0.6529	NO	0.8626	NO	0.8320	NO	0.6707	NO	0.7801	NO	0.6728	NO	0.8331	NO	0.7825	YES	0.6536	NO	0.8469	NO	0.6514	NO	0.8472	NO	0.7674	NO	0.8791	NO	0.6996	NO	0.7544	NO	0.7528	NO	0.8323	NO	0.8742	NO	0.8623	NO	0.8196	NO	0.8679	NO	0.7760	YES	0.8804
GCF_900454835.1	28129	YES	0.8627	NO	0.6063	NO	0.8543	NO	0.7084	NO	0.8345	NO	0.8070	NO	0.6574	NO	0.8269	NO	0.8552	YES	0.8683	NO	0.6351	NO	0.6882	NO	0.7311	NO	0.8197	NO	0.5483	YES	0.7580	YES	0.7749	NO	0.8125	NO	0.7099	NO	0.6217	NO	0.8865	NO	0.8323	NO	0.8602	NO	0.8629	YES	0.8379	YES	0.8631	NO	0.8503	YES	0.5857	NO	0.8755	NO	0.8705	NO	0.8437	YES	0.8663	NO	0.8214
GCF_000238795.1	1078480	YES	0.8048	NO	0.5618	NO	0.8138	YES	0.6943	NO	0.8242	NO	0.8548	NO	0.5780	NO	0.7826	NO	0.7798	NO	0.5522	NO	0.7806	NO	0.7980	NO	0.8331	NO	0.8349	YES	0.5749	NO	0.8339	NO	0.8367	YES	0.6665	NO	0.8640	NO	0.7467	NO	0.8134	NO	0.8425	NO	0.8701	NO	0.7897	NO	0.7088	YES	0.5742	NO	0.8648	NO	0.8669	NO	0.6907	NO	0.8424	NO	0.8775	YES	0.7689	YES	0.8613
GCA_900167215.1	39498	YES	0.8055	NO	0.7622	NO	0.6391	YES	0.5647	NO	0.7820	YES	0.8384	NO	0.5702	NO	0.8134	NO	0.7603	YES	0.7137	NO	0.6002	NO	0.6823	NO	0.7655	NO	0.5016	NO	0.6401	NO	0.7768	NO	0.8036	NO	0.5750	NO	0.8579	NO	0.7880	NO	0.8073	NO	0.8597	NO	0.8810	NO	0.8387	YES	0.6601	NO	0.7210	NO	0.8611	NO	0.7639	NO	0.8214	NO	0.8375	NO	0.7145	YES	0.8775	NO	0.6368
GCF_900186995.1	249188	YES	0.7801	NO	0.5961	NO	0.8227	YES	0.7801	NO	0.8592	NO	0.8563	NO	0.6011	NO	0.8339	NO	0.7615	YES	0.5848	NO	0.6944	NO	0.7506	NO	0.7884	NO	0.8247	YES	0.5915	NO	0.8225	NO	0.8360	YES	0.5336	NO	0.8665	NO	0.7871	NO	0.8352	NO	0.8510	NO	0.8237	NO	0.7559	NO	0.5486	YES	0.5339	NO	0.8558	NO	0.8237	NO	0.7944	NO	0.8706	NO	0.8789	YES	0.8023	YES	0.8200
GCF_000155955.1	52226	YES	0.8257	NO	0.6498	NO	0.8755	YES	0.6440	NO	0.8084	NO	0.7025	NO	0.7494	YES	0.5733	NO	0.7966	YES	0.8712	YES	0.7043	NO	0.7894	NO	0.7215	NO	0.5630	NO	0.7076	NO	0.8470	NO	0.8424	YES	0.5986	NO	0.7715	NO	0.7583	NO	0.8819	NO	0.8108	NO	0.8697	NO	0.5582	YES	0.7821	YES	0.5330	NO	0.8522	NO	0.8648	NO	0.8416	NO	0.7065	NO	0.7935	YES	0.8817	NO	0.6731
GCA_008681155.1	1879010	YES	0.8417	NO	0.6321	NO	0.8482	YES	0.6093	NO	0.7109	NO	0.5981	NO	0.5430	NO	0.6884	NO	0.6207	YES	0.8597	NO	0.6750	NO	0.6465	NO	0.6682	NO	0.6183	NO	0.7889	NO	0.7799	NO	0.7689	YES	0.6974	NO	0.8581	NO	0.8035	NO	0.8865	NO	0.8384	NO	0.8575	NO	0.8743	YES	0.7934	NO	0.6745	NO	0.7870	NO	0.7912	NO	0.8746	NO	0.8435	NO	0.8129	YES	0.8673	NO	0.7178
GCF_000160075.2	46125	NO	0.5187	NO	0.6564	NO	0.8664	NO	0.5857	NO	0.7798	NO	0.8010	YES	0.6827	NO	0.6563	NO	0.7586	YES	0.8738	NO	0.7409	NO	0.7059	NO	0.7809	NO	0.8201	NO	0.8478	NO	0.8542	NO	0.8288	YES	0.8046	NO	0.8485	NO	0.7816	NO	0.8846	NO	0.8034	NO	0.8841	NO	0.5942	YES	0.8740	NO	0.8323	NO	0.8655	YES	0.7055	NO	0.8280	NO	0.8138	NO	0.8135	YES	0.8832	YES	0.7418
GCF_001182045.1	1506471	YES	0.7861	NO	0.7179	NO	0.7468	YES	0.7233	NO	0.7802	NO	0.7831	NO	0.7511	NO	0.7494	NO	0.7544	YES	0.6762	NO	0.6584	NO	0.8070	NO	0.6641	NO	0.7627	NO	0.5514	NO	0.8301	NO	0.7682	YES	0.6568	NO	0.7761	NO	0.7340	NO	0.8752	NO	0.8620	NO	0.8788	NO	0.7541	NO	0.7296	NO	0.5881	NO	0.8353	NO	0.8595	NO	0.8504	NO	0.7019	NO	0.8358	YES	0.7821	YES	0.6420
GCF_900095705.1	1852365	YES	0.8323	NO	0.6655	NO	0.7916	YES	0.6171	YES	0.7682	YES	0.7714	NO	0.6393	NO	0.8196	NO	0.8401	YES	0.8633	NO	0.7294	NO	0.8281	NO	0.7341	NO	0.8169	YES	0.7094	NO	0.7808	NO	0.7931	NO	0.6908	NO	0.8179	NO	0.7881	NO	0.8846	NO	0.7020	NO	0.8726	NO	0.8471	YES	0.7987	NO	0.7281	NO	0.8246	NO	0.6068	NO	0.8759	NO	0.8304	NO	0.7991	YES	0.8846	N/A	0.5619
GCF_000008185.1	158	YES	0.6846	NO	0.6010	NO	0.5278	NO	0.5225	NO	0.7223	NO	0.5093	NO	0.6091	NO	0.8334	NO	0.6842	YES	0.6582	NO	0.7874	NO	0.7412	NO	0.7380	NO	0.7206	NO	0.7187	NO	0.7820	NO	0.7328	NO	0.5434	NO	0.8602	NO	0.7737	NO	0.8758	NO	0.8264	NO	0.8766	NO	0.7520	YES	0.6994	NO	0.5795	NO	0.8309	YES	0.6607	NO	0.8596	NO	0.8700	NO	0.8414	YES	0.8846	N/A	0.5345
GCF_013377855.1	666702	YES	0.5626	NO	0.8671	NO	0.6706	YES	0.6296	NO	0.8523	NO	0.8022	NO	0.5319	NO	0.6605	NO	0.5698	NO	0.5885	NO	0.8243	NO	0.7479	NO	0.5859	NO	0.8312	NO	0.5865	NO	0.7656	NO	0.8311	NO	0.5656	YES	0.5409	NO	0.5767	NO	0.8256	NO	0.8311	NO	0.8414	NO	0.7092	NO	0.7399	NO	0.5689	NO	0.8598	NO	0.8645	NO	0.7638	NO	0.5734	NO	0.8825	N/A	0.5071	YES	0.8840
GCF_008326345.1	2559073	YES	0.6804	NO	0.6049	NO	0.8375	NO	0.7051	NO	0.7496	NO	0.8351	NO	0.6153	NO	0.7221	NO	0.7238	YES	0.6549	NO	0.8327	NO	0.6946	NO	0.7463	NO	0.8261	NO	0.8440	NO	0.8162	NO	0.8656	YES	0.6903	NO	0.8233	NO	0.8086	NO	0.8781	NO	0.7761	NO	0.8456	NO	0.6050	YES	0.7889	NO	0.5821	NO	0.8340	NO	0.8608	NO	0.6594	NO	0.8265	NO	0.8190	YES	0.6780	YES	0.8830
GCF_000220835.1	712124	YES	0.8104	NO	0.6521	NO	0.8770	NO	0.5874	NO	0.8461	NO	0.8803	YES	0.5055	NO	0.6963	NO	0.6631	YES	0.8366	NO	0.8437	NO	0.5339	NO	0.7082	NO	0.8520	NO	0.8479	NO	0.8809	NO	0.8581	YES	0.7327	NO	0.8164	NO	0.7092	NO	0.8837	NO	0.8373	NO	0.8798	NO	0.6342	YES	0.8373	YES	0.5185	NO	0.8247	NO	0.8608	NO	0.8215	NO	0.8035	NO	0.7713	YES	0.7532	YES	0.8737
GCF_000185305.1	739	YES	0.7679	NO	0.5961	NO	0.8443	YES	0.7639	NO	0.8220	NO	0.8485	NO	0.5114	NO	0.8266	NO	0.8036	YES	0.5671	NO	0.7167	NO	0.8088	NO	0.7697	NO	0.8297	NO	0.5100	NO	0.8343	NO	0.8403	YES	0.5211	NO	0.8277	NO	0.7010	NO	0.8865	NO	0.8358	NO	0.8694	NO	0.7780	NO	0.6389	YES	0.5386	NO	0.8462	NO	0.8534	NO	0.8146	NO	0.8665	NO	0.8057	YES	0.7623	YES	0.8144
GCF_000239695.1	55565	YES	0.8333	NO	0.5656	NO	0.8763	NO	0.5281	NO	0.8242	NO	0.8590	NO	0.5764	NO	0.7145	NO	0.7445	YES	0.8670	NO	0.8287	NO	0.5292	NO	0.7547	NO	0.8720	NO	0.8182	NO	0.8749	NO	0.8702	YES	0.7786	NO	0.8184	NO	0.6911	NO	0.8764	NO	0.8187	NO	0.8726	NO	0.7197	YES	0.8306	YES	0.6363	NO	0.8436	NO	0.6805	NO	0.8110	NO	0.8176	NO	0.6420	YES	0.8159	YES	0.8392
GCA_002890585.1	712711	YES	0.8461	NO	0.6470	NO	0.8411	NO	0.5577	NO	0.7881	NO	0.7042	NO	0.6879	NO	0.7341	NO	0.7662	YES	0.8313	NO	0.5481	NO	0.7923	NO	0.6586	NO	0.7767	YES	0.6502	YES	0.6664	YES	0.7865	NO	0.7802	NO	0.8002	NO	0.6008	NO	0.8865	NO	0.8031	NO	0.8718	NO	0.7887	YES	0.7185	YES	0.8120	NO	0.8707	NO	0.7529	NO	0.8747	NO	0.8311	NO	0.8236	YES	0.8551	NO	0.7667
GCF_000613925.1	470565	YES	0.8055	NO	0.6357	NO	0.8468	NO	0.6745	NO	0.8139	NO	0.8315	NO	0.7342	NO	0.8082	NO	0.8168	YES	0.8648	NO	0.7897	NO	0.7632	NO	0.7624	NO	0.8382	YES	0.5325	YES	0.6129	YES	0.7995	NO	0.7766	NO	0.6923	NO	0.6133	NO	0.8865	NO	0.8552	NO	0.8519	NO	0.8654	YES	0.8458	YES	0.8323	NO	0.8408	NO	0.7585	NO	0.8811	NO	0.8654	NO	0.8388	YES	0.8739	NO	0.7540
GCF_000613785.1	28136	YES	0.8077	NO	0.6110	NO	0.7507	NO	0.6482	NO	0.8149	NO	0.7473	NO	0.6667	NO	0.6781	NO	0.8520	YES	0.7657	NO	0.7544	NO	0.7487	NO	0.7310	NO	0.8316	NO	0.6136	YES	0.6783	YES	0.7629	NO	0.6871	NO	0.8293	NO	0.5857	NO	0.8828	NO	0.8281	NO	0.8498	NO	0.8544	YES	0.7901	YES	0.8352	NO	0.8573	YES	0.6929	NO	0.8756	NO	0.8205	NO	0.8093	YES	0.8809	NO	0.7877
GCF_900637905.1	33033	YES	0.6938	NO	0.7060	YES	0.6416	YES	0.6199	NO	0.7690	NO	0.6081	NO	0.5053	NO	0.7855	NO	0.7830	YES	0.7484	NO	0.8114	NO	0.8250	NO	0.7620	NO	0.8446	NO	0.7477	NO	0.8039	NO	0.8097	NO	0.6352	NO	0.8627	NO	0.7881	NO	0.8865	NO	0.8106	NO	0.8790	NO	0.8581	NO	0.6060	NO	0.7978	NO	0.8383	YES	0.7832	NO	0.8173	NO	0.8458	NO	0.8588	YES	0.8802	YES	0.7095
GCF_900476045.1	29391	YES	0.7535	NO	0.6396	NO	0.8592	NO	0.5889	NO	0.7410	NO	0.8449	NO	0.6792	NO	0.7747	NO	0.7733	YES	0.8527	NO	0.8006	NO	0.7857	NO	0.7819	NO	0.8502	NO	0.8512	NO	0.8311	NO	0.8078	YES	0.6981	NO	0.8428	NO	0.7797	NO	0.8865	NO	0.8556	NO	0.8807	NO	0.6146	YES	0.8194	NO	0.8506	NO	0.8622	YES	0.7385	NO	0.7650	NO	0.7901	NO	0.8313	YES	0.8739	YES	0.8315
GCF_003030305.1	1747	YES	0.6769	NO	0.6475	NO	0.8458	NO	0.7223	NO	0.8178	NO	0.8068	NO	0.6805	NO	0.6838	NO	0.7390	YES	0.7166	NO	0.6960	NO	0.6322	NO	0.8093	NO	0.8417	NO	0.8505	NO	0.8433	NO	0.8642	YES	0.6645	NO	0.8393	NO	0.7302	NO	0.8781	NO	0.7714	NO	0.8786	NO	0.5569	YES	0.7984	NO	0.5051	NO	0.8412	NO	0.6943	NO	0.6674	NO	0.8049	NO	0.8221	YES	0.6796	YES	0.8636
GCF_000190695.1	502	YES	0.7618	NO	0.8004	YES	0.5249	YES	0.5048	NO	0.8112	NO	0.8218	NO	0.5478	NO	0.7371	NO	0.7604	YES	0.5587	NO	0.8484	NO	0.8533	NO	0.6844	NO	0.8601	NO	0.7414	NO	0.8251	NO	0.8524	YES	0.5972	NO	0.7576	NO	0.7461	NO	0.8560	NO	0.8471	NO	0.7922	NO	0.7353	NO	0.5737	NO	0.6012	NO	0.8255	NO	0.8608	NO	0.8496	NO	0.8565	NO	0.8655	YES	0.7192	YES	0.7988
GCF_002998435.1	28119	YES	0.8624	NO	0.7384	NO	0.8615	NO	0.6897	NO	0.7114	NO	0.8398	NO	0.5734	NO	0.5852	NO	0.8684	YES	0.8764	NO	0.5663	NO	0.7179	NO	0.7598	YES	0.5702	YES	0.6667	YES	0.7608	YES	0.7734	NO	0.8708	NO	0.8079	NO	0.6128	NO	0.8865	NO	0.8272	NO	0.8708	NO	0.8492	YES	0.8703	YES	0.8726	NO	0.8564	NO	0.7744	NO	0.8698	NO	0.7713	NO	0.7866	YES	0.8846	NO	0.8052
GCF_002549755.1	853	YES	0.8213	NO	0.6967	NO	0.8748	NO	0.5426	NO	0.7500	YES	0.7916	NO	0.5108	NO	0.5136	NO	0.7977	YES	0.8433	NO	0.7422	YES	0.6903	NO	0.8085	NO	0.7323	NO	0.7358	NO	0.8299	NO	0.8095	NO	0.5612	NO	0.8676	NO	0.8064	NO	0.8825	NO	0.8613	NO	0.8634	NO	0.8586	YES	0.8393	NO	0.6843	NO	0.8580	NO	0.7693	NO	0.8632	NO	0.8015	NO	0.8510	YES	0.8714	YES	0.6078
GCF_016598775.1	675090	YES	0.8396	NO	0.6253	NO	0.8805	NO	0.6470	NO	0.8152	NO	0.8648	NO	0.5904	NO	0.6401	NO	0.6609	YES	0.8162	NO	0.7985	YES	0.5725	NO	0.7186	NO	0.8798	NO	0.8531	NO	0.8550	NO	0.8011	YES	0.6643	NO	0.8453	NO	0.7880	NO	0.8667	NO	0.8266	NO	0.8622	NO	0.7850	YES	0.8722	YES	0.5947	NO	0.8545	NO	0.7333	NO	0.8277	NO	0.8333	NO	0.6935	YES	0.8059	YES	0.8596
GCF_000210575.1	328814	YES	0.8538	NO	0.7288	NO	0.8610	NO	0.6895	NO	0.7894	NO	0.8282	YES	0.6337	NO	0.7997	NO	0.8397	YES	0.8643	NO	0.5741	NO	0.7635	NO	0.7980	NO	0.7983	YES	0.5222	YES	0.6681	YES	0.6326	NO	0.8781	NO	0.8053	NO	0.6993	NO	0.8837	NO	0.7907	NO	0.8436	NO	0.8420	YES	0.8641	YES	0.8316	NO	0.8567	NO	0.7348	NO	0.8747	NO	0.8766	NO	0.8372	YES	0.8667	N/A	0.5706
GCF_003438075.1	2292352	YES	0.8044	NO	0.6577	NO	0.6972	YES	0.5927	NO	0.8081	YES	0.5014	NO	0.6715	NO	0.7260	NO	0.7322	YES	0.7429	NO	0.5405	YES	0.5839	NO	0.7169	NO	0.5423	NO	0.7058	NO	0.8014	NO	0.8093	YES	0.6640	NO	0.7879	NO	0.6719	NO	0.8828	NO	0.8807	NO	0.8779	NO	0.8208	YES	0.7396	NO	0.5839	NO	0.8671	NO	0.8463	NO	0.8762	NO	0.8259	NO	0.7985	YES	0.8793	N/A	0.5911
GCF_006149005.1	2576607	YES	0.6082	NO	0.6584	NO	0.8712	NO	0.7503	NO	0.8273	NO	0.8058	NO	0.6491	NO	0.5315	NO	0.6802	YES	0.5719	NO	0.6620	NO	0.7567	NO	0.5367	NO	0.6767	NO	0.6749	NO	0.5620	NO	0.5219	NO	0.6541	NO	0.7555	NO	0.5947	NO	0.8723	NO	0.8025	NO	0.8365	NO	0.6175	YES	0.7502	YES	0.6901	NO	0.7955	NO	0.8572	NO	0.8227	NO	0.8416	NO	0.8500	NO	0.8446	YES	0.8839
GCF_000269805.1	461393	YES	0.8440	NO	0.6511	NO	0.8770	NO	0.6858	NO	0.8461	NO	0.8665	NO	0.5768	NO	0.7057	NO	0.7348	YES	0.7607	NO	0.8255	YES	0.5631	NO	0.7043	NO	0.8272	NO	0.8202	NO	0.8809	NO	0.8602	YES	0.7077	NO	0.8344	NO	0.6610	NO	0.8837	NO	0.8230	NO	0.8841	NO	0.6550	YES	0.8260	NO	0.5429	NO	0.8313	NO	0.8672	NO	0.8239	NO	0.8161	NO	0.7994	YES	0.7485	YES	0.8752
GCF_900636475.1	1328	YES	0.8592	NO	0.6597	NO	0.8838	NO	0.5562	NO	0.8454	NO	0.8631	NO	0.6995	NO	0.8566	YES	0.5383	YES	0.8390	NO	0.8205	YES	0.6846	NO	0.8017	NO	0.8725	NO	0.8491	NO	0.8745	NO	0.8732	YES	0.8480	NO	0.8633	NO	0.7679	NO	0.8865	NO	0.8060	NO	0.8841	YES	0.7507	YES	0.8426	NO	0.8684	NO	0.8301	NO	0.6044	NO	0.7945	NO	0.8094	NO	0.8358	YES	0.8711	YES	0.8627
GCF_018127745.1	712435	YES	0.8036	NO	0.6404	NO	0.6145	NO	0.5781	NO	0.7697	NO	0.6967	NO	0.7918	NO	0.7866	NO	0.7610	YES	0.7118	NO	0.7596	NO	0.7833	NO	0.7967	NO	0.7731	NO	0.5765	YES	0.6248	YES	0.7175	NO	0.7416	NO	0.7577	NO	0.6133	NO	0.8828	NO	0.8238	NO	0.8607	NO	0.7725	YES	0.7497	YES	0.8119	NO	0.8515	YES	0.6179	NO	0.8724	NO	0.8603	NO	0.8329	YES	0.8660	YES	0.6701
GCF_002222615.2	47678	YES	0.8666	NO	0.7308	NO	0.8731	NO	0.7534	NO	0.7732	NO	0.8720	NO	0.7355	YES	0.5603	NO	0.8714	YES	0.8746	NO	0.5575	NO	0.6645	NO	0.6956	YES	0.8358	YES	0.6561	YES	0.8617	YES	0.8450	NO	0.8618	NO	0.7792	NO	0.6340	NO	0.8865	NO	0.8373	NO	0.7885	NO	0.8541	YES	0.8688	YES	0.8776	NO	0.8417	NO	0.8637	NO	0.8811	NO	0.7921	NO	0.8303	YES	0.8609	NO	0.8073
GCF_900104635.1	1870993	YES	0.8509	NO	0.7605	NO	0.8823	NO	0.6560	NO	0.7872	NO	0.6239	NO	0.5193	NO	0.7554	NO	0.5747	YES	0.8612	NO	0.7268	YES	0.6736	NO	0.7406	NO	0.5795	NO	0.7910	NO	0.6495	NO	0.7474	YES	0.5483	NO	0.8638	NO	0.7824	NO	0.8865	NO	0.8331	NO	0.8756	NO	0.8447	YES	0.8402	NO	0.5515	NO	0.8431	NO	0.8057	NO	0.8527	NO	0.8318	NO	0.8126	YES	0.8751	N/A	0.5169
GCF_003464595.1	329854	YES	0.8688	NO	0.7324	NO	0.8560	NO	0.6877	NO	0.7119	NO	0.8275	NO	0.7475	YES	0.8018	NO	0.8497	YES	0.8746	NO	0.5331	NO	0.5918	NO	0.6927	YES	0.8205	YES	0.5341	YES	0.8623	YES	0.8567	NO	0.8749	NO	0.8177	NO	0.5942	NO	0.8865	NO	0.7925	NO	0.8627	NO	0.8368	YES	0.8389	YES	0.8374	NO	0.7955	NO	0.8688	NO	0.8337	NO	0.7548	NO	0.8394	YES	0.8676	NO	0.8327
GCF_000238075.1	1501332	YES	0.8347	NO	0.7237	NO	0.8313	NO	0.5153	NO	0.7962	YES	0.5811	YES	0.6492	NO	0.7282	NO	0.7413	YES	0.8136	NO	0.7497	NO	0.5947	NO	0.6879	NO	0.6575	NO	0.5702	NO	0.7817	NO	0.8027	YES	0.6344	NO	0.8466	NO	0.7579	NO	0.8846	NO	0.8422	NO	0.8551	NO	0.8669	YES	0.7838	NO	0.7744	NO	0.8487	NO	0.6013	NO	0.8334	NO	0.8466	NO	0.8225	YES	0.8846	N/A	0.5182
GCF_007990505.1	157692	YES	0.8438	NO	0.6391	NO	0.8683	YES	0.5240	NO	0.6624	NO	0.5869	NO	0.5555	NO	0.8267	NO	0.7960	YES	0.8141	NO	0.6574	YES	0.5032	NO	0.7761	NO	0.7735	NO	0.6085	NO	0.8194	NO	0.8019	NO	0.5655	NO	0.8399	NO	0.7891	NO	0.8865	NO	0.8256	NO	0.8600	NO	0.7866	YES	0.8329	NO	0.6569	NO	0.8398	NO	0.7254	NO	0.8643	NO	0.8417	NO	0.7589	YES	0.8562	YES	0.8092
GCF_007556755.1	1101373	YES	0.6327	NO	0.8622	NO	0.6721	YES	0.7577	NO	0.8077	NO	0.7480	YES	0.5673	NO	0.6582	NO	0.6548	NO	0.7104	NO	0.8369	NO	0.7973	NO	0.5250	NO	0.8191	NO	0.7248	NO	0.8132	NO	0.8204	NO	0.5948	NO	0.8521	NO	0.7694	NO	0.8345	NO	0.7159	NO	0.8470	NO	0.7040	NO	0.8016	NO	0.6810	NO	0.7924	NO	0.7954	NO	0.8247	NO	0.8194	NO	0.8643	NO	0.6240	YES	0.8376
GCF_000025985.1	817	YES	0.8688	NO	0.6203	NO	0.8779	NO	0.6740	NO	0.7299	NO	0.8582	NO	0.8209	YES	0.8252	NO	0.8593	YES	0.8666	NO	0.5639	NO	0.7822	NO	0.6589	YES	0.8639	YES	0.7981	YES	0.8732	YES	0.8631	NO	0.8710	NO	0.8434	NO	0.5980	NO	0.8865	NO	0.8589	NO	0.8251	NO	0.8567	YES	0.8457	YES	0.8701	NO	0.8421	NO	0.8637	NO	0.8811	NO	0.6313	NO	0.8585	YES	0.8583	NO	0.8172
GCF_000012825.1	821	YES	0.8483	NO	0.7040	NO	0.8648	NO	0.7188	NO	0.8316	NO	0.8693	NO	0.7327	YES	0.7495	NO	0.8476	YES	0.8695	NO	0.6145	NO	0.7076	NO	0.6074	YES	0.7507	YES	0.5185	YES	0.8329	YES	0.8245	NO	0.8777	NO	0.8309	NO	0.6043	NO	0.8865	NO	0.8214	NO	0.8454	NO	0.8522	YES	0.8596	YES	0.8689	NO	0.8599	NO	0.8742	NO	0.8811	NO	0.7983	NO	0.8609	YES	0.8639	NO	0.7528
GCF_001553855.1	1302	YES	0.8661	NO	0.6133	NO	0.8838	NO	0.6524	NO	0.8348	NO	0.8363	NO	0.7751	NO	0.8533	YES	0.6486	YES	0.8675	NO	0.8051	YES	0.5314	NO	0.7790	NO	0.8828	NO	0.8798	NO	0.8762	NO	0.8768	YES	0.8518	NO	0.8573	NO	0.7688	NO	0.8865	NO	0.8546	NO	0.8841	NO	0.5477	YES	0.8703	NO	0.8307	NO	0.8476	NO	0.7745	NO	0.8025	NO	0.7935	NO	0.8620	YES	0.8832	YES	0.8639
GCF_000829035.1	1597	YES	0.7988	NO	0.6128	NO	0.8841	NO	0.6739	NO	0.7642	NO	0.8669	NO	0.7654	NO	0.7534	YES	0.7195	YES	0.8764	NO	0.8024	YES	0.5938	NO	0.7896	NO	0.8707	NO	0.8720	NO	0.8663	NO	0.8599	YES	0.8211	NO	0.8338	NO	0.7695	NO	0.8865	NO	0.8714	NO	0.8835	NO	0.6177	YES	0.8620	NO	0.8791	NO	0.8422	NO	0.7774	NO	0.7653	NO	0.8162	NO	0.8533	YES	0.8846	YES	0.8813
GCF_900095855.1	1852379	YES	0.7287	NO	0.6458	NO	0.7071	YES	0.5911	NO	0.6333	NO	0.5024	NO	0.8164	NO	0.7351	NO	0.7250	YES	0.8096	NO	0.5724	NO	0.8008	NO	0.7693	YES	0.5017	NO	0.5474	NO	0.7575	NO	0.7448	NO	0.5059	NO	0.7140	NO	0.7283	NO	0.8708	NO	0.8285	NO	0.8583	NO	0.8177	NO	0.5391	NO	0.6980	NO	0.8710	NO	0.6475	NO	0.7979	NO	0.7966	NO	0.7900	YES	0.8711	NO	0.6669
GCA_000510425.1	35518	YES	0.7055	NO	0.7289	YES	0.5676	YES	0.7578	NO	0.7591	YES	0.7763	YES	0.5241	NO	0.7266	NO	0.7727	YES	0.6305	NO	0.5647	NO	0.6609	NO	0.7771	NO	0.7590	NO	0.7593	NO	0.8193	NO	0.8442	NO	0.6367	NO	0.7718	NO	0.7513	NO	0.8800	NO	0.8283	NO	0.8841	NO	0.8276	NO	0.5848	NO	0.6668	NO	0.8195	NO	0.6450	NO	0.8495	NO	0.8260	NO	0.8349	YES	0.8743	N/A	0.5214
GCA_003755025.1	164759	YES	0.5179	NO	0.8529	NO	0.7926	NO	0.5573	NO	0.8523	NO	0.7915	NO	0.5147	NO	0.6993	YES	0.5029	YES	0.5005	NO	0.8449	NO	0.7716	NO	0.5708	NO	0.8104	NO	0.7584	NO	0.8186	NO	0.8132	YES	0.5174	NO	0.8546	NO	0.6902	NO	0.8267	NO	0.7870	NO	0.7747	NO	0.7671	NO	0.7410	NO	0.7427	NO	0.8196	NO	0.8742	NO	0.7687	NO	0.7675	NO	0.8787	N/A	0.5604	YES	0.8669
GCF_006739205.1	1309	YES	0.8496	NO	0.6781	NO	0.8757	NO	0.5401	NO	0.8547	NO	0.8473	NO	0.6831	NO	0.8390	YES	0.6213	YES	0.8764	NO	0.8138	YES	0.7099	NO	0.8161	NO	0.8826	NO	0.8715	NO	0.8498	NO	0.8796	YES	0.8211	NO	0.8578	NO	0.7704	NO	0.8865	NO	0.8518	NO	0.8835	YES	0.7937	YES	0.8643	NO	0.8752	NO	0.8313	NO	0.7794	NO	0.7769	NO	0.8010	NO	0.8577	YES	0.8739	YES	0.8724
GCA_000020605.1	39491	YES	0.8037	NO	0.7714	NO	0.8832	YES	0.5649	NO	0.6753	YES	0.7864	YES	0.5766	NO	0.6889	NO	0.7202	YES	0.8603	NO	0.5478	YES	0.6394	NO	0.5469	YES	0.6133	NO	0.7222	NO	0.7831	NO	0.8183	YES	0.6103	NO	0.8618	NO	0.7756	NO	0.8865	NO	0.8092	NO	0.8518	NO	0.8558	YES	0.8204	NO	0.6291	NO	0.8561	NO	0.8542	NO	0.8432	NO	0.8156	NO	0.8017	YES	0.8846	N/A	0.5030
GCF_900142875.1	53463	YES	0.5123	NO	0.8383	NO	0.6894	YES	0.5889	NO	0.8592	NO	0.6884	YES	0.5060	NO	0.6118	NO	0.5812	NO	0.5417	NO	0.8233	NO	0.8130	NO	0.5677	NO	0.8118	NO	0.6168	NO	0.7539	NO	0.7855	YES	0.5331	NO	0.8173	NO	0.7219	NO	0.8666	NO	0.8250	NO	0.8737	NO	0.6966	NO	0.7212	NO	0.6819	NO	0.8609	NO	0.8669	NO	0.8754	NO	0.8535	NO	0.8638	NO	0.6686	YES	0.8476
GCF_000164695.2	2047	YES	0.5807	NO	0.5975	NO	0.8777	NO	0.7291	NO	0.8360	NO	0.8642	NO	0.7970	NO	0.7367	NO	0.8038	YES	0.7477	NO	0.8277	NO	0.8051	NO	0.7434	NO	0.8751	NO	0.8313	NO	0.8418	NO	0.8751	YES	0.7465	NO	0.8084	NO	0.6042	NO	0.8823	NO	0.8433	NO	0.8834	YES	0.6230	YES	0.6347	NO	0.5471	NO	0.8295	NO	0.8660	NO	0.8291	NO	0.8090	NO	0.8738	YES	0.7041	YES	0.8638
GCF_002209445.1	2708117	YES	0.8294	NO	0.6856	NO	0.8516	NO	0.7262	NO	0.8407	NO	0.7549	NO	0.7267	NO	0.6661	NO	0.8335	YES	0.8261	NO	0.6852	NO	0.8312	NO	0.7225	NO	0.8050	NO	0.5600	YES	0.5609	YES	0.7506	NO	0.7996	NO	0.7841	NO	0.6141	NO	0.8865	NO	0.8075	NO	0.8559	NO	0.7714	YES	0.7822	YES	0.7720	NO	0.8222	NO	0.5618	NO	0.8609	NO	0.6780	NO	0.8557	YES	0.7426	YES	0.8444
GCF_003437535.1	310297	YES	0.8668	NO	0.7118	NO	0.8831	NO	0.7432	NO	0.7627	NO	0.8577	NO	0.7615	NO	0.5848	NO	0.7996	YES	0.8764	NO	0.5270	NO	0.7288	NO	0.6807	YES	0.5820	YES	0.6448	YES	0.7856	YES	0.8400	NO	0.8598	NO	0.8185	NO	0.5295	NO	0.8865	NO	0.8550	NO	0.8596	NO	0.8144	YES	0.8613	YES	0.8595	NO	0.8665	NO	0.8619	NO	0.8811	NO	0.8260	NO	0.8301	YES	0.8813	NO	0.8289
GCF_000023905.1	40542	YES	0.8200	NO	0.6355	NO	0.8658	YES	0.5374	NO	0.6938	NO	0.6169	NO	0.7506	NO	0.8453	NO	0.7367	YES	0.8338	NO	0.7955	NO	0.6616	NO	0.8155	NO	0.8232	NO	0.6308	NO	0.8501	NO	0.8022	YES	0.6117	NO	0.8586	NO	0.8035	NO	0.8676	NO	0.8440	NO	0.8634	NO	0.7975	YES	0.8467	NO	0.5369	NO	0.7967	NO	0.8463	NO	0.8494	NO	0.8159	NO	0.7362	YES	0.8489	YES	0.6959
GCF_000169235.1	39486	YES	0.8571	NO	0.7213	NO	0.8282	YES	0.6891	NO	0.7236	NO	0.6824	NO	0.6184	NO	0.7725	YES	0.5428	YES	0.8430	YES	0.6224	YES	0.6024	NO	0.7004	YES	0.5282	NO	0.8231	NO	0.6967	NO	0.6402	YES	0.6449	NO	0.8505	NO	0.7982	NO	0.8865	NO	0.8247	NO	0.8243	NO	0.8323	YES	0.8082	NO	0.6467	NO	0.8430	NO	0.7933	NO	0.8279	NO	0.7400	NO	0.8131	YES	0.8797	N/A	0.5818
GCF_000239295.1	292800	YES	0.7878	NO	0.6298	NO	0.8570	YES	0.6500	NO	0.7738	YES	0.7505	NO	0.6944	NO	0.7683	NO	0.7697	YES	0.8100	YES	0.5721	NO	0.7446	NO	0.6983	NO	0.6111	NO	0.7462	NO	0.6256	NO	0.7250	NO	0.6588	NO	0.8579	NO	0.8051	NO	0.8842	NO	0.5653	NO	0.8595	NO	0.7999	YES	0.7586	NO	0.7538	NO	0.7863	NO	0.8084	NO	0.8221	NO	0.8082	NO	0.7898	YES	0.8663	NO	0.8161
GCF_018784445.1	745368	YES	0.8235	NO	0.6943	NO	0.8744	NO	0.6151	NO	0.7680	YES	0.7118	NO	0.5827	NO	0.6957	NO	0.7298	YES	0.8427	NO	0.6312	YES	0.6934	NO	0.7858	NO	0.6454	NO	0.8089	NO	0.8565	NO	0.8276	NO	0.5569	NO	0.8579	NO	0.7831	NO	0.8530	NO	0.8459	NO	0.8725	NO	0.8400	YES	0.8371	NO	0.6159	NO	0.8491	NO	0.7518	NO	0.8578	NO	0.7568	NO	0.8386	YES	0.8739	YES	0.7831
GCF_003054025.1	327575	YES	0.8394	NO	0.7206	NO	0.8691	NO	0.6444	NO	0.8407	NO	0.7353	NO	0.6698	NO	0.7849	NO	0.8410	YES	0.7977	NO	0.7328	NO	0.8257	NO	0.7129	NO	0.8185	NO	0.6396	YES	0.5069	YES	0.6258	NO	0.7955	NO	0.7925	NO	0.6935	NO	0.8781	NO	0.7852	NO	0.8506	NO	0.7846	YES	0.7829	YES	0.7151	NO	0.8124	YES	0.5895	NO	0.8734	NO	0.6624	NO	0.8443	YES	0.7668	YES	0.8581
GCF_007991655.1	670293	YES	0.5681	NO	0.8055	NO	0.8092	NO	0.6371	NO	0.8282	NO	0.8509	NO	0.5553	NO	0.6261	NO	0.7331	YES	0.6552	NO	0.6800	NO	0.7020	YES	0.5077	NO	0.7959	NO	0.6738	NO	0.5305	NO	0.6608	NO	0.7426	NO	0.7804	YES	0.5017	NO	0.8664	NO	0.7774	NO	0.7887	NO	0.6654	YES	0.7224	YES	0.6128	NO	0.8386	NO	0.8742	NO	0.8521	NO	0.8168	NO	0.8656	NO	0.8380	YES	0.8840
GCF_000174015.1	1383	YES	0.8084	NO	0.6007	NO	0.8803	NO	0.5050	NO	0.7455	NO	0.7240	NO	0.7519	NO	0.7946	NO	0.7382	YES	0.8588	NO	0.8068	YES	0.6386	NO	0.7993	NO	0.8139	NO	0.8397	NO	0.8113	NO	0.8512	YES	0.7514	NO	0.8515	NO	0.8035	NO	0.8865	NO	0.8515	NO	0.8801	NO	0.8598	YES	0.8282	YES	0.6593	NO	0.8505	YES	0.6239	NO	0.8255	NO	0.8260	NO	0.8235	YES	0.8775	YES	0.7267
GCF_000413055.1	51160	YES	0.7861	YES	0.5145	NO	0.7745	NO	0.5445	NO	0.7364	NO	0.7031	NO	0.6139	NO	0.8277	NO	0.7581	YES	0.8435	NO	0.7341	NO	0.5666	NO	0.7283	NO	0.6798	NO	0.6739	NO	0.6274	NO	0.6553	NO	0.5409	NO	0.8519	NO	0.7925	NO	0.8865	NO	0.7303	NO	0.8766	NO	0.8192	YES	0.8163	YES	0.5953	NO	0.8569	NO	0.7543	NO	0.8572	NO	0.8547	NO	0.7909	YES	0.8846	N/A	0.5758
GCF_017565765.1	2819369	YES	0.8348	NO	0.6838	NO	0.7322	NO	0.6159	NO	0.8296	NO	0.7306	NO	0.6895	NO	0.8003	NO	0.8505	YES	0.8226	NO	0.7288	NO	0.8346	NO	0.6632	NO	0.8475	NO	0.5342	NO	0.5325	YES	0.5712	NO	0.7767	NO	0.7986	NO	0.7102	NO	0.8865	NO	0.7938	NO	0.8086	NO	0.7755	YES	0.6692	YES	0.7680	NO	0.8153	NO	0.6905	NO	0.8747	NO	0.8784	NO	0.8420	YES	0.7597	YES	0.8525
GCF_001953955.1	28131	YES	0.8688	NO	0.5939	NO	0.8542	NO	0.6430	NO	0.8345	NO	0.7899	NO	0.7345	NO	0.8231	NO	0.8699	YES	0.8632	NO	0.7939	NO	0.7142	NO	0.7299	NO	0.8318	YES	0.6952	YES	0.7228	YES	0.8267	NO	0.7248	NO	0.7157	NO	0.5957	NO	0.8865	NO	0.8450	NO	0.8719	NO	0.8505	YES	0.8317	YES	0.8684	NO	0.8533	YES	0.5566	NO	0.8811	NO	0.8616	NO	0.8002	YES	0.8739	NO	0.8078
GCA_002355935.1	172042	YES	0.5730	NO	0.6482	NO	0.8767	NO	0.6503	NO	0.7957	NO	0.7441	NO	0.6897	NO	0.5950	NO	0.7054	YES	0.7049	NO	0.8314	NO	0.7835	NO	0.7939	NO	0.8138	NO	0.8617	NO	0.8503	NO	0.8801	YES	0.8319	NO	0.8078	NO	0.6042	NO	0.8851	NO	0.7986	NO	0.8834	NO	0.6281	YES	0.6526	NO	0.6314	NO	0.8415	NO	0.7591	NO	0.8102	NO	0.8185	NO	0.8605	YES	0.8016	YES	0.8012
GCF_000208405.1	69823	YES	0.8390	NO	0.6766	NO	0.8376	YES	0.7552	NO	0.7946	NO	0.6802	NO	0.7675	NO	0.5963	NO	0.7048	YES	0.8463	YES	0.6912	NO	0.7289	NO	0.5944	NO	0.5251	NO	0.6385	NO	0.8050	NO	0.7606	YES	0.5826	NO	0.7633	NO	0.6304	NO	0.8800	NO	0.6061	NO	0.8513	NO	0.8053	YES	0.7472	NO	0.7357	NO	0.8270	NO	0.8672	NO	0.8691	NO	0.7909	NO	0.7998	YES	0.8775	N/A	0.5511
GCF_000184945.1	28126	YES	0.8663	NO	0.6063	NO	0.8831	NO	0.6950	NO	0.8426	NO	0.8622	NO	0.7289	NO	0.7731	NO	0.8682	YES	0.8742	NO	0.7421	YES	0.5540	NO	0.7250	NO	0.7067	NO	0.5065	YES	0.8229	YES	0.8187	NO	0.8368	NO	0.7758	NO	0.5824	NO	0.8865	NO	0.8338	NO	0.8617	NO	0.8414	YES	0.8703	YES	0.8365	NO	0.8478	NO	0.8284	NO	0.8644	NO	0.7727	NO	0.7981	YES	0.8719	NO	0.8018
GCF_000518545.1	52229	YES	0.8596	NO	0.5950	NO	0.7830	NO	0.7117	NO	0.8294	NO	0.7734	NO	0.5668	NO	0.7611	NO	0.8602	YES	0.8597	NO	0.7907	NO	0.6475	NO	0.7023	NO	0.6703	NO	0.5130	YES	0.7138	YES	0.8730	NO	0.8447	NO	0.7292	NO	0.5433	NO	0.8758	NO	0.8537	NO	0.8425	NO	0.8671	YES	0.8393	YES	0.8710	NO	0.8654	NO	0.8462	NO	0.8654	NO	0.8356	NO	0.7684	YES	0.8775	N/A	0.5872
GCA_900112995.1	706562	YES	0.8568	NO	0.6420	NO	0.8242	YES	0.5405	NO	0.7701	NO	0.6466	NO	0.6569	NO	0.6500	NO	0.6363	YES	0.8296	NO	0.5932	YES	0.6098	NO	0.6348	YES	0.6141	NO	0.8416	NO	0.7623	NO	0.7720	YES	0.5378	NO	0.7633	NO	0.7147	NO	0.8865	NO	0.8127	NO	0.8382	NO	0.8450	YES	0.7275	NO	0.5652	NO	0.8670	NO	0.8541	NO	0.8035	NO	0.7563	NO	0.7630	YES	0.8797	NO	0.7578
GCF_900113545.1	495	YES	0.7632	NO	0.8102	NO	0.6361	YES	0.5484	NO	0.8389	NO	0.8035	NO	0.5045	NO	0.7485	NO	0.7774	YES	0.5370	NO	0.8382	NO	0.7962	NO	0.7748	NO	0.8627	NO	0.6551	NO	0.7588	NO	0.7598	NO	0.5952	NO	0.7273	NO	0.6213	NO	0.7664	NO	0.8142	NO	0.8417	NO	0.7861	NO	0.6873	NO	0.5942	NO	0.8168	NO	0.8692	NO	0.8475	NO	0.8648	NO	0.8274	YES	0.7272	YES	0.8317
GCF_000154065.1	88431	YES	0.8440	NO	0.7156	NO	0.8691	YES	0.5231	NO	0.6613	NO	0.6492	YES	0.5158	NO	0.7837	YES	0.5932	YES	0.8440	YES	0.6315	YES	0.7495	NO	0.7573	YES	0.6394	NO	0.8192	NO	0.7559	NO	0.7694	NO	0.6263	NO	0.7447	NO	0.7120	NO	0.8865	NO	0.7953	NO	0.8744	NO	0.8295	YES	0.8613	NO	0.7157	NO	0.8457	NO	0.8158	NO	0.8492	NO	0.7485	NO	0.8438	YES	0.8782	N/A	0.5030
GCF_017161265.1	58231	YES	0.7716	NO	0.5677	NO	0.7770	NO	0.5412	NO	0.6513	YES	0.8195	NO	0.5751	NO	0.7426	NO	0.7341	YES	0.7730	NO	0.6740	NO	0.7296	NO	0.5919	NO	0.6761	NO	0.6978	NO	0.7856	NO	0.7422	YES	0.5266	NO	0.8570	NO	0.7546	NO	0.8662	NO	0.7864	NO	0.8766	NO	0.8183	YES	0.7038	NO	0.6101	NO	0.8463	YES	0.5585	NO	0.8496	NO	0.8617	NO	0.7259	YES	0.8729	N/A	0.5708
GCF_900232865.1	2014528	NO	0.5581	NO	0.6166	NO	0.8828	YES	0.5010	NO	0.8024	NO	0.8625	NO	0.6905	NO	0.7882	NO	0.7083	YES	0.6600	NO	0.8456	NO	0.7993	NO	0.8315	NO	0.8620	NO	0.8501	NO	0.8809	NO	0.8279	YES	0.6526	NO	0.8124	NO	0.6127	NO	0.8667	NO	0.8203	NO	0.8349	NO	0.5853	YES	0.8016	NO	0.6655	NO	0.8521	NO	0.8562	NO	0.8492	NO	0.8151	NO	0.8577	N/A	0.5952	YES	0.8812
GCF_900636915.1	732	YES	0.6699	NO	0.7437	NO	0.8390	YES	0.7415	NO	0.8236	NO	0.8201	YES	0.5802	NO	0.8155	NO	0.7402	YES	0.5044	NO	0.7061	NO	0.5518	NO	0.7589	NO	0.8401	NO	0.5367	NO	0.8199	NO	0.8321	YES	0.5349	NO	0.6985	NO	0.7675	NO	0.8515	NO	0.8212	NO	0.8638	NO	0.8229	NO	0.6967	YES	0.5819	NO	0.8685	NO	0.8237	NO	0.7735	YES	0.6886	NO	0.8805	YES	0.7817	YES	0.8219
GCF_000153885.1	39496	YES	0.8393	NO	0.6699	NO	0.8734	YES	0.5112	NO	0.7841	YES	0.7621	NO	0.5647	NO	0.7652	NO	0.7665	YES	0.8602	NO	0.7841	YES	0.6321	NO	0.7426	NO	0.5826	NO	0.8146	NO	0.8398	NO	0.8021	YES	0.6383	NO	0.8426	NO	0.7587	NO	0.8865	NO	0.8524	NO	0.8448	NO	0.8484	YES	0.7988	YES	0.5445	NO	0.8728	NO	0.7716	NO	0.8185	NO	0.7524	NO	0.7694	YES	0.8797	NO	0.6341
GCF_900104625.1	1852388	YES	0.7645	NO	0.6755	NO	0.8831	YES	0.5446	NO	0.6235	NO	0.5791	NO	0.7728	NO	0.8266	NO	0.6975	YES	0.8250	NO	0.7638	NO	0.5691	NO	0.8100	NO	0.7749	NO	0.5480	NO	0.8439	NO	0.7859	YES	0.5451	NO	0.8524	NO	0.8078	NO	0.8818	NO	0.8361	NO	0.8634	NO	0.7466	YES	0.8010	NO	0.6306	NO	0.8347	NO	0.8561	NO	0.8758	NO	0.8447	NO	0.8000	YES	0.8775	YES	0.7073
GCF_000265365.1	214856	YES	0.8634	NO	0.7717	NO	0.8451	NO	0.7329	NO	0.8321	NO	0.8387	YES	0.6204	NO	0.7111	NO	0.8365	YES	0.8199	NO	0.7535	NO	0.7867	NO	0.8046	NO	0.7560	YES	0.6389	YES	0.6564	NO	0.5931	NO	0.8618	NO	0.8281	NO	0.7449	NO	0.8837	NO	0.8232	NO	0.7632	NO	0.8272	YES	0.8430	YES	0.8159	NO	0.8265	NO	0.6920	NO	0.8706	NO	0.8310	NO	0.8187	YES	0.8692	N/A	0.5386
GCF_000429265.1	52769	YES	0.8074	NO	0.6119	NO	0.8770	NO	0.7157	NO	0.8547	NO	0.8735	NO	0.5256	NO	0.6656	NO	0.6003	YES	0.8033	NO	0.7027	YES	0.5035	NO	0.7137	NO	0.8074	NO	0.8054	NO	0.8673	NO	0.8482	YES	0.7189	NO	0.8341	NO	0.7523	NO	0.8725	NO	0.8374	NO	0.8764	NO	0.5887	YES	0.8318	NO	0.5538	NO	0.8378	NO	0.8672	NO	0.8154	NO	0.7641	NO	0.7851	YES	0.7571	YES	0.8627
GCF_008153345.1	162	YES	0.7864	NO	0.6513	NO	0.7239	NO	0.5761	YES	0.5860	YES	0.7469	NO	0.5589	NO	0.8031	NO	0.8027	YES	0.8240	YES	0.5304	NO	0.5822	NO	0.7123	NO	0.6470	NO	0.6115	NO	0.7833	NO	0.7501	YES	0.6476	NO	0.8543	NO	0.7688	NO	0.8583	NO	0.8221	NO	0.8739	NO	0.7630	YES	0.6762	YES	0.5401	NO	0.8473	YES	0.5235	NO	0.8636	NO	0.8567	NO	0.8063	YES	0.8704	NO	0.6823
GCF_001042595.1	1689	YES	0.8469	YES	0.5012	NO	0.8812	NO	0.5895	NO	0.7539	NO	0.8786	NO	0.7151	NO	0.7981	YES	0.7783	YES	0.8596	NO	0.8220	YES	0.7452	NO	0.7900	NO	0.8798	NO	0.8506	NO	0.8562	NO	0.8676	YES	0.8560	NO	0.8233	NO	0.7497	NO	0.8764	NO	0.8246	NO	0.8648	NO	0.8368	YES	0.8702	YES	0.8040	NO	0.8433	NO	0.8247	NO	0.7629	NO	0.8227	NO	0.8533	YES	0.8846	YES	0.7320
GCF_000214475.1	671230	YES	0.5959	NO	0.7019	YES	0.5376	YES	0.6596	NO	0.7092	NO	0.6310	NO	0.5890	NO	0.6333	NO	0.6922	YES	0.7244	NO	0.8014	NO	0.8039	NO	0.7930	NO	0.8199	NO	0.7461	NO	0.8107	NO	0.7882	NO	0.6004	NO	0.8566	NO	0.7715	NO	0.8865	NO	0.7954	NO	0.8679	NO	0.8589	NO	0.5320	NO	0.7387	NO	0.8412	YES	0.8198	NO	0.8260	NO	0.8635	NO	0.8304	YES	0.8741	YES	0.7168
GCF_000525775.1	35519	YES	0.7477	NO	0.5859	YES	0.6193	YES	0.5693	NO	0.7301	YES	0.6531	NO	0.6471	NO	0.7553	NO	0.7356	YES	0.5586	YES	0.6166	NO	0.5043	NO	0.7635	NO	0.7651	NO	0.7010	NO	0.6897	NO	0.6334	NO	0.6393	NO	0.7553	NO	0.7028	NO	0.7807	NO	0.7745	NO	0.8510	NO	0.8438	NO	0.6482	NO	0.7228	NO	0.7655	YES	0.5502	NO	0.8562	NO	0.8435	NO	0.7566	YES	0.8803	N/A	0.5814
GCF_016405145.1	181487	YES	0.7891	NO	0.6427	NO	0.8832	NO	0.5322	NO	0.8461	NO	0.8608	NO	0.6439	NO	0.7090	NO	0.7647	YES	0.8136	NO	0.7205	YES	0.5111	NO	0.8090	NO	0.8074	NO	0.8259	NO	0.8574	NO	0.8486	YES	0.6850	NO	0.8258	NO	0.7802	NO	0.8739	NO	0.8489	NO	0.8841	NO	0.7529	YES	0.8035	YES	0.6681	NO	0.8362	NO	0.7461	NO	0.8334	NO	0.8077	NO	0.8058	YES	0.8400	YES	0.7485
GCF_000023285.1	1018	YES	0.8082	NO	0.6807	NO	0.8387	NO	0.7794	NO	0.8466	NO	0.7870	NO	0.6831	NO	0.7607	NO	0.8411	YES	0.8464	NO	0.7471	NO	0.7579	NO	0.7234	NO	0.8426	NO	0.6136	NO	0.5225	YES	0.5839	NO	0.7749	NO	0.8072	NO	0.7016	NO	0.8865	NO	0.7873	NO	0.8504	NO	0.7419	YES	0.8233	YES	0.6915	NO	0.8216	YES	0.5932	NO	0.8755	NO	0.8655	NO	0.8469	YES	0.7781	YES	0.8511
GCF_000235445.1	43995	YES	0.8326	NO	0.7463	NO	0.7566	NO	0.6554	NO	0.6160	YES	0.7320	YES	0.5780	NO	0.7173	NO	0.7486	YES	0.7734	NO	0.5730	NO	0.5912	NO	0.7614	NO	0.5740	NO	0.6657	NO	0.7587	NO	0.7217	NO	0.5594	NO	0.8575	NO	0.7988	NO	0.8665	NO	0.8322	NO	0.8700	NO	0.8106	YES	0.6826	NO	0.7086	NO	0.8383	YES	0.6019	NO	0.8530	NO	0.8474	NO	0.6510	YES	0.8768	NO	0.6564
GCF_000765235.1	1519439	YES	0.7154	NO	0.6544	NO	0.8031	YES	0.5640	NO	0.7845	YES	0.7161	NO	0.6593	NO	0.6567	NO	0.6664	YES	0.7386	NO	0.5459	NO	0.7097	NO	0.7755	YES	0.5939	NO	0.6963	NO	0.7835	NO	0.7170	NO	0.5528	NO	0.8750	NO	0.8211	NO	0.8500	NO	0.8735	NO	0.8569	NO	0.8391	YES	0.6101	NO	0.7154	NO	0.8380	YES	0.5274	NO	0.7850	NO	0.7925	NO	0.8383	YES	0.8846	YES	0.6543
GCF_000468055.1	53418	YES	0.8162	NO	0.6442	NO	0.7814	YES	0.5951	NO	0.7375	NO	0.5869	NO	0.6083	NO	0.8192	NO	0.7515	YES	0.7366	NO	0.7813	NO	0.6029	NO	0.7259	NO	0.8093	NO	0.6055	NO	0.7016	NO	0.7685	YES	0.6798	NO	0.8696	NO	0.7704	NO	0.8865	NO	0.7746	NO	0.8792	NO	0.8284	YES	0.7447	NO	0.5674	NO	0.8489	YES	0.6485	NO	0.8693	NO	0.8733	NO	0.8042	YES	0.8755	YES	0.6784
GCF_001553545.1	45243	YES	0.8275	NO	0.7023	NO	0.8227	NO	0.7646	NO	0.8466	NO	0.7663	NO	0.6606	NO	0.7853	NO	0.8371	YES	0.8450	NO	0.7418	NO	0.8003	NO	0.7304	NO	0.8459	NO	0.6180	YES	0.5513	YES	0.6176	NO	0.7774	NO	0.7969	NO	0.6559	NO	0.8865	NO	0.7964	NO	0.8689	NO	0.7044	YES	0.8048	YES	0.7120	NO	0.8161	NO	0.6194	NO	0.8811	NO	0.8690	NO	0.8528	YES	0.6889	YES	0.8282
GCF_000468755.1	138595	YES	0.8268	NO	0.7284	NO	0.8586	YES	0.5636	NO	0.6625	NO	0.7501	NO	0.5131	NO	0.7749	NO	0.6050	YES	0.8704	NO	0.7535	YES	0.6405	NO	0.7252	NO	0.6457	NO	0.7679	NO	0.7925	NO	0.7324	YES	0.7618	NO	0.8650	NO	0.7805	NO	0.8865	NO	0.7889	NO	0.8184	NO	0.8075	YES	0.8371	NO	0.5254	NO	0.8211	NO	0.7270	NO	0.7946	NO	0.8154	NO	0.7918	YES	0.8846	N/A	0.5622
GCF_003324125.1	2086273	YES	0.8370	NO	0.6730	NO	0.8553	NO	0.6001	NO	0.7587	YES	0.8327	NO	0.6336	NO	0.6279	NO	0.7560	YES	0.8354	NO	0.7921	YES	0.7000	NO	0.7564	NO	0.6792	NO	0.7353	NO	0.8399	NO	0.7816	YES	0.5304	NO	0.8692	NO	0.8040	NO	0.8738	NO	0.8695	NO	0.8575	NO	0.8215	YES	0.8068	NO	0.7510	NO	0.8649	NO	0.7952	NO	0.8691	NO	0.7740	NO	0.8187	YES	0.8473	YES	0.6502
GCF_000245815.1	29394	YES	0.8272	NO	0.6443	NO	0.8694	YES	0.5518	NO	0.7913	NO	0.7684	NO	0.7146	NO	0.7250	NO	0.7271	YES	0.8723	NO	0.7960	NO	0.5354	NO	0.7656	NO	0.8468	NO	0.8544	NO	0.8571	NO	0.8714	YES	0.7803	NO	0.8598	NO	0.8070	NO	0.8865	NO	0.8082	NO	0.8841	NO	0.5456	YES	0.8623	NO	0.8540	NO	0.8619	YES	0.8151	NO	0.8133	NO	0.8615	NO	0.8157	YES	0.8760	YES	0.8588
GCF_000466485.1	1512	YES	0.8047	NO	0.5791	NO	0.8802	NO	0.5939	NO	0.7670	YES	0.7515	YES	0.5164	NO	0.7446	NO	0.7066	YES	0.8376	NO	0.5954	YES	0.5216	NO	0.6204	YES	0.6015	NO	0.6956	NO	0.6418	NO	0.6207	NO	0.5449	NO	0.8587	NO	0.8015	NO	0.8596	NO	0.8318	NO	0.8610	NO	0.8533	YES	0.6835	NO	0.6705	NO	0.8053	NO	0.8742	NO	0.8039	NO	0.7638	NO	0.8109	YES	0.8357	NO	0.6009
GCF_000614205.1	633701	YES	0.8602	NO	0.6232	NO	0.8236	NO	0.7301	NO	0.6841	NO	0.8130	NO	0.7425	NO	0.7886	NO	0.7803	YES	0.8491	NO	0.7272	NO	0.6913	NO	0.6781	NO	0.8040	NO	0.5633	YES	0.6382	YES	0.6713	NO	0.7485	NO	0.7464	NO	0.6024	NO	0.8865	NO	0.8033	NO	0.8709	NO	0.8523	YES	0.8627	YES	0.8281	NO	0.8698	NO	0.7621	NO	0.8630	NO	0.8631	NO	0.8256	YES	0.8621	NO	0.6535
GCF_000466425.1	1227265	YES	0.8144	NO	0.7530	NO	0.8136	NO	0.6165	NO	0.8548	NO	0.7757	YES	0.5186	NO	0.7740	NO	0.8488	YES	0.8274	NO	0.7689	NO	0.8470	NO	0.7284	NO	0.8450	NO	0.7056	NO	0.5178	YES	0.7062	NO	0.7527	NO	0.8032	NO	0.6852	NO	0.8865	NO	0.7916	NO	0.7678	NO	0.7022	YES	0.7890	YES	0.8113	NO	0.8184	NO	0.5569	NO	0.8331	NO	0.8655	NO	0.8350	YES	0.6889	YES	0.8638
GCF_905120355.1	418702	YES	0.6598	NO	0.8490	YES	0.5808	YES	0.6516	NO	0.6994	NO	0.7684	YES	0.5085	NO	0.7362	NO	0.6721	NO	0.6524	NO	0.6836	NO	0.7606	NO	0.6271	NO	0.7551	NO	0.6168	NO	0.8070	NO	0.8348	NO	0.6309	NO	0.8105	NO	0.5822	NO	0.8461	NO	0.7283	NO	0.8670	NO	0.7983	NO	0.8229	NO	0.6705	NO	0.8162	NO	0.8742	NO	0.8439	NO	0.8442	NO	0.8439	YES	0.7691	YES	0.8329
GCF_000381365.1	291644	YES	0.8621	NO	0.7185	NO	0.8841	NO	0.6857	NO	0.7800	NO	0.8488	NO	0.7180	YES	0.6791	NO	0.8727	YES	0.8739	NO	0.5589	NO	0.5381	NO	0.7190	YES	0.8541	YES	0.6817	YES	0.6368	YES	0.8516	NO	0.8708	NO	0.8182	NO	0.6139	NO	0.8865	NO	0.8386	NO	0.8577	NO	0.8162	YES	0.8647	YES	0.8582	NO	0.8418	NO	0.8688	NO	0.8762	NO	0.8060	NO	0.8507	YES	0.8676	NO	0.8311
GCF_001278845.1	712122	YES	0.8235	NO	0.6595	NO	0.8781	NO	0.6885	NO	0.8319	NO	0.8823	NO	0.5067	NO	0.6748	NO	0.6751	YES	0.8442	NO	0.8267	YES	0.5381	NO	0.6690	NO	0.8789	NO	0.7703	NO	0.8749	NO	0.8777	YES	0.7657	NO	0.8149	NO	0.6568	NO	0.8764	NO	0.8373	NO	0.8835	NO	0.6390	YES	0.8655	NO	0.5977	NO	0.8287	NO	0.8532	NO	0.8154	NO	0.8406	NO	0.7482	YES	0.7299	YES	0.8598
GCF_000154465.1	28117	YES	0.8360	NO	0.6469	NO	0.5918	NO	0.6752	NO	0.7844	NO	0.6699	NO	0.7183	NO	0.8164	NO	0.8550	YES	0.7977	NO	0.7622	NO	0.8400	NO	0.8173	NO	0.5078	YES	0.6810	YES	0.5604	YES	0.6808	NO	0.8046	NO	0.7408	NO	0.7248	NO	0.8728	NO	0.8476	NO	0.8468	NO	0.7975	YES	0.7038	YES	0.7565	NO	0.8319	YES	0.5395	NO	0.8731	NO	0.8707	NO	0.8288	YES	0.8621	N/A	0.5968
GCA_000488855.1	35517	YES	0.7748	NO	0.6298	YES	0.5433	YES	0.7295	NO	0.6932	YES	0.5589	NO	0.6891	NO	0.7762	NO	0.7222	YES	0.6872	NO	0.6090	NO	0.6746	NO	0.8099	NO	0.8011	NO	0.7611	NO	0.7229	NO	0.7307	NO	0.5758	NO	0.7202	NO	0.7430	NO	0.8717	NO	0.8609	NO	0.8716	NO	0.8401	NO	0.5860	NO	0.6589	NO	0.8006	YES	0.7852	NO	0.8686	NO	0.8556	NO	0.7585	YES	0.8693	N/A	0.5912
GCF_019129285.1	246787	YES	0.8677	NO	0.7669	NO	0.8474	NO	0.7337	NO	0.7260	NO	0.8229	NO	0.5910	YES	0.7680	NO	0.8569	YES	0.8702	NO	0.5522	NO	0.6290	NO	0.6157	YES	0.8392	YES	0.5590	YES	0.8632	YES	0.8432	NO	0.8749	NO	0.8499	NO	0.6017	NO	0.8865	NO	0.7740	NO	0.7821	NO	0.8466	YES	0.8365	YES	0.8775	NO	0.7396	NO	0.8688	NO	0.8453	NO	0.7607	NO	0.8371	YES	0.8592	NO	0.8105
GCF_013394775.1	671214	YES	0.8263	NO	0.6611	NO	0.8620	NO	0.5516	NO	0.5412	YES	0.6935	YES	0.6139	NO	0.6842	NO	0.7711	YES	0.8629	NO	0.6175	NO	0.5066	NO	0.6102	YES	0.5344	NO	0.5938	NO	0.7461	NO	0.7173	YES	0.5284	NO	0.8503	NO	0.8054	NO	0.8865	NO	0.8128	NO	0.8623	NO	0.8534	YES	0.7838	NO	0.7702	NO	0.8654	NO	0.7457	NO	0.8471	NO	0.8136	NO	0.8291	YES	0.8611	N/A	0.5265
GCF_002234575.2	208479	YES	0.8442	NO	0.6896	NO	0.8754	NO	0.6454	NO	0.5526	NO	0.6167	NO	0.5787	NO	0.7218	NO	0.5475	YES	0.8619	YES	0.5545	YES	0.6320	NO	0.5619	YES	0.7422	NO	0.6339	NO	0.6982	NO	0.6360	NO	0.5822	NO	0.8750	NO	0.8031	NO	0.8646	NO	0.8436	NO	0.7842	NO	0.7544	YES	0.7814	NO	0.6268	NO	0.8480	NO	0.8742	NO	0.7893	NO	0.7756	NO	0.8034	YES	0.8730	NO	0.8019
GCF_001717505.1	39950	YES	0.7180	NO	0.6286	NO	0.5691	YES	0.5298	NO	0.7397	NO	0.6202	NO	0.7735	NO	0.7031	NO	0.8283	YES	0.7449	NO	0.8223	NO	0.8248	NO	0.7668	NO	0.8378	NO	0.6713	NO	0.8124	NO	0.8464	YES	0.5643	NO	0.7415	NO	0.7125	NO	0.8828	NO	0.8501	NO	0.8807	NO	0.8131	NO	0.5992	NO	0.7531	NO	0.8701	YES	0.8410	NO	0.8465	NO	0.7623	NO	0.8566	YES	0.8775	YES	0.7093
GCF_000185145.2	28134	YES	0.8688	NO	0.5729	NO	0.8648	NO	0.7577	NO	0.8431	NO	0.8436	NO	0.7775	NO	0.8126	NO	0.8442	YES	0.8746	NO	0.7961	NO	0.7034	NO	0.6234	NO	0.8335	YES	0.6068	YES	0.7866	YES	0.7970	NO	0.8629	NO	0.7974	NO	0.6186	NO	0.8865	NO	0.8348	NO	0.8345	NO	0.8406	YES	0.8740	YES	0.8777	NO	0.8350	NO	0.7291	NO	0.8644	NO	0.8383	NO	0.8683	YES	0.8775	NO	0.6333
GCF_003477605.1	2293016	YES	0.8153	NO	0.5237	NO	0.8472	YES	0.6919	NO	0.7875	YES	0.7332	NO	0.5613	NO	0.6372	NO	0.7239	YES	0.7893	NO	0.6468	YES	0.5075	NO	0.7222	YES	0.6163	NO	0.8162	NO	0.7229	NO	0.7741	YES	0.6165	NO	0.7353	NO	0.7400	NO	0.8559	NO	0.8663	NO	0.8687	NO	0.8334	YES	0.7739	YES	0.5004	NO	0.8704	NO	0.8542	NO	0.8584	NO	0.7987	NO	0.7724	YES	0.8773	NO	0.7729
GCF_000012905.2	1063	YES	0.5088	NO	0.8266	NO	0.8341	YES	0.7083	NO	0.8015	NO	0.7510	YES	0.6628	NO	0.6194	YES	0.5232	NO	0.5842	YES	0.8204	NO	0.7939	NO	0.5332	NO	0.6943	NO	0.6496	NO	0.7954	NO	0.7751	YES	0.6259	NO	0.8327	NO	0.7852	NO	0.8305	YES	0.5788	NO	0.8782	NO	0.7471	NO	0.6823	NO	0.6514	NO	0.8483	NO	0.8742	NO	0.8493	YES	0.7402	NO	0.8783	NO	0.7409	YES	0.8760
GCF_013009555.1	357276	YES	0.8541	NO	0.7040	NO	0.8831	NO	0.7073	NO	0.8316	NO	0.8628	NO	0.7723	YES	0.6387	NO	0.8435	YES	0.8566	NO	0.6100	NO	0.7826	NO	0.6559	YES	0.7989	YES	0.5200	YES	0.8303	YES	0.8472	NO	0.8828	NO	0.7866	NO	0.5709	NO	0.8865	NO	0.8015	NO	0.8486	NO	0.8563	YES	0.8303	YES	0.8485	NO	0.8599	NO	0.8742	NO	0.8743	NO	0.7279	NO	0.8515	YES	0.8579	NO	0.7613
GCF_003634345.1	1099853	YES	0.8678	NO	0.7280	NO	0.8578	NO	0.6355	NO	0.8592	NO	0.7638	YES	0.5372	NO	0.5319	NO	0.8404	YES	0.8052	NO	0.6751	NO	0.7207	NO	0.6377	NO	0.5247	YES	0.5653	YES	0.7899	YES	0.8149	NO	0.8732	NO	0.7929	NO	0.7065	NO	0.8865	NO	0.8447	NO	0.8329	NO	0.8433	YES	0.8030	YES	0.8272	NO	0.8497	NO	0.7991	NO	0.8747	NO	0.8136	NO	0.8369	YES	0.8656	NO	0.8129
GCF_000613445.1	228603	YES	0.8065	NO	0.6562	NO	0.7955	NO	0.7033	NO	0.7454	NO	0.8083	NO	0.7175	NO	0.8037	NO	0.8641	YES	0.7873	NO	0.7314	NO	0.7805	NO	0.7816	NO	0.8034	YES	0.5538	YES	0.7595	YES	0.7961	NO	0.7029	NO	0.7992	NO	0.5996	NO	0.8758	NO	0.7983	NO	0.8036	NO	0.8502	YES	0.7997	YES	0.8387	NO	0.8522	YES	0.7018	NO	0.8542	NO	0.8693	NO	0.8273	YES	0.8744	NO	0.7764
GCF_000156015.1	45851	YES	0.8572	NO	0.6419	NO	0.8693	YES	0.6034	NO	0.8015	YES	0.7833	YES	0.5915	NO	0.5968	NO	0.7601	YES	0.8390	NO	0.6638	YES	0.6632	NO	0.6961	NO	0.6892	NO	0.8437	NO	0.8606	NO	0.8209	YES	0.6431	NO	0.7932	NO	0.6931	NO	0.8865	NO	0.8459	NO	0.8620	NO	0.8258	YES	0.7823	NO	0.7381	NO	0.8613	NO	0.8637	NO	0.8509	NO	0.7922	NO	0.8188	YES	0.8846	YES	0.6379
GCF_003977605.1	2490854	YES	0.8621	NO	0.5939	NO	0.7801	NO	0.6931	NO	0.8344	NO	0.7374	NO	0.7075	NO	0.7649	NO	0.8640	YES	0.8364	NO	0.7653	NO	0.7371	NO	0.6824	NO	0.8253	YES	0.6842	YES	0.7084	YES	0.8230	NO	0.7676	NO	0.8065	NO	0.7128	NO	0.8758	NO	0.8097	NO	0.8706	NO	0.8325	YES	0.7992	YES	0.8633	NO	0.8629	YES	0.6740	NO	0.8672	NO	0.8170	NO	0.7996	YES	0.8846	NO	0.8000
GCF_900660445.2	2124	NO	0.6349	NO	0.6128	YES	0.6423	YES	0.6210	NO	0.6161	NO	0.6790	NO	0.5969	NO	0.5122	NO	0.6647	NO	0.5145	NO	0.8463	NO	0.6841	NO	0.8249	NO	0.8123	NO	0.7860	NO	0.8093	NO	0.7971	YES	0.6137	NO	0.7724	NO	0.7025	NO	0.8738	NO	0.7700	NO	0.8824	NO	0.8025	NO	0.5615	NO	0.5201	NO	0.8417	YES	0.8687	NO	0.7561	NO	0.8226	NO	0.8586	YES	0.8455	YES	0.6787
GCF_000146675.1	189722	YES	0.8625	NO	0.6715	NO	0.8082	NO	0.6463	NO	0.8282	NO	0.7949	NO	0.6343	NO	0.8299	NO	0.8687	YES	0.8463	NO	0.7248	NO	0.8172	NO	0.7614	NO	0.8224	YES	0.6094	YES	0.6491	YES	0.7434	NO	0.6917	NO	0.7679	NO	0.6063	NO	0.8865	NO	0.8396	NO	0.8688	NO	0.8368	YES	0.8223	YES	0.8498	NO	0.8596	NO	0.5646	NO	0.8811	NO	0.8701	NO	0.8145	YES	0.8809	NO	0.8038
GCF_000426485.1	45254	YES	0.8359	NO	0.6108	NO	0.8831	NO	0.7300	NO	0.8381	NO	0.8118	NO	0.6180	NO	0.6612	NO	0.7406	YES	0.8640	YES	0.6463	NO	0.6062	NO	0.7213	YES	0.5210	YES	0.5053	YES	0.5633	YES	0.7938	NO	0.7526	NO	0.7972	NO	0.5864	NO	0.8865	NO	0.7554	NO	0.8633	NO	0.8417	YES	0.8586	YES	0.8107	NO	0.7757	NO	0.8315	NO	0.8811	NO	0.8012	NO	0.8062	YES	0.8376	N/A	0.5606
GCF_000173975.1	39488	YES	0.8257	NO	0.7213	NO	0.8661	YES	0.6885	NO	0.7424	YES	0.7267	NO	0.6495	NO	0.7033	NO	0.6019	YES	0.8633	YES	0.5738	NO	0.5664	NO	0.6220	YES	0.5437	NO	0.6962	NO	0.7424	NO	0.7772	YES	0.6560	NO	0.8699	NO	0.7824	NO	0.8865	NO	0.8311	NO	0.8780	NO	0.8751	YES	0.7595	NO	0.6588	NO	0.8482	NO	0.8340	NO	0.7999	NO	0.7181	NO	0.7088	YES	0.8402	N/A	0.5309
GCA_900450455.1	56774	YES	0.7735	NO	0.6468	YES	0.5660	YES	0.7487	NO	0.6468	YES	0.8042	NO	0.5000	NO	0.8400	NO	0.7218	YES	0.6994	YES	0.5587	NO	0.7745	NO	0.8089	NO	0.7030	NO	0.8106	NO	0.8208	NO	0.8055	NO	0.5289	NO	0.8478	NO	0.7730	NO	0.8828	NO	0.7937	NO	0.8657	NO	0.8246	NO	0.5991	NO	0.6210	NO	0.8394	NO	0.5420	NO	0.8517	NO	0.8333	NO	0.7876	YES	0.8594	N/A	0.5092
GCF_000162875.1	84109	YES	0.7269	NO	0.6843	YES	0.5944	YES	0.6114	NO	0.7842	NO	0.6747	NO	0.6640	NO	0.7824	NO	0.7411	YES	0.5824	YES	0.5067	NO	0.7349	NO	0.7819	NO	0.7255	NO	0.8200	NO	0.7930	NO	0.8395	YES	0.6098	NO	0.7269	NO	0.7413	NO	0.8076	NO	0.8118	NO	0.8621	NO	0.8397	NO	0.5342	NO	0.5055	NO	0.8120	NO	0.7170	NO	0.8655	NO	0.8201	NO	0.8318	YES	0.8728	N/A	0.5058
GCF_000165735.1	187326	YES	0.7370	NO	0.6960	NO	0.6530	YES	0.7082	NO	0.6374	YES	0.6218	NO	0.8228	NO	0.7226	NO	0.7798	YES	0.8174	YES	0.5592	NO	0.7800	NO	0.6847	NO	0.5382	NO	0.5839	NO	0.7648	NO	0.7013	YES	0.6347	NO	0.8250	NO	0.7776	NO	0.8701	NO	0.8090	NO	0.8397	NO	0.8642	NO	0.5740	NO	0.7344	NO	0.8596	NO	0.7705	NO	0.8118	NO	0.8291	NO	0.7081	YES	0.8572	N/A	0.5221
GCF_900637725.1	1750	YES	0.8134	NO	0.6175	NO	0.8773	YES	0.5457	NO	0.7906	NO	0.8371	NO	0.6285	NO	0.7328	NO	0.6485	YES	0.8098	NO	0.7603	NO	0.5577	NO	0.6800	NO	0.7662	NO	0.7781	NO	0.8743	NO	0.8363	YES	0.6782	NO	0.8634	NO	0.7981	NO	0.8764	NO	0.7279	NO	0.8790	NO	0.5457	YES	0.7893	YES	0.5568	NO	0.8520	NO	0.8742	NO	0.8354	NO	0.8024	NO	0.7222	YES	0.7616	YES	0.8452
GCF_002999135.1	1316596	YES	0.8211	NO	0.6909	NO	0.8136	NO	0.6505	NO	0.8314	NO	0.7393	NO	0.6759	NO	0.7807	NO	0.8514	YES	0.8059	NO	0.7442	NO	0.8452	NO	0.7436	NO	0.8122	NO	0.6160	YES	0.5186	YES	0.6968	NO	0.8024	NO	0.7986	NO	0.6892	NO	0.8865	NO	0.7798	NO	0.7932	NO	0.7206	YES	0.7813	YES	0.7582	NO	0.8161	NO	0.5727	NO	0.8674	NO	0.8286	NO	0.8555	YES	0.7487	YES	0.8511
GCA_910583925.1	165185	YES	0.7318	NO	0.6001	NO	0.7117	NO	0.5241	NO	0.7520	NO	0.6648	NO	0.5997	NO	0.7440	NO	0.5789	YES	0.7987	NO	0.7112	NO	0.5946	NO	0.7417	NO	0.7299	NO	0.7775	NO	0.7422	NO	0.7262	YES	0.6450	NO	0.7558	NO	0.7319	NO	0.8433	NO	0.8311	NO	0.8693	NO	0.8082	YES	0.7850	NO	0.6235	NO	0.8696	NO	0.8603	NO	0.7906	NO	0.8119	NO	0.8287	YES	0.8768	N/A	0.5135
GCF_900186465.1	1944634	YES	0.8529	NO	0.6174	NO	0.8166	YES	0.6859	NO	0.7881	NO	0.7850	NO	0.7971	NO	0.6595	NO	0.7099	YES	0.8563	NO	0.6327	NO	0.7113	NO	0.6764	NO	0.5629	NO	0.7590	NO	0.8335	NO	0.7990	YES	0.6409	NO	0.7731	NO	0.6654	NO	0.8497	NO	0.5849	NO	0.8726	NO	0.6532	YES	0.8250	NO	0.7572	NO	0.8416	NO	0.8742	NO	0.8445	NO	0.7572	NO	0.6546	YES	0.8408	NO	0.8125
GCF_002999235.1	2081702	YES	0.8346	NO	0.6658	NO	0.8575	NO	0.6780	NO	0.8461	NO	0.8718	NO	0.5570	NO	0.6652	NO	0.6642	YES	0.8183	NO	0.8287	YES	0.6255	NO	0.7394	NO	0.8679	NO	0.8371	NO	0.8530	NO	0.8747	YES	0.8120	NO	0.8119	NO	0.6985	NO	0.8764	NO	0.8239	NO	0.8519	NO	0.7390	YES	0.8432	YES	0.6026	NO	0.8386	NO	0.8547	NO	0.8541	NO	0.8509	NO	0.6716	YES	0.7881	YES	0.8564
GCF_001274535.1	712357	YES	0.7983	NO	0.6544	NO	0.8237	YES	0.5375	NO	0.5817	YES	0.6883	NO	0.5545	NO	0.8051	NO	0.6864	YES	0.7868	NO	0.7129	NO	0.5335	NO	0.7889	NO	0.6754	YES	0.5375	NO	0.8461	NO	0.7558	YES	0.5786	NO	0.8555	NO	0.7811	NO	0.8818	NO	0.8452	NO	0.8693	NO	0.7713	YES	0.7259	NO	0.6901	NO	0.8401	NO	0.8211	NO	0.8594	NO	0.8057	NO	0.6861	YES	0.8726	YES	0.6746
GCA_000803105.1	1501392	YES	0.8677	NO	0.6988	NO	0.8602	NO	0.6901	NO	0.8051	NO	0.6728	NO	0.5404	NO	0.6103	NO	0.8083	YES	0.8684	NO	0.5489	NO	0.6757	NO	0.6515	NO	0.5100	YES	0.5299	YES	0.7951	YES	0.8622	NO	0.8849	NO	0.7170	NO	0.6766	NO	0.8781	NO	0.8186	NO	0.8426	NO	0.8033	YES	0.8071	YES	0.8785	NO	0.8420	NO	0.8285	NO	0.8747	NO	0.7535	NO	0.8451	YES	0.8726	NO	0.6891
GCF_000160035.2	43997	YES	0.8530	NO	0.7237	NO	0.8474	NO	0.5646	NO	0.6755	NO	0.5870	NO	0.5192	NO	0.7520	NO	0.5686	YES	0.8350	NO	0.6697	YES	0.6293	NO	0.5015	YES	0.6164	NO	0.6881	NO	0.8044	NO	0.7986	YES	0.6115	NO	0.8590	NO	0.8014	NO	0.8865	NO	0.7711	NO	0.8651	NO	0.8600	YES	0.8014	NO	0.6094	NO	0.8373	NO	0.7848	NO	0.8463	NO	0.8065	NO	0.6945	YES	0.8756	N/A	0.5589
GCF_000411115.1	45242	YES	0.8144	NO	0.7496	NO	0.7492	NO	0.7073	NO	0.8406	NO	0.7713	YES	0.5597	NO	0.7379	NO	0.8449	YES	0.7875	NO	0.7178	NO	0.8355	NO	0.6859	NO	0.8009	NO	0.7160	NO	0.5270	YES	0.7214	NO	0.7454	NO	0.8045	NO	0.6814	NO	0.8828	NO	0.7882	NO	0.7799	NO	0.7659	YES	0.7393	YES	0.8027	NO	0.7936	NO	0.5928	NO	0.8570	NO	0.8409	NO	0.8204	YES	0.6981	YES	0.8413
GCF_018987235.1	47770	NO	0.7808	NO	0.5971	NO	0.8841	NO	0.6398	NO	0.7730	NO	0.8673	NO	0.7273	YES	0.7476	NO	0.8104	YES	0.8707	NO	0.8169	NO	0.8128	NO	0.8165	NO	0.8802	NO	0.8728	NO	0.8688	NO	0.8819	YES	0.8154	NO	0.8480	NO	0.7756	NO	0.8865	NO	0.7962	NO	0.8841	NO	0.8306	YES	0.8490	NO	0.8419	NO	0.8315	YES	0.7206	NO	0.8667	NO	0.8227	NO	0.8517	YES	0.8803	YES	0.8733
GCF_000160115.1	177972	YES	0.7690	NO	0.6955	NO	0.8630	YES	0.5450	NO	0.8275	YES	0.7157	YES	0.5664	NO	0.8246	NO	0.6905	YES	0.8589	NO	0.6179	YES	0.6340	NO	0.7279	NO	0.5887	NO	0.7231	NO	0.8321	NO	0.8152	YES	0.6308	NO	0.7243	NO	0.7230	NO	0.8865	NO	0.8302	NO	0.8683	NO	0.8550	YES	0.8440	NO	0.7358	NO	0.8682	NO	0.7961	NO	0.8509	NO	0.8167	NO	0.7978	YES	0.8846	N/A	0.5598
GCF_018127805.1	712471	YES	0.8634	NO	0.6063	NO	0.8459	NO	0.6612	NO	0.7120	NO	0.8465	NO	0.7298	NO	0.8105	NO	0.8584	YES	0.8590	NO	0.7132	NO	0.5791	NO	0.6596	NO	0.8144	YES	0.5054	YES	0.7296	YES	0.8382	NO	0.6375	NO	0.7313	NO	0.5983	NO	0.8865	NO	0.8423	NO	0.8358	NO	0.8165	YES	0.8610	YES	0.8408	NO	0.8701	YES	0.5296	NO	0.8581	NO	0.8637	NO	0.7942	YES	0.8775	NO	0.7932
GCF_007990635.1	554406	YES	0.8381	NO	0.6325	NO	0.8821	YES	0.5645	NO	0.6582	NO	0.6484	NO	0.6710	NO	0.8369	NO	0.6742	YES	0.8085	NO	0.8023	NO	0.7033	NO	0.8139	NO	0.8319	NO	0.6061	NO	0.8689	NO	0.8083	YES	0.6238	NO	0.8359	NO	0.8035	NO	0.8865	NO	0.8334	NO	0.8726	NO	0.7648	YES	0.8051	NO	0.6298	NO	0.8266	NO	0.8088	NO	0.8697	NO	0.8682	NO	0.8035	YES	0.8760	YES	0.6954
GCF_900106515.1	1673725	YES	0.6113	NO	0.6003	YES	0.6569	YES	0.6124	NO	0.5218	YES	0.8158	NO	0.6590	NO	0.8059	NO	0.7448	YES	0.5659	NO	0.7340	NO	0.8232	NO	0.7141	NO	0.6322	NO	0.5655	NO	0.8285	NO	0.6940	NO	0.6464	NO	0.8569	NO	0.8007	NO	0.8865	NO	0.8011	NO	0.8790	NO	0.8365	NO	0.7239	NO	0.8148	NO	0.8536	YES	0.5547	NO	0.8105	NO	0.8357	NO	0.7502	YES	0.8846	N/A	0.5606
GCF_900120125.1	1909670	YES	0.7714	NO	0.5859	NO	0.8428	NO	0.5532	NO	0.8147	NO	0.7974	NO	0.6888	NO	0.7824	NO	0.8036	YES	0.8501	NO	0.8180	NO	0.7701	NO	0.7992	NO	0.8611	NO	0.8506	NO	0.8274	NO	0.8295	YES	0.7029	NO	0.8673	NO	0.7320	NO	0.8781	NO	0.8394	NO	0.8790	NO	0.6924	YES	0.7514	NO	0.8246	NO	0.8457	YES	0.7704	NO	0.7960	NO	0.8026	NO	0.8117	YES	0.8728	YES	0.8301
GCA_000980495.1	1637509	YES	0.7314	NO	0.6532	NO	0.5052	YES	0.7828	NO	0.7944	NO	0.7785	NO	0.7392	NO	0.7446	NO	0.7403	YES	0.6309	NO	0.6690	NO	0.8217	NO	0.6122	NO	0.7641	NO	0.6127	NO	0.8351	NO	0.8220	YES	0.5463	NO	0.8606	NO	0.8108	NO	0.8865	NO	0.8395	NO	0.8794	NO	0.7348	NO	0.7619	YES	0.5150	NO	0.8278	NO	0.7819	NO	0.8037	NO	0.8698	NO	0.8448	YES	0.8190	YES	0.7016
GCF_005886145.1	641148	YES	0.8136	NO	0.8370	NO	0.7941	YES	0.5030	NO	0.8389	NO	0.8334	NO	0.5216	NO	0.6966	NO	0.8153	YES	0.6813	NO	0.8495	NO	0.7073	NO	0.7341	NO	0.8528	NO	0.7153	NO	0.8009	NO	0.7913	YES	0.5911	NO	0.7636	NO	0.6189	NO	0.8514	NO	0.8233	NO	0.8640	NO	0.7762	NO	0.5892	NO	0.5792	NO	0.8011	NO	0.8570	NO	0.7370	YES	0.6706	NO	0.8599	YES	0.7940	YES	0.8267
GCF_003130255.1	2025884	YES	0.7414	NO	0.7185	NO	0.8469	YES	0.7741	NO	0.8411	NO	0.8166	YES	0.6005	NO	0.8268	NO	0.7588	YES	0.5537	NO	0.6744	NO	0.5309	NO	0.7971	NO	0.8389	NO	0.5661	NO	0.8549	NO	0.8671	YES	0.5960	NO	0.7089	NO	0.7790	NO	0.8515	NO	0.8212	NO	0.8706	NO	0.7914	NO	0.6137	YES	0.5835	NO	0.8558	NO	0.8608	NO	0.7931	NO	0.8404	NO	0.8836	YES	0.7040	YES	0.8237
GCA_900095835.1	1852368	YES	0.8486	NO	0.5624	NO	0.7176	NO	0.5869	NO	0.7729	NO	0.8128	NO	0.7160	NO	0.7959	NO	0.8411	YES	0.8244	NO	0.7519	NO	0.6534	NO	0.8041	NO	0.7950	NO	0.5237	YES	0.6179	YES	0.6939	NO	0.7509	NO	0.7887	NO	0.5760	NO	0.8828	NO	0.8172	NO	0.8473	NO	0.8519	YES	0.8027	YES	0.8431	NO	0.8416	YES	0.5468	NO	0.8676	NO	0.8760	NO	0.7691	YES	0.8779	NO	0.7373
GCF_900460955.1	194702	YES	0.7173	NO	0.7100	NO	0.6325	NO	0.6496	NO	0.7356	NO	0.8103	YES	0.5715	NO	0.8200	NO	0.5975	YES	0.7478	NO	0.8132	NO	0.7011	NO	0.6896	NO	0.8521	NO	0.6867	NO	0.8610	NO	0.8695	YES	0.6269	NO	0.7696	NO	0.7351	NO	0.8158	NO	0.8374	NO	0.7973	NO	0.7238	NO	0.5571	NO	0.5762	NO	0.8394	NO	0.7106	NO	0.7390	NO	0.8236	NO	0.8732	YES	0.7436	YES	0.7810
GCF_003710935.1	1655277	NO	0.6430	NO	0.7059	NO	0.8434	YES	0.6134	NO	0.6876	NO	0.8258	NO	0.7888	NO	0.5450	NO	0.7585	NO	0.6686	NO	0.8291	NO	0.7816	NO	0.5484	NO	0.8042	NO	0.7619	NO	0.8067	NO	0.7863	YES	0.5224	NO	0.8703	NO	0.7321	NO	0.8798	NO	0.8110	NO	0.8841	YES	0.5147	YES	0.6079	NO	0.8634	NO	0.8438	NO	0.8742	NO	0.7331	NO	0.7259	NO	0.8336	YES	0.6221	YES	0.7674
GCF_000177375.1	118748	YES	0.7375	NO	0.6080	NO	0.8800	YES	0.5066	NO	0.7093	NO	0.7152	YES	0.5400	NO	0.8139	NO	0.7849	YES	0.8073	NO	0.8194	NO	0.7324	NO	0.7625	NO	0.8544	NO	0.7921	NO	0.8350	NO	0.8664	YES	0.7598	NO	0.8447	NO	0.7375	NO	0.8865	NO	0.8298	NO	0.8657	NO	0.8406	YES	0.8436	NO	0.6415	NO	0.8622	YES	0.7315	NO	0.8614	NO	0.8564	NO	0.8570	YES	0.8723	YES	0.7636
GCF_000234095.1	135082	YES	0.8406	NO	0.6700	NO	0.8456	YES	0.7351	NO	0.7814	NO	0.7467	NO	0.8308	NO	0.5311	NO	0.7506	YES	0.8201	YES	0.7082	NO	0.7101	NO	0.6739	NO	0.5562	NO	0.6700	NO	0.7788	NO	0.7010	YES	0.7118	NO	0.7895	NO	0.6804	NO	0.8721	NO	0.6174	NO	0.8556	NO	0.7557	YES	0.8370	NO	0.7241	NO	0.8379	NO	0.8660	NO	0.8607	NO	0.7948	NO	0.7472	YES	0.8611	NO	0.7807
GCF_013282095.1	2547410	YES	0.8584	NO	0.7053	NO	0.8841	NO	0.5820	NO	0.8261	YES	0.7485	YES	0.6259	NO	0.6842	NO	0.6516	YES	0.8570	NO	0.6523	YES	0.6099	NO	0.6686	YES	0.5188	NO	0.7348	NO	0.7685	NO	0.7782	YES	0.5521	NO	0.8572	NO	0.8077	NO	0.8818	NO	0.8368	NO	0.8444	NO	0.8025	YES	0.7298	NO	0.7143	NO	0.8647	NO	0.8742	NO	0.8097	NO	0.8026	NO	0.8332	YES	0.8613	N/A	0.5380
GCF_000174755.1	1017	YES	0.7990	NO	0.7530	NO	0.6746	NO	0.7108	NO	0.8466	NO	0.7866	NO	0.5614	NO	0.7806	NO	0.8394	YES	0.7879	NO	0.7327	NO	0.8402	NO	0.6867	NO	0.8148	NO	0.6239	YES	0.5323	YES	0.6324	NO	0.7453	NO	0.8103	NO	0.7138	NO	0.8828	NO	0.7717	NO	0.7845	NO	0.7476	YES	0.6968	YES	0.7708	NO	0.7963	NO	0.5383	NO	0.8492	NO	0.8703	NO	0.8611	YES	0.7015	YES	0.8506
GCA_000163695.1	652708	YES	0.8490	NO	0.6540	NO	0.6411	NO	0.6609	NO	0.6090	NO	0.6025	NO	0.6591	NO	0.8000	NO	0.7610	YES	0.7237	NO	0.7410	NO	0.7583	NO	0.7719	NO	0.7815	YES	0.6647	YES	0.7561	YES	0.7951	NO	0.7210	NO	0.7971	NO	0.5532	NO	0.8758	NO	0.7641	NO	0.8042	NO	0.8372	YES	0.5158	YES	0.7427	NO	0.8588	NO	0.5314	NO	0.8646	NO	0.8333	NO	0.8039	YES	0.8649	NO	0.7287
GCF_001262075.1	1658672	YES	0.6607	NO	0.7733	NO	0.5159	YES	0.6860	NO	0.7718	NO	0.7467	YES	0.5307	NO	0.7864	NO	0.7375	YES	0.5569	NO	0.8456	NO	0.7577	NO	0.6023	NO	0.8194	NO	0.7205	NO	0.7945	NO	0.8145	YES	0.5908	NO	0.8001	NO	0.5958	NO	0.8303	NO	0.7876	NO	0.8691	NO	0.7137	NO	0.7276	NO	0.6922	NO	0.8230	NO	0.8568	NO	0.5270	NO	0.8382	NO	0.8680	YES	0.7185	YES	0.8666
GCF_011067105.1	980427	YES	0.5993	NO	0.6854	NO	0.8477	NO	0.5683	NO	0.8112	NO	0.8126	NO	0.6584	NO	0.7166	NO	0.7223	NO	0.6089	NO	0.8127	NO	0.7767	NO	0.6755	NO	0.7658	NO	0.7134	NO	0.7753	NO	0.8119	YES	0.5087	NO	0.8599	NO	0.7837	NO	0.8764	NO	0.7046	NO	0.8673	NO	0.6734	YES	0.5949	NO	0.7450	NO	0.8314	NO	0.8669	NO	0.8592	NO	0.8462	NO	0.7608	N/A	0.5396	YES	0.8449
GCF_900637305.1	2718	YES	0.8137	NO	0.7698	NO	0.7372	NO	0.6545	NO	0.7862	NO	0.7855	YES	0.5621	NO	0.7831	NO	0.7132	YES	0.7830	NO	0.8091	NO	0.7037	NO	0.7000	NO	0.8592	NO	0.6579	NO	0.8367	NO	0.8317	YES	0.5059	NO	0.7232	NO	0.5690	NO	0.8114	NO	0.8424	NO	0.7989	NO	0.7406	YES	0.5178	NO	0.6592	NO	0.8392	NO	0.7182	NO	0.8325	NO	0.8509	NO	0.8655	YES	0.7340	YES	0.8390
GCF_000312445.1	555313	YES	0.8461	NO	0.7052	NO	0.8435	NO	0.6098	NO	0.8395	NO	0.6259	NO	0.7412	NO	0.8014	NO	0.8616	YES	0.8550	NO	0.7754	NO	0.7697	NO	0.7244	NO	0.7597	NO	0.5171	YES	0.6678	YES	0.7660	NO	0.8288	NO	0.8031	NO	0.6015	NO	0.8865	NO	0.7949	NO	0.8749	NO	0.8653	YES	0.8468	YES	0.8544	NO	0.8657	NO	0.7127	NO	0.8638	NO	0.8568	NO	0.8346	YES	0.8770	NO	0.6547
GCF_000024225.1	1382	YES	0.8304	NO	0.5799	NO	0.8465	NO	0.5683	NO	0.7080	NO	0.8195	NO	0.6492	NO	0.8021	NO	0.7358	YES	0.8569	NO	0.7996	YES	0.5932	NO	0.7656	NO	0.8164	NO	0.8310	NO	0.8513	NO	0.8503	YES	0.7912	NO	0.8414	NO	0.7944	NO	0.8865	NO	0.8193	NO	0.8527	NO	0.8201	YES	0.8344	YES	0.6148	NO	0.8469	YES	0.6029	NO	0.8281	NO	0.8255	NO	0.8267	YES	0.8775	YES	0.7341
GCF_016651435.1	2799636	YES	0.8488	NO	0.7271	NO	0.8754	NO	0.5851	NO	0.7798	NO	0.6772	NO	0.5654	NO	0.7827	NO	0.5911	YES	0.8684	NO	0.6677	NO	0.5077	NO	0.6858	YES	0.5735	NO	0.6749	NO	0.8372	NO	0.8101	YES	0.5988	NO	0.8708	NO	0.7646	NO	0.8777	NO	0.8242	NO	0.8752	NO	0.8646	YES	0.8537	NO	0.6385	NO	0.8366	NO	0.7003	NO	0.8383	NO	0.8142	NO	0.7765	YES	0.8789	N/A	0.5813
GCF_018128225.1	712361	YES	0.8448	NO	0.6355	NO	0.8192	YES	0.5159	NO	0.6980	NO	0.6372	YES	0.5352	NO	0.8105	NO	0.6076	YES	0.8645	NO	0.7502	NO	0.7865	NO	0.8177	NO	0.7573	YES	0.5449	NO	0.8334	NO	0.7564	YES	0.5656	NO	0.8394	NO	0.7797	NO	0.8865	NO	0.8254	NO	0.8792	NO	0.8024	YES	0.8178	NO	0.6642	NO	0.8352	NO	0.8619	NO	0.8585	NO	0.8368	NO	0.6714	YES	0.8561	YES	0.6681
GCF_001598795.1	80866	YES	0.6496	NO	0.8497	NO	0.8179	YES	0.6528	NO	0.8547	NO	0.7569	YES	0.6153	NO	0.6207	YES	0.6513	YES	0.5367	NO	0.8664	NO	0.7786	NO	0.5721	NO	0.7706	NO	0.6676	NO	0.8674	NO	0.8534	YES	0.6869	NO	0.8422	NO	0.6584	NO	0.8451	NO	0.8142	NO	0.8442	NO	0.6156	NO	0.8513	NO	0.7908	NO	0.8280	NO	0.8742	NO	0.5862	YES	0.8552	NO	0.8836	NO	0.6373	YES	0.8797
GCF_001746855.1	178339	YES	0.6448	NO	0.6647	NO	0.8077	NO	0.5587	NO	0.8365	NO	0.8694	NO	0.6498	NO	0.5686	NO	0.7064	YES	0.5781	NO	0.8251	NO	0.6990	NO	0.8135	NO	0.8425	NO	0.8319	NO	0.8704	NO	0.8103	YES	0.8302	NO	0.8191	NO	0.7155	NO	0.7938	NO	0.7828	NO	0.8835	NO	0.6867	YES	0.7147	YES	0.5984	NO	0.8384	NO	0.5396	NO	0.8264	NO	0.7372	NO	0.7015	YES	0.7526	YES	0.8378
GCF_001406815.1	301302	YES	0.8432	NO	0.7242	NO	0.8533	YES	0.5509	NO	0.8030	YES	0.7787	YES	0.5092	NO	0.6380	NO	0.7264	YES	0.8429	YES	0.5360	YES	0.6970	NO	0.5959	YES	0.6915	NO	0.7296	NO	0.7901	NO	0.8105	YES	0.6820	NO	0.8734	NO	0.7571	NO	0.8752	NO	0.8299	NO	0.8353	NO	0.8662	YES	0.8135	NO	0.6501	NO	0.8415	NO	0.8742	NO	0.8391	NO	0.7851	NO	0.8276	YES	0.8846	N/A	0.5139
GCA_902363145.1	2485925	YES	0.8394	NO	0.6487	NO	0.8601	YES	0.5835	NO	0.8118	NO	0.6457	NO	0.5374	NO	0.7618	NO	0.6315	YES	0.8648	YES	0.5655	NO	0.5006	NO	0.6858	NO	0.5151	NO	0.7442	NO	0.8111	NO	0.7897	YES	0.5663	NO	0.8569	NO	0.7818	NO	0.8777	NO	0.7533	NO	0.8358	NO	0.8627	YES	0.8081	NO	0.5121	NO	0.7759	NO	0.8561	NO	0.8743	NO	0.7812	NO	0.8053	YES	0.8832	NO	0.6291
GCF_003479605.1	2293127	YES	0.8271	NO	0.7635	NO	0.8780	YES	0.5280	NO	0.7896	YES	0.7121	NO	0.5399	NO	0.6590	NO	0.6453	YES	0.8504	NO	0.5444	YES	0.6865	NO	0.6590	YES	0.6175	NO	0.8190	NO	0.8085	NO	0.8179	YES	0.6736	NO	0.7449	NO	0.7272	NO	0.8731	NO	0.8360	NO	0.8467	NO	0.8322	YES	0.8413	NO	0.6657	NO	0.8680	NO	0.8542	NO	0.8403	NO	0.8086	NO	0.7821	YES	0.8797	NO	0.6258
GCA_902363575.1	2049048	YES	0.8588	NO	0.6624	NO	0.7224	NO	0.6305	NO	0.8338	NO	0.7032	NO	0.6170	NO	0.7396	NO	0.8291	YES	0.7907	NO	0.7483	NO	0.8362	NO	0.7853	NO	0.7024	YES	0.6501	YES	0.6485	YES	0.6853	NO	0.8405	NO	0.8299	NO	0.5744	NO	0.8751	NO	0.8016	NO	0.7559	NO	0.7996	YES	0.7407	YES	0.7876	NO	0.8045	YES	0.5956	NO	0.8656	NO	0.8684	NO	0.8307	YES	0.8846	NO	0.6376
GCF_003315195.1	40545	YES	0.6858	NO	0.7489	NO	0.6242	YES	0.7209	NO	0.7719	NO	0.8168	NO	0.7261	NO	0.7474	NO	0.8042	YES	0.7009	NO	0.7124	NO	0.7664	NO	0.7014	NO	0.7512	NO	0.7162	NO	0.7994	NO	0.8311	YES	0.6709	NO	0.8601	NO	0.8079	NO	0.8596	NO	0.8351	NO	0.8788	NO	0.7251	NO	0.6881	YES	0.6033	NO	0.8263	NO	0.8544	NO	0.8007	NO	0.8766	NO	0.8484	YES	0.8551	N/A	0.5592
GCF_000426605.1	556499	YES	0.7980	NO	0.6076	NO	0.8653	YES	0.6189	NO	0.7746	NO	0.8413	NO	0.7941	NO	0.7070	NO	0.7253	YES	0.8448	NO	0.7310	NO	0.5001	NO	0.6680	NO	0.8389	NO	0.8438	NO	0.8723	NO	0.8555	YES	0.7810	NO	0.7904	NO	0.7287	NO	0.8846	NO	0.7920	NO	0.8790	NO	0.7177	YES	0.8536	YES	0.6061	NO	0.8367	NO	0.8742	NO	0.8343	NO	0.8241	NO	0.6662	YES	0.8733	YES	0.7189
GCF_003478275.1	2292366	YES	0.8113	NO	0.7193	NO	0.8534	YES	0.5999	NO	0.6860	YES	0.6687	NO	0.5427	NO	0.6655	NO	0.7189	YES	0.8533	NO	0.6235	YES	0.5792	NO	0.6812	NO	0.6161	NO	0.7359	NO	0.7972	NO	0.7077	YES	0.6186	NO	0.8269	NO	0.7970	NO	0.8865	NO	0.8448	NO	0.8614	NO	0.8465	YES	0.8019	NO	0.6627	NO	0.8386	NO	0.7052	NO	0.8491	NO	0.8389	NO	0.7854	YES	0.8649	YES	0.6138
GCF_000426585.1	305719	YES	0.8545	NO	0.6032	NO	0.8648	NO	0.6920	NO	0.8494	NO	0.8205	NO	0.7385	NO	0.7519	NO	0.8573	YES	0.8527	NO	0.8156	NO	0.7572	NO	0.7326	NO	0.8321	NO	0.5831	YES	0.7377	YES	0.8156	NO	0.7907	NO	0.7632	NO	0.5908	NO	0.8865	NO	0.8387	NO	0.8442	NO	0.8584	YES	0.8533	YES	0.8506	NO	0.8517	NO	0.8128	NO	0.8811	NO	0.8378	NO	0.8233	YES	0.8846	N/A	0.5952
GCF_017893965.1	138851	YES	0.8380	NO	0.6521	NO	0.8409	YES	0.5007	NO	0.6871	NO	0.6338	YES	0.5366	NO	0.8431	NO	0.6524	YES	0.8413	NO	0.6601	YES	0.5246	NO	0.7068	NO	0.6363	NO	0.6635	NO	0.6979	NO	0.5291	NO	0.6203	NO	0.7865	NO	0.6859	NO	0.8676	NO	0.7414	NO	0.8632	NO	0.8581	YES	0.7411	YES	0.6566	NO	0.8312	NO	0.7211	NO	0.8693	NO	0.8733	NO	0.7661	YES	0.8846	NO	0.6426
GCF_000160055.1	218538	YES	0.7881	NO	0.6184	NO	0.7020	YES	0.6405	NO	0.6609	NO	0.7057	NO	0.8274	NO	0.7799	NO	0.8136	YES	0.7695	NO	0.7537	NO	0.8316	NO	0.7484	NO	0.7927	NO	0.7743	NO	0.7959	NO	0.8174	YES	0.7031	NO	0.8527	NO	0.7726	NO	0.8828	NO	0.5412	NO	0.8739	NO	0.8531	NO	0.6447	NO	0.7893	NO	0.8504	YES	0.6532	NO	0.8146	NO	0.8436	NO	0.7341	YES	0.8711	N/A	0.5967
GCF_003043925.1	2081962	YES	0.8621	NO	0.5777	NO	0.8696	NO	0.6014	NO	0.8355	NO	0.8351	NO	0.6964	NO	0.8324	NO	0.8692	YES	0.8457	NO	0.8128	NO	0.8146	NO	0.7035	NO	0.8569	NO	0.5189	YES	0.7598	YES	0.7872	NO	0.8497	NO	0.8059	NO	0.7022	NO	0.8865	NO	0.8300	NO	0.8380	NO	0.8589	YES	0.8740	YES	0.8659	NO	0.8673	NO	0.7451	NO	0.8811	NO	0.8450	NO	0.8046	YES	0.8809	NO	0.6151
GCA_900766185.1	349271	YES	0.8258	NO	0.7096	NO	0.8511	NO	0.6527	NO	0.7556	NO	0.7771	YES	0.5163	NO	0.7760	NO	0.6178	YES	0.8419	NO	0.7132	NO	0.5809	NO	0.6121	NO	0.6058	NO	0.6538	NO	0.8079	NO	0.8138	YES	0.6569	NO	0.8563	NO	0.8035	NO	0.8846	NO	0.7917	NO	0.8615	NO	0.8359	YES	0.7712	NO	0.7141	NO	0.8426	NO	0.8453	NO	0.8527	NO	0.8357	NO	0.6090	YES	0.8726	YES	0.6710
GCF_002237445.1	655307	YES	0.7287	NO	0.8478	NO	0.5982	YES	0.5301	NO	0.8355	NO	0.7663	YES	0.5656	NO	0.6903	NO	0.7474	YES	0.5744	NO	0.8635	NO	0.8338	NO	0.7522	NO	0.8530	NO	0.5822	NO	0.7616	NO	0.7847	NO	0.5307	NO	0.7656	NO	0.7178	NO	0.7850	NO	0.7984	NO	0.8551	NO	0.7856	NO	0.7057	NO	0.6893	NO	0.8266	NO	0.8692	NO	0.8551	NO	0.8425	NO	0.8369	YES	0.7601	YES	0.8384
GCF_013394795.1	712363	YES	0.8274	NO	0.7008	NO	0.8668	YES	0.5819	NO	0.7066	NO	0.7222	NO	0.6841	NO	0.8452	NO	0.6001	YES	0.7950	NO	0.7617	NO	0.7231	NO	0.8032	NO	0.8458	NO	0.5644	NO	0.8471	NO	0.7074	YES	0.6011	NO	0.8523	NO	0.8035	NO	0.8623	NO	0.8336	NO	0.8669	NO	0.7243	YES	0.8416	NO	0.6054	NO	0.7874	NO	0.7746	NO	0.8697	NO	0.8544	NO	0.7462	YES	0.8846	YES	0.7073
GCF_000312305.1	340486	YES	0.8556	NO	0.6049	NO	0.8669	NO	0.7466	NO	0.7181	NO	0.8239	NO	0.7419	NO	0.7977	NO	0.8489	YES	0.8662	NO	0.7680	NO	0.5567	NO	0.7365	NO	0.8067	NO	0.6703	YES	0.7441	YES	0.7299	NO	0.7502	NO	0.7709	NO	0.5851	NO	0.8865	NO	0.8536	NO	0.7725	NO	0.8500	YES	0.8466	YES	0.8622	NO	0.8698	NO	0.5444	NO	0.8811	NO	0.8746	NO	0.8647	YES	0.8704	NO	0.7825
GCF_900497595.1	164	YES	0.7835	YES	0.5194	NO	0.8213	YES	0.5791	NO	0.7300	NO	0.6407	NO	0.6874	NO	0.7593	NO	0.6655	YES	0.8343	NO	0.8145	NO	0.5179	NO	0.7679	NO	0.7191	NO	0.6608	NO	0.8314	NO	0.8012	YES	0.5149	NO	0.8560	NO	0.7470	NO	0.8515	NO	0.7880	NO	0.8807	NO	0.8428	YES	0.7971	YES	0.5931	NO	0.8716	NO	0.7163	NO	0.8694	NO	0.8733	NO	0.8480	YES	0.8664	N/A	0.5553
GCA_003112755.1	2108523	YES	0.7426	NO	0.7378	NO	0.6890	YES	0.6443	NO	0.8304	YES	0.5626	NO	0.5573	NO	0.6663	NO	0.7230	YES	0.7738	NO	0.6089	NO	0.5736	NO	0.5364	NO	0.5641	NO	0.6686	NO	0.7129	NO	0.7520	NO	0.5489	NO	0.8527	NO	0.8151	NO	0.8828	NO	0.8454	NO	0.8781	NO	0.8333	YES	0.6801	NO	0.7575	NO	0.8512	NO	0.8742	NO	0.8075	NO	0.7527	NO	0.8184	YES	0.8594	NO	0.6443
GCF_000372365.1	714	YES	0.8112	NO	0.7413	NO	0.8481	YES	0.6949	NO	0.8337	NO	0.8197	YES	0.5539	NO	0.7811	NO	0.7717	YES	0.6455	NO	0.8055	NO	0.5692	NO	0.7779	NO	0.8612	NO	0.5135	NO	0.8266	NO	0.8425	YES	0.5447	NO	0.8560	NO	0.7701	NO	0.8846	NO	0.8326	NO	0.8472	NO	0.7772	NO	0.6523	YES	0.5169	NO	0.8629	NO	0.7500	NO	0.7870	NO	0.8608	NO	0.8791	YES	0.8120	YES	0.8386
GCF_000425665.1	150240	YES	0.7867	NO	0.6049	NO	0.8059	NO	0.5470	NO	0.7615	NO	0.8610	NO	0.7451	NO	0.7851	NO	0.7374	YES	0.8228	NO	0.8202	NO	0.7722	NO	0.7221	NO	0.8620	NO	0.8491	NO	0.8240	NO	0.8285	YES	0.6818	NO	0.8435	NO	0.7797	NO	0.8865	NO	0.8386	NO	0.8743	NO	0.5802	YES	0.6893	NO	0.8540	NO	0.8548	YES	0.6117	NO	0.8002	NO	0.7936	NO	0.8447	YES	0.8775	YES	0.8325
GCF_000174815.1	28124	YES	0.8624	NO	0.6048	YES	0.6616	NO	0.5902	NO	0.8006	YES	0.7346	NO	0.6513	NO	0.8392	NO	0.8416	YES	0.5462	YES	0.5073	NO	0.8224	NO	0.8042	NO	0.8315	YES	0.6816	YES	0.7069	YES	0.8221	NO	0.8016	NO	0.8066	NO	0.6246	NO	0.8676	NO	0.8537	NO	0.8550	NO	0.8533	NO	0.6013	YES	0.8374	NO	0.8383	YES	0.5098	NO	0.8811	NO	0.8544	NO	0.7447	YES	0.8684	NO	0.7651
GCF_001314995.1	28116	YES	0.8665	NO	0.7274	NO	0.8759	NO	0.7748	NO	0.7298	NO	0.8720	NO	0.7472	YES	0.8140	NO	0.8565	YES	0.8764	NO	0.5776	NO	0.7961	NO	0.6333	YES	0.8557	YES	0.6417	YES	0.8599	YES	0.8378	NO	0.8798	NO	0.7720	NO	0.5903	NO	0.8842	NO	0.8207	NO	0.8536	NO	0.8599	YES	0.8727	YES	0.8638	NO	0.8175	NO	0.8637	NO	0.8811	NO	0.7228	NO	0.8455	YES	0.8382	NO	0.8444
GCF_000156495.1	387661	YES	0.8502	NO	0.6983	NO	0.8785	NO	0.6792	NO	0.7584	NO	0.8394	NO	0.7297	NO	0.7078	NO	0.8183	YES	0.8683	NO	0.5150	NO	0.7239	NO	0.6173	YES	0.6370	NO	0.5399	YES	0.8148	YES	0.7913	NO	0.8217	NO	0.7550	NO	0.6488	NO	0.8865	NO	0.8270	NO	0.8225	NO	0.8407	YES	0.8313	YES	0.8556	NO	0.8724	NO	0.7364	NO	0.8573	NO	0.8260	NO	0.8119	YES	0.8846	NO	0.8267
GCF_003033925.1	712710	YES	0.8466	NO	0.6527	NO	0.6547	NO	0.6291	NO	0.6360	NO	0.6178	NO	0.5999	NO	0.6745	NO	0.8421	YES	0.6484	NO	0.7365	NO	0.7616	NO	0.6778	NO	0.7756	YES	0.6326	YES	0.6996	YES	0.7920	NO	0.7744	NO	0.8023	NO	0.6369	NO	0.8828	NO	0.8146	NO	0.8622	NO	0.8108	YES	0.6455	YES	0.8263	NO	0.8262	NO	0.8130	NO	0.8747	NO	0.8659	NO	0.8156	YES	0.8479	NO	0.7735
GCF_000613405.1	76123	YES	0.8592	NO	0.6063	NO	0.7348	NO	0.6490	NO	0.6878	NO	0.8266	NO	0.6045	NO	0.7816	NO	0.8191	YES	0.8486	NO	0.8044	NO	0.7901	NO	0.6977	NO	0.8010	NO	0.5639	YES	0.7078	YES	0.7548	NO	0.7266	NO	0.8215	NO	0.5518	NO	0.8758	NO	0.8373	NO	0.8446	NO	0.7827	YES	0.7671	YES	0.8199	NO	0.8707	YES	0.6833	NO	0.8811	NO	0.8342	NO	0.8073	YES	0.8754	NO	0.6990
GCF_900446695.1	1019	YES	0.8331	NO	0.7027	NO	0.8543	NO	0.7215	NO	0.8407	NO	0.7871	NO	0.7419	NO	0.7572	NO	0.8463	YES	0.8557	NO	0.7062	NO	0.8437	NO	0.6963	NO	0.8077	NO	0.5678	YES	0.5715	YES	0.7897	NO	0.8161	NO	0.7841	NO	0.7143	NO	0.8865	NO	0.8096	NO	0.8504	NO	0.7451	YES	0.8216	YES	0.7778	NO	0.8042	NO	0.5771	NO	0.8734	NO	0.7153	NO	0.8546	YES	0.7417	YES	0.8522
GCF_000767835.1	176090	YES	0.8661	NO	0.5855	NO	0.8770	NO	0.6008	NO	0.7937	NO	0.8491	NO	0.6719	NO	0.8364	YES	0.7103	YES	0.8675	NO	0.7990	YES	0.7363	NO	0.7922	NO	0.8794	NO	0.8718	NO	0.8654	NO	0.8694	YES	0.8501	NO	0.8447	NO	0.8031	NO	0.8865	NO	0.8254	NO	0.8841	YES	0.6147	YES	0.8593	NO	0.8747	NO	0.8485	NO	0.7634	NO	0.8025	NO	0.8117	NO	0.7698	YES	0.8739	YES	0.8641
GCF_001652275.1	2741497	YES	0.8156	NO	0.6248	NO	0.8730	NO	0.5397	NO	0.8063	NO	0.8718	NO	0.5957	NO	0.6773	NO	0.7396	YES	0.8358	NO	0.8247	YES	0.5281	NO	0.7786	NO	0.8721	NO	0.8458	NO	0.8673	NO	0.8073	YES	0.7876	NO	0.8248	NO	0.6932	NO	0.8713	NO	0.8412	NO	0.8615	NO	0.7252	YES	0.7928	YES	0.6532	NO	0.8439	NO	0.8529	NO	0.8370	NO	0.8206	NO	0.8327	YES	0.7705	YES	0.8267
GCF_002952055.1	1986146	YES	0.8149	NO	0.7637	YES	0.5409	YES	0.7516	NO	0.6426	NO	0.6757	NO	0.5625	NO	0.7115	NO	0.7303	YES	0.6211	YES	0.5517	NO	0.7235	NO	0.6703	NO	0.5567	NO	0.5519	NO	0.7872	NO	0.7254	YES	0.5029	NO	0.7926	NO	0.7011	NO	0.7725	NO	0.7732	NO	0.8252	NO	0.8305	NO	0.5401	NO	0.6015	NO	0.6183	NO	0.8483	NO	0.8360	NO	0.8685	NO	0.7461	YES	0.8700	NO	0.7322
GCF_000378725.1	33031	NO	0.5274	NO	0.7359	YES	0.6142	YES	0.6287	NO	0.8141	YES	0.8289	NO	0.5248	NO	0.7542	NO	0.8058	NO	0.5001	NO	0.8232	NO	0.7992	NO	0.7027	NO	0.7362	NO	0.7822	NO	0.8275	NO	0.7950	NO	0.6642	NO	0.8569	NO	0.7993	NO	0.8865	NO	0.8506	NO	0.8807	NO	0.8486	NO	0.6804	NO	0.7870	NO	0.8591	YES	0.7164	NO	0.8118	NO	0.8383	NO	0.8021	YES	0.8838	YES	0.6807
GCF_000239275.1	156456	YES	0.8068	NO	0.7556	NO	0.6820	YES	0.7237	NO	0.5378	YES	0.5177	NO	0.8075	NO	0.7415	NO	0.7789	YES	0.8244	YES	0.5627	NO	0.8205	NO	0.7549	NO	0.6826	NO	0.5442	NO	0.7813	NO	0.7344	YES	0.6159	NO	0.7863	NO	0.7654	NO	0.8769	NO	0.7824	NO	0.8702	NO	0.8223	YES	0.6141	NO	0.6731	NO	0.8640	NO	0.6970	NO	0.8278	NO	0.8191	NO	0.6530	YES	0.8711	N/A	0.5442
GCF_001042675.1	78258	YES	0.6782	NO	0.5333	NO	0.8812	NO	0.5957	NO	0.8021	NO	0.8738	NO	0.6674	NO	0.7786	YES	0.5734	YES	0.8413	NO	0.8401	YES	0.5241	NO	0.8165	NO	0.8705	NO	0.8263	NO	0.8412	NO	0.8191	YES	0.7645	NO	0.8188	NO	0.7047	NO	0.8865	NO	0.7896	NO	0.8726	NO	0.7930	YES	0.8694	YES	0.6051	NO	0.8445	YES	0.6726	NO	0.7946	NO	0.8239	NO	0.8355	YES	0.8784	YES	0.7056
GCF_002240055.1	712368	YES	0.7674	NO	0.6269	NO	0.8531	YES	0.5697	NO	0.6955	NO	0.6662	NO	0.5411	NO	0.7164	NO	0.6425	YES	0.8600	NO	0.7300	NO	0.7615	NO	0.8098	NO	0.7945	NO	0.5066	NO	0.7795	NO	0.7057	NO	0.5205	NO	0.8399	NO	0.8035	NO	0.8865	NO	0.8321	NO	0.8770	NO	0.7926	YES	0.8200	NO	0.6193	NO	0.8291	NO	0.8251	NO	0.8367	NO	0.8344	NO	0.7994	YES	0.8669	YES	0.6662
GCF_006542665.1	2585118	YES	0.8389	NO	0.5984	NO	0.8563	NO	0.6643	NO	0.7967	NO	0.7649	NO	0.5422	NO	0.8232	NO	0.8299	YES	0.8591	NO	0.5309	NO	0.8476	NO	0.7461	NO	0.6717	YES	0.5248	YES	0.7461	YES	0.6449	NO	0.8581	NO	0.7987	NO	0.6192	NO	0.8686	NO	0.8246	NO	0.8182	NO	0.8090	YES	0.8642	YES	0.8171	NO	0.8246	NO	0.7538	NO	0.8747	NO	0.8670	NO	0.8618	YES	0.8790	N/A	0.5472
GCF_000155815.1	28111	YES	0.8688	NO	0.7192	NO	0.8831	NO	0.7017	NO	0.7352	NO	0.8586	NO	0.7986	YES	0.7468	NO	0.8561	YES	0.8764	NO	0.5007	NO	0.7305	NO	0.7047	YES	0.7951	YES	0.7900	YES	0.8339	YES	0.8697	NO	0.8618	NO	0.8228	NO	0.5923	NO	0.8865	NO	0.8476	NO	0.8672	NO	0.8635	YES	0.8616	YES	0.8772	NO	0.8644	NO	0.8688	NO	0.8756	NO	0.6647	NO	0.8404	YES	0.8793	N/A	0.5888
GCF_007990545.2	157687	YES	0.8348	NO	0.6520	NO	0.7546	NO	0.5110	NO	0.7209	NO	0.5339	NO	0.6079	NO	0.8480	NO	0.7424	YES	0.8241	NO	0.8111	NO	0.7169	NO	0.8107	NO	0.8223	NO	0.5965	NO	0.8501	NO	0.7981	YES	0.6259	NO	0.8555	NO	0.7862	NO	0.8828	NO	0.8035	NO	0.8693	NO	0.7830	YES	0.8168	NO	0.6492	NO	0.8322	NO	0.7992	NO	0.8697	NO	0.8632	NO	0.8022	YES	0.8744	YES	0.7723
GCF_000191065.1	282402	YES	0.8678	NO	0.5939	NO	0.8667	NO	0.6743	NO	0.8400	NO	0.7678	NO	0.7700	NO	0.8171	NO	0.8641	YES	0.8495	NO	0.7016	NO	0.8028	NO	0.7740	NO	0.8339	YES	0.5354	YES	0.7265	YES	0.7694	NO	0.7981	NO	0.7132	NO	0.5525	NO	0.8865	NO	0.8670	NO	0.8736	NO	0.8675	YES	0.8291	YES	0.8407	NO	0.8306	NO	0.5712	NO	0.8811	NO	0.8515	NO	0.8453	YES	0.8779	NO	0.8271
GCF_000238115.1	796937	YES	0.7631	NO	0.6718	NO	0.7899	YES	0.5963	NO	0.7427	YES	0.8013	NO	0.6178	NO	0.7791	NO	0.7674	YES	0.7404	NO	0.6047	NO	0.7150	NO	0.6836	YES	0.5322	NO	0.7633	NO	0.8045	NO	0.7176	NO	0.5854	NO	0.8499	NO	0.7925	NO	0.8083	NO	0.8601	NO	0.8673	NO	0.8534	YES	0.6697	NO	0.7505	NO	0.8628	NO	0.7063	NO	0.8601	NO	0.8382	NO	0.7623	YES	0.8532	N/A	0.5957
GCF_000233955.1	454154	YES	0.8495	NO	0.7239	NO	0.8535	NO	0.7389	NO	0.8410	NO	0.8611	NO	0.7410	NO	0.7785	NO	0.8537	YES	0.8746	NO	0.5830	NO	0.7652	NO	0.6643	NO	0.5895	NO	0.5148	YES	0.8025	NO	0.5017	NO	0.8822	NO	0.7472	NO	0.5918	NO	0.8865	NO	0.8266	NO	0.8504	NO	0.8383	YES	0.8572	YES	0.8721	NO	0.8600	NO	0.8102	NO	0.8747	NO	0.8017	NO	0.8334	YES	0.8778	N/A	0.5911
GCF_000340375.1	31973	YES	0.8194	NO	0.6383	NO	0.8821	NO	0.5182	NO	0.7966	NO	0.7077	YES	0.5115	NO	0.5563	NO	0.7128	YES	0.8505	NO	0.8261	YES	0.6016	NO	0.7339	NO	0.8587	NO	0.8017	NO	0.8543	NO	0.8567	YES	0.5619	NO	0.8554	NO	0.7772	NO	0.8865	NO	0.8655	NO	0.8607	NO	0.8216	YES	0.8258	NO	0.8196	NO	0.8522	NO	0.6524	NO	0.8026	NO	0.7894	NO	0.8356	YES	0.8707	YES	0.7798
GCF_000154525.1	46506	YES	0.8688	NO	0.7192	NO	0.8831	NO	0.7415	NO	0.7510	NO	0.8645	NO	0.7547	YES	0.6578	NO	0.8745	YES	0.8764	NO	0.5510	NO	0.7119	NO	0.7294	YES	0.7415	YES	0.7741	YES	0.8237	YES	0.8636	NO	0.8800	NO	0.8175	NO	0.5912	NO	0.8865	NO	0.8394	NO	0.8353	NO	0.8628	YES	0.8646	YES	0.8803	NO	0.8329	NO	0.8510	NO	0.8756	NO	0.8210	NO	0.8465	YES	0.8692	NO	0.6152
GCF_018128245.1	712362	YES	0.8225	NO	0.5892	NO	0.8234	YES	0.5316	NO	0.7306	NO	0.6184	NO	0.6123	NO	0.8353	NO	0.7307	YES	0.8395	NO	0.8005	NO	0.7195	NO	0.7664	NO	0.8282	NO	0.5867	NO	0.8405	NO	0.7541	YES	0.5668	NO	0.8524	NO	0.7761	NO	0.8865	NO	0.8665	NO	0.8782	NO	0.7527	YES	0.7400	NO	0.5749	NO	0.8345	NO	0.8305	NO	0.8367	NO	0.8408	NO	0.6749	YES	0.8534	YES	0.7800
GCF_000192225.1	710239	YES	0.8302	NO	0.7664	NO	0.5743	NO	0.7007	NO	0.8466	NO	0.8047	NO	0.5558	NO	0.7632	NO	0.8572	YES	0.7566	NO	0.8086	NO	0.8454	NO	0.7831	NO	0.8569	NO	0.6038	NO	0.5609	YES	0.7207	NO	0.7345	NO	0.8139	NO	0.5791	NO	0.8828	NO	0.7494	NO	0.7662	NO	0.7109	YES	0.6143	YES	0.7048	NO	0.8115	NO	0.5346	NO	0.8394	NO	0.8311	NO	0.8382	YES	0.7084	YES	0.8610
GCF_000413315.1	671222	YES	0.7965	NO	0.6834	NO	0.8564	NO	0.5125	NO	0.7948	NO	0.7423	NO	0.6554	NO	0.6521	NO	0.6745	YES	0.7126	NO	0.8166	NO	0.6616	NO	0.7709	NO	0.8317	NO	0.7869	NO	0.8326	NO	0.7926	YES	0.6044	NO	0.8163	NO	0.7546	NO	0.8808	NO	0.6614	NO	0.8813	NO	0.7290	YES	0.7017	YES	0.5208	NO	0.8304	NO	0.8647	NO	0.7124	NO	0.7963	NO	0.7523	YES	0.6254	YES	0.8656
GCF_001262015.1	589436	YES	0.8630	NO	0.6446	NO	0.8781	NO	0.7107	NO	0.8151	NO	0.7847	NO	0.6620	NO	0.8316	NO	0.8634	YES	0.8751	NO	0.8153	NO	0.6284	NO	0.7582	NO	0.8468	NO	0.5691	YES	0.7725	YES	0.8331	NO	0.8459	NO	0.7099	NO	0.6279	NO	0.8865	NO	0.8552	NO	0.8623	NO	0.8399	YES	0.8106	YES	0.8720	NO	0.8253	NO	0.5923	NO	0.8811	NO	0.7647	NO	0.8259	YES	0.8682	NO	0.6410
GCF_000413475.1	1338	YES	0.8618	NO	0.6269	NO	0.8767	NO	0.5963	NO	0.7777	NO	0.8754	NO	0.7394	NO	0.8500	YES	0.7156	YES	0.8390	NO	0.8154	YES	0.6538	NO	0.7898	NO	0.8714	NO	0.8612	NO	0.8723	NO	0.8795	YES	0.8611	NO	0.8312	NO	0.7649	NO	0.8865	NO	0.8457	NO	0.8835	YES	0.6913	YES	0.8690	NO	0.8624	NO	0.8306	NO	0.5555	NO	0.7945	NO	0.8094	NO	0.8174	YES	0.8787	YES	0.8356
GCA_000613465.1	291645	YES	0.8320	NO	0.7315	NO	0.8831	NO	0.7460	NO	0.7453	NO	0.8263	NO	0.7082	YES	0.6249	NO	0.8286	YES	0.8660	NO	0.5313	NO	0.7149	NO	0.6860	YES	0.8086	YES	0.6934	YES	0.8032	YES	0.8428	NO	0.8748	NO	0.8107	NO	0.5542	NO	0.8865	NO	0.7882	NO	0.8526	NO	0.8507	YES	0.8643	YES	0.8434	NO	0.8549	NO	0.8590	NO	0.8811	NO	0.7570	NO	0.8612	YES	0.8617	NO	0.8220
GCF_000012845.1	823	YES	0.8463	NO	0.6560	NO	0.8575	NO	0.5618	NO	0.7397	NO	0.8249	NO	0.7352	YES	0.5084	NO	0.8123	YES	0.8677	YES	0.5106	NO	0.7561	NO	0.5840	NO	0.6708	NO	0.7098	YES	0.8192	YES	0.8429	NO	0.8524	NO	0.7571	NO	0.6383	NO	0.8865	NO	0.8363	NO	0.8477	NO	0.8475	YES	0.8512	YES	0.8287	NO	0.8498	NO	0.8637	NO	0.8811	NO	0.8027	NO	0.8591	YES	0.8757	NO	0.8296
